prediction_time,resolved_time,target,round_id_predicted_for,round_number_predicted_for,model_version,model_type,predicted_probability,historical_baseline,predicted_class,actual_multiplier,actual_class,correct,brier_loss,source
2026-08-12 00:13:09,2026-08-12 00:13:47,1.50,,8073,ml-champion-v1,historical_frequency,0.65939887,0.65939887,1,1.58,1,1,0.11600913,demo
2026-08-12 00:13:09,2026-08-12 00:13:47,10.00,,8073,ml-champion-v1,historical_frequency,0.10482878,0.10482878,0,1.58,0,1,0.01098907,demo
2026-08-12 00:13:09,2026-08-12 00:13:47,2.00,,8073,ml-champion-v1,historical_frequency,0.49938408,0.49938408,0,1.58,0,1,0.24938446,demo
2026-08-12 00:13:09,2026-08-12 00:13:47,3.00,,8073,ml-champion-v1,historical_frequency,0.33247105,0.33247105,0,1.58,0,1,0.11053700,demo
2026-08-12 00:13:09,2026-08-12 00:13:47,5.00,,8073,ml-champion-v1,historical_frequency,0.20608524,0.20608524,0,1.58,0,1,0.04247113,demo
2026-08-12 00:14:44,2026-08-12 00:15:34,1.50,,8082,legacy_20260812_000920,historical_frequency,0.65936500,0.65936500,1,22.80,1,1,0.11603220,demo
2026-08-12 00:14:44,2026-08-12 00:15:34,10.00,,8082,legacy_20260812_000920,historical_frequency,0.10472557,0.10472557,0,22.80,1,0,0.80151630,demo
2026-08-12 00:14:44,2026-08-12 00:15:34,2.00,,8082,legacy_20260812_000920,historical_frequency,0.49950775,0.49950775,0,22.80,1,0,0.25049249,demo
2026-08-12 00:14:44,2026-08-12 00:15:34,3.00,,8082,legacy_20260812_000920,historical_frequency,0.33251292,0.33251292,0,22.80,1,0,0.44553900,demo
2026-08-12 00:14:44,2026-08-12 00:15:34,5.00,,8082,legacy_20260812_000920,historical_frequency,0.20600541,0.20600541,0,22.80,1,0,0.63042740,demo
2026-08-12 00:15:34,2026-08-12 00:15:35,1.50,,8083,legacy_20260812_000920,historical_frequency,0.65932579,0.65932579,1,1.08,0,0,0.43471049,demo
2026-08-12 00:15:34,2026-08-12 00:15:35,10.00,,8083,legacy_20260812_000920,historical_frequency,0.10482283,0.10482283,0,1.08,0,1,0.01098783,demo
2026-08-12 00:15:34,2026-08-12 00:15:35,2.00,,8083,legacy_20260812_000920,historical_frequency,0.49950787,0.49950787,0,1.08,0,1,0.24950812,demo
2026-08-12 00:15:34,2026-08-12 00:15:35,3.00,,8083,legacy_20260812_000920,historical_frequency,0.33255413,0.33255413,0,1.08,0,1,0.11059225,demo
2026-08-12 00:15:34,2026-08-12 00:15:35,5.00,,8083,legacy_20260812_000920,historical_frequency,0.20607776,0.20607776,0,1.08,0,1,0.04246804,demo
2026-08-12 00:15:35,2026-08-12 00:16:17,1.50,,8084,legacy_20260812_000920,historical_frequency,0.65932579,0.65932579,1,19.66,1,1,0.11605892,demo
2026-08-12 00:15:35,2026-08-12 00:16:17,10.00,,8084,legacy_20260812_000920,historical_frequency,0.10482283,0.10482283,0,19.66,1,0,0.80134216,demo
2026-08-12 00:15:35,2026-08-12 00:16:17,2.00,,8084,legacy_20260812_000920,historical_frequency,0.49950787,0.49950787,0,19.66,1,0,0.25049237,demo
2026-08-12 00:15:35,2026-08-12 00:16:17,3.00,,8084,legacy_20260812_000920,historical_frequency,0.33255413,0.33255413,0,19.66,1,0,0.44548398,demo
2026-08-12 00:15:35,2026-08-12 00:16:17,5.00,,8084,legacy_20260812_000920,historical_frequency,0.20607776,0.20607776,0,19.66,1,0,0.63031253,demo
2026-08-12 00:16:17,2026-08-12 00:16:32,1.50,,8085,legacy_20260812_000920,historical_frequency,0.65936770,0.65936770,1,1.93,1,1,0.11603037,demo
2026-08-12 00:16:17,2026-08-12 00:16:32,10.00,,8085,legacy_20260812_000920,historical_frequency,0.10493296,0.10493296,0,1.93,0,1,0.01101093,demo
2026-08-12 00:16:17,2026-08-12 00:16:32,2.00,,8085,legacy_20260812_000920,historical_frequency,0.49956944,0.49956944,0,1.93,0,1,0.24956963,demo
2026-08-12 00:16:17,2026-08-12 00:16:32,3.00,,8085,legacy_20260812_000920,historical_frequency,0.33263624,0.33263624,0,1.93,0,1,0.11064687,demo
2026-08-12 00:16:17,2026-08-12 00:16:32,5.00,,8085,legacy_20260812_000920,historical_frequency,0.20617542,0.20617542,0,1.93,0,1,0.04250830,demo
2026-08-12 00:16:32,2026-08-12 00:16:40,1.50,,8086,legacy_20260812_000920,historical_frequency,0.65940959,0.65940959,1,1.03,0,0,0.43482101,demo
2026-08-12 00:16:32,2026-08-12 00:16:40,10.00,,8086,legacy_20260812_000920,historical_frequency,0.10492005,0.10492005,0,1.03,0,1,0.01100822,demo
2026-08-12 00:16:32,2026-08-12 00:16:40,2.00,,8086,legacy_20260812_000920,historical_frequency,0.49950800,0.49950800,0,1.03,0,1,0.24950824,demo
2026-08-12 00:16:32,2026-08-12 00:16:40,3.00,,8086,legacy_20260812_000920,historical_frequency,0.33259533,0.33259533,0,1.03,0,1,0.11061965,demo
2026-08-12 00:16:32,2026-08-12 00:16:40,5.00,,8086,legacy_20260812_000920,historical_frequency,0.20615006,0.20615006,0,1.03,0,1,0.04249785,demo
2026-08-12 00:16:40,2026-08-12 00:17:05,1.50,,8087,legacy_20260812_000920,historical_frequency,0.65932850,0.65932850,1,4.13,1,1,0.11605707,demo
2026-08-12 00:16:40,2026-08-12 00:17:05,10.00,,8087,legacy_20260812_000920,historical_frequency,0.10490715,0.10490715,0,4.13,0,1,0.01100551,demo
2026-08-12 00:16:40,2026-08-12 00:17:05,2.00,,8087,legacy_20260812_000920,historical_frequency,0.49944656,0.49944656,0,4.13,1,0,0.25055374,demo
2026-08-12 00:16:40,2026-08-12 00:17:05,3.00,,8087,legacy_20260812_000920,historical_frequency,0.33255442,0.33255442,0,4.13,1,0,0.44548360,demo
2026-08-12 00:16:40,2026-08-12 00:17:05,5.00,,8087,legacy_20260812_000920,historical_frequency,0.20612471,0.20612471,0,4.13,0,1,0.04248740,demo
2026-08-12 00:17:05,2026-08-12 00:17:31,1.50,,8088,legacy_20260812_000920,historical_frequency,0.65937039,0.65937039,1,4.15,1,1,0.11602853,demo
2026-08-12 00:17:05,2026-08-12 00:17:31,10.00,,8088,legacy_20260812_000920,historical_frequency,0.10489424,0.10489424,0,4.15,0,1,0.01100280,demo
2026-08-12 00:17:05,2026-08-12 00:17:31,2.00,,8088,legacy_20260812_000920,historical_frequency,0.49950812,0.49950812,0,4.15,1,0,0.25049213,demo
2026-08-12 00:17:05,2026-08-12 00:17:31,3.00,,8088,legacy_20260812_000920,historical_frequency,0.33263650,0.33263650,0,4.15,1,0,0.44537404,demo
2026-08-12 00:17:05,2026-08-12 00:17:31,5.00,,8088,legacy_20260812_000920,historical_frequency,0.20609936,0.20609936,0,4.15,0,1,0.04247695,demo
2026-08-12 00:17:31,2026-08-12 00:18:09,1.50,,8089,legacy_20260812_000920,historical_frequency,0.65941227,0.65941227,1,12.33,1,1,0.11600000,demo
2026-08-12 00:17:31,2026-08-12 00:18:09,10.00,,8089,legacy_20260812_000920,historical_frequency,0.10488135,0.10488135,0,12.33,1,0,0.80123740,demo
2026-08-12 00:17:31,2026-08-12 00:18:09,2.00,,8089,legacy_20260812_000920,historical_frequency,0.49956965,0.49956965,0,12.33,1,0,0.25043053,demo
2026-08-12 00:17:31,2026-08-12 00:18:09,3.00,,8089,legacy_20260812_000920,historical_frequency,0.33271855,0.33271855,0,12.33,1,0,0.44526453,demo
2026-08-12 00:17:31,2026-08-12 00:18:09,5.00,,8089,legacy_20260812_000920,historical_frequency,0.20607402,0.20607402,0,12.33,1,0,0.63031846,demo
2026-08-12 00:18:09,2026-08-12 00:18:27,1.50,,8090,legacy_20260812_000920,historical_frequency,0.65945414,0.65945414,1,2.26,1,1,0.11597148,demo
2026-08-12 00:18:09,2026-08-12 00:18:27,10.00,,8090,legacy_20260812_000920,historical_frequency,0.10499139,0.10499139,0,2.26,0,1,0.01102319,demo
2026-08-12 00:18:09,2026-08-12 00:18:27,2.00,,8090,legacy_20260812_000920,historical_frequency,0.49963118,0.49963118,0,2.26,1,0,0.25036896,demo
2026-08-12 00:18:09,2026-08-12 00:18:27,3.00,,8090,legacy_20260812_000920,historical_frequency,0.33280059,0.33280059,0,2.26,0,1,0.11075623,demo
2026-08-12 00:18:09,2026-08-12 00:18:27,5.00,,8090,legacy_20260812_000920,historical_frequency,0.20617163,0.20617163,0,2.26,0,1,0.04250674,demo
2026-08-12 00:18:27,2026-08-12 00:18:50,1.50,,8091,legacy_20260812_000920,historical_frequency,0.65949600,0.65949600,1,3.57,1,1,0.11594297,demo
2026-08-12 00:18:27,2026-08-12 00:18:50,10.00,,8091,legacy_20260812_000920,historical_frequency,0.10497849,0.10497849,0,3.57,0,1,0.01102048,demo
2026-08-12 00:18:27,2026-08-12 00:18:50,2.00,,8091,legacy_20260812_000920,historical_frequency,0.49969269,0.49969269,0,3.57,1,0,0.25030741,demo
2026-08-12 00:18:27,2026-08-12 00:18:50,3.00,,8091,legacy_20260812_000920,historical_frequency,0.33275968,0.33275968,0,3.57,1,0,0.44520964,demo
2026-08-12 00:18:27,2026-08-12 00:18:50,5.00,,8091,legacy_20260812_000920,historical_frequency,0.20614628,0.20614628,0,3.57,0,1,0.04249629,demo
2026-08-12 00:18:50,2026-08-12 00:19:02,1.50,,8092,legacy_20260812_000920,historical_frequency,0.65953786,0.65953786,1,1.28,0,0,0.43499018,demo
2026-08-12 00:18:50,2026-08-12 00:19:02,10.00,,8092,legacy_20260812_000920,historical_frequency,0.10496559,0.10496559,0,1.28,0,1,0.01101777,demo
2026-08-12 00:18:50,2026-08-12 00:19:02,2.00,,8092,legacy_20260812_000920,historical_frequency,0.49975418,0.49975418,0,1.28,0,1,0.24975424,demo
2026-08-12 00:18:50,2026-08-12 00:19:02,3.00,,8092,legacy_20260812_000920,historical_frequency,0.33284169,0.33284169,0,1.28,0,1,0.11078359,demo
2026-08-12 00:18:50,2026-08-12 00:19:02,5.00,,8092,legacy_20260812_000920,historical_frequency,0.20612094,0.20612094,0,1.28,0,1,0.04248584,demo
2026-08-12 00:19:02,2026-08-12 00:19:29,1.50,,8093,legacy_20260812_000920,historical_frequency,0.65945680,0.65945680,1,4.70,1,1,0.11596967,demo
2026-08-12 00:19:02,2026-08-12 00:19:29,10.00,,8093,legacy_20260812_000920,historical_frequency,0.10495269,0.10495269,0,4.70,0,1,0.01101507,demo
2026-08-12 00:19:02,2026-08-12 00:19:29,2.00,,8093,legacy_20260812_000920,historical_frequency,0.49969276,0.49969276,0,4.70,1,0,0.25030733,demo
2026-08-12 00:19:02,2026-08-12 00:19:29,3.00,,8093,legacy_20260812_000920,historical_frequency,0.33280079,0.33280079,0,4.70,1,0,0.44515479,demo
2026-08-12 00:19:02,2026-08-12 00:19:29,5.00,,8093,legacy_20260812_000920,historical_frequency,0.20609561,0.20609561,0,4.70,0,1,0.04247540,demo
2026-08-12 00:19:29,2026-08-12 00:19:37,1.50,,8094,legacy_20260812_000920,historical_frequency,0.65949865,0.65949865,1,1.09,0,0,0.43493847,demo
2026-08-12 00:19:29,2026-08-12 00:19:37,10.00,,8094,legacy_20260812_000920,historical_frequency,0.10493979,0.10493979,0,1.09,0,1,0.01101236,demo
2026-08-12 00:19:29,2026-08-12 00:19:37,2.00,,8094,legacy_20260812_000920,historical_frequency,0.49975424,0.49975424,0,1.09,0,1,0.24975430,demo
2026-08-12 00:19:29,2026-08-12 00:19:37,3.00,,8094,legacy_20260812_000920,historical_frequency,0.33288277,0.33288277,0,1.09,0,1,0.11081094,demo
2026-08-12 00:19:29,2026-08-12 00:19:37,5.00,,8094,legacy_20260812_000920,historical_frequency,0.20607029,0.20607029,0,1.09,0,1,0.04246496,demo
2026-08-12 00:19:37,2026-08-12 00:19:58,1.50,,8095,legacy_20260812_000920,historical_frequency,0.65941762,0.65941762,1,2.89,1,1,0.11599636,demo
2026-08-12 00:19:37,2026-08-12 00:19:58,10.00,,8095,legacy_20260812_000920,historical_frequency,0.10492690,0.10492690,0,2.89,0,1,0.01100965,demo
2026-08-12 00:19:37,2026-08-12 00:19:58,2.00,,8095,legacy_20260812_000920,historical_frequency,0.49969284,0.49969284,0,2.89,1,0,0.25030726,demo
2026-08-12 00:19:37,2026-08-12 00:19:58,3.00,,8095,legacy_20260812_000920,historical_frequency,0.33284187,0.33284187,0,2.89,0,1,0.11078371,demo
2026-08-12 00:19:37,2026-08-12 00:19:58,5.00,,8095,legacy_20260812_000920,historical_frequency,0.20604497,0.20604497,0,2.89,0,1,0.04245453,demo
2026-08-12 00:19:58,2026-08-12 00:20:24,1.50,,8096,legacy_20260812_000920,historical_frequency,0.65945946,0.65945946,1,4.16,1,1,0.11596786,demo
2026-08-12 00:19:58,2026-08-12 00:20:24,10.00,,8096,legacy_20260812_000920,historical_frequency,0.10491400,0.10491400,0,4.16,0,1,0.01100695,demo
2026-08-12 00:19:58,2026-08-12 00:20:24,2.00,,8096,legacy_20260812_000920,historical_frequency,0.49975430,0.49975430,0,4.16,1,0,0.25024576,demo
2026-08-12 00:19:58,2026-08-12 00:20:24,3.00,,8096,legacy_20260812_000920,historical_frequency,0.33280098,0.33280098,0,4.16,1,0,0.44515453,demo
2026-08-12 00:19:58,2026-08-12 00:20:24,5.00,,8096,legacy_20260812_000920,historical_frequency,0.20601966,0.20601966,0,4.16,0,1,0.04244410,demo
2026-08-12 00:20:24,2026-08-12 00:21:00,1.50,,8097,legacy_20260812_000920,historical_frequency,0.65950129,0.65950129,1,11.72,1,1,0.11593937,demo
2026-08-12 00:20:24,2026-08-12 00:21:00,10.00,,8097,legacy_20260812_000920,historical_frequency,0.10490112,0.10490112,0,11.72,1,0,0.80120201,demo
2026-08-12 00:20:24,2026-08-12 00:21:00,2.00,,8097,legacy_20260812_000920,historical_frequency,0.49981575,0.49981575,0,11.72,1,0,0.25018429,demo
2026-08-12 00:20:24,2026-08-12 00:21:00,3.00,,8097,legacy_20260812_000920,historical_frequency,0.33288294,0.33288294,0,11.72,1,0,0.44504517,demo
2026-08-12 00:20:24,2026-08-12 00:21:00,5.00,,8097,legacy_20260812_000920,historical_frequency,0.20599435,0.20599435,0,11.72,1,0,0.63044497,demo
2026-08-12 00:21:00,2026-08-12 00:21:30,1.50,,8098,legacy_20260812_000920,historical_frequency,0.65954311,0.65954311,1,5.99,1,1,0.11591089,demo
2026-08-12 00:21:00,2026-08-12 00:21:30,10.00,,8098,legacy_20260812_000920,historical_frequency,0.10501105,0.10501105,0,5.99,0,1,0.01102732,demo
2026-08-12 00:21:00,2026-08-12 00:21:30,2.00,,8098,legacy_20260812_000920,historical_frequency,0.49987718,0.49987718,0,5.99,1,0,0.25012284,demo
2026-08-12 00:21:00,2026-08-12 00:21:30,3.00,,8098,legacy_20260812_000920,historical_frequency,0.33296487,0.33296487,0,5.99,1,0,0.44493586,demo
2026-08-12 00:21:00,2026-08-12 00:21:30,5.00,,8098,legacy_20260812_000920,historical_frequency,0.20609187,0.20609187,0,5.99,1,0,0.63029012,demo
2026-08-12 00:21:30,2026-08-12 00:21:43,1.50,,8099,legacy_20260812_000920,historical_frequency,0.65958492,0.65958492,1,1.47,0,0,0.43505227,demo
2026-08-12 00:21:30,2026-08-12 00:21:43,10.00,,8099,legacy_20260812_000920,historical_frequency,0.10499816,0.10499816,0,1.47,0,1,0.01102461,demo
2026-08-12 00:21:30,2026-08-12 00:21:43,2.00,,8099,legacy_20260812_000920,historical_frequency,0.49993860,0.49993860,0,1.47,0,1,0.24993860,demo
2026-08-12 00:21:30,2026-08-12 00:21:43,3.00,,8099,legacy_20260812_000920,historical_frequency,0.33304679,0.33304679,0,1.47,0,1,0.11092016,demo
2026-08-12 00:21:30,2026-08-12 00:21:43,5.00,,8099,legacy_20260812_000920,historical_frequency,0.20618937,0.20618937,0,1.47,0,1,0.04251405,demo
2026-08-12 00:21:43,2026-08-12 00:21:58,1.50,,8100,legacy_20260812_000920,historical_frequency,0.65950393,0.65950393,1,1.91,1,1,0.11593757,demo
2026-08-12 00:21:43,2026-08-12 00:21:58,10.00,,8100,legacy_20260812_000920,historical_frequency,0.10498527,0.10498527,0,1.91,0,1,0.01102191,demo
2026-08-12 00:21:43,2026-08-12 00:21:58,2.00,,8100,legacy_20260812_000920,historical_frequency,0.49987721,0.49987721,0,1.91,0,1,0.24987723,demo
2026-08-12 00:21:43,2026-08-12 00:21:58,3.00,,8100,legacy_20260812_000920,historical_frequency,0.33300589,0.33300589,0,1.91,0,1,0.11089293,demo
2026-08-12 00:21:43,2026-08-12 00:21:58,5.00,,8100,legacy_20260812_000920,historical_frequency,0.20616405,0.20616405,0,1.91,0,1,0.04250361,demo
2026-08-12 00:21:58,2026-08-12 00:22:23,1.50,,8101,legacy_20260812_000920,historical_frequency,0.65954573,0.65954573,1,4.18,1,1,0.11590911,demo
2026-08-12 00:21:58,2026-08-12 00:22:23,10.00,,8101,legacy_20260812_000920,historical_frequency,0.10497238,0.10497238,0,4.18,0,1,0.01101920,demo
2026-08-12 00:21:58,2026-08-12 00:22:23,2.00,,8101,legacy_20260812_000920,historical_frequency,0.49981584,0.49981584,0,4.18,1,0,0.25018420,demo
2026-08-12 00:21:58,2026-08-12 00:22:23,3.00,,8101,legacy_20260812_000920,historical_frequency,0.33296501,0.33296501,0,4.18,1,0,0.44493568,demo
2026-08-12 00:21:58,2026-08-12 00:22:23,5.00,,8101,legacy_20260812_000920,historical_frequency,0.20613874,0.20613874,0,4.18,0,1,0.04249318,demo
2026-08-12 00:22:23,2026-08-12 00:22:33,1.50,,8102,legacy_20260812_000920,historical_frequency,0.65958753,0.65958753,1,1.09,0,0,0.43505571,demo
2026-08-12 00:22:23,2026-08-12 00:22:33,10.00,,8102,legacy_20260812_000920,historical_frequency,0.10495949,0.10495949,0,1.09,0,1,0.01101649,demo
2026-08-12 00:22:23,2026-08-12 00:22:33,2.00,,8102,legacy_20260812_000920,historical_frequency,0.49987724,0.49987724,0,1.09,0,1,0.24987726,demo
2026-08-12 00:22:23,2026-08-12 00:22:33,3.00,,8102,legacy_20260812_000920,historical_frequency,0.33304689,0.33304689,0,1.09,0,1,0.11092023,demo
2026-08-12 00:22:23,2026-08-12 00:22:33,5.00,,8102,legacy_20260812_000920,historical_frequency,0.20611343,0.20611343,0,1.09,0,1,0.04248275,demo
2026-08-12 00:22:33,2026-08-12 00:22:42,1.50,,8103,legacy_20260812_000920,historical_frequency,0.65950657,0.65950657,1,1.15,0,0,0.43494891,demo
2026-08-12 00:22:33,2026-08-12 00:22:42,10.00,,8103,legacy_20260812_000920,historical_frequency,0.10494661,0.10494661,0,1.15,0,1,0.01101379,demo
2026-08-12 00:22:33,2026-08-12 00:22:42,2.00,,8103,legacy_20260812_000920,historical_frequency,0.49981588,0.49981588,0,1.15,0,1,0.24981592,demo
2026-08-12 00:22:33,2026-08-12 00:22:42,3.00,,8103,legacy_20260812_000920,historical_frequency,0.33300601,0.33300601,0,1.15,0,1,0.11089301,demo
2026-08-12 00:22:33,2026-08-12 00:22:42,5.00,,8103,legacy_20260812_000920,historical_frequency,0.20608813,0.20608813,0,1.15,0,1,0.04247232,demo
2026-08-12 00:22:42,2026-08-12 00:22:53,1.50,,8104,legacy_20260812_000920,historical_frequency,0.65942563,0.65942563,1,1.29,0,0,0.43484216,demo
2026-08-12 00:22:42,2026-08-12 00:22:53,10.00,,8104,legacy_20260812_000920,historical_frequency,0.10493373,0.10493373,0,1.29,0,1,0.01101109,demo
2026-08-12 00:22:42,2026-08-12 00:22:53,2.00,,8104,legacy_20260812_000920,historical_frequency,0.49975454,0.49975454,0,1.29,0,1,0.24975460,demo
2026-08-12 00:22:42,2026-08-12 00:22:53,3.00,,8104,legacy_20260812_000920,historical_frequency,0.33296514,0.33296514,0,1.29,0,1,0.11086579,demo
2026-08-12 00:22:42,2026-08-12 00:22:53,5.00,,8104,legacy_20260812_000920,historical_frequency,0.20606284,0.20606284,0,1.29,0,1,0.04246189,demo
2026-08-12 00:22:53,2026-08-12 00:23:12,1.50,,8105,legacy_20260812_000920,historical_frequency,0.65934470,0.65934470,1,2.40,1,1,0.11604603,demo
2026-08-12 00:22:53,2026-08-12 00:23:12,10.00,,8105,legacy_20260812_000920,historical_frequency,0.10492085,0.10492085,0,2.40,0,1,0.01100838,demo
2026-08-12 00:22:53,2026-08-12 00:23:12,2.00,,8105,legacy_20260812_000920,historical_frequency,0.49969321,0.49969321,0,2.40,1,0,0.25030688,demo
2026-08-12 00:22:53,2026-08-12 00:23:12,3.00,,8105,legacy_20260812_000920,historical_frequency,0.33292429,0.33292429,0,2.40,0,1,0.11083858,demo
2026-08-12 00:22:53,2026-08-12 00:23:12,5.00,,8105,legacy_20260812_000920,historical_frequency,0.20603755,0.20603755,0,2.40,0,1,0.04245147,demo
2026-08-12 00:23:12,2026-08-12 00:23:23,1.50,,8106,legacy_20260812_000920,historical_frequency,0.65938650,0.65938650,1,1.33,0,0,0.43479056,demo
2026-08-12 00:23:12,2026-08-12 00:23:23,10.00,,8106,legacy_20260812_000920,historical_frequency,0.10490798,0.10490798,0,1.33,0,1,0.01100568,demo
2026-08-12 00:23:12,2026-08-12 00:23:23,2.00,,8106,legacy_20260812_000920,historical_frequency,0.49975460,0.49975460,0,1.33,0,1,0.24975466,demo
2026-08-12 00:23:12,2026-08-12 00:23:23,3.00,,8106,legacy_20260812_000920,historical_frequency,0.33288344,0.33288344,0,1.33,0,1,0.11081138,demo
2026-08-12 00:23:12,2026-08-12 00:23:23,5.00,,8106,legacy_20260812_000920,historical_frequency,0.20601227,0.20601227,0,1.33,0,1,0.04244106,demo
2026-08-12 00:23:23,2026-08-12 00:23:39,1.50,,8107,legacy_20260812_000920,historical_frequency,0.65930561,0.65930561,1,1.93,1,1,0.11607267,demo
2026-08-12 00:23:23,2026-08-12 00:23:39,10.00,,8107,legacy_20260812_000920,historical_frequency,0.10489510,0.10489510,0,1.93,0,1,0.01100298,demo
2026-08-12 00:23:23,2026-08-12 00:23:39,2.00,,8107,legacy_20260812_000920,historical_frequency,0.49969329,0.49969329,0,1.93,0,1,0.24969338,demo
2026-08-12 00:23:23,2026-08-12 00:23:39,3.00,,8107,legacy_20260812_000920,historical_frequency,0.33284260,0.33284260,0,1.93,0,1,0.11078419,demo
2026-08-12 00:23:23,2026-08-12 00:23:39,5.00,,8107,legacy_20260812_000920,historical_frequency,0.20598700,0.20598700,0,1.93,0,1,0.04243064,demo
2026-08-12 00:23:39,2026-08-12 00:24:06,1.50,,8108,legacy_20260812_000920,historical_frequency,0.65934740,0.65934740,1,4.87,1,1,0.11604419,demo
2026-08-12 00:23:39,2026-08-12 00:24:06,10.00,,8108,legacy_20260812_000920,historical_frequency,0.10488224,0.10488224,0,4.87,0,1,0.01100028,demo
2026-08-12 00:23:39,2026-08-12 00:24:06,2.00,,8108,legacy_20260812_000920,historical_frequency,0.49963199,0.49963199,0,4.87,1,0,0.25036814,demo
2026-08-12 00:23:39,2026-08-12 00:24:06,3.00,,8108,legacy_20260812_000920,historical_frequency,0.33280177,0.33280177,0,4.87,1,0,0.44515348,demo
2026-08-12 00:23:39,2026-08-12 00:24:06,5.00,,8108,legacy_20260812_000920,historical_frequency,0.20596173,0.20596173,0,4.87,0,1,0.04242023,demo
2026-08-12 00:24:06,2026-08-12 00:24:33,1.50,,8109,legacy_20260812_000920,historical_frequency,0.65938918,0.65938918,1,4.67,1,1,0.11601573,demo
2026-08-12 00:24:06,2026-08-12 00:24:33,10.00,,8109,legacy_20260812_000920,historical_frequency,0.10486937,0.10486937,0,4.67,0,1,0.01099759,demo
2026-08-12 00:24:06,2026-08-12 00:24:33,2.00,,8109,legacy_20260812_000920,historical_frequency,0.49969336,0.49969336,0,4.67,1,0,0.25030673,demo
2026-08-12 00:24:06,2026-08-12 00:24:33,3.00,,8109,legacy_20260812_000920,historical_frequency,0.33288360,0.33288360,0,4.67,1,0,0.44504429,demo
2026-08-12 00:24:06,2026-08-12 00:24:33,5.00,,8109,legacy_20260812_000920,historical_frequency,0.20593647,0.20593647,0,4.67,0,1,0.04240983,demo
2026-08-12 00:24:33,2026-08-12 00:24:47,1.50,,8110,legacy_20260812_000920,historical_frequency,0.65943095,0.65943095,1,1.36,0,0,0.43484918,demo
2026-08-12 00:24:33,2026-08-12 00:24:47,10.00,,8110,legacy_20260812_000920,historical_frequency,0.10485651,0.10485651,0,1.36,0,1,0.01099489,demo
2026-08-12 00:24:33,2026-08-12 00:24:47,2.00,,8110,legacy_20260812_000920,historical_frequency,0.49975472,0.49975472,0,1.36,0,1,0.24975478,demo
2026-08-12 00:24:33,2026-08-12 00:24:47,3.00,,8110,legacy_20260812_000920,historical_frequency,0.33296542,0.33296542,0,1.36,0,1,0.11086597,demo
2026-08-12 00:24:33,2026-08-12 00:24:47,5.00,,8110,legacy_20260812_000920,historical_frequency,0.20591121,0.20591121,0,1.36,0,1,0.04239943,demo
2026-08-12 00:24:47,2026-08-12 00:24:58,1.50,,8111,legacy_20260812_000920,historical_frequency,0.65935009,0.65935009,1,1.60,1,1,0.11604236,demo
2026-08-12 00:24:47,2026-08-12 00:24:58,10.00,,8111,legacy_20260812_000920,historical_frequency,0.10484365,0.10484365,0,1.60,0,1,0.01099219,demo
2026-08-12 00:24:47,2026-08-12 00:24:58,2.00,,8111,legacy_20260812_000920,historical_frequency,0.49969344,0.49969344,0,1.60,0,1,0.24969353,demo
2026-08-12 00:24:47,2026-08-12 00:24:58,3.00,,8111,legacy_20260812_000920,historical_frequency,0.33292459,0.33292459,0,1.60,0,1,0.11083878,demo
2026-08-12 00:24:47,2026-08-12 00:24:58,5.00,,8111,legacy_20260812_000920,historical_frequency,0.20588596,0.20588596,0,1.60,0,1,0.04238903,demo
2026-08-12 00:24:58,2026-08-12 00:25:11,1.50,,8112,legacy_20260812_000920,historical_frequency,0.65939186,0.65939186,1,1.48,0,0,0.43479762,demo
2026-08-12 00:24:58,2026-08-12 00:25:11,10.00,,8112,legacy_20260812_000920,historical_frequency,0.10483080,0.10483080,0,1.48,0,1,0.01098950,demo
2026-08-12 00:24:58,2026-08-12 00:25:11,2.00,,8112,legacy_20260812_000920,historical_frequency,0.49963217,0.49963217,0,1.48,0,1,0.24963231,demo
2026-08-12 00:24:58,2026-08-12 00:25:11,3.00,,8112,legacy_20260812_000920,historical_frequency,0.33288377,0.33288377,0,1.48,0,1,0.11081160,demo
2026-08-12 00:24:58,2026-08-12 00:25:11,5.00,,8112,legacy_20260812_000920,historical_frequency,0.20586072,0.20586072,0,1.48,0,1,0.04237863,demo
2026-08-12 00:25:11,2026-08-12 00:25:19,1.50,,8113,legacy_20260812_000920,historical_frequency,0.65931102,0.65931102,1,1.00,0,0,0.43469102,demo
2026-08-12 00:25:11,2026-08-12 00:25:19,10.00,,8113,legacy_20260812_000920,historical_frequency,0.10481795,0.10481795,0,1.00,0,1,0.01098680,demo
2026-08-12 00:25:11,2026-08-12 00:25:19,2.00,,8113,legacy_20260812_000920,historical_frequency,0.49957092,0.49957092,0,1.00,0,1,0.24957110,demo
2026-08-12 00:25:11,2026-08-12 00:25:19,3.00,,8113,legacy_20260812_000920,historical_frequency,0.33284296,0.33284296,0,1.00,0,1,0.11078443,demo
2026-08-12 00:25:11,2026-08-12 00:25:19,5.00,,8113,legacy_20260812_000920,historical_frequency,0.20583548,0.20583548,0,1.00,0,1,0.04236824,demo
2026-08-12 00:25:19,2026-08-12 00:25:37,1.50,,8114,legacy_20260812_000920,historical_frequency,0.65923020,0.65923020,1,2.40,1,1,0.11612405,demo
2026-08-12 00:25:19,2026-08-12 00:25:37,10.00,,8114,legacy_20260812_000920,historical_frequency,0.10480510,0.10480510,0,2.40,0,1,0.01098411,demo
2026-08-12 00:25:19,2026-08-12 00:25:37,2.00,,8114,legacy_20260812_000920,historical_frequency,0.49950968,0.49950968,0,2.40,1,0,0.25049056,demo
2026-08-12 00:25:19,2026-08-12 00:25:37,3.00,,8114,legacy_20260812_000920,historical_frequency,0.33280216,0.33280216,0,2.40,0,1,0.11075728,demo
2026-08-12 00:25:19,2026-08-12 00:25:37,5.00,,8114,legacy_20260812_000920,historical_frequency,0.20581025,0.20581025,0,2.40,0,1,0.04235786,demo
2026-08-12 00:25:37,2026-08-12 00:25:46,1.50,,8115,legacy_20260812_000920,historical_frequency,0.65927197,0.65927197,1,1.00,0,0,0.43463953,demo
2026-08-12 00:25:37,2026-08-12 00:25:46,10.00,,8115,legacy_20260812_000920,historical_frequency,0.10479225,0.10479225,0,1.00,0,1,0.01098142,demo
2026-08-12 00:25:37,2026-08-12 00:25:46,2.00,,8115,legacy_20260812_000920,historical_frequency,0.49957103,0.49957103,0,1.00,0,1,0.24957121,demo
2026-08-12 00:25:37,2026-08-12 00:25:46,3.00,,8115,legacy_20260812_000920,historical_frequency,0.33276137,0.33276137,0,1.00,0,1,0.11073013,demo
2026-08-12 00:25:37,2026-08-12 00:25:46,5.00,,8115,legacy_20260812_000920,historical_frequency,0.20578502,0.20578502,0,1.00,0,1,0.04234748,demo
2026-08-12 00:25:46,2026-08-12 00:25:55,1.50,,8116,legacy_20260812_000920,historical_frequency,0.65919118,0.65919118,1,1.05,0,0,0.43453301,demo
2026-08-12 00:25:46,2026-08-12 00:25:55,10.00,,8116,legacy_20260812_000920,historical_frequency,0.10477941,0.10477941,0,1.05,0,1,0.01097873,demo
2026-08-12 00:25:46,2026-08-12 00:25:55,2.00,,8116,legacy_20260812_000920,historical_frequency,0.49950980,0.49950980,0,1.05,0,1,0.24951004,demo
2026-08-12 00:25:46,2026-08-12 00:25:55,3.00,,8116,legacy_20260812_000920,historical_frequency,0.33272059,0.33272059,0,1.05,0,1,0.11070299,demo
2026-08-12 00:25:46,2026-08-12 00:25:55,5.00,,8116,legacy_20260812_000920,historical_frequency,0.20575980,0.20575980,0,1.05,0,1,0.04233710,demo
2026-08-12 00:25:55,2026-08-12 00:26:33,1.50,,8117,legacy_20260812_000920,historical_frequency,0.65911040,0.65911040,1,13.10,1,1,0.11620572,demo
2026-08-12 00:25:55,2026-08-12 00:26:33,10.00,,8117,legacy_20260812_000920,historical_frequency,0.10476657,0.10476657,0,13.10,1,0,0.80144289,demo
2026-08-12 00:25:55,2026-08-12 00:26:33,2.00,,8117,legacy_20260812_000920,historical_frequency,0.49944860,0.49944860,0,13.10,1,0,0.25055171,demo
2026-08-12 00:25:55,2026-08-12 00:26:33,3.00,,8117,legacy_20260812_000920,historical_frequency,0.33267982,0.33267982,0,13.10,1,0,0.44531622,demo
2026-08-12 00:25:55,2026-08-12 00:26:33,5.00,,8117,legacy_20260812_000920,historical_frequency,0.20573459,0.20573459,0,13.10,1,0,0.63085754,demo
2026-08-12 00:26:33,2026-08-12 00:26:49,1.50,,8118,legacy_20260812_000920,historical_frequency,0.65915217,0.65915217,1,1.94,1,1,0.11617724,demo
2026-08-12 00:26:33,2026-08-12 00:26:49,10.00,,8118,legacy_20260812_000920,historical_frequency,0.10487626,0.10487626,0,1.94,0,1,0.01099903,demo
2026-08-12 00:26:33,2026-08-12 00:26:49,2.00,,8118,legacy_20260812_000920,historical_frequency,0.49950992,0.49950992,0,1.94,0,1,0.24951016,demo
2026-08-12 00:26:33,2026-08-12 00:26:49,3.00,,8118,legacy_20260812_000920,historical_frequency,0.33276158,0.33276158,0,1.94,0,1,0.11073027,demo
2026-08-12 00:26:33,2026-08-12 00:26:49,5.00,,8118,legacy_20260812_000920,historical_frequency,0.20583190,0.20583190,0,1.94,0,1,0.04236677,demo
2026-08-12 00:26:49,2026-08-12 00:27:00,1.50,,8119,legacy_20260812_000920,historical_frequency,0.65919392,0.65919392,1,1.28,0,0,0.43453663,demo
2026-08-12 00:26:49,2026-08-12 00:27:00,10.00,,8119,legacy_20260812_000920,historical_frequency,0.10486341,0.10486341,0,1.28,0,1,0.01099633,demo
2026-08-12 00:26:49,2026-08-12 00:27:00,2.00,,8119,legacy_20260812_000920,historical_frequency,0.49944873,0.49944873,0,1.28,0,1,0.24944904,demo
2026-08-12 00:26:49,2026-08-12 00:27:00,3.00,,8119,legacy_20260812_000920,historical_frequency,0.33272081,0.33272081,0,1.28,0,1,0.11070314,demo
2026-08-12 00:26:49,2026-08-12 00:27:00,5.00,,8119,legacy_20260812_000920,historical_frequency,0.20580669,0.20580669,0,1.28,0,1,0.04235639,demo
2026-08-12 00:27:00,2026-08-12 00:27:12,1.50,,8120,legacy_20260812_000920,historical_frequency,0.65911318,0.65911318,1,1.33,0,0,0.43443018,demo
2026-08-12 00:27:00,2026-08-12 00:27:12,10.00,,8120,legacy_20260812_000920,historical_frequency,0.10485056,0.10485056,0,1.33,0,1,0.01099364,demo
2026-08-12 00:27:00,2026-08-12 00:27:12,2.00,,8120,legacy_20260812_000920,historical_frequency,0.49938756,0.49938756,0,1.33,0,1,0.24938793,demo
2026-08-12 00:27:00,2026-08-12 00:27:12,3.00,,8120,legacy_20260812_000920,historical_frequency,0.33268006,0.33268006,0,1.33,0,1,0.11067602,demo
2026-08-12 00:27:00,2026-08-12 00:27:12,5.00,,8120,legacy_20260812_000920,historical_frequency,0.20578148,0.20578148,0,1.33,0,1,0.04234602,demo
2026-08-12 00:27:12,2026-08-12 00:27:20,1.50,,8121,legacy_20260812_000920,historical_frequency,0.65903246,0.65903246,1,1.00,0,0,0.43432378,demo
2026-08-12 00:27:12,2026-08-12 00:27:20,10.00,,8121,legacy_20260812_000920,historical_frequency,0.10483772,0.10483772,0,1.00,0,1,0.01099095,demo
2026-08-12 00:27:12,2026-08-12 00:27:20,2.00,,8121,legacy_20260812_000920,historical_frequency,0.49932639,0.49932639,0,1.00,0,1,0.24932685,demo
2026-08-12 00:27:12,2026-08-12 00:27:20,3.00,,8121,legacy_20260812_000920,historical_frequency,0.33263931,0.33263931,0,1.00,0,1,0.11064891,demo
2026-08-12 00:27:12,2026-08-12 00:27:20,5.00,,8121,legacy_20260812_000920,historical_frequency,0.20575628,0.20575628,0,1.00,0,1,0.04233565,demo
2026-08-12 00:27:20,2026-08-12 00:27:37,1.50,,8122,legacy_20260812_000920,historical_frequency,0.65895175,0.65895175,1,2.25,1,1,0.11631391,demo
2026-08-12 00:27:20,2026-08-12 00:27:37,10.00,,8122,legacy_20260812_000920,historical_frequency,0.10482488,0.10482488,0,2.25,0,1,0.01098826,demo
2026-08-12 00:27:20,2026-08-12 00:27:37,2.00,,8122,legacy_20260812_000920,historical_frequency,0.49926525,0.49926525,0,2.25,1,0,0.25073529,demo
2026-08-12 00:27:20,2026-08-12 00:27:37,3.00,,8122,legacy_20260812_000920,historical_frequency,0.33259858,0.33259858,0,2.25,0,1,0.11062182,demo
2026-08-12 00:27:20,2026-08-12 00:27:37,5.00,,8122,legacy_20260812_000920,historical_frequency,0.20573108,0.20573108,0,2.25,0,1,0.04232528,demo
2026-08-12 00:27:37,2026-08-12 00:27:50,1.50,,8123,legacy_20260812_000920,historical_frequency,0.65899351,0.65899351,1,1.40,0,0,0.43427245,demo
2026-08-12 00:27:37,2026-08-12 00:27:50,10.00,,8123,legacy_20260812_000920,historical_frequency,0.10481205,0.10481205,0,1.40,0,1,0.01098557,demo
2026-08-12 00:27:37,2026-08-12 00:27:50,2.00,,8123,legacy_20260812_000920,historical_frequency,0.49932656,0.49932656,0,1.40,0,1,0.24932701,demo
2026-08-12 00:27:37,2026-08-12 00:27:50,3.00,,8123,legacy_20260812_000920,historical_frequency,0.33255785,0.33255785,0,1.40,0,1,0.11059473,demo
2026-08-12 00:27:37,2026-08-12 00:27:50,5.00,,8123,legacy_20260812_000920,historical_frequency,0.20570589,0.20570589,0,1.40,0,1,0.04231491,demo
2026-08-12 00:27:50,2026-08-12 00:28:14,1.50,,8124,legacy_20260812_000920,historical_frequency,0.65891283,0.65891283,1,3.54,1,1,0.11634046,demo
2026-08-12 00:27:50,2026-08-12 00:28:14,10.00,,8124,legacy_20260812_000920,historical_frequency,0.10479922,0.10479922,0,3.54,0,1,0.01098288,demo
2026-08-12 00:27:50,2026-08-12 00:28:14,2.00,,8124,legacy_20260812_000920,historical_frequency,0.49926543,0.49926543,0,3.54,1,0,0.25073511,demo
2026-08-12 00:27:50,2026-08-12 00:28:14,3.00,,8124,legacy_20260812_000920,historical_frequency,0.33251714,0.33251714,0,3.54,1,0,0.44553337,demo
2026-08-12 00:27:50,2026-08-12 00:28:14,5.00,,8124,legacy_20260812_000920,historical_frequency,0.20568071,0.20568071,0,3.54,0,1,0.04230455,demo
2026-08-12 00:28:14,2026-08-12 00:28:43,1.50,,8125,legacy_20260812_000920,historical_frequency,0.65895458,0.65895458,1,6.25,1,1,0.11631198,demo
2026-08-12 00:28:14,2026-08-12 00:28:43,10.00,,8125,legacy_20260812_000920,historical_frequency,0.10478639,0.10478639,0,6.25,0,1,0.01098019,demo
2026-08-12 00:28:14,2026-08-12 00:28:43,2.00,,8125,legacy_20260812_000920,historical_frequency,0.49932672,0.49932672,0,6.25,1,0,0.25067373,demo
2026-08-12 00:28:14,2026-08-12 00:28:43,3.00,,8125,legacy_20260812_000920,historical_frequency,0.33259885,0.33259885,0,6.25,1,0,0.44542430,demo
2026-08-12 00:28:14,2026-08-12 00:28:43,5.00,,8125,legacy_20260812_000920,historical_frequency,0.20565553,0.20565553,0,6.25,1,0,0.63098314,demo
2026-08-12 00:28:43,2026-08-12 00:28:54,1.50,,8126,legacy_20260812_000920,historical_frequency,0.65899633,0.65899633,1,1.30,0,0,0.43427616,demo
2026-08-12 00:28:43,2026-08-12 00:28:54,10.00,,8126,legacy_20260812_000920,historical_frequency,0.10477356,0.10477356,0,1.30,0,1,0.01097750,demo
2026-08-12 00:28:43,2026-08-12 00:28:54,2.00,,8126,legacy_20260812_000920,historical_frequency,0.49938800,0.49938800,0,1.30,0,1,0.24938838,demo
2026-08-12 00:28:43,2026-08-12 00:28:54,3.00,,8126,legacy_20260812_000920,historical_frequency,0.33268054,0.33268054,0,1.30,0,1,0.11067634,demo
2026-08-12 00:28:43,2026-08-12 00:28:54,5.00,,8126,legacy_20260812_000920,historical_frequency,0.20575275,0.20575275,0,1.30,0,1,0.04233420,demo
2026-08-12 00:28:54,2026-08-12 00:29:03,1.50,,8127,legacy_20260812_000920,historical_frequency,0.65891568,0.65891568,1,1.13,0,0,0.43416987,demo
2026-08-12 00:28:54,2026-08-12 00:29:03,10.00,,8127,legacy_20260812_000920,historical_frequency,0.10476074,0.10476074,0,1.13,0,1,0.01097481,demo
2026-08-12 00:28:54,2026-08-12 00:29:03,2.00,,8127,legacy_20260812_000920,historical_frequency,0.49932689,0.49932689,0,1.13,0,1,0.24932734,demo
2026-08-12 00:28:54,2026-08-12 00:29:03,3.00,,8127,legacy_20260812_000920,historical_frequency,0.33263982,0.33263982,0,1.13,0,1,0.11064925,demo
2026-08-12 00:28:54,2026-08-12 00:29:03,5.00,,8127,legacy_20260812_000920,historical_frequency,0.20572757,0.20572757,0,1.13,0,1,0.04232383,demo
2026-08-12 00:29:03,2026-08-12 00:29:21,1.50,,8128,legacy_20260812_000920,historical_frequency,0.65883505,0.65883505,1,2.18,1,1,0.11639353,demo
2026-08-12 00:29:03,2026-08-12 00:29:21,10.00,,8128,legacy_20260812_000920,historical_frequency,0.10474792,0.10474792,0,2.18,0,1,0.01097213,demo
2026-08-12 00:29:03,2026-08-12 00:29:21,2.00,,8128,legacy_20260812_000920,historical_frequency,0.49926579,0.49926579,0,2.18,1,0,0.25073475,demo
2026-08-12 00:29:03,2026-08-12 00:29:21,3.00,,8128,legacy_20260812_000920,historical_frequency,0.33259912,0.33259912,0,2.18,0,1,0.11062217,demo
2026-08-12 00:29:03,2026-08-12 00:29:21,5.00,,8128,legacy_20260812_000920,historical_frequency,0.20570240,0.20570240,0,2.18,0,1,0.04231348,demo
2026-08-12 00:29:21,2026-08-12 00:29:39,1.50,,8129,legacy_20260812_000920,historical_frequency,0.65887679,0.65887679,1,2.23,1,1,0.11636504,demo
2026-08-12 00:29:21,2026-08-12 00:29:39,10.00,,8129,legacy_20260812_000920,historical_frequency,0.10473510,0.10473510,0,2.23,0,1,0.01096944,demo
2026-08-12 00:29:21,2026-08-12 00:29:39,2.00,,8129,legacy_20260812_000920,historical_frequency,0.49932705,0.49932705,0,2.23,1,0,0.25067340,demo
2026-08-12 00:29:21,2026-08-12 00:29:39,3.00,,8129,legacy_20260812_000920,historical_frequency,0.33255842,0.33255842,0,2.23,0,1,0.11059511,demo
2026-08-12 00:29:21,2026-08-12 00:29:39,5.00,,8129,legacy_20260812_000920,historical_frequency,0.20567723,0.20567723,0,2.23,0,1,0.04230312,demo
2026-08-12 00:29:39,2026-08-12 00:29:47,1.50,,8130,legacy_20260812_000920,historical_frequency,0.65891852,0.65891852,1,1.07,0,0,0.43417362,demo
2026-08-12 00:29:39,2026-08-12 00:29:47,10.00,,8130,legacy_20260812_000920,historical_frequency,0.10472229,0.10472229,0,1.07,0,1,0.01096676,demo
2026-08-12 00:29:39,2026-08-12 00:29:47,2.00,,8130,legacy_20260812_000920,historical_frequency,0.49938830,0.49938830,0,1.07,0,1,0.24938868,demo
2026-08-12 00:29:39,2026-08-12 00:29:47,3.00,,8130,legacy_20260812_000920,historical_frequency,0.33251774,0.33251774,0,1.07,0,1,0.11056805,demo
2026-08-12 00:29:39,2026-08-12 00:29:47,5.00,,8130,legacy_20260812_000920,historical_frequency,0.20565207,0.20565207,0,1.07,0,1,0.04229277,demo
2026-08-12 00:29:47,2026-08-12 00:30:07,1.50,,8131,legacy_20260812_000920,historical_frequency,0.65883792,0.65883792,1,2.50,1,1,0.11639156,demo
2026-08-12 00:29:47,2026-08-12 00:30:07,10.00,,8131,legacy_20260812_000920,historical_frequency,0.10470948,0.10470948,0,2.50,0,1,0.01096408,demo
2026-08-12 00:29:47,2026-08-12 00:30:07,2.00,,8131,legacy_20260812_000920,historical_frequency,0.49932722,0.49932722,0,2.50,1,0,0.25067324,demo
2026-08-12 00:29:47,2026-08-12 00:30:07,3.00,,8131,legacy_20260812_000920,historical_frequency,0.33247706,0.33247706,0,2.50,0,1,0.11054100,demo
2026-08-12 00:29:47,2026-08-12 00:30:07,5.00,,8131,legacy_20260812_000920,historical_frequency,0.20562691,0.20562691,0,2.50,0,1,0.04228243,demo
2026-08-12 00:30:07,2026-08-12 00:30:19,1.50,,8132,legacy_20260812_000920,historical_frequency,0.65887965,0.65887965,1,1.40,0,0,0.43412239,demo
2026-08-12 00:30:07,2026-08-12 00:30:19,10.00,,8132,legacy_20260812_000920,historical_frequency,0.10469667,0.10469667,0,1.40,0,1,0.01096139,demo
2026-08-12 00:30:07,2026-08-12 00:30:19,2.00,,8132,legacy_20260812_000920,historical_frequency,0.49938845,0.49938845,0,1.40,0,1,0.24938883,demo
2026-08-12 00:30:07,2026-08-12 00:30:19,3.00,,8132,legacy_20260812_000920,historical_frequency,0.33243640,0.33243640,0,1.40,0,1,0.11051396,demo
2026-08-12 00:30:07,2026-08-12 00:30:19,5.00,,8132,legacy_20260812_000920,historical_frequency,0.20560176,0.20560176,0,1.40,0,1,0.04227208,demo
2026-08-12 00:30:19,2026-08-12 00:30:28,1.50,,8133,legacy_20260812_000920,historical_frequency,0.65879907,0.65879907,1,1.15,0,0,0.43401622,demo
2026-08-12 00:30:19,2026-08-12 00:30:28,10.00,,8133,legacy_20260812_000920,historical_frequency,0.10468387,0.10468387,0,1.15,0,1,0.01095871,demo
2026-08-12 00:30:19,2026-08-12 00:30:28,2.00,,8133,legacy_20260812_000920,historical_frequency,0.49932738,0.49932738,0,1.15,0,1,0.24932783,demo
2026-08-12 00:30:19,2026-08-12 00:30:28,3.00,,8133,legacy_20260812_000920,historical_frequency,0.33239574,0.33239574,0,1.15,0,1,0.11048693,demo
2026-08-12 00:30:19,2026-08-12 00:30:28,5.00,,8133,legacy_20260812_000920,historical_frequency,0.20557662,0.20557662,0,1.15,0,1,0.04226175,demo
2026-08-12 00:30:28,2026-08-12 00:30:42,1.50,,8134,legacy_20260812_000920,historical_frequency,0.65871851,0.65871851,1,1.46,0,0,0.43391008,demo
2026-08-12 00:30:28,2026-08-12 00:30:42,10.00,,8134,legacy_20260812_000920,historical_frequency,0.10467107,0.10467107,0,1.46,0,1,0.01095603,demo
2026-08-12 00:30:28,2026-08-12 00:30:42,2.00,,8134,legacy_20260812_000920,historical_frequency,0.49926632,0.49926632,0,1.46,0,1,0.24926686,demo
2026-08-12 00:30:28,2026-08-12 00:30:42,3.00,,8134,legacy_20260812_000920,historical_frequency,0.33235510,0.33235510,0,1.46,0,1,0.11045991,demo
2026-08-12 00:30:28,2026-08-12 00:30:42,5.00,,8134,legacy_20260812_000920,historical_frequency,0.20555148,0.20555148,0,1.46,0,1,0.04225141,demo
2026-08-12 00:30:42,2026-08-12 00:30:54,1.50,,8135,legacy_20260812_000920,historical_frequency,0.65863798,0.65863798,1,1.56,1,1,0.11652803,demo
2026-08-12 00:30:42,2026-08-12 00:30:54,10.00,,8135,legacy_20260812_000920,historical_frequency,0.10465827,0.10465827,0,1.56,0,1,0.01095335,demo
2026-08-12 00:30:42,2026-08-12 00:30:54,2.00,,8135,legacy_20260812_000920,historical_frequency,0.49920528,0.49920528,0,1.56,0,1,0.24920591,demo
2026-08-12 00:30:42,2026-08-12 00:30:54,3.00,,8135,legacy_20260812_000920,historical_frequency,0.33231446,0.33231446,0,1.56,0,1,0.11043290,demo
2026-08-12 00:30:42,2026-08-12 00:30:54,5.00,,8135,legacy_20260812_000920,historical_frequency,0.20552635,0.20552635,0,1.56,0,1,0.04224108,demo
2026-08-12 00:30:54,2026-08-12 00:31:10,1.50,,8136,legacy_20260812_000920,historical_frequency,0.65867971,0.65867971,1,1.58,1,1,0.11649954,demo
2026-08-12 00:30:54,2026-08-12 00:31:10,10.00,,8136,legacy_20260812_000920,historical_frequency,0.10464548,0.10464548,0,1.58,0,1,0.01095068,demo
2026-08-12 00:30:54,2026-08-12 00:31:10,2.00,,8136,legacy_20260812_000920,historical_frequency,0.49914425,0.49914425,0,1.58,0,1,0.24914499,demo
2026-08-12 00:30:54,2026-08-12 00:31:10,3.00,,8136,legacy_20260812_000920,historical_frequency,0.33227384,0.33227384,0,1.58,0,1,0.11040590,demo
2026-08-12 00:30:54,2026-08-12 00:31:10,5.00,,8136,legacy_20260812_000920,historical_frequency,0.20550122,0.20550122,0,1.58,0,1,0.04223075,demo
2026-08-12 00:31:10,2026-08-12 00:31:17,1.50,,8137,legacy_20260812_000920,historical_frequency,0.65872143,0.65872143,1,1.00,0,0,0.43391392,demo
2026-08-12 00:31:10,2026-08-12 00:31:17,10.00,,8137,legacy_20260812_000920,historical_frequency,0.10463269,0.10463269,0,1.00,0,1,0.01094800,demo
2026-08-12 00:31:10,2026-08-12 00:31:17,2.00,,8137,legacy_20260812_000920,historical_frequency,0.49908324,0.49908324,0,1.00,0,1,0.24908408,demo
2026-08-12 00:31:10,2026-08-12 00:31:17,3.00,,8137,legacy_20260812_000920,historical_frequency,0.33223322,0.33223322,0,1.00,0,1,0.11037891,demo
2026-08-12 00:31:10,2026-08-12 00:31:17,5.00,,8137,legacy_20260812_000920,historical_frequency,0.20547610,0.20547610,0,1.00,0,1,0.04222043,demo
2026-08-12 00:31:17,2026-08-12 00:32:05,1.50,,8138,legacy_20260812_000920,historical_frequency,0.65864092,0.65864092,1,29.75,1,1,0.11652602,demo
2026-08-12 00:31:17,2026-08-12 00:32:05,10.00,,8138,legacy_20260812_000920,historical_frequency,0.10461990,0.10461990,0,29.75,1,0,0.80170553,demo
2026-08-12 00:31:17,2026-08-12 00:32:05,2.00,,8138,legacy_20260812_000920,historical_frequency,0.49902224,0.49902224,0,29.75,1,0,0.25097871,demo
2026-08-12 00:31:17,2026-08-12 00:32:05,3.00,,8138,legacy_20260812_000920,historical_frequency,0.33219262,0.33219262,0,29.75,1,0,0.44596670,demo
2026-08-12 00:31:17,2026-08-12 00:32:05,5.00,,8138,legacy_20260812_000920,historical_frequency,0.20545099,0.20545099,0,29.75,1,0,0.63130813,demo
2026-08-12 00:32:05,2026-08-12 00:32:44,1.50,,8139,legacy_20260812_000920,historical_frequency,0.65868263,0.65868263,1,13.26,1,1,0.11649754,demo
2026-08-12 00:32:05,2026-08-12 00:32:44,10.00,,8139,legacy_20260812_000920,historical_frequency,0.10472932,0.10472932,0,13.26,1,0,0.80150960,demo
2026-08-12 00:32:05,2026-08-12 00:32:44,2.00,,8139,legacy_20260812_000920,historical_frequency,0.49908347,0.49908347,0,13.26,1,0,0.25091737,demo
2026-08-12 00:32:05,2026-08-12 00:32:44,3.00,,8139,legacy_20260812_000920,historical_frequency,0.33227423,0.33227423,0,13.26,1,0,0.44585771,demo
2026-08-12 00:32:05,2026-08-12 00:32:44,5.00,,8139,legacy_20260812_000920,historical_frequency,0.20554809,0.20554809,0,13.26,1,0,0.63115384,demo
2026-08-12 00:32:44,2026-08-12 00:33:00,1.50,,8140,legacy_20260812_000920,historical_frequency,0.65872434,0.65872434,1,1.99,1,1,0.11646908,demo
2026-08-12 00:32:44,2026-08-12 00:33:00,10.00,,8140,legacy_20260812_000920,historical_frequency,0.10483871,0.10483871,0,1.99,0,1,0.01099116,demo
2026-08-12 00:32:44,2026-08-12 00:33:00,2.00,,8140,legacy_20260812_000920,historical_frequency,0.49914467,0.49914467,0,1.99,0,1,0.24914540,demo
2026-08-12 00:32:44,2026-08-12 00:33:00,3.00,,8140,legacy_20260812_000920,historical_frequency,0.33235582,0.33235582,0,1.99,0,1,0.11046039,demo
2026-08-12 00:32:44,2026-08-12 00:33:00,5.00,,8140,legacy_20260812_000920,historical_frequency,0.20564516,0.20564516,0,1.99,0,1,0.04228993,demo
2026-08-12 00:33:00,2026-08-12 00:33:25,1.50,,8141,legacy_20260812_000920,historical_frequency,0.65876604,0.65876604,1,4.15,1,1,0.11644062,demo
2026-08-12 00:33:00,2026-08-12 00:33:25,10.00,,8141,legacy_20260812_000920,historical_frequency,0.10482590,0.10482590,0,4.15,0,1,0.01098847,demo
2026-08-12 00:33:00,2026-08-12 00:33:25,2.00,,8141,legacy_20260812_000920,historical_frequency,0.49908369,0.49908369,0,4.15,1,0,0.25091715,demo
2026-08-12 00:33:00,2026-08-12 00:33:25,3.00,,8141,legacy_20260812_000920,historical_frequency,0.33231521,0.33231521,0,4.15,1,0,0.44580298,demo
2026-08-12 00:33:00,2026-08-12 00:33:25,5.00,,8141,legacy_20260812_000920,historical_frequency,0.20562004,0.20562004,0,4.15,0,1,0.04227960,demo
2026-08-12 00:33:25,2026-08-12 00:33:34,1.50,,8142,legacy_20260812_000920,historical_frequency,0.65880772,0.65880772,1,1.05,0,0,0.43402761,demo
2026-08-12 00:33:25,2026-08-12 00:33:34,10.00,,8142,legacy_20260812_000920,historical_frequency,0.10481310,0.10481310,0,1.05,0,1,0.01098578,demo
2026-08-12 00:33:25,2026-08-12 00:33:34,2.00,,8142,legacy_20260812_000920,historical_frequency,0.49914488,0.49914488,0,1.05,0,1,0.24914561,demo
2026-08-12 00:33:25,2026-08-12 00:33:34,3.00,,8142,legacy_20260812_000920,historical_frequency,0.33239677,0.33239677,0,1.05,0,1,0.11048762,demo
2026-08-12 00:33:25,2026-08-12 00:33:34,5.00,,8142,legacy_20260812_000920,historical_frequency,0.20559492,0.20559492,0,1.05,0,1,0.04226927,demo
2026-08-12 00:33:34,2026-08-12 00:33:48,1.50,,8143,legacy_20260812_000920,historical_frequency,0.65872725,0.65872725,1,1.69,1,1,0.11646709,demo
2026-08-12 00:33:34,2026-08-12 00:33:48,10.00,,8143,legacy_20260812_000920,historical_frequency,0.10480029,0.10480029,0,1.69,0,1,0.01098310,demo
2026-08-12 00:33:34,2026-08-12 00:33:48,2.00,,8143,legacy_20260812_000920,historical_frequency,0.49908391,0.49908391,0,1.69,0,1,0.24908475,demo
2026-08-12 00:33:34,2026-08-12 00:33:48,3.00,,8143,legacy_20260812_000920,historical_frequency,0.33235617,0.33235617,0,1.69,0,1,0.11046063,demo
2026-08-12 00:33:34,2026-08-12 00:33:48,5.00,,8143,legacy_20260812_000920,historical_frequency,0.20556981,0.20556981,0,1.69,0,1,0.04225895,demo
2026-08-12 00:33:48,2026-08-12 00:34:11,1.50,,8144,legacy_20260812_000920,historical_frequency,0.65876893,0.65876893,1,3.40,1,1,0.11643864,demo
2026-08-12 00:33:48,2026-08-12 00:34:11,10.00,,8144,legacy_20260812_000920,historical_frequency,0.10478749,0.10478749,0,3.40,0,1,0.01098042,demo
2026-08-12 00:33:48,2026-08-12 00:34:11,2.00,,8144,legacy_20260812_000920,historical_frequency,0.49902296,0.49902296,0,3.40,1,0,0.25097799,demo
2026-08-12 00:33:48,2026-08-12 00:34:11,3.00,,8144,legacy_20260812_000920,historical_frequency,0.33231558,0.33231558,0,3.40,1,0,0.44580248,demo
2026-08-12 00:33:48,2026-08-12 00:34:11,5.00,,8144,legacy_20260812_000920,historical_frequency,0.20554470,0.20554470,0,3.40,0,1,0.04224862,demo
2026-08-12 00:34:11,2026-08-12 00:34:28,1.50,,8145,legacy_20260812_000920,historical_frequency,0.65881060,0.65881060,1,2.08,1,1,0.11641021,demo
2026-08-12 00:34:11,2026-08-12 00:34:28,10.00,,8145,legacy_20260812_000920,historical_frequency,0.10477470,0.10477470,0,2.08,0,1,0.01097774,demo
2026-08-12 00:34:11,2026-08-12 00:34:28,2.00,,8145,legacy_20260812_000920,historical_frequency,0.49908414,0.49908414,0,2.08,1,0,0.25091670,demo
2026-08-12 00:34:11,2026-08-12 00:34:28,3.00,,8145,legacy_20260812_000920,historical_frequency,0.33239712,0.33239712,0,2.08,0,1,0.11048784,demo
2026-08-12 00:34:11,2026-08-12 00:34:28,5.00,,8145,legacy_20260812_000920,historical_frequency,0.20551960,0.20551960,0,2.08,0,1,0.04223831,demo
2026-08-12 00:34:28,2026-08-12 00:34:51,1.50,,8146,legacy_20260812_000920,historical_frequency,0.65885226,0.65885226,1,3.21,1,1,0.11638178,demo
2026-08-12 00:34:28,2026-08-12 00:34:51,10.00,,8146,legacy_20260812_000920,historical_frequency,0.10476190,0.10476190,0,3.21,0,1,0.01097506,demo
2026-08-12 00:34:28,2026-08-12 00:34:51,2.00,,8146,legacy_20260812_000920,historical_frequency,0.49914530,0.49914530,0,3.21,1,0,0.25085543,demo
2026-08-12 00:34:28,2026-08-12 00:34:51,3.00,,8146,legacy_20260812_000920,historical_frequency,0.33235653,0.33235653,0,3.21,1,0,0.44574780,demo
2026-08-12 00:34:28,2026-08-12 00:34:51,5.00,,8146,legacy_20260812_000920,historical_frequency,0.20549451,0.20549451,0,3.21,0,1,0.04222799,demo
2026-08-12 00:34:51,2026-08-12 00:35:24,1.50,,8147,legacy_20260812_000920,historical_frequency,0.65889391,0.65889391,1,8.62,1,1,0.11635337,demo
2026-08-12 00:34:51,2026-08-12 00:35:24,10.00,,8147,legacy_20260812_000920,historical_frequency,0.10474911,0.10474911,0,8.62,0,1,0.01097238,demo
2026-08-12 00:34:51,2026-08-12 00:35:24,2.00,,8147,legacy_20260812_000920,historical_frequency,0.49920645,0.49920645,0,8.62,1,0,0.25079418,demo
2026-08-12 00:34:51,2026-08-12 00:35:24,3.00,,8147,legacy_20260812_000920,historical_frequency,0.33243804,0.33243804,0,8.62,1,0,0.44563897,demo
2026-08-12 00:34:51,2026-08-12 00:35:24,5.00,,8147,legacy_20260812_000920,historical_frequency,0.20546942,0.20546942,0,8.62,1,0,0.63127885,demo
2026-08-12 00:35:24,2026-08-12 00:35:33,1.50,,8148,legacy_20260812_000920,historical_frequency,0.65893555,0.65893555,1,1.10,0,0,0.43419605,demo
2026-08-12 00:35:24,2026-08-12 00:35:33,10.00,,8148,legacy_20260812_000920,historical_frequency,0.10473633,0.10473633,0,1.10,0,1,0.01096970,demo
2026-08-12 00:35:24,2026-08-12 00:35:33,2.00,,8148,legacy_20260812_000920,historical_frequency,0.49926758,0.49926758,0,1.10,0,1,0.24926811,demo
2026-08-12 00:35:24,2026-08-12 00:35:33,3.00,,8148,legacy_20260812_000920,historical_frequency,0.33251953,0.33251953,0,1.10,0,1,0.11056924,demo
2026-08-12 00:35:24,2026-08-12 00:35:33,5.00,,8148,legacy_20260812_000920,historical_frequency,0.20556641,0.20556641,0,1.10,0,1,0.04225755,demo
2026-08-12 00:35:33,2026-08-12 00:35:56,1.50,,8149,legacy_20260812_000920,historical_frequency,0.65885512,0.65885512,1,3.41,1,1,0.11637983,demo
2026-08-12 00:35:33,2026-08-12 00:35:56,10.00,,8149,legacy_20260812_000920,historical_frequency,0.10472354,0.10472354,0,3.41,0,1,0.01096702,demo
2026-08-12 00:35:33,2026-08-12 00:35:56,2.00,,8149,legacy_20260812_000920,historical_frequency,0.49920664,0.49920664,0,3.41,1,0,0.25079399,demo
2026-08-12 00:35:33,2026-08-12 00:35:56,3.00,,8149,legacy_20260812_000920,historical_frequency,0.33247895,0.33247895,0,3.41,1,0,0.44558436,demo
2026-08-12 00:35:33,2026-08-12 00:35:56,5.00,,8149,legacy_20260812_000920,historical_frequency,0.20554132,0.20554132,0,3.41,0,1,0.04224723,demo
2026-08-12 00:35:56,2026-08-12 00:36:09,1.50,,8150,legacy_20260812_000920,historical_frequency,0.65889675,0.65889675,1,1.59,1,1,0.11635142,demo
2026-08-12 00:35:56,2026-08-12 00:36:09,10.00,,8150,legacy_20260812_000920,historical_frequency,0.10471076,0.10471076,0,1.59,0,1,0.01096434,demo
2026-08-12 00:35:56,2026-08-12 00:36:09,2.00,,8150,legacy_20260812_000920,historical_frequency,0.49926776,0.49926776,0,1.59,0,1,0.24926829,demo
2026-08-12 00:35:56,2026-08-12 00:36:09,3.00,,8150,legacy_20260812_000920,historical_frequency,0.33256041,0.33256041,0,1.59,0,1,0.11059643,demo
2026-08-12 00:35:56,2026-08-12 00:36:09,5.00,,8150,legacy_20260812_000920,historical_frequency,0.20551623,0.20551623,0,1.59,0,1,0.04223692,demo
2026-08-12 00:36:09,2026-08-12 00:36:22,1.50,,8151,legacy_20260812_000920,historical_frequency,0.65893838,0.65893838,1,1.54,1,1,0.11632303,demo
2026-08-12 00:36:09,2026-08-12 00:36:22,10.00,,8151,legacy_20260812_000920,historical_frequency,0.10469799,0.10469799,0,1.54,0,1,0.01096167,demo
2026-08-12 00:36:09,2026-08-12 00:36:22,2.00,,8151,legacy_20260812_000920,historical_frequency,0.49920683,0.49920683,0,1.54,0,1,0.24920746,demo
2026-08-12 00:36:09,2026-08-12 00:36:22,3.00,,8151,legacy_20260812_000920,historical_frequency,0.33251983,0.33251983,0,1.54,0,1,0.11056944,demo
2026-08-12 00:36:09,2026-08-12 00:36:22,5.00,,8151,legacy_20260812_000920,historical_frequency,0.20549115,0.20549115,0,1.54,0,1,0.04222661,demo
2026-08-12 00:36:22,2026-08-12 00:36:45,1.50,,8152,legacy_20260812_000920,historical_frequency,0.65897999,0.65897999,1,3.35,1,1,0.11629465,demo
2026-08-12 00:36:22,2026-08-12 00:36:45,10.00,,8152,legacy_20260812_000920,historical_frequency,0.10468521,0.10468521,0,3.35,0,1,0.01095899,demo
2026-08-12 00:36:22,2026-08-12 00:36:45,2.00,,8152,legacy_20260812_000920,historical_frequency,0.49914592,0.49914592,0,3.35,1,0,0.25085480,demo
2026-08-12 00:36:22,2026-08-12 00:36:45,3.00,,8152,legacy_20260812_000920,historical_frequency,0.33247926,0.33247926,0,3.35,1,0,0.44558394,demo
2026-08-12 00:36:22,2026-08-12 00:36:45,5.00,,8152,legacy_20260812_000920,historical_frequency,0.20546608,0.20546608,0,3.35,0,1,0.04221631,demo
2026-08-12 00:36:45,2026-08-12 00:36:53,1.50,,8153,legacy_20260812_000920,historical_frequency,0.65902159,0.65902159,1,1.00,0,0,0.43430946,demo
2026-08-12 00:36:45,2026-08-12 00:36:53,10.00,,8153,legacy_20260812_000920,historical_frequency,0.10467244,0.10467244,0,1.00,0,1,0.01095632,demo
2026-08-12 00:36:45,2026-08-12 00:36:53,2.00,,8153,legacy_20260812_000920,historical_frequency,0.49920703,0.49920703,0,1.00,0,1,0.24920766,demo
2026-08-12 00:36:45,2026-08-12 00:36:53,3.00,,8153,legacy_20260812_000920,historical_frequency,0.33256069,0.33256069,0,1.00,0,1,0.11059661,demo
2026-08-12 00:36:45,2026-08-12 00:36:53,5.00,,8153,legacy_20260812_000920,historical_frequency,0.20544102,0.20544102,0,1.00,0,1,0.04220601,demo
2026-08-12 00:36:53,2026-08-12 00:37:19,1.50,,8154,legacy_20260812_000920,historical_frequency,0.65894121,0.65894121,1,4.57,1,1,0.11632110,demo
2026-08-12 00:36:53,2026-08-12 00:37:19,10.00,,8154,legacy_20260812_000920,historical_frequency,0.10465967,0.10465967,0,4.57,0,1,0.01095365,demo
2026-08-12 00:36:53,2026-08-12 00:37:19,2.00,,8154,legacy_20260812_000920,historical_frequency,0.49914613,0.49914613,0,4.57,1,0,0.25085460,demo
2026-08-12 00:36:53,2026-08-12 00:37:19,3.00,,8154,legacy_20260812_000920,historical_frequency,0.33252013,0.33252013,0,4.57,1,0,0.44552938,demo
2026-08-12 00:36:53,2026-08-12 00:37:19,5.00,,8154,legacy_20260812_000920,historical_frequency,0.20541596,0.20541596,0,4.57,0,1,0.04219571,demo
2026-08-12 00:37:19,2026-08-12 00:38:12,1.50,,8155,legacy_20260812_000920,historical_frequency,0.65898280,0.65898280,1,40.47,1,1,0.11629273,demo
2026-08-12 00:37:19,2026-08-12 00:38:12,10.00,,8155,legacy_20260812_000920,historical_frequency,0.10464691,0.10464691,0,40.47,1,0,0.80165716,demo
2026-08-12 00:37:19,2026-08-12 00:38:12,2.00,,8155,legacy_20260812_000920,historical_frequency,0.49920722,0.49920722,0,40.47,1,0,0.25079341,demo
2026-08-12 00:37:19,2026-08-12 00:38:12,3.00,,8155,legacy_20260812_000920,historical_frequency,0.33260154,0.33260154,0,40.47,1,0,0.44542071,demo
2026-08-12 00:37:19,2026-08-12 00:38:12,5.00,,8155,legacy_20260812_000920,historical_frequency,0.20539090,0.20539090,0,40.47,1,0,0.63140362,demo
2026-08-12 00:38:12,2026-08-12 00:38:57,1.50,,8156,legacy_20260812_000920,historical_frequency,0.65902439,0.65902439,1,22.82,1,1,0.11626437,demo
2026-08-12 00:38:12,2026-08-12 00:38:57,10.00,,8156,legacy_20260812_000920,historical_frequency,0.10475610,0.10475610,0,22.82,1,0,0.80146164,demo
2026-08-12 00:38:12,2026-08-12 00:38:57,2.00,,8156,legacy_20260812_000920,historical_frequency,0.49926829,0.49926829,0,22.82,1,0,0.25073224,demo
2026-08-12 00:38:12,2026-08-12 00:38:57,3.00,,8156,legacy_20260812_000920,historical_frequency,0.33268293,0.33268293,0,22.82,1,0,0.44531208,demo
2026-08-12 00:38:12,2026-08-12 00:38:57,5.00,,8156,legacy_20260812_000920,historical_frequency,0.20548780,0.20548780,0,22.82,1,0,0.63124963,demo
2026-08-12 00:38:57,2026-08-12 00:40:12,1.50,,8157,legacy_20260812_000920,historical_frequency,0.65906597,0.65906597,1,262.10,1,1,0.11623601,demo
2026-08-12 00:38:57,2026-08-12 00:40:12,10.00,,8157,legacy_20260812_000920,historical_frequency,0.10486526,0.10486526,0,262.10,1,0,0.80126620,demo
2026-08-12 00:38:57,2026-08-12 00:40:12,2.00,,8157,legacy_20260812_000920,historical_frequency,0.49932935,0.49932935,0,262.10,1,0,0.25067110,demo
2026-08-12 00:38:57,2026-08-12 00:40:12,3.00,,8157,legacy_20260812_000920,historical_frequency,0.33276430,0.33276430,0,262.10,1,0,0.44520348,demo
2026-08-12 00:38:57,2026-08-12 00:40:12,5.00,,8157,legacy_20260812_000920,historical_frequency,0.20558468,0.20558468,0,262.10,1,0,0.63109569,demo
2026-08-12 00:40:12,2026-08-12 00:40:31,1.50,,8158,legacy_20260812_000920,historical_frequency,0.65910753,0.65910753,1,2.44,1,1,0.11620767,demo
2026-08-12 00:40:12,2026-08-12 00:40:31,10.00,,8158,legacy_20260812_000920,historical_frequency,0.10497440,0.10497440,0,2.44,0,1,0.01101962,demo
2026-08-12 00:40:12,2026-08-12 00:40:31,2.00,,8158,legacy_20260812_000920,historical_frequency,0.49939039,0.49939039,0,2.44,1,0,0.25060998,demo
2026-08-12 00:40:12,2026-08-12 00:40:31,3.00,,8158,legacy_20260812_000920,historical_frequency,0.33284565,0.33284565,0,2.44,0,1,0.11078622,demo
2026-08-12 00:40:12,2026-08-12 00:40:31,5.00,,8158,legacy_20260812_000920,historical_frequency,0.20568154,0.20568154,0,2.44,0,1,0.04230490,demo
2026-08-12 00:40:31,2026-08-12 00:40:43,1.50,,8159,legacy_20260812_000920,historical_frequency,0.65914909,0.65914909,1,1.46,0,0,0.43447753,demo
2026-08-12 00:40:31,2026-08-12 00:40:43,10.00,,8159,legacy_20260812_000920,historical_frequency,0.10496160,0.10496160,0,1.46,0,1,0.01101694,demo
2026-08-12 00:40:31,2026-08-12 00:40:43,2.00,,8159,legacy_20260812_000920,historical_frequency,0.49945142,0.49945142,0,1.46,0,1,0.24945172,demo
2026-08-12 00:40:31,2026-08-12 00:40:43,3.00,,8159,legacy_20260812_000920,historical_frequency,0.33280507,0.33280507,0,1.46,0,1,0.11075922,demo
2026-08-12 00:40:31,2026-08-12 00:40:43,5.00,,8159,legacy_20260812_000920,historical_frequency,0.20565647,0.20565647,0,1.46,0,1,0.04229458,demo
2026-08-12 00:40:43,2026-08-12 00:41:22,1.50,,8160,legacy_20260812_000920,historical_frequency,0.65906875,0.65906875,1,12.99,1,1,0.11623412,demo
2026-08-12 00:40:43,2026-08-12 00:41:22,10.00,,8160,legacy_20260812_000920,historical_frequency,0.10494881,0.10494881,0,12.99,1,0,0.80111664,demo
2026-08-12 00:40:43,2026-08-12 00:41:22,2.00,,8160,legacy_20260812_000920,historical_frequency,0.49939054,0.49939054,0,12.99,1,0,0.25060983,demo
2026-08-12 00:40:43,2026-08-12 00:41:22,3.00,,8160,legacy_20260812_000920,historical_frequency,0.33276451,0.33276451,0,12.99,1,0,0.44520321,demo
2026-08-12 00:40:43,2026-08-12 00:41:22,5.00,,8160,legacy_20260812_000920,historical_frequency,0.20563140,0.20563140,0,12.99,1,0,0.63102147,demo
2026-08-12 00:41:22,2026-08-12 00:41:36,1.50,,8161,legacy_20260812_000920,historical_frequency,0.65911030,0.65911030,1,1.65,1,1,0.11620579,demo
2026-08-12 00:41:22,2026-08-12 00:41:36,10.00,,8161,legacy_20260812_000920,historical_frequency,0.10505789,0.10505789,0,1.65,0,1,0.01103716,demo
2026-08-12 00:41:22,2026-08-12 00:41:36,2.00,,8161,legacy_20260812_000920,historical_frequency,0.49945155,0.49945155,0,1.65,0,1,0.24945185,demo
2026-08-12 00:41:22,2026-08-12 00:41:36,3.00,,8161,legacy_20260812_000920,historical_frequency,0.33284583,0.33284583,0,1.65,0,1,0.11078634,demo
2026-08-12 00:41:22,2026-08-12 00:41:36,5.00,,8161,legacy_20260812_000920,historical_frequency,0.20572821,0.20572821,0,1.65,0,1,0.04232410,demo
2026-08-12 00:41:36,2026-08-12 00:41:52,1.50,,8162,legacy_20260812_000920,historical_frequency,0.65915184,0.65915184,1,1.91,1,1,0.11617747,demo
2026-08-12 00:41:36,2026-08-12 00:41:52,10.00,,8162,legacy_20260812_000920,historical_frequency,0.10504509,0.10504509,0,1.91,0,1,0.01103447,demo
2026-08-12 00:41:36,2026-08-12 00:41:52,2.00,,8162,legacy_20260812_000920,historical_frequency,0.49939069,0.49939069,0,1.91,0,1,0.24939106,demo
2026-08-12 00:41:36,2026-08-12 00:41:52,3.00,,8162,legacy_20260812_000920,historical_frequency,0.33280526,0.33280526,0,1.91,0,1,0.11075934,demo
2026-08-12 00:41:36,2026-08-12 00:41:52,5.00,,8162,legacy_20260812_000920,historical_frequency,0.20570314,0.20570314,0,1.91,0,1,0.04231378,demo
2026-08-12 00:41:52,2026-08-12 00:42:03,1.50,,8163,legacy_20260812_000920,historical_frequency,0.65919337,0.65919337,1,1.33,0,0,0.43453590,demo
2026-08-12 00:41:52,2026-08-12 00:42:03,10.00,,8163,legacy_20260812_000920,historical_frequency,0.10503229,0.10503229,0,1.33,0,1,0.01103178,demo
2026-08-12 00:41:52,2026-08-12 00:42:03,2.00,,8163,legacy_20260812_000920,historical_frequency,0.49932984,0.49932984,0,1.33,0,1,0.24933029,demo
2026-08-12 00:41:52,2026-08-12 00:42:03,3.00,,8163,legacy_20260812_000920,historical_frequency,0.33276471,0.33276471,0,1.33,0,1,0.11073235,demo
2026-08-12 00:41:52,2026-08-12 00:42:03,5.00,,8163,legacy_20260812_000920,historical_frequency,0.20567808,0.20567808,0,1.33,0,1,0.04230347,demo
2026-08-12 00:42:03,2026-08-12 00:43:06,1.50,,8164,legacy_20260812_000920,historical_frequency,0.65911306,0.65911306,1,95.11,1,1,0.11620391,demo
2026-08-12 00:42:03,2026-08-12 00:43:06,10.00,,8164,legacy_20260812_000920,historical_frequency,0.10501949,0.10501949,0,95.11,1,0,0.80099011,demo
2026-08-12 00:42:03,2026-08-12 00:43:06,2.00,,8164,legacy_20260812_000920,historical_frequency,0.49926901,0.49926901,0,95.11,1,0,0.25073153,demo
2026-08-12 00:42:03,2026-08-12 00:43:06,3.00,,8164,legacy_20260812_000920,historical_frequency,0.33272417,0.33272417,0,95.11,1,0,0.44525703,demo
2026-08-12 00:42:03,2026-08-12 00:43:06,5.00,,8164,legacy_20260812_000920,historical_frequency,0.20565302,0.20565302,0,95.11,1,0,0.63098712,demo
2026-08-12 00:43:06,2026-08-12 00:43:25,1.50,,8165,legacy_20260812_000920,historical_frequency,0.65915459,0.65915459,1,2.53,1,1,0.11617560,demo
2026-08-12 00:43:06,2026-08-12 00:43:25,10.00,,8165,legacy_20260812_000920,historical_frequency,0.10512852,0.10512852,0,2.53,0,1,0.01105201,demo
2026-08-12 00:43:06,2026-08-12 00:43:25,2.00,,8165,legacy_20260812_000920,historical_frequency,0.49933000,0.49933000,0,2.53,1,0,0.25067045,demo
2026-08-12 00:43:06,2026-08-12 00:43:25,3.00,,8165,legacy_20260812_000920,historical_frequency,0.33280546,0.33280546,0,2.53,0,1,0.11075947,demo
2026-08-12 00:43:06,2026-08-12 00:43:25,5.00,,8165,legacy_20260812_000920,historical_frequency,0.20574979,0.20574979,0,2.53,0,1,0.04233297,demo
2026-08-12 00:43:25,2026-08-12 00:43:41,1.50,,8166,legacy_20260812_000920,historical_frequency,0.65919610,0.65919610,1,1.61,1,1,0.11614730,demo
2026-08-12 00:43:25,2026-08-12 00:43:41,10.00,,8166,legacy_20260812_000920,historical_frequency,0.10511571,0.10511571,0,1.61,0,1,0.01104931,demo
2026-08-12 00:43:25,2026-08-12 00:43:41,2.00,,8166,legacy_20260812_000920,historical_frequency,0.49939099,0.49939099,0,1.61,0,1,0.24939136,demo
2026-08-12 00:43:25,2026-08-12 00:43:41,3.00,,8166,legacy_20260812_000920,historical_frequency,0.33276492,0.33276492,0,1.61,0,1,0.11073249,demo
2026-08-12 00:43:25,2026-08-12 00:43:41,5.00,,8166,legacy_20260812_000920,historical_frequency,0.20572473,0.20572473,0,1.61,0,1,0.04232266,demo
2026-08-12 00:43:41,2026-08-12 00:43:55,1.50,,8167,legacy_20260812_000920,historical_frequency,0.65923761,0.65923761,1,1.89,1,1,0.11611901,demo
2026-08-12 00:43:41,2026-08-12 00:43:55,10.00,,8167,legacy_20260812_000920,historical_frequency,0.10510291,0.10510291,0,1.89,0,1,0.01104662,demo
2026-08-12 00:43:41,2026-08-12 00:43:55,2.00,,8167,legacy_20260812_000920,historical_frequency,0.49933017,0.49933017,0,1.89,0,1,0.24933062,demo
2026-08-12 00:43:41,2026-08-12 00:43:55,3.00,,8167,legacy_20260812_000920,historical_frequency,0.33272439,0.33272439,0,1.89,0,1,0.11070552,demo
2026-08-12 00:43:41,2026-08-12 00:43:55,5.00,,8167,legacy_20260812_000920,historical_frequency,0.20569967,0.20569967,0,1.89,0,1,0.04231235,demo
2026-08-12 00:43:55,2026-08-12 00:44:10,1.50,,8168,legacy_20260812_000920,historical_frequency,0.65927910,0.65927910,1,1.72,1,1,0.11609073,demo
2026-08-12 00:43:55,2026-08-12 00:44:10,10.00,,8168,legacy_20260812_000920,historical_frequency,0.10509011,0.10509011,0,1.72,0,1,0.01104393,demo
2026-08-12 00:43:55,2026-08-12 00:44:10,2.00,,8168,legacy_20260812_000920,historical_frequency,0.49926936,0.49926936,0,1.72,0,1,0.24926990,demo
2026-08-12 00:43:55,2026-08-12 00:44:10,3.00,,8168,legacy_20260812_000920,historical_frequency,0.33268388,0.33268388,0,1.72,0,1,0.11067856,demo
2026-08-12 00:43:55,2026-08-12 00:44:10,5.00,,8168,legacy_20260812_000920,historical_frequency,0.20567462,0.20567462,0,1.72,0,1,0.04230205,demo
2026-08-12 00:44:10,2026-08-12 00:44:18,1.50,,8169,legacy_20260812_000920,historical_frequency,0.65932059,0.65932059,1,1.06,0,0,0.43470364,demo
2026-08-12 00:44:10,2026-08-12 00:44:18,10.00,,8169,legacy_20260812_000920,historical_frequency,0.10507732,0.10507732,0,1.06,0,1,0.01104124,demo
2026-08-12 00:44:10,2026-08-12 00:44:18,2.00,,8169,legacy_20260812_000920,historical_frequency,0.49920857,0.49920857,0,1.06,0,1,0.24920920,demo
2026-08-12 00:44:10,2026-08-12 00:44:18,3.00,,8169,legacy_20260812_000920,historical_frequency,0.33264337,0.33264337,0,1.06,0,1,0.11065161,demo
2026-08-12 00:44:10,2026-08-12 00:44:18,5.00,,8169,legacy_20260812_000920,historical_frequency,0.20564958,0.20564958,0,1.06,0,1,0.04229175,demo
2026-08-12 00:44:18,2026-08-12 00:44:39,1.50,,8170,legacy_20260812_000920,historical_frequency,0.65924032,0.65924032,1,2.99,1,1,0.11611716,demo
2026-08-12 00:44:18,2026-08-12 00:44:39,10.00,,8170,legacy_20260812_000920,historical_frequency,0.10506452,0.10506452,0,2.99,0,1,0.01103855,demo
2026-08-12 00:44:18,2026-08-12 00:44:39,2.00,,8170,legacy_20260812_000920,historical_frequency,0.49914780,0.49914780,0,2.99,1,0,0.25085293,demo
2026-08-12 00:44:18,2026-08-12 00:44:39,3.00,,8170,legacy_20260812_000920,historical_frequency,0.33260287,0.33260287,0,2.99,0,1,0.11062467,demo
2026-08-12 00:44:18,2026-08-12 00:44:39,5.00,,8170,legacy_20260812_000920,historical_frequency,0.20562454,0.20562454,0,2.99,0,1,0.04228145,demo
2026-08-12 00:44:39,2026-08-12 00:44:56,1.50,,8171,legacy_20260812_000920,historical_frequency,0.65928180,0.65928180,1,2.09,1,1,0.11608889,demo
2026-08-12 00:44:39,2026-08-12 00:44:56,10.00,,8171,legacy_20260812_000920,historical_frequency,0.10505173,0.10505173,0,2.09,0,1,0.01103587,demo
2026-08-12 00:44:39,2026-08-12 00:44:56,2.00,,8171,legacy_20260812_000920,historical_frequency,0.49920876,0.49920876,0,2.09,1,0,0.25079186,demo
2026-08-12 00:44:39,2026-08-12 00:44:56,3.00,,8171,legacy_20260812_000920,historical_frequency,0.33256239,0.33256239,0,2.09,0,1,0.11059774,demo
2026-08-12 00:44:39,2026-08-12 00:44:56,5.00,,8171,legacy_20260812_000920,historical_frequency,0.20559951,0.20559951,0,2.09,0,1,0.04227116,demo
2026-08-12 00:44:56,2026-08-12 00:45:05,1.50,,8172,legacy_20260812_000920,historical_frequency,0.65932327,0.65932327,1,1.09,0,0,0.43470718,demo
2026-08-12 00:44:56,2026-08-12 00:45:05,10.00,,8172,legacy_20260812_000920,historical_frequency,0.10503895,0.10503895,0,1.09,0,1,0.01103318,demo
2026-08-12 00:44:56,2026-08-12 00:45:05,2.00,,8172,legacy_20260812_000920,historical_frequency,0.49926972,0.49926972,0,1.09,0,1,0.24927025,demo
2026-08-12 00:44:56,2026-08-12 00:45:05,3.00,,8172,legacy_20260812_000920,historical_frequency,0.33252191,0.33252191,0,1.09,0,1,0.11057082,demo
2026-08-12 00:44:56,2026-08-12 00:45:05,5.00,,8172,legacy_20260812_000920,historical_frequency,0.20557449,0.20557449,0,1.09,0,1,0.04226087,demo
2026-08-12 00:45:05,2026-08-12 00:45:27,1.50,,8173,legacy_20260812_000920,historical_frequency,0.65924303,0.65924303,1,3.07,1,1,0.11611531,demo
2026-08-12 00:45:05,2026-08-12 00:45:27,10.00,,8173,legacy_20260812_000920,historical_frequency,0.10502617,0.10502617,0,3.07,0,1,0.01103050,demo
2026-08-12 00:45:05,2026-08-12 00:45:27,2.00,,8173,legacy_20260812_000920,historical_frequency,0.49920896,0.49920896,0,3.07,1,0,0.25079167,demo
2026-08-12 00:45:05,2026-08-12 00:45:27,3.00,,8173,legacy_20260812_000920,historical_frequency,0.33248144,0.33248144,0,3.07,1,0,0.44558103,demo
2026-08-12 00:45:05,2026-08-12 00:45:27,5.00,,8173,legacy_20260812_000920,historical_frequency,0.20554947,0.20554947,0,3.07,0,1,0.04225058,demo
2026-08-12 00:45:27,2026-08-12 00:45:41,1.50,,8174,legacy_20260812_000920,historical_frequency,0.65928450,0.65928450,1,1.67,1,1,0.11608705,demo
2026-08-12 00:45:27,2026-08-12 00:45:41,10.00,,8174,legacy_20260812_000920,historical_frequency,0.10501339,0.10501339,0,1.67,0,1,0.01102781,demo
2026-08-12 00:45:27,2026-08-12 00:45:41,2.00,,8174,legacy_20260812_000920,historical_frequency,0.49926990,0.49926990,0,1.67,0,1,0.24927043,demo
2026-08-12 00:45:27,2026-08-12 00:45:41,3.00,,8174,legacy_20260812_000920,historical_frequency,0.33256267,0.33256267,0,1.67,0,1,0.11059793,demo
2026-08-12 00:45:27,2026-08-12 00:45:41,5.00,,8174,legacy_20260812_000920,historical_frequency,0.20552446,0.20552446,0,1.67,0,1,0.04224030,demo
2026-08-12 00:45:41,2026-08-12 00:46:03,1.50,,8175,legacy_20260812_000920,historical_frequency,0.65932595,0.65932595,1,3.22,1,1,0.11605881,demo
2026-08-12 00:45:41,2026-08-12 00:46:03,10.00,,8175,legacy_20260812_000920,historical_frequency,0.10500061,0.10500061,0,3.22,0,1,0.01102513,demo
2026-08-12 00:45:41,2026-08-12 00:46:03,2.00,,8175,legacy_20260812_000920,historical_frequency,0.49920915,0.49920915,0,3.22,1,0,0.25079148,demo
2026-08-12 00:45:41,2026-08-12 00:46:03,3.00,,8175,legacy_20260812_000920,historical_frequency,0.33252220,0.33252220,0,3.22,1,0,0.44552661,demo
2026-08-12 00:45:41,2026-08-12 00:46:03,5.00,,8175,legacy_20260812_000920,historical_frequency,0.20549945,0.20549945,0,3.22,0,1,0.04223002,demo
2026-08-12 00:46:03,2026-08-12 00:46:16,1.50,,8176,legacy_20260812_000920,historical_frequency,0.65936740,0.65936740,1,1.46,0,0,0.43476536,demo
2026-08-12 00:46:03,2026-08-12 00:46:16,10.00,,8176,legacy_20260812_000920,historical_frequency,0.10498783,0.10498783,0,1.46,0,1,0.01102245,demo
2026-08-12 00:46:03,2026-08-12 00:46:16,2.00,,8176,legacy_20260812_000920,historical_frequency,0.49927007,0.49927007,0,1.46,0,1,0.24927061,demo
2026-08-12 00:46:03,2026-08-12 00:46:16,3.00,,8176,legacy_20260812_000920,historical_frequency,0.33260341,0.33260341,0,1.46,0,1,0.11062503,demo
2026-08-12 00:46:03,2026-08-12 00:46:16,5.00,,8176,legacy_20260812_000920,historical_frequency,0.20547445,0.20547445,0,1.46,0,1,0.04221975,demo
2026-08-12 00:46:16,2026-08-12 00:46:41,1.50,,8177,legacy_20260812_000920,historical_frequency,0.65928719,0.65928719,1,4.40,1,1,0.11608522,demo
2026-08-12 00:46:16,2026-08-12 00:46:41,10.00,,8177,legacy_20260812_000920,historical_frequency,0.10497506,0.10497506,0,4.40,0,1,0.01101976,demo
2026-08-12 00:46:16,2026-08-12 00:46:41,2.00,,8177,legacy_20260812_000920,historical_frequency,0.49920934,0.49920934,0,4.40,1,0,0.25079128,demo
2026-08-12 00:46:16,2026-08-12 00:46:41,3.00,,8177,legacy_20260812_000920,historical_frequency,0.33256295,0.33256295,0,4.40,1,0,0.44547222,demo
2026-08-12 00:46:16,2026-08-12 00:46:41,5.00,,8177,legacy_20260812_000920,historical_frequency,0.20544946,0.20544946,0,4.40,0,1,0.04220948,demo
2026-08-12 00:46:41,2026-08-12 00:46:56,1.50,,8178,legacy_20260812_000920,historical_frequency,0.65932863,0.65932863,1,1.79,1,1,0.11605698,demo
2026-08-12 00:46:41,2026-08-12 00:46:56,10.00,,8178,legacy_20260812_000920,historical_frequency,0.10496230,0.10496230,0,1.79,0,1,0.01101708,demo
2026-08-12 00:46:41,2026-08-12 00:46:56,2.00,,8178,legacy_20260812_000920,historical_frequency,0.49927025,0.49927025,0,1.79,0,1,0.24927078,demo
2026-08-12 00:46:41,2026-08-12 00:46:56,3.00,,8178,legacy_20260812_000920,historical_frequency,0.33264413,0.33264413,0,1.79,0,1,0.11065211,demo
2026-08-12 00:46:41,2026-08-12 00:46:56,5.00,,8178,legacy_20260812_000920,historical_frequency,0.20542447,0.20542447,0,1.79,0,1,0.04219921,demo
2026-08-12 00:46:56,2026-08-12 00:47:09,1.50,,8179,legacy_20260812_000920,historical_frequency,0.65937006,0.65937006,1,1.41,0,0,0.43476888,demo
2026-08-12 00:46:56,2026-08-12 00:47:09,10.00,,8179,legacy_20260812_000920,historical_frequency,0.10494953,0.10494953,0,1.41,0,1,0.01101440,demo
2026-08-12 00:46:56,2026-08-12 00:47:09,2.00,,8179,legacy_20260812_000920,historical_frequency,0.49920953,0.49920953,0,1.41,0,1,0.24921016,demo
2026-08-12 00:46:56,2026-08-12 00:47:09,3.00,,8179,legacy_20260812_000920,historical_frequency,0.33260367,0.33260367,0,1.41,0,1,0.11062520,demo
2026-08-12 00:46:56,2026-08-12 00:47:09,5.00,,8179,legacy_20260812_000920,historical_frequency,0.20539949,0.20539949,0,1.41,0,1,0.04218895,demo
2026-08-12 00:47:09,2026-08-12 00:47:29,1.50,,8180,legacy_20260812_000920,historical_frequency,0.65928988,0.65928988,1,2.76,1,1,0.11608338,demo
2026-08-12 00:47:09,2026-08-12 00:47:29,10.00,,8180,legacy_20260812_000920,historical_frequency,0.10493677,0.10493677,0,2.76,0,1,0.01101173,demo
2026-08-12 00:47:09,2026-08-12 00:47:29,2.00,,8180,legacy_20260812_000920,historical_frequency,0.49914883,0.49914883,0,2.76,1,0,0.25085189,demo
2026-08-12 00:47:09,2026-08-12 00:47:29,3.00,,8180,legacy_20260812_000920,historical_frequency,0.33256323,0.33256323,0,2.76,0,1,0.11059830,demo
2026-08-12 00:47:09,2026-08-12 00:47:29,5.00,,8180,legacy_20260812_000920,historical_frequency,0.20537451,0.20537451,0,2.76,0,1,0.04217869,demo
2026-08-12 00:47:29,2026-08-12 00:47:44,1.50,,8181,legacy_20260812_000920,historical_frequency,0.65933131,0.65933131,1,1.80,1,1,0.11605516,demo
2026-08-12 00:47:29,2026-08-12 00:47:44,10.00,,8181,legacy_20260812_000920,historical_frequency,0.10492401,0.10492401,0,1.80,0,1,0.01100905,demo
2026-08-12 00:47:29,2026-08-12 00:47:44,2.00,,8181,legacy_20260812_000920,historical_frequency,0.49920973,0.49920973,0,1.80,0,1,0.24921035,demo
2026-08-12 00:47:29,2026-08-12 00:47:44,3.00,,8181,legacy_20260812_000920,historical_frequency,0.33252280,0.33252280,0,1.80,0,1,0.11057141,demo
2026-08-12 00:47:29,2026-08-12 00:47:44,5.00,,8181,legacy_20260812_000920,historical_frequency,0.20534954,0.20534954,0,1.80,0,1,0.04216844,demo
2026-08-12 00:47:44,2026-08-12 00:47:55,1.50,,8182,legacy_20260812_000920,historical_frequency,0.65937272,0.65937272,1,1.27,0,0,0.43477238,demo
2026-08-12 00:47:44,2026-08-12 00:47:55,10.00,,8182,legacy_20260812_000920,historical_frequency,0.10491126,0.10491126,0,1.27,0,1,0.01100637,demo
2026-08-12 00:47:44,2026-08-12 00:47:55,2.00,,8182,legacy_20260812_000920,historical_frequency,0.49914904,0.49914904,0,1.27,0,1,0.24914976,demo
2026-08-12 00:47:44,2026-08-12 00:47:55,3.00,,8182,legacy_20260812_000920,historical_frequency,0.33248237,0.33248237,0,1.27,0,1,0.11054453,demo
2026-08-12 00:47:44,2026-08-12 00:47:55,5.00,,8182,legacy_20260812_000920,historical_frequency,0.20532458,0.20532458,0,1.27,0,1,0.04215818,demo
2026-08-12 00:47:55,2026-08-12 00:48:16,1.50,,8183,legacy_20260812_000920,historical_frequency,0.65929257,0.65929257,1,3.05,1,1,0.11608155,demo
2026-08-12 00:47:55,2026-08-12 00:48:16,10.00,,8183,legacy_20260812_000920,historical_frequency,0.10489850,0.10489850,0,3.05,0,1,0.01100370,demo
2026-08-12 00:47:55,2026-08-12 00:48:16,2.00,,8183,legacy_20260812_000920,historical_frequency,0.49908837,0.49908837,0,3.05,1,0,0.25091246,demo
2026-08-12 00:47:55,2026-08-12 00:48:16,3.00,,8183,legacy_20260812_000920,historical_frequency,0.33244196,0.33244196,0,3.05,1,0,0.44563374,demo
2026-08-12 00:47:55,2026-08-12 00:48:16,5.00,,8183,legacy_20260812_000920,historical_frequency,0.20529962,0.20529962,0,3.05,0,1,0.04214794,demo
2026-08-12 00:48:16,2026-08-12 00:48:26,1.50,,8184,legacy_20260812_000920,historical_frequency,0.65933398,0.65933398,1,1.12,0,0,0.43472130,demo
2026-08-12 00:48:16,2026-08-12 00:48:26,10.00,,8184,legacy_20260812_000920,historical_frequency,0.10488576,0.10488576,0,1.12,0,1,0.01100102,demo
2026-08-12 00:48:16,2026-08-12 00:48:26,2.00,,8184,legacy_20260812_000920,historical_frequency,0.49914925,0.49914925,0,1.12,0,1,0.24914997,demo
2026-08-12 00:48:16,2026-08-12 00:48:26,3.00,,8184,legacy_20260812_000920,historical_frequency,0.33252309,0.33252309,0,1.12,0,1,0.11057161,demo
2026-08-12 00:48:16,2026-08-12 00:48:26,5.00,,8184,legacy_20260812_000920,historical_frequency,0.20527467,0.20527467,0,1.12,0,1,0.04213769,demo
2026-08-12 00:48:26,2026-08-12 00:48:34,1.50,,8185,legacy_20260812_000920,historical_frequency,0.65925386,0.65925386,1,1.00,0,0,0.43461565,demo
2026-08-12 00:48:26,2026-08-12 00:48:34,10.00,,8185,legacy_20260812_000920,historical_frequency,0.10487301,0.10487301,0,1.00,0,1,0.01099835,demo
2026-08-12 00:48:26,2026-08-12 00:48:34,2.00,,8185,legacy_20260812_000920,historical_frequency,0.49908859,0.49908859,0,1.00,0,1,0.24908942,demo
2026-08-12 00:48:26,2026-08-12 00:48:34,3.00,,8185,legacy_20260812_000920,historical_frequency,0.33248268,0.33248268,0,1.00,0,1,0.11054473,demo
2026-08-12 00:48:26,2026-08-12 00:48:34,5.00,,8185,legacy_20260812_000920,historical_frequency,0.20524973,0.20524973,0,1.00,0,1,0.04212745,demo
2026-08-12 00:48:34,2026-08-12 00:48:49,1.50,,8186,legacy_20260812_000920,historical_frequency,0.65917375,0.65917375,1,1.83,1,1,0.11616253,demo
2026-08-12 00:48:34,2026-08-12 00:48:49,10.00,,8186,legacy_20260812_000920,historical_frequency,0.10486027,0.10486027,0,1.83,0,1,0.01099568,demo
2026-08-12 00:48:34,2026-08-12 00:48:49,2.00,,8186,legacy_20260812_000920,historical_frequency,0.49902795,0.49902795,0,1.83,0,1,0.24902889,demo
2026-08-12 00:48:34,2026-08-12 00:48:49,3.00,,8186,legacy_20260812_000920,historical_frequency,0.33244228,0.33244228,0,1.83,0,1,0.11051787,demo
2026-08-12 00:48:34,2026-08-12 00:48:49,5.00,,8186,legacy_20260812_000920,historical_frequency,0.20522479,0.20522479,0,1.83,0,1,0.04211721,demo
2026-08-12 00:48:49,2026-08-12 00:49:01,1.50,,8187,legacy_20260812_000920,historical_frequency,0.65921516,0.65921516,1,1.44,0,0,0.43456463,demo
2026-08-12 00:48:49,2026-08-12 00:49:01,10.00,,8187,legacy_20260812_000920,historical_frequency,0.10484753,0.10484753,0,1.44,0,1,0.01099300,demo
2026-08-12 00:48:49,2026-08-12 00:49:01,2.00,,8187,legacy_20260812_000920,historical_frequency,0.49896732,0.49896732,0,1.44,0,1,0.24896839,demo
2026-08-12 00:48:49,2026-08-12 00:49:01,3.00,,8187,legacy_20260812_000920,historical_frequency,0.33240190,0.33240190,0,1.44,0,1,0.11049102,demo
2026-08-12 00:48:49,2026-08-12 00:49:01,5.00,,8187,legacy_20260812_000920,historical_frequency,0.20519985,0.20519985,0,1.44,0,1,0.04210698,demo
2026-08-12 00:49:01,2026-08-12 00:49:17,1.50,,8188,legacy_20260812_000920,historical_frequency,0.65913508,0.65913508,1,1.87,1,1,0.11618889,demo
2026-08-12 00:49:01,2026-08-12 00:49:17,10.00,,8188,legacy_20260812_000920,historical_frequency,0.10483479,0.10483479,0,1.87,0,1,0.01099033,demo
2026-08-12 00:49:01,2026-08-12 00:49:17,2.00,,8188,legacy_20260812_000920,historical_frequency,0.49890671,0.49890671,0,1.87,0,1,0.24890790,demo
2026-08-12 00:49:01,2026-08-12 00:49:17,3.00,,8188,legacy_20260812_000920,historical_frequency,0.33236152,0.33236152,0,1.87,0,1,0.11046418,demo
2026-08-12 00:49:01,2026-08-12 00:49:17,5.00,,8188,legacy_20260812_000920,historical_frequency,0.20517493,0.20517493,0,1.87,0,1,0.04209675,demo
2026-08-12 00:49:17,2026-08-12 00:50:06,1.50,,8189,legacy_20260812_000920,historical_frequency,0.65917648,0.65917648,1,31.58,1,1,0.11616067,demo
2026-08-12 00:49:17,2026-08-12 00:50:06,10.00,,8189,legacy_20260812_000920,historical_frequency,0.10482206,0.10482206,0,31.58,1,0,0.80134355,demo
2026-08-12 00:49:17,2026-08-12 00:50:06,2.00,,8189,legacy_20260812_000920,historical_frequency,0.49884611,0.49884611,0,31.58,1,0,0.25115522,demo
2026-08-12 00:49:17,2026-08-12 00:50:06,3.00,,8189,legacy_20260812_000920,historical_frequency,0.33232115,0.33232115,0,31.58,1,0,0.44579505,demo
2026-08-12 00:49:17,2026-08-12 00:50:06,5.00,,8189,legacy_20260812_000920,historical_frequency,0.20515001,0.20515001,0,31.58,1,0,0.63178651,demo
2026-08-12 00:50:06,2026-08-12 00:50:19,1.50,,8190,legacy_20260812_000920,historical_frequency,0.65921788,0.65921788,1,1.32,0,0,0.43456821,demo
2026-08-12 00:50:06,2026-08-12 00:50:19,10.00,,8190,legacy_20260812_000920,historical_frequency,0.10493077,0.10493077,0,1.32,0,1,0.01101047,demo
2026-08-12 00:50:06,2026-08-12 00:50:19,2.00,,8190,legacy_20260812_000920,historical_frequency,0.49890697,0.49890697,0,1.32,0,1,0.24890817,demo
2026-08-12 00:50:06,2026-08-12 00:50:19,3.00,,8190,legacy_20260812_000920,historical_frequency,0.33240223,0.33240223,0,1.32,0,1,0.11049125,demo
2026-08-12 00:50:06,2026-08-12 00:50:19,5.00,,8190,legacy_20260812_000920,historical_frequency,0.20524654,0.20524654,0,1.32,0,1,0.04212614,demo
2026-08-12 00:50:19,2026-08-12 00:50:48,1.50,,8191,legacy_20260812_000920,historical_frequency,0.65913783,0.65913783,1,6.54,1,1,0.11618702,demo
2026-08-12 00:50:19,2026-08-12 00:50:48,10.00,,8191,legacy_20260812_000920,historical_frequency,0.10491803,0.10491803,0,6.54,0,1,0.01100779,demo
2026-08-12 00:50:19,2026-08-12 00:50:48,2.00,,8191,legacy_20260812_000920,historical_frequency,0.49884639,0.49884639,0,6.54,1,0,0.25115494,demo
2026-08-12 00:50:19,2026-08-12 00:50:48,3.00,,8191,legacy_20260812_000920,historical_frequency,0.33236187,0.33236187,0,6.54,1,0,0.44574067,demo
2026-08-12 00:50:19,2026-08-12 00:50:48,5.00,,8191,legacy_20260812_000920,historical_frequency,0.20522162,0.20522162,0,6.54,1,0,0.63167268,demo
2026-08-12 00:50:48,2026-08-12 00:50:58,1.50,,8192,legacy_20260812_000920,historical_frequency,0.65917921,0.65917921,1,1.11,0,0,0.43451724,demo
2026-08-12 00:50:48,2026-08-12 00:50:58,10.00,,8192,legacy_20260812_000920,historical_frequency,0.10490529,0.10490529,0,1.11,0,1,0.01100512,demo
2026-08-12 00:50:48,2026-08-12 00:50:58,2.00,,8192,legacy_20260812_000920,historical_frequency,0.49890724,0.49890724,0,1.11,0,1,0.24890843,demo
2026-08-12 00:50:48,2026-08-12 00:50:58,3.00,,8192,legacy_20260812_000920,historical_frequency,0.33244293,0.33244293,0,1.11,0,1,0.11051830,demo
2026-08-12 00:50:48,2026-08-12 00:50:58,5.00,,8192,legacy_20260812_000920,historical_frequency,0.20531812,0.20531812,0,1.11,0,1,0.04215553,demo
2026-08-12 00:50:58,2026-08-12 00:51:06,1.50,,8193,legacy_20260812_000920,historical_frequency,0.65909919,0.65909919,1,1.00,0,0,0.43441174,demo
2026-08-12 00:50:58,2026-08-12 00:51:06,10.00,,8193,legacy_20260812_000920,historical_frequency,0.10489256,0.10489256,0,1.00,0,1,0.01100245,demo
2026-08-12 00:50:58,2026-08-12 00:51:06,2.00,,8193,legacy_20260812_000920,historical_frequency,0.49884667,0.49884667,0,1.00,0,1,0.24884800,demo
2026-08-12 00:50:58,2026-08-12 00:51:06,3.00,,8193,legacy_20260812_000920,historical_frequency,0.33240257,0.33240257,0,1.00,0,1,0.11049147,demo
2026-08-12 00:50:58,2026-08-12 00:51:06,5.00,,8193,legacy_20260812_000920,historical_frequency,0.20529319,0.20529319,0,1.00,0,1,0.04214529,demo
2026-08-12 00:51:06,2026-08-12 00:51:18,1.50,,8194,legacy_20260812_000920,historical_frequency,0.65901918,0.65901918,1,1.38,0,0,0.43430628,demo
2026-08-12 00:51:06,2026-08-12 00:51:18,10.00,,8194,legacy_20260812_000920,historical_frequency,0.10487983,0.10487983,0,1.38,0,1,0.01099978,demo
2026-08-12 00:51:06,2026-08-12 00:51:18,2.00,,8194,legacy_20260812_000920,historical_frequency,0.49878611,0.49878611,0,1.38,0,1,0.24878759,demo
2026-08-12 00:51:06,2026-08-12 00:51:18,3.00,,8194,legacy_20260812_000920,historical_frequency,0.33236222,0.33236222,0,1.38,0,1,0.11046465,demo
2026-08-12 00:51:06,2026-08-12 00:51:18,5.00,,8194,legacy_20260812_000920,historical_frequency,0.20526827,0.20526827,0,1.38,0,1,0.04213506,demo
2026-08-12 00:51:18,2026-08-12 00:51:40,1.50,,8195,legacy_20260812_000920,historical_frequency,0.65893919,0.65893919,1,2.87,1,1,0.11632247,demo
2026-08-12 00:51:18,2026-08-12 00:51:40,10.00,,8195,legacy_20260812_000920,historical_frequency,0.10486710,0.10486710,0,2.87,0,1,0.01099711,demo
2026-08-12 00:51:18,2026-08-12 00:51:40,2.00,,8195,legacy_20260812_000920,historical_frequency,0.49872557,0.49872557,0,2.87,1,0,0.25127605,demo
2026-08-12 00:51:18,2026-08-12 00:51:40,3.00,,8195,legacy_20260812_000920,historical_frequency,0.33232188,0.33232188,0,2.87,0,1,0.11043783,demo
2026-08-12 00:51:18,2026-08-12 00:51:40,5.00,,8195,legacy_20260812_000920,historical_frequency,0.20524335,0.20524335,0,2.87,0,1,0.04212483,demo
2026-08-12 00:51:40,2026-08-12 00:51:46,1.50,,8196,legacy_20260812_000920,historical_frequency,0.65898058,0.65898058,1,1.00,0,0,0.43425541,demo
2026-08-12 00:51:40,2026-08-12 00:51:46,10.00,,8196,legacy_20260812_000920,historical_frequency,0.10485437,0.10485437,0,1.00,0,1,0.01099444,demo
2026-08-12 00:51:40,2026-08-12 00:51:46,2.00,,8196,legacy_20260812_000920,historical_frequency,0.49878641,0.49878641,0,1.00,0,1,0.24878788,demo
2026-08-12 00:51:40,2026-08-12 00:51:46,3.00,,8196,legacy_20260812_000920,historical_frequency,0.33228155,0.33228155,0,1.00,0,1,0.11041103,demo
2026-08-12 00:51:40,2026-08-12 00:51:46,5.00,,8196,legacy_20260812_000920,historical_frequency,0.20521845,0.20521845,0,1.00,0,1,0.04211461,demo
2026-08-12 00:51:46,2026-08-12 00:51:56,1.50,,8197,legacy_20260812_000920,historical_frequency,0.65890062,0.65890062,1,1.14,0,0,0.43415003,demo
2026-08-12 00:51:46,2026-08-12 00:51:56,10.00,,8197,legacy_20260812_000920,historical_frequency,0.10484165,0.10484165,0,1.14,0,1,0.01099177,demo
2026-08-12 00:51:46,2026-08-12 00:51:56,2.00,,8197,legacy_20260812_000920,historical_frequency,0.49872588,0.49872588,0,1.14,0,1,0.24872751,demo
2026-08-12 00:51:46,2026-08-12 00:51:56,3.00,,8197,legacy_20260812_000920,historical_frequency,0.33224123,0.33224123,0,1.14,0,1,0.11038424,demo
2026-08-12 00:51:46,2026-08-12 00:51:56,5.00,,8197,legacy_20260812_000920,historical_frequency,0.20519354,0.20519354,0,1.14,0,1,0.04210439,demo
2026-08-12 00:51:56,2026-08-12 00:52:09,1.50,,8198,legacy_20260812_000920,historical_frequency,0.65882067,0.65882067,1,1.45,0,0,0.43404468,demo
2026-08-12 00:51:56,2026-08-12 00:52:09,10.00,,8198,legacy_20260812_000920,historical_frequency,0.10482893,0.10482893,0,1.45,0,1,0.01098910,demo
2026-08-12 00:51:56,2026-08-12 00:52:09,2.00,,8198,legacy_20260812_000920,historical_frequency,0.49866537,0.49866537,0,1.45,0,1,0.24866715,demo
2026-08-12 00:51:56,2026-08-12 00:52:09,3.00,,8198,legacy_20260812_000920,historical_frequency,0.33220092,0.33220092,0,1.45,0,1,0.11035745,demo
2026-08-12 00:51:56,2026-08-12 00:52:09,5.00,,8198,legacy_20260812_000920,historical_frequency,0.20516865,0.20516865,0,1.45,0,1,0.04209417,demo
2026-08-12 00:52:09,2026-08-12 00:52:24,1.50,,8199,legacy_20260812_000920,historical_frequency,0.65874075,0.65874075,1,1.82,1,1,0.11645788,demo
2026-08-12 00:52:09,2026-08-12 00:52:24,10.00,,8199,legacy_20260812_000920,historical_frequency,0.10481621,0.10481621,0,1.82,0,1,0.01098644,demo
2026-08-12 00:52:09,2026-08-12 00:52:24,2.00,,8199,legacy_20260812_000920,historical_frequency,0.49860488,0.49860488,0,1.82,0,1,0.24860682,demo
2026-08-12 00:52:09,2026-08-12 00:52:24,3.00,,8199,legacy_20260812_000920,historical_frequency,0.33216062,0.33216062,0,1.82,0,1,0.11033068,demo
2026-08-12 00:52:09,2026-08-12 00:52:24,5.00,,8199,legacy_20260812_000920,historical_frequency,0.20514376,0.20514376,0,1.82,0,1,0.04208396,demo
2026-08-12 00:52:24,2026-08-12 00:52:42,1.50,,8200,legacy_20260812_000920,historical_frequency,0.65878214,0.65878214,1,2.24,1,1,0.11642962,demo
2026-08-12 00:52:24,2026-08-12 00:52:42,10.00,,8200,legacy_20260812_000920,historical_frequency,0.10480349,0.10480349,0,2.24,0,1,0.01098377,demo
2026-08-12 00:52:24,2026-08-12 00:52:42,2.00,,8200,legacy_20260812_000920,historical_frequency,0.49854440,0.49854440,0,2.24,1,0,0.25145772,demo
2026-08-12 00:52:24,2026-08-12 00:52:42,3.00,,8200,legacy_20260812_000920,historical_frequency,0.33212033,0.33212033,0,2.24,0,1,0.11030391,demo
2026-08-12 00:52:24,2026-08-12 00:52:42,5.00,,8200,legacy_20260812_000920,historical_frequency,0.20511887,0.20511887,0,2.24,0,1,0.04207375,demo
2026-08-12 00:52:42,2026-08-12 00:52:58,1.50,,8201,legacy_20260812_000920,historical_frequency,0.65882353,0.65882353,1,1.91,1,1,0.11640138,demo
2026-08-12 00:52:42,2026-08-12 00:52:58,10.00,,8201,legacy_20260812_000920,historical_frequency,0.10479078,0.10479078,0,1.91,0,1,0.01098111,demo
2026-08-12 00:52:42,2026-08-12 00:52:58,2.00,,8201,legacy_20260812_000920,historical_frequency,0.49860522,0.49860522,0,1.91,0,1,0.24860716,demo
2026-08-12 00:52:42,2026-08-12 00:52:58,3.00,,8201,legacy_20260812_000920,historical_frequency,0.33208005,0.33208005,0,1.91,0,1,0.11027716,demo
2026-08-12 00:52:42,2026-08-12 00:52:58,5.00,,8201,legacy_20260812_000920,historical_frequency,0.20509400,0.20509400,0,1.91,0,1,0.04206355,demo
2026-08-12 00:52:58,2026-08-12 00:53:08,1.50,,8202,legacy_20260812_000920,historical_frequency,0.65886490,0.65886490,1,1.08,0,0,0.43410296,demo
2026-08-12 00:52:58,2026-08-12 00:53:08,10.00,,8202,legacy_20260812_000920,historical_frequency,0.10477807,0.10477807,0,1.08,0,1,0.01097844,demo
2026-08-12 00:52:58,2026-08-12 00:53:08,2.00,,8202,legacy_20260812_000920,historical_frequency,0.49854475,0.49854475,0,1.08,0,1,0.24854687,demo
2026-08-12 00:52:58,2026-08-12 00:53:08,3.00,,8202,legacy_20260812_000920,historical_frequency,0.33203978,0.33203978,0,1.08,0,1,0.11025041,demo
2026-08-12 00:52:58,2026-08-12 00:53:08,5.00,,8202,legacy_20260812_000920,historical_frequency,0.20506912,0.20506912,0,1.08,0,1,0.04205335,demo
2026-08-12 00:53:08,2026-08-12 00:53:29,1.50,,8203,legacy_20260812_000920,historical_frequency,0.65878501,0.65878501,1,3.22,1,1,0.11642767,demo
2026-08-12 00:53:08,2026-08-12 00:53:29,10.00,,8203,legacy_20260812_000920,historical_frequency,0.10476537,0.10476537,0,3.22,0,1,0.01097578,demo
2026-08-12 00:53:08,2026-08-12 00:53:29,2.00,,8203,legacy_20260812_000920,historical_frequency,0.49848430,0.49848430,0,3.22,1,0,0.25151800,demo
2026-08-12 00:53:08,2026-08-12 00:53:29,3.00,,8203,legacy_20260812_000920,historical_frequency,0.33199951,0.33199951,0,3.22,1,0,0.44622465,demo
2026-08-12 00:53:08,2026-08-12 00:53:29,5.00,,8203,legacy_20260812_000920,historical_frequency,0.20504426,0.20504426,0,3.22,0,1,0.04204315,demo
2026-08-12 00:53:29,2026-08-12 00:53:39,1.50,,8204,legacy_20260812_000920,historical_frequency,0.65882638,0.65882638,1,1.24,0,0,0.43405220,demo
2026-08-12 00:53:29,2026-08-12 00:53:39,10.00,,8204,legacy_20260812_000920,historical_frequency,0.10475267,0.10475267,0,1.24,0,1,0.01097312,demo
2026-08-12 00:53:29,2026-08-12 00:53:39,2.00,,8204,legacy_20260812_000920,historical_frequency,0.49854510,0.49854510,0,1.24,0,1,0.24854722,demo
2026-08-12 00:53:29,2026-08-12 00:53:39,3.00,,8204,legacy_20260812_000920,historical_frequency,0.33208050,0.33208050,0,1.24,0,1,0.11027746,demo
2026-08-12 00:53:29,2026-08-12 00:53:39,5.00,,8204,legacy_20260812_000920,historical_frequency,0.20501940,0.20501940,0,1.24,0,1,0.04203295,demo
2026-08-12 00:53:39,2026-08-12 00:53:58,1.50,,8205,legacy_20260812_000920,historical_frequency,0.65874651,0.65874651,1,2.35,1,1,0.11645394,demo
2026-08-12 00:53:39,2026-08-12 00:53:58,10.00,,8205,legacy_20260812_000920,historical_frequency,0.10473997,0.10473997,0,2.35,0,1,0.01097046,demo
2026-08-12 00:53:39,2026-08-12 00:53:58,2.00,,8205,legacy_20260812_000920,historical_frequency,0.49848466,0.49848466,0,2.35,1,0,0.25151763,demo
2026-08-12 00:53:39,2026-08-12 00:53:58,3.00,,8205,legacy_20260812_000920,historical_frequency,0.33204025,0.33204025,0,2.35,0,1,0.11025073,demo
2026-08-12 00:53:39,2026-08-12 00:53:58,5.00,,8205,legacy_20260812_000920,historical_frequency,0.20499454,0.20499454,0,2.35,0,1,0.04202276,demo
2026-08-12 00:53:58,2026-08-12 00:54:49,1.50,,8206,legacy_20260812_000920,historical_frequency,0.65878788,0.65878788,1,36.68,1,1,0.11642571,demo
2026-08-12 00:53:58,2026-08-12 00:54:49,10.00,,8206,legacy_20260812_000920,historical_frequency,0.10472727,0.10472727,0,36.68,1,0,0.80151326,demo
2026-08-12 00:53:58,2026-08-12 00:54:49,2.00,,8206,legacy_20260812_000920,historical_frequency,0.49854545,0.49854545,0,36.68,1,0,0.25145666,demo
2026-08-12 00:53:58,2026-08-12 00:54:49,3.00,,8206,legacy_20260812_000920,historical_frequency,0.33200000,0.33200000,0,36.68,1,0,0.44622400,demo
2026-08-12 00:53:58,2026-08-12 00:54:49,5.00,,8206,legacy_20260812_000920,historical_frequency,0.20496970,0.20496970,0,36.68,1,0,0.63207318,demo
2026-08-12 00:54:49,2026-08-12 00:55:13,1.50,,8207,legacy_20260812_000920,historical_frequency,0.65882923,0.65882923,1,4.05,1,1,0.11639749,demo
2026-08-12 00:54:49,2026-08-12 00:55:13,10.00,,8207,legacy_20260812_000920,historical_frequency,0.10483578,0.10483578,0,4.05,0,1,0.01099054,demo
2026-08-12 00:54:49,2026-08-12 00:55:13,2.00,,8207,legacy_20260812_000920,historical_frequency,0.49860623,0.49860623,0,4.05,1,0,0.25139571,demo
2026-08-12 00:54:49,2026-08-12 00:55:13,3.00,,8207,legacy_20260812_000920,historical_frequency,0.33208096,0.33208096,0,4.05,1,0,0.44611584,demo
2026-08-12 00:54:49,2026-08-12 00:55:13,5.00,,8207,legacy_20260812_000920,historical_frequency,0.20506605,0.20506605,0,4.05,0,1,0.04205209,demo
2026-08-12 00:55:13,2026-08-12 00:56:06,1.50,,8208,legacy_20260812_000920,historical_frequency,0.65887058,0.65887058,1,41.16,1,1,0.11636928,demo
2026-08-12 00:55:13,2026-08-12 00:56:06,10.00,,8208,legacy_20260812_000920,historical_frequency,0.10482307,0.10482307,0,41.16,1,0,0.80134173,demo
2026-08-12 00:55:13,2026-08-12 00:56:06,2.00,,8208,legacy_20260812_000920,historical_frequency,0.49866699,0.49866699,0,41.16,1,0,0.25133479,demo
2026-08-12 00:55:13,2026-08-12 00:56:06,3.00,,8208,legacy_20260812_000920,historical_frequency,0.33216190,0.33216190,0,41.16,1,0,0.44600773,demo
2026-08-12 00:55:13,2026-08-12 00:56:06,5.00,,8208,legacy_20260812_000920,historical_frequency,0.20504120,0.20504120,0,41.16,1,0,0.63195949,demo
2026-08-12 00:56:06,2026-08-12 00:56:24,1.50,,8209,legacy_20260812_000920,historical_frequency,0.65891191,0.65891191,1,2.04,1,1,0.11634108,demo
2026-08-12 00:56:06,2026-08-12 00:56:24,10.00,,8209,legacy_20260812_000920,historical_frequency,0.10493154,0.10493154,0,2.04,0,1,0.01101063,demo
2026-08-12 00:56:06,2026-08-12 00:56:24,2.00,,8209,legacy_20260812_000920,historical_frequency,0.49872774,0.49872774,0,2.04,1,0,0.25127388,demo
2026-08-12 00:56:06,2026-08-12 00:56:24,3.00,,8209,legacy_20260812_000920,historical_frequency,0.33224282,0.33224282,0,2.04,0,1,0.11038529,demo
2026-08-12 00:56:06,2026-08-12 00:56:24,5.00,,8209,legacy_20260812_000920,historical_frequency,0.20513753,0.20513753,0,2.04,0,1,0.04208140,demo
2026-08-12 00:56:24,2026-08-12 00:56:57,1.50,,8210,legacy_20260812_000920,historical_frequency,0.65895323,0.65895323,1,8.43,1,1,0.11631290,demo
2026-08-12 00:56:24,2026-08-12 00:56:57,10.00,,8210,legacy_20260812_000920,historical_frequency,0.10491883,0.10491883,0,8.43,0,1,0.01100796,demo
2026-08-12 00:56:24,2026-08-12 00:56:57,2.00,,8210,legacy_20260812_000920,historical_frequency,0.49878847,0.49878847,0,8.43,1,0,0.25121300,demo
2026-08-12 00:56:24,2026-08-12 00:56:57,3.00,,8210,legacy_20260812_000920,historical_frequency,0.33220257,0.33220257,0,8.43,1,0,0.44595341,demo
2026-08-12 00:56:24,2026-08-12 00:56:57,5.00,,8210,legacy_20260812_000920,historical_frequency,0.20511267,0.20511267,0,8.43,1,0,0.63184586,demo
2026-08-12 00:56:57,2026-08-12 00:57:12,1.50,,8211,legacy_20260812_000920,historical_frequency,0.65899455,0.65899455,1,1.86,1,1,0.11628472,demo
2026-08-12 00:56:57,2026-08-12 00:57:12,10.00,,8211,legacy_20260812_000920,historical_frequency,0.10490612,0.10490612,0,1.86,0,1,0.01100529,demo
2026-08-12 00:56:57,2026-08-12 00:57:12,2.00,,8211,legacy_20260812_000920,historical_frequency,0.49884918,0.49884918,0,1.86,0,1,0.24885051,demo
2026-08-12 00:56:57,2026-08-12 00:57:12,3.00,,8211,legacy_20260812_000920,historical_frequency,0.33228346,0.33228346,0,1.86,0,1,0.11041230,demo
2026-08-12 00:56:57,2026-08-12 00:57:12,5.00,,8211,legacy_20260812_000920,historical_frequency,0.20520896,0.20520896,0,1.86,0,1,0.04211072,demo
2026-08-12 00:57:12,2026-08-12 00:57:35,1.50,,8212,legacy_20260812_000920,historical_frequency,0.65903585,0.65903585,1,3.38,1,1,0.11625655,demo
2026-08-12 00:57:12,2026-08-12 00:57:35,10.00,,8212,legacy_20260812_000920,historical_frequency,0.10489341,0.10489341,0,3.38,0,1,0.01100263,demo
2026-08-12 00:57:12,2026-08-12 00:57:35,2.00,,8212,legacy_20260812_000920,historical_frequency,0.49878876,0.49878876,0,3.38,1,0,0.25121271,demo
2026-08-12 00:57:12,2026-08-12 00:57:35,3.00,,8212,legacy_20260812_000920,historical_frequency,0.33224322,0.33224322,0,3.38,1,0,0.44589912,demo
2026-08-12 00:57:12,2026-08-12 00:57:35,5.00,,8212,legacy_20260812_000920,historical_frequency,0.20518411,0.20518411,0,3.38,0,1,0.04210052,demo
2026-08-12 00:57:35,2026-08-12 00:57:57,1.50,,8213,legacy_20260812_000920,historical_frequency,0.65907715,0.65907715,1,3.10,1,1,0.11622839,demo
2026-08-12 00:57:35,2026-08-12 00:57:57,10.00,,8213,legacy_20260812_000920,historical_frequency,0.10488071,0.10488071,0,3.10,0,1,0.01099996,demo
2026-08-12 00:57:35,2026-08-12 00:57:57,2.00,,8213,legacy_20260812_000920,historical_frequency,0.49884946,0.49884946,0,3.10,1,0,0.25115186,demo
2026-08-12 00:57:35,2026-08-12 00:57:57,3.00,,8213,legacy_20260812_000920,historical_frequency,0.33232409,0.33232409,0,3.10,1,0,0.44579112,demo
2026-08-12 00:57:35,2026-08-12 00:57:57,5.00,,8213,legacy_20260812_000920,historical_frequency,0.20515926,0.20515926,0,3.10,0,1,0.04209032,demo
2026-08-12 00:57:57,2026-08-12 00:58:14,1.50,,8214,legacy_20260812_000920,historical_frequency,0.65911843,0.65911843,1,2.26,1,1,0.11620024,demo
2026-08-12 00:57:57,2026-08-12 00:58:14,10.00,,8214,legacy_20260812_000920,historical_frequency,0.10486801,0.10486801,0,2.26,0,1,0.01099730,demo
2026-08-12 00:57:57,2026-08-12 00:58:14,2.00,,8214,legacy_20260812_000920,historical_frequency,0.49891015,0.49891015,0,2.26,1,0,0.25109104,demo
2026-08-12 00:57:57,2026-08-12 00:58:14,3.00,,8214,legacy_20260812_000920,historical_frequency,0.33240494,0.33240494,0,2.26,0,1,0.11049304,demo
2026-08-12 00:57:57,2026-08-12 00:58:14,5.00,,8214,legacy_20260812_000920,historical_frequency,0.20513442,0.20513442,0,2.26,0,1,0.04208013,demo
2026-08-12 00:58:14,2026-08-12 00:58:24,1.50,,8215,legacy_20260812_000920,historical_frequency,0.65915970,0.65915970,1,1.09,0,0,0.43449152,demo
2026-08-12 00:58:14,2026-08-12 00:58:24,10.00,,8215,legacy_20260812_000920,historical_frequency,0.10485531,0.10485531,0,1.09,0,1,0.01099464,demo
2026-08-12 00:58:14,2026-08-12 00:58:24,2.00,,8215,legacy_20260812_000920,historical_frequency,0.49897082,0.49897082,0,1.09,0,1,0.24897188,demo
2026-08-12 00:58:14,2026-08-12 00:58:24,3.00,,8215,legacy_20260812_000920,historical_frequency,0.33236469,0.33236469,0,1.09,0,1,0.11046629,demo
2026-08-12 00:58:14,2026-08-12 00:58:24,5.00,,8215,legacy_20260812_000920,historical_frequency,0.20510958,0.20510958,0,1.09,0,1,0.04206994,demo
2026-08-12 00:58:24,2026-08-12 00:58:37,1.50,,8216,legacy_20260812_000920,historical_frequency,0.65907990,0.65907990,1,1.68,1,1,0.11622651,demo
2026-08-12 00:58:24,2026-08-12 00:58:37,10.00,,8216,legacy_20260812_000920,historical_frequency,0.10484262,0.10484262,0,1.68,0,1,0.01099197,demo
2026-08-12 00:58:24,2026-08-12 00:58:37,2.00,,8216,legacy_20260812_000920,historical_frequency,0.49891041,0.49891041,0,1.68,0,1,0.24891160,demo
2026-08-12 00:58:24,2026-08-12 00:58:37,3.00,,8216,legacy_20260812_000920,historical_frequency,0.33232446,0.33232446,0,1.68,0,1,0.11043954,demo
2026-08-12 00:58:24,2026-08-12 00:58:37,5.00,,8216,legacy_20260812_000920,historical_frequency,0.20508475,0.20508475,0,1.68,0,1,0.04205975,demo
2026-08-12 00:58:37,2026-08-12 00:58:50,1.50,,8217,legacy_20260812_000920,historical_frequency,0.65912117,0.65912117,1,1.51,1,1,0.11619838,demo
2026-08-12 00:58:37,2026-08-12 00:58:50,10.00,,8217,legacy_20260812_000920,historical_frequency,0.10482992,0.10482992,0,1.51,0,1,0.01098931,demo
2026-08-12 00:58:37,2026-08-12 00:58:50,2.00,,8217,legacy_20260812_000920,historical_frequency,0.49885002,0.49885002,0,1.51,0,1,0.24885134,demo
2026-08-12 00:58:37,2026-08-12 00:58:50,3.00,,8217,legacy_20260812_000920,historical_frequency,0.33228423,0.33228423,0,1.51,0,1,0.11041281,demo
2026-08-12 00:58:37,2026-08-12 00:58:50,5.00,,8217,legacy_20260812_000920,historical_frequency,0.20505992,0.20505992,0,1.51,0,1,0.04204957,demo
2026-08-12 00:58:50,2026-08-12 00:59:00,1.50,,8218,legacy_20260812_000920,historical_frequency,0.65916243,0.65916243,1,1.13,0,0,0.43449511,demo
2026-08-12 00:58:50,2026-08-12 00:59:00,10.00,,8218,legacy_20260812_000920,historical_frequency,0.10481724,0.10481724,0,1.13,0,1,0.01098665,demo
2026-08-12 00:58:50,2026-08-12 00:59:00,2.00,,8218,legacy_20260812_000920,historical_frequency,0.49878964,0.49878964,0,1.13,0,1,0.24879110,demo
2026-08-12 00:58:50,2026-08-12 00:59:00,3.00,,8218,legacy_20260812_000920,historical_frequency,0.33224401,0.33224401,0,1.13,0,1,0.11038608,demo
2026-08-12 00:58:50,2026-08-12 00:59:00,5.00,,8218,legacy_20260812_000920,historical_frequency,0.20503510,0.20503510,0,1.13,0,1,0.04203939,demo
2026-08-12 00:59:00,2026-08-12 00:59:45,1.50,,8219,legacy_20260812_000920,historical_frequency,0.65908266,0.65908266,1,21.73,1,1,0.11622463,demo
2026-08-12 00:59:00,2026-08-12 00:59:45,10.00,,8219,legacy_20260812_000920,historical_frequency,0.10480455,0.10480455,0,21.73,1,0,0.80137489,demo
2026-08-12 00:59:00,2026-08-12 00:59:45,2.00,,8219,legacy_20260812_000920,historical_frequency,0.49872928,0.49872928,0,21.73,1,0,0.25127234,demo
2026-08-12 00:59:00,2026-08-12 00:59:45,3.00,,8219,legacy_20260812_000920,historical_frequency,0.33220380,0.33220380,0,21.73,1,0,0.44595176,demo
2026-08-12 00:59:00,2026-08-12 00:59:45,5.00,,8219,legacy_20260812_000920,historical_frequency,0.20501029,0.20501029,0,21.73,1,0,0.63200864,demo
2026-08-12 00:59:45,2026-08-12 00:59:56,1.50,,8220,legacy_20260812_000920,historical_frequency,0.65912391,0.65912391,1,1.29,0,0,0.43444433,demo
2026-08-12 00:59:45,2026-08-12 00:59:56,10.00,,8220,legacy_20260812_000920,historical_frequency,0.10491288,0.10491288,0,1.29,0,1,0.01100671,demo
2026-08-12 00:59:45,2026-08-12 00:59:56,2.00,,8220,legacy_20260812_000920,historical_frequency,0.49878993,0.49878993,0,1.29,0,1,0.24879140,demo
2026-08-12 00:59:45,2026-08-12 00:59:56,3.00,,8220,legacy_20260812_000920,historical_frequency,0.33228461,0.33228461,0,1.29,0,1,0.11041306,demo
2026-08-12 00:59:45,2026-08-12 00:59:56,5.00,,8220,legacy_20260812_000920,historical_frequency,0.20510649,0.20510649,0,1.29,0,1,0.04206867,demo
2026-08-12 00:59:56,2026-08-12 01:00:13,1.50,,8221,legacy_20260812_000920,historical_frequency,0.65904416,0.65904416,1,2.05,1,1,0.11625088,demo
2026-08-12 00:59:56,2026-08-12 01:00:13,10.00,,8221,legacy_20260812_000920,historical_frequency,0.10490018,0.10490018,0,2.05,0,1,0.01100405,demo
2026-08-12 00:59:56,2026-08-12 01:00:13,2.00,,8221,legacy_20260812_000920,historical_frequency,0.49872958,0.49872958,0,2.05,1,0,0.25127203,demo
2026-08-12 00:59:56,2026-08-12 01:00:13,3.00,,8221,legacy_20260812_000920,historical_frequency,0.33224440,0.33224440,0,2.05,0,1,0.11038634,demo
2026-08-12 00:59:56,2026-08-12 01:00:13,5.00,,8221,legacy_20260812_000920,historical_frequency,0.20508167,0.20508167,0,2.05,0,1,0.04205849,demo
2026-08-12 01:00:13,2026-08-12 01:00:22,1.50,,8222,legacy_20260812_000920,historical_frequency,0.65908541,0.65908541,1,1.17,0,0,0.43439358,demo
2026-08-12 01:00:13,2026-08-12 01:00:22,10.00,,8222,legacy_20260812_000920,historical_frequency,0.10488749,0.10488749,0,1.17,0,1,0.01100139,demo
2026-08-12 01:00:13,2026-08-12 01:00:22,2.00,,8222,legacy_20260812_000920,historical_frequency,0.49879023,0.49879023,0,1.17,0,1,0.24879169,demo
2026-08-12 01:00:13,2026-08-12 01:00:22,3.00,,8222,legacy_20260812_000920,historical_frequency,0.33220421,0.33220421,0,1.17,0,1,0.11035964,demo
2026-08-12 01:00:13,2026-08-12 01:00:22,5.00,,8222,legacy_20260812_000920,historical_frequency,0.20505686,0.20505686,0,1.17,0,1,0.04204832,demo
2026-08-12 01:00:22,2026-08-12 01:00:44,1.50,,8223,legacy_20260812_000920,historical_frequency,0.65900569,0.65900569,1,3.10,1,1,0.11627712,demo
2026-08-12 01:00:22,2026-08-12 01:00:44,10.00,,8223,legacy_20260812_000920,historical_frequency,0.10487480,0.10487480,0,3.10,0,1,0.01099872,demo
2026-08-12 01:00:22,2026-08-12 01:00:44,2.00,,8223,legacy_20260812_000920,historical_frequency,0.49872989,0.49872989,0,3.10,1,0,0.25127172,demo
2026-08-12 01:00:22,2026-08-12 01:00:44,3.00,,8223,legacy_20260812_000920,historical_frequency,0.33216403,0.33216403,0,3.10,1,0,0.44600489,demo
2026-08-12 01:00:22,2026-08-12 01:00:44,5.00,,8223,legacy_20260812_000920,historical_frequency,0.20503206,0.20503206,0,3.10,0,1,0.04203814,demo
2026-08-12 01:00:44,2026-08-12 01:00:53,1.50,,8224,legacy_20260812_000920,historical_frequency,0.65904693,0.65904693,1,1.13,0,0,0.43434285,demo
2026-08-12 01:00:44,2026-08-12 01:00:53,10.00,,8224,legacy_20260812_000920,historical_frequency,0.10486212,0.10486212,0,1.13,0,1,0.01099606,demo
2026-08-12 01:00:44,2026-08-12 01:00:53,2.00,,8224,legacy_20260812_000920,historical_frequency,0.49879052,0.49879052,0,1.13,0,1,0.24879198,demo
2026-08-12 01:00:44,2026-08-12 01:00:53,3.00,,8224,legacy_20260812_000920,historical_frequency,0.33224480,0.33224480,0,1.13,0,1,0.11038661,demo
2026-08-12 01:00:44,2026-08-12 01:00:53,5.00,,8224,legacy_20260812_000920,historical_frequency,0.20500726,0.20500726,0,1.13,0,1,0.04202798,demo
2026-08-12 01:00:53,2026-08-12 01:01:02,1.50,,8225,legacy_20260812_000920,historical_frequency,0.65896723,0.65896723,1,1.02,0,0,0.43423781,demo
2026-08-12 01:00:53,2026-08-12 01:01:02,10.00,,8225,legacy_20260812_000920,historical_frequency,0.10484944,0.10484944,0,1.02,0,1,0.01099340,demo
2026-08-12 01:00:53,2026-08-12 01:01:02,2.00,,8225,legacy_20260812_000920,historical_frequency,0.49873020,0.49873020,0,1.02,0,1,0.24873181,demo
2026-08-12 01:00:53,2026-08-12 01:01:02,3.00,,8225,legacy_20260812_000920,historical_frequency,0.33220462,0.33220462,0,1.02,0,1,0.11035991,demo
2026-08-12 01:00:53,2026-08-12 01:01:02,5.00,,8225,legacy_20260812_000920,historical_frequency,0.20498246,0.20498246,0,1.02,0,1,0.04201781,demo
2026-08-12 01:01:02,2026-08-12 01:01:26,1.50,,8226,legacy_20260812_000920,historical_frequency,0.65888755,0.65888755,1,3.87,1,1,0.11635771,demo
2026-08-12 01:01:02,2026-08-12 01:01:26,10.00,,8226,legacy_20260812_000920,historical_frequency,0.10483676,0.10483676,0,3.87,0,1,0.01099075,demo
2026-08-12 01:01:02,2026-08-12 01:01:26,2.00,,8226,legacy_20260812_000920,historical_frequency,0.49866989,0.49866989,0,3.87,1,0,0.25133188,demo
2026-08-12 01:01:02,2026-08-12 01:01:26,3.00,,8226,legacy_20260812_000920,historical_frequency,0.33216445,0.33216445,0,3.87,1,0,0.44600432,demo
2026-08-12 01:01:02,2026-08-12 01:01:26,5.00,,8226,legacy_20260812_000920,historical_frequency,0.20495768,0.20495768,0,3.87,0,1,0.04200765,demo
2026-08-12 01:01:26,2026-08-12 01:01:36,1.50,,8227,legacy_20260812_000920,historical_frequency,0.65892879,0.65892879,1,1.20,0,0,0.43418715,demo
2026-08-12 01:01:26,2026-08-12 01:01:36,10.00,,8227,legacy_20260812_000920,historical_frequency,0.10482408,0.10482408,0,1.20,0,1,0.01098809,demo
2026-08-12 01:01:26,2026-08-12 01:01:36,2.00,,8227,legacy_20260812_000920,historical_frequency,0.49873050,0.49873050,0,1.20,0,1,0.24873212,demo
2026-08-12 01:01:26,2026-08-12 01:01:36,3.00,,8227,legacy_20260812_000920,historical_frequency,0.33224519,0.33224519,0,1.20,0,1,0.11038687,demo
2026-08-12 01:01:26,2026-08-12 01:01:36,5.00,,8227,legacy_20260812_000920,historical_frequency,0.20493290,0.20493290,0,1.20,0,1,0.04199749,demo
2026-08-12 01:01:36,2026-08-12 01:01:57,1.50,,8228,legacy_20260812_000920,historical_frequency,0.65884913,0.65884913,1,2.90,1,1,0.11638392,demo
2026-08-12 01:01:36,2026-08-12 01:01:57,10.00,,8228,legacy_20260812_000920,historical_frequency,0.10481141,0.10481141,0,2.90,0,1,0.01098543,demo
2026-08-12 01:01:36,2026-08-12 01:01:57,2.00,,8228,legacy_20260812_000920,historical_frequency,0.49867021,0.49867021,0,2.90,1,0,0.25133156,demo
2026-08-12 01:01:36,2026-08-12 01:01:57,3.00,,8228,legacy_20260812_000920,historical_frequency,0.33220503,0.33220503,0,2.90,0,1,0.11036018,demo
2026-08-12 01:01:36,2026-08-12 01:01:57,5.00,,8228,legacy_20260812_000920,historical_frequency,0.20490812,0.20490812,0,2.90,0,1,0.04198734,demo
2026-08-12 01:01:57,2026-08-12 01:02:37,1.50,,8229,legacy_20260812_000920,historical_frequency,0.65889037,0.65889037,1,14.29,1,1,0.11635578,demo
2026-08-12 01:01:57,2026-08-12 01:02:37,10.00,,8229,legacy_20260812_000920,historical_frequency,0.10479874,0.10479874,0,14.29,1,0,0.80138529,demo
2026-08-12 01:01:57,2026-08-12 01:02:37,2.00,,8229,legacy_20260812_000920,historical_frequency,0.49873081,0.49873081,0,14.29,1,0,0.25127080,demo
2026-08-12 01:01:57,2026-08-12 01:02:37,3.00,,8229,legacy_20260812_000920,historical_frequency,0.33216487,0.33216487,0,14.29,1,0,0.44600376,demo
2026-08-12 01:01:57,2026-08-12 01:02:37,5.00,,8229,legacy_20260812_000920,historical_frequency,0.20488336,0.20488336,0,14.29,1,0,0.63221048,demo
2026-08-12 01:02:37,2026-08-12 01:02:57,1.50,,8230,legacy_20260812_000920,historical_frequency,0.65893159,0.65893159,1,2.77,1,1,0.11632766,demo
2026-08-12 01:02:37,2026-08-12 01:02:57,10.00,,8230,legacy_20260812_000920,historical_frequency,0.10490694,0.10490694,0,2.77,0,1,0.01100547,demo
2026-08-12 01:02:37,2026-08-12 01:02:57,2.00,,8230,legacy_20260812_000920,historical_frequency,0.49879139,0.49879139,0,2.77,1,0,0.25121007,demo
2026-08-12 01:02:37,2026-08-12 01:02:57,3.00,,8230,legacy_20260812_000920,historical_frequency,0.33224559,0.33224559,0,2.77,0,1,0.11038713,demo
2026-08-12 01:02:37,2026-08-12 01:02:57,5.00,,8230,legacy_20260812_000920,historical_frequency,0.20497945,0.20497945,0,2.77,0,1,0.04201658,demo
2026-08-12 01:02:57,2026-08-12 01:03:20,1.50,,8231,legacy_20260812_000920,historical_frequency,0.65897281,0.65897281,1,2.98,1,1,0.11629954,demo
2026-08-12 01:02:57,2026-08-12 01:03:20,10.00,,8231,legacy_20260812_000920,historical_frequency,0.10489426,0.10489426,0,2.98,0,1,0.01100281,demo
2026-08-12 01:02:57,2026-08-12 01:03:20,2.00,,8231,legacy_20260812_000920,historical_frequency,0.49885196,0.49885196,0,2.98,1,0,0.25114935,demo
2026-08-12 01:02:57,2026-08-12 01:03:20,3.00,,8231,legacy_20260812_000920,historical_frequency,0.33220544,0.33220544,0,2.98,0,1,0.11036045,demo
2026-08-12 01:02:57,2026-08-12 01:03:20,5.00,,8231,legacy_20260812_000920,historical_frequency,0.20495468,0.20495468,0,2.98,0,1,0.04200642,demo
2026-08-12 01:03:20,2026-08-12 01:03:52,1.50,,8232,legacy_20260812_000920,historical_frequency,0.65901402,0.65901402,1,8.14,1,1,0.11627144,demo
2026-08-12 01:03:20,2026-08-12 01:03:52,10.00,,8232,legacy_20260812_000920,historical_frequency,0.10488159,0.10488159,0,8.14,0,1,0.01100015,demo
2026-08-12 01:03:20,2026-08-12 01:03:52,2.00,,8232,legacy_20260812_000920,historical_frequency,0.49891252,0.49891252,0,8.14,1,0,0.25108866,demo
2026-08-12 01:03:20,2026-08-12 01:03:52,3.00,,8232,legacy_20260812_000920,historical_frequency,0.33216530,0.33216530,0,8.14,1,0,0.44600319,demo
2026-08-12 01:03:20,2026-08-12 01:03:52,5.00,,8232,legacy_20260812_000920,historical_frequency,0.20492992,0.20492992,0,8.14,1,0,0.63213644,demo
2026-08-12 01:03:52,2026-08-12 01:04:00,1.50,,8233,legacy_20260812_000920,historical_frequency,0.65905521,0.65905521,1,1.00,0,0,0.43435377,demo
2026-08-12 01:03:52,2026-08-12 01:04:00,10.00,,8233,legacy_20260812_000920,historical_frequency,0.10486891,0.10486891,0,1.00,0,1,0.01099749,demo
2026-08-12 01:03:52,2026-08-12 01:04:00,2.00,,8233,legacy_20260812_000920,historical_frequency,0.49897306,0.49897306,0,1.00,0,1,0.24897411,demo
2026-08-12 01:03:52,2026-08-12 01:04:00,3.00,,8233,legacy_20260812_000920,historical_frequency,0.33224598,0.33224598,0,1.00,0,1,0.11038739,demo
2026-08-12 01:03:52,2026-08-12 01:04:00,5.00,,8233,legacy_20260812_000920,historical_frequency,0.20502598,0.20502598,0,1.00,0,1,0.04203565,demo
2026-08-12 01:04:00,2026-08-12 01:04:18,1.50,,8234,legacy_20260812_000920,historical_frequency,0.65897560,0.65897560,1,2.39,1,1,0.11629764,demo
2026-08-12 01:04:00,2026-08-12 01:04:18,10.00,,8234,legacy_20260812_000920,historical_frequency,0.10485625,0.10485625,0,2.39,0,1,0.01099483,demo
2026-08-12 01:04:00,2026-08-12 01:04:18,2.00,,8234,legacy_20260812_000920,historical_frequency,0.49891278,0.49891278,0,2.39,1,0,0.25108840,demo
2026-08-12 01:04:00,2026-08-12 01:04:18,3.00,,8234,legacy_20260812_000920,historical_frequency,0.33220585,0.33220585,0,2.39,0,1,0.11036072,demo
2026-08-12 01:04:00,2026-08-12 01:04:18,5.00,,8234,legacy_20260812_000920,historical_frequency,0.20500121,0.20500121,0,2.39,0,1,0.04202550,demo
2026-08-12 01:04:18,2026-08-12 01:04:45,1.50,,8235,legacy_20260812_000920,historical_frequency,0.65901679,0.65901679,1,4.87,1,1,0.11626955,demo
2026-08-12 01:04:18,2026-08-12 01:04:45,10.00,,8235,legacy_20260812_000920,historical_frequency,0.10484358,0.10484358,0,4.87,0,1,0.01099218,demo
2026-08-12 01:04:18,2026-08-12 01:04:45,2.00,,8235,legacy_20260812_000920,historical_frequency,0.49897331,0.49897331,0,4.87,1,0,0.25102775,demo
2026-08-12 01:04:18,2026-08-12 01:04:45,3.00,,8235,legacy_20260812_000920,historical_frequency,0.33216572,0.33216572,0,4.87,1,0,0.44600262,demo
2026-08-12 01:04:18,2026-08-12 01:04:45,5.00,,8235,legacy_20260812_000920,historical_frequency,0.20497645,0.20497645,0,4.87,0,1,0.04201534,demo
2026-08-12 01:04:45,2026-08-12 01:04:59,1.50,,8236,legacy_20260812_000920,historical_frequency,0.65905797,0.65905797,1,1.55,1,1,0.11624147,demo
2026-08-12 01:04:45,2026-08-12 01:04:59,10.00,,8236,legacy_20260812_000920,historical_frequency,0.10483092,0.10483092,0,1.55,0,1,0.01098952,demo
2026-08-12 01:04:45,2026-08-12 01:04:59,2.00,,8236,legacy_20260812_000920,historical_frequency,0.49903382,0.49903382,0,1.55,0,1,0.24903475,demo
2026-08-12 01:04:45,2026-08-12 01:04:59,3.00,,8236,legacy_20260812_000920,historical_frequency,0.33224638,0.33224638,0,1.55,0,1,0.11038765,demo
2026-08-12 01:04:45,2026-08-12 01:04:59,5.00,,8236,legacy_20260812_000920,historical_frequency,0.20495169,0.20495169,0,1.55,0,1,0.04200520,demo
2026-08-12 01:04:59,2026-08-12 01:05:08,1.50,,8237,legacy_20260812_000920,historical_frequency,0.65909914,0.65909914,1,1.11,0,0,0.43441168,demo
2026-08-12 01:04:59,2026-08-12 01:05:08,10.00,,8237,legacy_20260812_000920,historical_frequency,0.10481826,0.10481826,0,1.11,0,1,0.01098687,demo
2026-08-12 01:04:59,2026-08-12 01:05:08,2.00,,8237,legacy_20260812_000920,historical_frequency,0.49897355,0.49897355,0,1.11,0,1,0.24897461,demo
2026-08-12 01:04:59,2026-08-12 01:05:08,3.00,,8237,legacy_20260812_000920,historical_frequency,0.33220626,0.33220626,0,1.11,0,1,0.11036100,demo
2026-08-12 01:04:59,2026-08-12 01:05:08,5.00,,8237,legacy_20260812_000920,historical_frequency,0.20492694,0.20492694,0,1.11,0,1,0.04199505,demo
2026-08-12 01:05:08,2026-08-12 01:05:25,1.50,,8238,legacy_20260812_000920,historical_frequency,0.65901956,0.65901956,1,1.99,1,1,0.11626766,demo
2026-08-12 01:05:08,2026-08-12 01:05:25,10.00,,8238,legacy_20260812_000920,historical_frequency,0.10480560,0.10480560,0,1.99,0,1,0.01098421,demo
2026-08-12 01:05:08,2026-08-12 01:05:25,2.00,,8238,legacy_20260812_000920,historical_frequency,0.49891331,0.49891331,0,1.99,0,1,0.24891449,demo
2026-08-12 01:05:08,2026-08-12 01:05:25,3.00,,8238,legacy_20260812_000920,historical_frequency,0.33216614,0.33216614,0,1.99,0,1,0.11033435,demo
2026-08-12 01:05:08,2026-08-12 01:05:25,5.00,,8238,legacy_20260812_000920,historical_frequency,0.20490220,0.20490220,0,1.99,0,1,0.04198491,demo
2026-08-12 01:05:25,2026-08-12 01:05:39,1.50,,8239,legacy_20260812_000920,historical_frequency,0.65906073,0.65906073,1,1.71,1,1,0.11623959,demo
2026-08-12 01:05:25,2026-08-12 01:05:39,10.00,,8239,legacy_20260812_000920,historical_frequency,0.10479295,0.10479295,0,1.71,0,1,0.01098156,demo
2026-08-12 01:05:25,2026-08-12 01:05:39,2.00,,8239,legacy_20260812_000920,historical_frequency,0.49885307,0.49885307,0,1.71,0,1,0.24885439,demo
2026-08-12 01:05:25,2026-08-12 01:05:39,3.00,,8239,legacy_20260812_000920,historical_frequency,0.33212604,0.33212604,0,1.71,0,1,0.11030771,demo
2026-08-12 01:05:25,2026-08-12 01:05:39,5.00,,8239,legacy_20260812_000920,historical_frequency,0.20487746,0.20487746,0,1.71,0,1,0.04197477,demo
2026-08-12 01:05:39,2026-08-12 01:05:52,1.50,,8240,legacy_20260812_000920,historical_frequency,0.65910188,0.65910188,1,1.55,1,1,0.11621153,demo
2026-08-12 01:05:39,2026-08-12 01:05:52,10.00,,8240,legacy_20260812_000920,historical_frequency,0.10478030,0.10478030,0,1.55,0,1,0.01097891,demo
2026-08-12 01:05:39,2026-08-12 01:05:52,2.00,,8240,legacy_20260812_000920,historical_frequency,0.49879285,0.49879285,0,1.55,0,1,0.24879431,demo
2026-08-12 01:05:39,2026-08-12 01:05:52,3.00,,8240,legacy_20260812_000920,historical_frequency,0.33208595,0.33208595,0,1.55,0,1,0.11028108,demo
2026-08-12 01:05:39,2026-08-12 01:05:52,5.00,,8240,legacy_20260812_000920,historical_frequency,0.20485273,0.20485273,0,1.55,0,1,0.04196464,demo
2026-08-12 01:05:52,2026-08-12 01:06:54,1.50,,8241,legacy_20260812_000920,historical_frequency,0.65914303,0.65914303,1,90.51,1,1,0.11618347,demo
2026-08-12 01:05:52,2026-08-12 01:06:54,10.00,,8241,legacy_20260812_000920,historical_frequency,0.10476765,0.10476765,0,90.51,1,0,0.80144096,demo
2026-08-12 01:05:52,2026-08-12 01:06:54,2.00,,8241,legacy_20260812_000920,historical_frequency,0.49873265,0.49873265,0,90.51,1,0,0.25126896,demo
2026-08-12 01:05:52,2026-08-12 01:06:54,3.00,,8241,legacy_20260812_000920,historical_frequency,0.33204587,0.33204587,0,90.51,1,0,0.44616273,demo
2026-08-12 01:05:52,2026-08-12 01:06:54,5.00,,8241,legacy_20260812_000920,historical_frequency,0.20482800,0.20482800,0,90.51,1,0,0.63229851,demo
2026-08-12 01:06:54,2026-08-12 01:07:03,1.50,,8242,legacy_20260812_000920,historical_frequency,0.65918417,0.65918417,1,1.04,0,0,0.43452376,demo
2026-08-12 01:06:54,2026-08-12 01:07:03,10.00,,8242,legacy_20260812_000920,historical_frequency,0.10487569,0.10487569,0,1.04,0,1,0.01099891,demo
2026-08-12 01:06:54,2026-08-12 01:07:03,2.00,,8242,legacy_20260812_000920,historical_frequency,0.49879315,0.49879315,0,1.04,0,1,0.24879460,demo
2026-08-12 01:06:54,2026-08-12 01:07:03,3.00,,8242,legacy_20260812_000920,historical_frequency,0.33212648,0.33212648,0,1.04,0,1,0.11030800,demo
2026-08-12 01:06:54,2026-08-12 01:07:03,5.00,,8242,legacy_20260812_000920,historical_frequency,0.20492397,0.20492397,0,1.04,0,1,0.04199383,demo
2026-08-12 01:07:03,2026-08-12 01:07:27,1.50,,8243,legacy_20260812_000920,historical_frequency,0.65910462,0.65910462,1,3.86,1,1,0.11620966,demo
2026-08-12 01:07:03,2026-08-12 01:07:27,10.00,,8243,legacy_20260812_000920,historical_frequency,0.10486304,0.10486304,0,3.86,0,1,0.01099626,demo
2026-08-12 01:07:03,2026-08-12 01:07:27,2.00,,8243,legacy_20260812_000920,historical_frequency,0.49873296,0.49873296,0,3.86,1,0,0.25126865,demo
2026-08-12 01:07:03,2026-08-12 01:07:27,3.00,,8243,legacy_20260812_000920,historical_frequency,0.33208640,0.33208640,0,3.86,1,0,0.44610858,demo
2026-08-12 01:07:03,2026-08-12 01:07:27,5.00,,8243,legacy_20260812_000920,historical_frequency,0.20489924,0.20489924,0,3.86,0,1,0.04198370,demo
2026-08-12 01:07:27,2026-08-12 01:07:46,1.50,,8244,legacy_20260812_000920,historical_frequency,0.65914575,0.65914575,1,2.46,1,1,0.11618162,demo
2026-08-12 01:07:27,2026-08-12 01:07:46,10.00,,8244,legacy_20260812_000920,historical_frequency,0.10485039,0.10485039,0,2.46,0,1,0.01099360,demo
2026-08-12 01:07:27,2026-08-12 01:07:46,2.00,,8244,legacy_20260812_000920,historical_frequency,0.49879344,0.49879344,0,2.46,1,0,0.25120802,demo
2026-08-12 01:07:27,2026-08-12 01:07:46,3.00,,8244,legacy_20260812_000920,historical_frequency,0.33216699,0.33216699,0,2.46,0,1,0.11033491,demo
2026-08-12 01:07:27,2026-08-12 01:07:46,5.00,,8244,legacy_20260812_000920,historical_frequency,0.20487452,0.20487452,0,2.46,0,1,0.04197357,demo
2026-08-12 01:07:46,2026-08-12 01:07:54,1.50,,8245,legacy_20260812_000920,historical_frequency,0.65918687,0.65918687,1,1.07,0,0,0.43452734,demo
2026-08-12 01:07:46,2026-08-12 01:07:54,10.00,,8245,legacy_20260812_000920,historical_frequency,0.10483774,0.10483774,0,1.07,0,1,0.01099095,demo
2026-08-12 01:07:46,2026-08-12 01:07:54,2.00,,8245,legacy_20260812_000920,historical_frequency,0.49885390,0.49885390,0,1.07,0,1,0.24885522,demo
2026-08-12 01:07:46,2026-08-12 01:07:54,3.00,,8245,legacy_20260812_000920,historical_frequency,0.33212692,0.33212692,0,1.07,0,1,0.11030829,demo
2026-08-12 01:07:46,2026-08-12 01:07:54,5.00,,8245,legacy_20260812_000920,historical_frequency,0.20484980,0.20484980,0,1.07,0,1,0.04196344,demo
2026-08-12 01:07:54,2026-08-12 01:08:10,1.50,,8246,legacy_20260812_000920,historical_frequency,0.65910736,0.65910736,1,1.88,1,1,0.11620779,demo
2026-08-12 01:07:54,2026-08-12 01:08:10,10.00,,8246,legacy_20260812_000920,historical_frequency,0.10482509,0.10482509,0,1.88,0,1,0.01098830,demo
2026-08-12 01:07:54,2026-08-12 01:08:10,2.00,,8246,legacy_20260812_000920,historical_frequency,0.49879373,0.49879373,0,1.88,0,1,0.24879518,demo
2026-08-12 01:07:54,2026-08-12 01:08:10,3.00,,8246,legacy_20260812_000920,historical_frequency,0.33208685,0.33208685,0,1.88,0,1,0.11028168,demo
2026-08-12 01:07:54,2026-08-12 01:08:10,5.00,,8246,legacy_20260812_000920,historical_frequency,0.20482509,0.20482509,0,1.88,0,1,0.04195332,demo
2026-08-12 01:08:10,2026-08-12 01:08:18,1.50,,8247,legacy_20260812_000920,historical_frequency,0.65914847,0.65914847,1,1.00,0,0,0.43447671,demo
2026-08-12 01:08:10,2026-08-12 01:08:18,10.00,,8247,legacy_20260812_000920,historical_frequency,0.10481245,0.10481245,0,1.00,0,1,0.01098565,demo
2026-08-12 01:08:10,2026-08-12 01:08:18,2.00,,8247,legacy_20260812_000920,historical_frequency,0.49873357,0.49873357,0,1.00,0,1,0.24873517,demo
2026-08-12 01:08:10,2026-08-12 01:08:18,3.00,,8247,legacy_20260812_000920,historical_frequency,0.33204680,0.33204680,0,1.00,0,1,0.11025508,demo
2026-08-12 01:08:10,2026-08-12 01:08:18,5.00,,8247,legacy_20260812_000920,historical_frequency,0.20480039,0.20480039,0,1.00,0,1,0.04194320,demo
2026-08-12 01:08:18,2026-08-12 01:08:31,1.50,,8248,legacy_20260812_000920,historical_frequency,0.65906898,0.65906898,1,1.35,0,0,0.43437192,demo
2026-08-12 01:08:18,2026-08-12 01:08:31,10.00,,8248,legacy_20260812_000920,historical_frequency,0.10479981,0.10479981,0,1.35,0,1,0.01098300,demo
2026-08-12 01:08:18,2026-08-12 01:08:31,2.00,,8248,legacy_20260812_000920,historical_frequency,0.49867342,0.49867342,0,1.35,0,1,0.24867518,demo
2026-08-12 01:08:18,2026-08-12 01:08:31,3.00,,8248,legacy_20260812_000920,historical_frequency,0.33200675,0.33200675,0,1.35,0,1,0.11022848,demo
2026-08-12 01:08:18,2026-08-12 01:08:31,5.00,,8248,legacy_20260812_000920,historical_frequency,0.20477569,0.20477569,0,1.35,0,1,0.04193308,demo
2026-08-12 01:08:31,2026-08-12 01:08:38,1.50,,8249,legacy_20260812_000920,historical_frequency,0.65898951,0.65898951,1,1.00,0,0,0.43426717,demo
2026-08-12 01:08:31,2026-08-12 01:08:38,10.00,,8249,legacy_20260812_000920,historical_frequency,0.10478717,0.10478717,0,1.00,0,1,0.01098035,demo
2026-08-12 01:08:31,2026-08-12 01:08:38,2.00,,8249,legacy_20260812_000920,historical_frequency,0.49861329,0.49861329,0,1.00,0,1,0.24861521,demo
2026-08-12 01:08:31,2026-08-12 01:08:38,3.00,,8249,legacy_20260812_000920,historical_frequency,0.33196672,0.33196672,0,1.00,0,1,0.11020190,demo
2026-08-12 01:08:31,2026-08-12 01:08:38,5.00,,8249,legacy_20260812_000920,historical_frequency,0.20475099,0.20475099,0,1.00,0,1,0.04192297,demo
2026-08-12 01:08:38,2026-08-12 01:08:58,1.50,,8250,legacy_20260812_000920,historical_frequency,0.65891006,0.65891006,1,2.47,1,1,0.11634235,demo
2026-08-12 01:08:38,2026-08-12 01:08:58,10.00,,8250,legacy_20260812_000920,historical_frequency,0.10477454,0.10477454,0,2.47,0,1,0.01097770,demo
2026-08-12 01:08:38,2026-08-12 01:08:58,2.00,,8250,legacy_20260812_000920,historical_frequency,0.49855317,0.49855317,0,2.47,1,0,0.25144892,demo
2026-08-12 01:08:38,2026-08-12 01:08:58,3.00,,8250,legacy_20260812_000920,historical_frequency,0.33192669,0.33192669,0,2.47,0,1,0.11017533,demo
2026-08-12 01:08:38,2026-08-12 01:08:58,5.00,,8250,legacy_20260812_000920,historical_frequency,0.20472631,0.20472631,0,2.47,0,1,0.04191286,demo
2026-08-12 01:08:58,2026-08-12 01:09:09,1.50,,8251,legacy_20260812_000920,historical_frequency,0.65895118,0.65895118,1,1.45,0,0,0.43421665,demo
2026-08-12 01:08:58,2026-08-12 01:09:09,10.00,,8251,legacy_20260812_000920,historical_frequency,0.10476190,0.10476190,0,1.45,0,1,0.01097506,demo
2026-08-12 01:08:58,2026-08-12 01:09:09,2.00,,8251,legacy_20260812_000920,historical_frequency,0.49861362,0.49861362,0,1.45,0,1,0.24861554,demo
2026-08-12 01:08:58,2026-08-12 01:09:09,3.00,,8251,legacy_20260812_000920,historical_frequency,0.33188668,0.33188668,0,1.45,0,1,0.11014877,demo
2026-08-12 01:08:58,2026-08-12 01:09:09,5.00,,8251,legacy_20260812_000920,historical_frequency,0.20470163,0.20470163,0,1.45,0,1,0.04190276,demo
2026-08-12 01:09:09,2026-08-12 01:09:44,1.50,,8252,legacy_20260812_000920,historical_frequency,0.65887175,0.65887175,1,9.00,1,1,0.11636849,demo
2026-08-12 01:09:09,2026-08-12 01:09:44,10.00,,8252,legacy_20260812_000920,historical_frequency,0.10474928,0.10474928,0,9.00,0,1,0.01097241,demo
2026-08-12 01:09:09,2026-08-12 01:09:44,2.00,,8252,legacy_20260812_000920,historical_frequency,0.49855352,0.49855352,0,9.00,1,0,0.25144857,demo
2026-08-12 01:09:09,2026-08-12 01:09:44,3.00,,8252,legacy_20260812_000920,historical_frequency,0.33184667,0.33184667,0,9.00,1,0,0.44642887,demo
2026-08-12 01:09:09,2026-08-12 01:09:44,5.00,,8252,legacy_20260812_000920,historical_frequency,0.20467695,0.20467695,0,9.00,1,0,0.63253875,demo
2026-08-12 01:09:44,2026-08-12 01:09:57,1.50,,8253,legacy_20260812_000920,historical_frequency,0.65891286,0.65891286,1,1.62,1,1,0.11634044,demo
2026-08-12 01:09:44,2026-08-12 01:09:57,10.00,,8253,legacy_20260812_000920,historical_frequency,0.10473665,0.10473665,0,1.62,0,1,0.01096977,demo
2026-08-12 01:09:44,2026-08-12 01:09:57,2.00,,8253,legacy_20260812_000920,historical_frequency,0.49861396,0.49861396,0,1.62,0,1,0.24861588,demo
2026-08-12 01:09:44,2026-08-12 01:09:57,3.00,,8253,legacy_20260812_000920,historical_frequency,0.33192720,0.33192720,0,1.62,0,1,0.11017567,demo
2026-08-12 01:09:44,2026-08-12 01:09:57,5.00,,8253,legacy_20260812_000920,historical_frequency,0.20477281,0.20477281,0,1.62,0,1,0.04193190,demo
2026-08-12 01:09:57,2026-08-12 01:10:12,1.50,,8254,legacy_20260812_000920,historical_frequency,0.65895396,0.65895396,1,1.69,1,1,0.11631240,demo
2026-08-12 01:09:57,2026-08-12 01:10:12,10.00,,8254,legacy_20260812_000920,historical_frequency,0.10472403,0.10472403,0,1.69,0,1,0.01096712,demo
2026-08-12 01:09:57,2026-08-12 01:10:12,2.00,,8254,legacy_20260812_000920,historical_frequency,0.49855387,0.49855387,0,1.69,0,1,0.24855596,demo
2026-08-12 01:09:57,2026-08-12 01:10:12,3.00,,8254,legacy_20260812_000920,historical_frequency,0.33188720,0.33188720,0,1.69,0,1,0.11014911,demo
2026-08-12 01:09:57,2026-08-12 01:10:12,5.00,,8254,legacy_20260812_000920,historical_frequency,0.20474813,0.20474813,0,1.69,0,1,0.04192180,demo
2026-08-12 01:10:12,2026-08-12 01:10:26,1.50,,8255,legacy_20260812_000920,historical_frequency,0.65899506,0.65899506,1,1.64,1,1,0.11628437,demo
2026-08-12 01:10:12,2026-08-12 01:10:26,10.00,,8255,legacy_20260812_000920,historical_frequency,0.10471141,0.10471141,0,1.64,0,1,0.01096448,demo
2026-08-12 01:10:12,2026-08-12 01:10:26,2.00,,8255,legacy_20260812_000920,historical_frequency,0.49849379,0.49849379,0,1.64,0,1,0.24849606,demo
2026-08-12 01:10:12,2026-08-12 01:10:26,3.00,,8255,legacy_20260812_000920,historical_frequency,0.33184721,0.33184721,0,1.64,0,1,0.11012257,demo
2026-08-12 01:10:12,2026-08-12 01:10:26,5.00,,8255,legacy_20260812_000920,historical_frequency,0.20472346,0.20472346,0,1.64,0,1,0.04191170,demo
2026-08-12 01:10:26,2026-08-12 01:11:03,1.50,,8256,legacy_20260812_000920,historical_frequency,0.65903614,0.65903614,1,11.04,1,1,0.11625635,demo
2026-08-12 01:10:26,2026-08-12 01:11:03,10.00,,8256,legacy_20260812_000920,historical_frequency,0.10469880,0.10469880,0,11.04,1,0,0.80156425,demo
2026-08-12 01:10:26,2026-08-12 01:11:03,2.00,,8256,legacy_20260812_000920,historical_frequency,0.49843373,0.49843373,0,11.04,1,0,0.25156872,demo
2026-08-12 01:10:26,2026-08-12 01:11:03,3.00,,8256,legacy_20260812_000920,historical_frequency,0.33180723,0.33180723,0,11.04,1,0,0.44648158,demo
2026-08-12 01:10:26,2026-08-12 01:11:03,5.00,,8256,legacy_20260812_000920,historical_frequency,0.20469880,0.20469880,0,11.04,1,0,0.63250401,demo
2026-08-12 01:11:03,2026-08-12 01:11:15,1.50,,8257,legacy_20260812_000920,historical_frequency,0.65907722,0.65907722,1,1.38,0,0,0.43438278,demo
2026-08-12 01:11:03,2026-08-12 01:11:15,10.00,,8257,legacy_20260812_000920,historical_frequency,0.10480665,0.10480665,0,1.38,0,1,0.01098443,demo
2026-08-12 01:11:03,2026-08-12 01:11:15,2.00,,8257,legacy_20260812_000920,historical_frequency,0.49849416,0.49849416,0,1.38,0,1,0.24849642,demo
2026-08-12 01:11:03,2026-08-12 01:11:15,3.00,,8257,legacy_20260812_000920,historical_frequency,0.33188772,0.33188772,0,1.38,0,1,0.11014946,demo
2026-08-12 01:11:03,2026-08-12 01:11:15,5.00,,8257,legacy_20260812_000920,historical_frequency,0.20479460,0.20479460,0,1.38,0,1,0.04194083,demo
2026-08-12 01:11:15,2026-08-12 01:11:42,1.50,,8258,legacy_20260812_000920,historical_frequency,0.65899783,0.65899783,1,4.96,1,1,0.11628248,demo
2026-08-12 01:11:15,2026-08-12 01:11:42,10.00,,8258,legacy_20260812_000920,historical_frequency,0.10479403,0.10479403,0,4.96,0,1,0.01098179,demo
2026-08-12 01:11:15,2026-08-12 01:11:42,2.00,,8258,legacy_20260812_000920,historical_frequency,0.49843411,0.49843411,0,4.96,1,0,0.25156834,demo
2026-08-12 01:11:15,2026-08-12 01:11:42,3.00,,8258,legacy_20260812_000920,historical_frequency,0.33184775,0.33184775,0,4.96,1,0,0.44642743,demo
2026-08-12 01:11:15,2026-08-12 01:11:42,5.00,,8258,legacy_20260812_000920,historical_frequency,0.20476993,0.20476993,0,4.96,0,1,0.04193073,demo
2026-08-12 01:11:42,2026-08-12 01:11:50,1.50,,8259,legacy_20260812_000920,historical_frequency,0.65903890,0.65903890,1,1.00,0,0,0.43433227,demo
2026-08-12 01:11:42,2026-08-12 01:11:50,10.00,,8259,legacy_20260812_000920,historical_frequency,0.10478140,0.10478140,0,1.00,0,1,0.01097914,demo
2026-08-12 01:11:42,2026-08-12 01:11:50,2.00,,8259,legacy_20260812_000920,historical_frequency,0.49849452,0.49849452,0,1.00,0,1,0.24849679,demo
2026-08-12 01:11:42,2026-08-12 01:11:50,3.00,,8259,legacy_20260812_000920,historical_frequency,0.33192822,0.33192822,0,1.00,0,1,0.11017634,demo
2026-08-12 01:11:42,2026-08-12 01:11:50,5.00,,8259,legacy_20260812_000920,historical_frequency,0.20474527,0.20474527,0,1.00,0,1,0.04192063,demo
2026-08-12 01:11:50,2026-08-12 01:12:22,1.50,,8260,legacy_20260812_000920,historical_frequency,0.65895954,0.65895954,1,6.76,1,1,0.11630860,demo
2026-08-12 01:11:50,2026-08-12 01:12:22,10.00,,8260,legacy_20260812_000920,historical_frequency,0.10476879,0.10476879,0,6.76,0,1,0.01097650,demo
2026-08-12 01:11:50,2026-08-12 01:12:22,2.00,,8260,legacy_20260812_000920,historical_frequency,0.49843449,0.49843449,0,6.76,1,0,0.25156796,demo
2026-08-12 01:11:50,2026-08-12 01:12:22,3.00,,8260,legacy_20260812_000920,historical_frequency,0.33188825,0.33188825,0,6.76,1,0,0.44637331,demo
2026-08-12 01:11:50,2026-08-12 01:12:22,5.00,,8260,legacy_20260812_000920,historical_frequency,0.20472062,0.20472062,0,6.76,1,0,0.63246930,demo
2026-08-12 01:12:22,2026-08-12 01:12:30,1.50,,8261,legacy_20260812_000920,historical_frequency,0.65900060,0.65900060,1,1.11,0,0,0.43428179,demo
2026-08-12 01:12:22,2026-08-12 01:12:30,10.00,,8261,legacy_20260812_000920,historical_frequency,0.10475617,0.10475617,0,1.11,0,1,0.01097386,demo
2026-08-12 01:12:22,2026-08-12 01:12:30,2.00,,8261,legacy_20260812_000920,historical_frequency,0.49849488,0.49849488,0,1.11,0,1,0.24849715,demo
2026-08-12 01:12:22,2026-08-12 01:12:30,3.00,,8261,legacy_20260812_000920,historical_frequency,0.33196869,0.33196869,0,1.11,0,1,0.11020321,demo
2026-08-12 01:12:22,2026-08-12 01:12:30,5.00,,8261,legacy_20260812_000920,historical_frequency,0.20481638,0.20481638,0,1.11,0,1,0.04194975,demo
2026-08-12 01:12:30,2026-08-12 01:12:51,1.50,,8262,legacy_20260812_000920,historical_frequency,0.65892126,0.65892126,1,2.88,1,1,0.11633471,demo
2026-08-12 01:12:30,2026-08-12 01:12:51,10.00,,8262,legacy_20260812_000920,historical_frequency,0.10474356,0.10474356,0,2.88,0,1,0.01097121,demo
2026-08-12 01:12:30,2026-08-12 01:12:51,2.00,,8262,legacy_20260812_000920,historical_frequency,0.49843487,0.49843487,0,2.88,1,0,0.25156758,demo
2026-08-12 01:12:30,2026-08-12 01:12:51,3.00,,8262,legacy_20260812_000920,historical_frequency,0.33192873,0.33192873,0,2.88,0,1,0.11017668,demo
2026-08-12 01:12:30,2026-08-12 01:12:51,5.00,,8262,legacy_20260812_000920,historical_frequency,0.20479172,0.20479172,0,2.88,0,1,0.04193965,demo
2026-08-12 01:12:51,2026-08-12 01:13:31,1.50,,8263,legacy_20260812_000920,historical_frequency,0.65896232,0.65896232,1,14.71,1,1,0.11630670,demo
2026-08-12 01:12:51,2026-08-12 01:13:31,10.00,,8263,legacy_20260812_000920,historical_frequency,0.10473095,0.10473095,0,14.71,1,0,0.80150667,demo
2026-08-12 01:12:51,2026-08-12 01:13:31,2.00,,8263,legacy_20260812_000920,historical_frequency,0.49849524,0.49849524,0,14.71,1,0,0.25150702,demo
2026-08-12 01:12:51,2026-08-12 01:13:31,3.00,,8263,legacy_20260812_000920,historical_frequency,0.33188877,0.33188877,0,14.71,1,0,0.44637262,demo
2026-08-12 01:12:51,2026-08-12 01:13:31,5.00,,8263,legacy_20260812_000920,historical_frequency,0.20476706,0.20476706,0,14.71,1,0,0.63239542,demo
2026-08-12 01:13:31,2026-08-12 01:13:54,1.50,,8264,legacy_20260812_000920,historical_frequency,0.65900337,0.65900337,1,3.33,1,1,0.11627870,demo
2026-08-12 01:13:31,2026-08-12 01:13:54,10.00,,8264,legacy_20260812_000920,historical_frequency,0.10483871,0.10483871,0,3.33,0,1,0.01099116,demo
2026-08-12 01:13:31,2026-08-12 01:13:54,2.00,,8264,legacy_20260812_000920,historical_frequency,0.49855561,0.49855561,0,3.33,1,0,0.25144648,demo
2026-08-12 01:13:31,2026-08-12 01:13:54,3.00,,8264,legacy_20260812_000920,historical_frequency,0.33196919,0.33196919,0,3.33,1,0,0.44626517,demo
2026-08-12 01:13:31,2026-08-12 01:13:54,5.00,,8264,legacy_20260812_000920,historical_frequency,0.20486278,0.20486278,0,3.33,0,1,0.04196876,demo
2026-08-12 01:13:54,2026-08-12 01:14:30,1.50,,8265,legacy_20260812_000920,historical_frequency,0.65904441,0.65904441,1,10.26,1,1,0.11625071,demo
2026-08-12 01:13:54,2026-08-12 01:14:30,10.00,,8265,legacy_20260812_000920,historical_frequency,0.10482609,0.10482609,0,10.26,1,0,0.80133633,demo
2026-08-12 01:13:54,2026-08-12 01:14:30,2.00,,8265,legacy_20260812_000920,historical_frequency,0.49861596,0.49861596,0,10.26,1,0,0.25138596,demo
2026-08-12 01:13:54,2026-08-12 01:14:30,3.00,,8265,legacy_20260812_000920,historical_frequency,0.33204958,0.33204958,0,10.26,1,0,0.44615776,demo
2026-08-12 01:13:54,2026-08-12 01:14:30,5.00,,8265,legacy_20260812_000920,historical_frequency,0.20483813,0.20483813,0,10.26,1,0,0.63228240,demo
2026-08-12 01:14:30,2026-08-12 01:14:38,1.50,,8266,legacy_20260812_000920,historical_frequency,0.65908544,0.65908544,1,1.00,0,0,0.43439362,demo
2026-08-12 01:14:30,2026-08-12 01:14:38,10.00,,8266,legacy_20260812_000920,historical_frequency,0.10493381,0.10493381,0,1.00,0,1,0.01101111,demo
2026-08-12 01:14:30,2026-08-12 01:14:38,2.00,,8266,legacy_20260812_000920,historical_frequency,0.49867629,0.49867629,0,1.00,0,1,0.24867805,demo
2026-08-12 01:14:30,2026-08-12 01:14:38,3.00,,8266,legacy_20260812_000920,historical_frequency,0.33212996,0.33212996,0,1.00,0,1,0.11031031,demo
2026-08-12 01:14:30,2026-08-12 01:14:38,5.00,,8266,legacy_20260812_000920,historical_frequency,0.20493381,0.20493381,0,1.00,0,1,0.04199787,demo
2026-08-12 01:14:38,2026-08-12 01:14:46,1.50,,8267,legacy_20260812_000920,historical_frequency,0.65900614,0.65900614,1,1.00,0,0,0.43428909,demo
2026-08-12 01:14:38,2026-08-12 01:14:46,10.00,,8267,legacy_20260812_000920,historical_frequency,0.10492119,0.10492119,0,1.00,0,1,0.01100846,demo
2026-08-12 01:14:38,2026-08-12 01:14:46,2.00,,8267,legacy_20260812_000920,historical_frequency,0.49861629,0.49861629,0,1.00,0,1,0.24861821,demo
2026-08-12 01:14:38,2026-08-12 01:14:46,3.00,,8267,legacy_20260812_000920,historical_frequency,0.33209000,0.33209000,0,1.00,0,1,0.11028377,demo
2026-08-12 01:14:38,2026-08-12 01:14:46,5.00,,8267,legacy_20260812_000920,historical_frequency,0.20490916,0.20490916,0,1.00,0,1,0.04198776,demo
2026-08-12 01:14:46,2026-08-12 01:14:57,1.50,,8268,legacy_20260812_000920,historical_frequency,0.65892685,0.65892685,1,1.34,0,0,0.43418460,demo
2026-08-12 01:14:46,2026-08-12 01:14:57,10.00,,8268,legacy_20260812_000920,historical_frequency,0.10490857,0.10490857,0,1.34,0,1,0.01100581,demo
2026-08-12 01:14:46,2026-08-12 01:14:57,2.00,,8268,legacy_20260812_000920,historical_frequency,0.49855630,0.49855630,0,1.34,0,1,0.24855839,demo
2026-08-12 01:14:46,2026-08-12 01:14:57,3.00,,8268,legacy_20260812_000920,historical_frequency,0.33205005,0.33205005,0,1.34,0,1,0.11025723,demo
2026-08-12 01:14:46,2026-08-12 01:14:57,5.00,,8268,legacy_20260812_000920,historical_frequency,0.20488450,0.20488450,0,1.34,0,1,0.04197766,demo
2026-08-12 01:14:57,2026-08-12 01:15:25,1.50,,8269,legacy_20260812_000920,historical_frequency,0.65884759,0.65884759,1,5.12,1,1,0.11638497,demo
2026-08-12 01:14:57,2026-08-12 01:15:25,10.00,,8269,legacy_20260812_000920,historical_frequency,0.10489595,0.10489595,0,5.12,0,1,0.01100316,demo
2026-08-12 01:14:57,2026-08-12 01:15:25,2.00,,8269,legacy_20260812_000920,historical_frequency,0.49849633,0.49849633,0,5.12,1,0,0.25150593,demo
2026-08-12 01:14:57,2026-08-12 01:15:25,3.00,,8269,legacy_20260812_000920,historical_frequency,0.33201010,0.33201010,0,5.12,1,0,0.44621050,demo
2026-08-12 01:14:57,2026-08-12 01:15:25,5.00,,8269,legacy_20260812_000920,historical_frequency,0.20485986,0.20485986,0,5.12,1,0,0.63224785,demo
2026-08-12 01:15:25,2026-08-12 01:15:57,1.50,,8270,legacy_20260812_000920,historical_frequency,0.65888862,0.65888862,1,7.21,1,1,0.11635697,demo
2026-08-12 01:15:25,2026-08-12 01:15:57,10.00,,8270,legacy_20260812_000920,historical_frequency,0.10488333,0.10488333,0,7.21,0,1,0.01100051,demo
2026-08-12 01:15:25,2026-08-12 01:15:57,2.00,,8270,legacy_20260812_000920,historical_frequency,0.49855665,0.49855665,0,7.21,1,0,0.25144543,demo
2026-08-12 01:15:25,2026-08-12 01:15:57,3.00,,8270,legacy_20260812_000920,historical_frequency,0.33209045,0.33209045,0,7.21,1,0,0.44610317,demo
2026-08-12 01:15:25,2026-08-12 01:15:57,5.00,,8270,legacy_20260812_000920,historical_frequency,0.20495550,0.20495550,0,7.21,1,0,0.63209576,demo
2026-08-12 01:15:57,2026-08-12 01:16:05,1.50,,8271,legacy_20260812_000920,historical_frequency,0.65892965,0.65892965,1,1.00,0,0,0.43418828,demo
2026-08-12 01:15:57,2026-08-12 01:16:05,10.00,,8271,legacy_20260812_000920,historical_frequency,0.10487072,0.10487072,0,1.00,0,1,0.01099787,demo
2026-08-12 01:15:57,2026-08-12 01:16:05,2.00,,8271,legacy_20260812_000920,historical_frequency,0.49861696,0.49861696,0,1.00,0,1,0.24861887,demo
2026-08-12 01:15:57,2026-08-12 01:16:05,3.00,,8271,legacy_20260812_000920,historical_frequency,0.33217078,0.33217078,0,1.00,0,1,0.11033742,demo
2026-08-12 01:15:57,2026-08-12 01:16:05,5.00,,8271,legacy_20260812_000920,historical_frequency,0.20505111,0.20505111,0,1.00,0,1,0.04204596,demo
2026-08-12 01:16:05,2026-08-12 01:16:23,1.50,,8272,legacy_20260812_000920,historical_frequency,0.65885041,0.65885041,1,1.95,1,1,0.11638304,demo
2026-08-12 01:16:05,2026-08-12 01:16:23,10.00,,8272,legacy_20260812_000920,historical_frequency,0.10485810,0.10485810,0,1.95,0,1,0.01099522,demo
2026-08-12 01:16:05,2026-08-12 01:16:23,2.00,,8272,legacy_20260812_000920,historical_frequency,0.49855700,0.49855700,0,1.95,0,1,0.24855908,demo
2026-08-12 01:16:05,2026-08-12 01:16:23,3.00,,8272,legacy_20260812_000920,historical_frequency,0.33213083,0.33213083,0,1.95,0,1,0.11031089,demo
2026-08-12 01:16:05,2026-08-12 01:16:23,5.00,,8272,legacy_20260812_000920,historical_frequency,0.20502646,0.20502646,0,1.95,0,1,0.04203585,demo
2026-08-12 01:16:23,2026-08-12 01:16:52,1.50,,8273,legacy_20260812_000920,historical_frequency,0.65889143,0.65889143,1,6.71,1,1,0.11635506,demo
2026-08-12 01:16:23,2026-08-12 01:16:52,10.00,,8273,legacy_20260812_000920,historical_frequency,0.10484550,0.10484550,0,6.71,0,1,0.01099258,demo
2026-08-12 01:16:23,2026-08-12 01:16:52,2.00,,8273,legacy_20260812_000920,historical_frequency,0.49849705,0.49849705,0,6.71,1,0,0.25150520,demo
2026-08-12 01:16:23,2026-08-12 01:16:52,3.00,,8273,legacy_20260812_000920,historical_frequency,0.33209090,0.33209090,0,6.71,1,0,0.44610257,demo
2026-08-12 01:16:23,2026-08-12 01:16:52,5.00,,8273,legacy_20260812_000920,historical_frequency,0.20500180,0.20500180,0,6.71,1,0,0.63202213,demo
2026-08-12 01:16:52,2026-08-12 01:17:16,1.50,,8274,legacy_20260812_000920,historical_frequency,0.65893244,0.65893244,1,3.78,1,1,0.11632708,demo
2026-08-12 01:16:52,2026-08-12 01:17:16,10.00,,8274,legacy_20260812_000920,historical_frequency,0.10483289,0.10483289,0,3.78,0,1,0.01098994,demo
2026-08-12 01:16:52,2026-08-12 01:17:16,2.00,,8274,legacy_20260812_000920,historical_frequency,0.49855735,0.49855735,0,3.78,1,0,0.25144474,demo
2026-08-12 01:16:52,2026-08-12 01:17:16,3.00,,8274,legacy_20260812_000920,historical_frequency,0.33217119,0.33217119,0,3.78,1,0,0.44599531,demo
2026-08-12 01:16:52,2026-08-12 01:17:16,5.00,,8274,legacy_20260812_000920,historical_frequency,0.20509738,0.20509738,0,3.78,0,1,0.04206493,demo
2026-08-12 01:17:16,2026-08-12 01:17:29,1.50,,8275,legacy_20260812_000920,historical_frequency,0.65897343,0.65897343,1,1.52,1,1,0.11629912,demo
2026-08-12 01:17:16,2026-08-12 01:17:29,10.00,,8275,legacy_20260812_000920,historical_frequency,0.10482029,0.10482029,0,1.52,0,1,0.01098729,demo
2026-08-12 01:17:16,2026-08-12 01:17:29,2.00,,8275,legacy_20260812_000920,historical_frequency,0.49861762,0.49861762,0,1.52,0,1,0.24861953,demo
2026-08-12 01:17:16,2026-08-12 01:17:29,3.00,,8275,legacy_20260812_000920,historical_frequency,0.33225147,0.33225147,0,1.52,0,1,0.11039104,demo
2026-08-12 01:17:16,2026-08-12 01:17:29,5.00,,8275,legacy_20260812_000920,historical_frequency,0.20507273,0.20507273,0,1.52,0,1,0.04205482,demo
2026-08-12 01:17:29,2026-08-12 01:17:40,1.50,,8276,legacy_20260812_000920,historical_frequency,0.65901442,0.65901442,1,1.33,0,0,0.43430001,demo
2026-08-12 01:17:29,2026-08-12 01:17:40,10.00,,8276,legacy_20260812_000920,historical_frequency,0.10480769,0.10480769,0,1.33,0,1,0.01098465,demo
2026-08-12 01:17:29,2026-08-12 01:17:40,2.00,,8276,legacy_20260812_000920,historical_frequency,0.49855769,0.49855769,0,1.33,0,1,0.24855977,demo
2026-08-12 01:17:29,2026-08-12 01:17:40,3.00,,8276,legacy_20260812_000920,historical_frequency,0.33221154,0.33221154,0,1.33,0,1,0.11036451,demo
2026-08-12 01:17:29,2026-08-12 01:17:40,5.00,,8276,legacy_20260812_000920,historical_frequency,0.20504808,0.20504808,0,1.33,0,1,0.04204471,demo
2026-08-12 01:17:40,2026-08-12 01:17:48,1.50,,8277,legacy_20260812_000920,historical_frequency,0.65893522,0.65893522,1,1.00,0,0,0.43419563,demo
2026-08-12 01:17:40,2026-08-12 01:17:48,10.00,,8277,legacy_20260812_000920,historical_frequency,0.10479510,0.10479510,0,1.00,0,1,0.01098201,demo
2026-08-12 01:17:40,2026-08-12 01:17:48,2.00,,8277,legacy_20260812_000920,historical_frequency,0.49849778,0.49849778,0,1.00,0,1,0.24850003,demo
2026-08-12 01:17:40,2026-08-12 01:17:48,3.00,,8277,legacy_20260812_000920,historical_frequency,0.33217161,0.33217161,0,1.00,0,1,0.11033798,demo
2026-08-12 01:17:40,2026-08-12 01:17:48,5.00,,8277,legacy_20260812_000920,historical_frequency,0.20502343,0.20502343,0,1.00,0,1,0.04203461,demo
2026-08-12 01:17:48,2026-08-12 01:18:23,1.50,,8278,legacy_20260812_000920,historical_frequency,0.65885604,0.65885604,1,9.33,1,1,0.11637920,demo
2026-08-12 01:17:48,2026-08-12 01:18:23,10.00,,8278,legacy_20260812_000920,historical_frequency,0.10478250,0.10478250,0,9.33,0,1,0.01097937,demo
2026-08-12 01:17:48,2026-08-12 01:18:23,2.00,,8278,legacy_20260812_000920,historical_frequency,0.49843788,0.49843788,0,9.33,1,0,0.25156456,demo
2026-08-12 01:17:48,2026-08-12 01:18:23,3.00,,8278,legacy_20260812_000920,historical_frequency,0.33213170,0.33213170,0,9.33,1,0,0.44604807,demo
2026-08-12 01:17:48,2026-08-12 01:18:23,5.00,,8278,legacy_20260812_000920,historical_frequency,0.20499880,0.20499880,0,9.33,1,0,0.63202691,demo
2026-08-12 01:18:23,2026-08-12 01:18:33,1.50,,8279,legacy_20260812_000920,historical_frequency,0.65889703,0.65889703,1,1.19,0,0,0.43414530,demo
2026-08-12 01:18:23,2026-08-12 01:18:33,10.00,,8279,legacy_20260812_000920,historical_frequency,0.10476991,0.10476991,0,1.19,0,1,0.01097674,demo
2026-08-12 01:18:23,2026-08-12 01:18:33,2.00,,8279,legacy_20260812_000920,historical_frequency,0.49849814,0.49849814,0,1.19,0,1,0.24850039,demo
2026-08-12 01:18:23,2026-08-12 01:18:33,3.00,,8279,legacy_20260812_000920,historical_frequency,0.33221194,0.33221194,0,1.19,0,1,0.11036477,demo
2026-08-12 01:18:23,2026-08-12 01:18:33,5.00,,8279,legacy_20260812_000920,historical_frequency,0.20509432,0.20509432,0,1.19,0,1,0.04206368,demo
2026-08-12 01:18:33,2026-08-12 01:19:09,1.50,,8280,legacy_20260812_000920,historical_frequency,0.65881788,0.65881788,1,9.75,1,1,0.11640524,demo
2026-08-12 01:18:33,2026-08-12 01:19:09,10.00,,8280,legacy_20260812_000920,historical_frequency,0.10475733,0.10475733,0,9.75,0,1,0.01097410,demo
2026-08-12 01:18:33,2026-08-12 01:19:09,2.00,,8280,legacy_20260812_000920,historical_frequency,0.49843825,0.49843825,0,9.75,1,0,0.25156419,demo
2026-08-12 01:18:33,2026-08-12 01:19:09,3.00,,8280,legacy_20260812_000920,historical_frequency,0.33217203,0.33217203,0,9.75,1,0,0.44599419,demo
2026-08-12 01:18:33,2026-08-12 01:19:09,5.00,,8280,legacy_20260812_000920,historical_frequency,0.20506968,0.20506968,0,9.75,1,0,0.63191422,demo
2026-08-12 01:19:09,2026-08-12 01:19:29,1.50,,8281,legacy_20260812_000920,historical_frequency,0.65885886,0.65885886,1,2.85,1,1,0.11637728,demo
2026-08-12 01:19:09,2026-08-12 01:19:29,10.00,,8281,legacy_20260812_000920,historical_frequency,0.10474474,0.10474474,0,2.85,0,1,0.01097146,demo
2026-08-12 01:19:09,2026-08-12 01:19:29,2.00,,8281,legacy_20260812_000920,historical_frequency,0.49849850,0.49849850,0,2.85,1,0,0.25150376,demo
2026-08-12 01:19:09,2026-08-12 01:19:29,3.00,,8281,legacy_20260812_000920,historical_frequency,0.33225225,0.33225225,0,2.85,0,1,0.11039156,demo
2026-08-12 01:19:09,2026-08-12 01:19:29,5.00,,8281,legacy_20260812_000920,historical_frequency,0.20516517,0.20516517,0,2.85,0,1,0.04209274,demo
2026-08-12 01:19:29,2026-08-12 01:19:38,1.50,,8282,legacy_20260812_000920,historical_frequency,0.65889983,0.65889983,1,1.08,0,0,0.43414899,demo
2026-08-12 01:19:29,2026-08-12 01:19:38,10.00,,8282,legacy_20260812_000920,historical_frequency,0.10473216,0.10473216,0,1.08,0,1,0.01096883,demo
2026-08-12 01:19:29,2026-08-12 01:19:38,2.00,,8282,legacy_20260812_000920,historical_frequency,0.49855873,0.49855873,0,1.08,0,1,0.24856081,demo
2026-08-12 01:19:29,2026-08-12 01:19:38,3.00,,8282,legacy_20260812_000920,historical_frequency,0.33221235,0.33221235,0,1.08,0,1,0.11036504,demo
2026-08-12 01:19:29,2026-08-12 01:19:38,5.00,,8282,legacy_20260812_000920,historical_frequency,0.20514052,0.20514052,0,1.08,0,1,0.04208263,demo
2026-08-12 01:19:38,2026-08-12 01:20:05,1.50,,8283,legacy_20260812_000920,historical_frequency,0.65882070,0.65882070,1,4.75,1,1,0.11640331,demo
2026-08-12 01:19:38,2026-08-12 01:20:05,10.00,,8283,legacy_20260812_000920,historical_frequency,0.10471959,0.10471959,0,4.75,0,1,0.01096619,demo
2026-08-12 01:19:38,2026-08-12 01:20:05,2.00,,8283,legacy_20260812_000920,historical_frequency,0.49849886,0.49849886,0,4.75,1,0,0.25150339,demo
2026-08-12 01:19:38,2026-08-12 01:20:05,3.00,,8283,legacy_20260812_000920,historical_frequency,0.33217245,0.33217245,0,4.75,1,0,0.44599364,demo
2026-08-12 01:19:38,2026-08-12 01:20:05,5.00,,8283,legacy_20260812_000920,historical_frequency,0.20511589,0.20511589,0,4.75,0,1,0.04207253,demo
2026-08-12 01:20:05,2026-08-12 01:20:29,1.50,,8284,legacy_20260812_000920,historical_frequency,0.65886167,0.65886167,1,3.45,1,1,0.11637536,demo
2026-08-12 01:20:05,2026-08-12 01:20:29,10.00,,8284,legacy_20260812_000920,historical_frequency,0.10470701,0.10470701,0,3.45,0,1,0.01096356,demo
2026-08-12 01:20:05,2026-08-12 01:20:29,2.00,,8284,legacy_20260812_000920,historical_frequency,0.49855908,0.49855908,0,3.45,1,0,0.25144300,demo
2026-08-12 01:20:05,2026-08-12 01:20:29,3.00,,8284,legacy_20260812_000920,historical_frequency,0.33225264,0.33225264,0,3.45,1,0,0.44588653,demo
2026-08-12 01:20:05,2026-08-12 01:20:29,5.00,,8284,legacy_20260812_000920,historical_frequency,0.20509126,0.20509126,0,3.45,0,1,0.04206242,demo
2026-08-12 01:20:29,2026-08-12 01:20:37,1.50,,8285,legacy_20260812_000920,historical_frequency,0.65890263,0.65890263,1,1.12,0,0,0.43415267,demo
2026-08-12 01:20:29,2026-08-12 01:20:37,10.00,,8285,legacy_20260812_000920,historical_frequency,0.10469444,0.10469444,0,1.12,0,1,0.01096093,demo
2026-08-12 01:20:29,2026-08-12 01:20:37,2.00,,8285,legacy_20260812_000920,historical_frequency,0.49861928,0.49861928,0,1.12,0,1,0.24862119,demo
2026-08-12 01:20:29,2026-08-12 01:20:37,3.00,,8285,legacy_20260812_000920,historical_frequency,0.33233281,0.33233281,0,1.12,0,1,0.11044510,demo
2026-08-12 01:20:29,2026-08-12 01:20:37,5.00,,8285,legacy_20260812_000920,historical_frequency,0.20506663,0.20506663,0,1.12,0,1,0.04205232,demo
2026-08-12 01:20:37,2026-08-12 01:20:48,1.50,,8286,legacy_20260812_000920,historical_frequency,0.65882353,0.65882353,1,1.27,0,0,0.43404844,demo
2026-08-12 01:20:37,2026-08-12 01:20:48,10.00,,8286,legacy_20260812_000920,historical_frequency,0.10468187,0.10468187,0,1.27,0,1,0.01095829,demo
2026-08-12 01:20:37,2026-08-12 01:20:48,2.00,,8286,legacy_20260812_000920,historical_frequency,0.49855942,0.49855942,0,1.27,0,1,0.24856150,demo
2026-08-12 01:20:37,2026-08-12 01:20:48,3.00,,8286,legacy_20260812_000920,historical_frequency,0.33229292,0.33229292,0,1.27,0,1,0.11041858,demo
2026-08-12 01:20:37,2026-08-12 01:20:48,5.00,,8286,legacy_20260812_000920,historical_frequency,0.20504202,0.20504202,0,1.27,0,1,0.04204223,demo
2026-08-12 01:20:48,2026-08-12 01:21:14,1.50,,8287,legacy_20260812_000920,historical_frequency,0.65874445,0.65874445,1,3.93,1,1,0.11645535,demo
2026-08-12 01:20:48,2026-08-12 01:21:14,10.00,,8287,legacy_20260812_000920,historical_frequency,0.10466931,0.10466931,0,3.93,0,1,0.01095566,demo
2026-08-12 01:20:48,2026-08-12 01:21:14,2.00,,8287,legacy_20260812_000920,historical_frequency,0.49849958,0.49849958,0,3.93,1,0,0.25150267,demo
2026-08-12 01:20:48,2026-08-12 01:21:14,3.00,,8287,legacy_20260812_000920,historical_frequency,0.33225303,0.33225303,0,3.93,1,0,0.44588601,demo
2026-08-12 01:20:48,2026-08-12 01:21:14,5.00,,8287,legacy_20260812_000920,historical_frequency,0.20501740,0.20501740,0,3.93,0,1,0.04203214,demo
2026-08-12 01:21:14,2026-08-12 01:21:22,1.50,,8288,legacy_20260812_000920,historical_frequency,0.65878541,0.65878541,1,1.15,0,0,0.43399821,demo
2026-08-12 01:21:14,2026-08-12 01:21:22,10.00,,8288,legacy_20260812_000920,historical_frequency,0.10465675,0.10465675,0,1.15,0,1,0.01095303,demo
2026-08-12 01:21:14,2026-08-12 01:21:22,2.00,,8288,legacy_20260812_000920,historical_frequency,0.49855977,0.49855977,0,1.15,0,1,0.24856184,demo
2026-08-12 01:21:14,2026-08-12 01:21:22,3.00,,8288,legacy_20260812_000920,historical_frequency,0.33233317,0.33233317,0,1.15,0,1,0.11044534,demo
2026-08-12 01:21:14,2026-08-12 01:21:22,5.00,,8288,legacy_20260812_000920,historical_frequency,0.20499280,0.20499280,0,1.15,0,1,0.04202205,demo
2026-08-12 01:21:22,2026-08-12 01:21:31,1.50,,8289,legacy_20260812_000920,historical_frequency,0.65870635,0.65870635,1,1.09,0,0,0.43389405,demo
2026-08-12 01:21:22,2026-08-12 01:21:31,10.00,,8289,legacy_20260812_000920,historical_frequency,0.10464419,0.10464419,0,1.09,0,1,0.01095041,demo
2026-08-12 01:21:22,2026-08-12 01:21:31,2.00,,8289,legacy_20260812_000920,historical_frequency,0.49849994,0.49849994,0,1.09,0,1,0.24850219,demo
2026-08-12 01:21:22,2026-08-12 01:21:31,3.00,,8289,legacy_20260812_000920,historical_frequency,0.33229329,0.33229329,0,1.09,0,1,0.11041883,demo
2026-08-12 01:21:22,2026-08-12 01:21:31,5.00,,8289,legacy_20260812_000920,historical_frequency,0.20496820,0.20496820,0,1.09,0,1,0.04201196,demo
2026-08-12 01:21:31,2026-08-12 01:21:41,1.50,,8290,legacy_20260812_000920,historical_frequency,0.65862731,0.65862731,1,1.20,0,0,0.43378993,demo
2026-08-12 01:21:31,2026-08-12 01:21:41,10.00,,8290,legacy_20260812_000920,historical_frequency,0.10463163,0.10463163,0,1.20,0,1,0.01094778,demo
2026-08-12 01:21:31,2026-08-12 01:21:41,2.00,,8290,legacy_20260812_000920,historical_frequency,0.49844012,0.49844012,0,1.20,0,1,0.24844256,demo
2026-08-12 01:21:31,2026-08-12 01:21:41,3.00,,8290,legacy_20260812_000920,historical_frequency,0.33225342,0.33225342,0,1.20,0,1,0.11039233,demo
2026-08-12 01:21:31,2026-08-12 01:21:41,5.00,,8290,legacy_20260812_000920,historical_frequency,0.20494360,0.20494360,0,1.20,0,1,0.04200188,demo
2026-08-12 01:21:41,2026-08-12 01:21:57,1.50,,8291,legacy_20260812_000920,historical_frequency,0.65854829,0.65854829,1,1.85,1,1,0.11658927,demo
2026-08-12 01:21:41,2026-08-12 01:21:57,10.00,,8291,legacy_20260812_000920,historical_frequency,0.10461908,0.10461908,0,1.85,0,1,0.01094515,demo
2026-08-12 01:21:41,2026-08-12 01:21:57,2.00,,8291,legacy_20260812_000920,historical_frequency,0.49838032,0.49838032,0,1.85,0,1,0.24838295,demo
2026-08-12 01:21:41,2026-08-12 01:21:57,3.00,,8291,legacy_20260812_000920,historical_frequency,0.33221356,0.33221356,0,1.85,0,1,0.11036585,demo
2026-08-12 01:21:41,2026-08-12 01:21:57,5.00,,8291,legacy_20260812_000920,historical_frequency,0.20491902,0.20491902,0,1.85,0,1,0.04199180,demo
2026-08-12 01:21:57,2026-08-12 01:22:19,1.50,,8292,legacy_20260812_000920,historical_frequency,0.65858925,0.65858925,1,3.20,1,1,0.11656130,demo
2026-08-12 01:21:57,2026-08-12 01:22:19,10.00,,8292,legacy_20260812_000920,historical_frequency,0.10460653,0.10460653,0,3.20,0,1,0.01094253,demo
2026-08-12 01:21:57,2026-08-12 01:22:19,2.00,,8292,legacy_20260812_000920,historical_frequency,0.49832054,0.49832054,0,3.20,1,0,0.25168228,demo
2026-08-12 01:21:57,2026-08-12 01:22:19,3.00,,8292,legacy_20260812_000920,historical_frequency,0.33217370,0.33217370,0,3.20,1,0,0.44599196,demo
2026-08-12 01:21:57,2026-08-12 01:22:19,5.00,,8292,legacy_20260812_000920,historical_frequency,0.20489443,0.20489443,0,3.20,0,1,0.04198173,demo
2026-08-12 01:22:19,2026-08-12 01:22:29,1.50,,8293,legacy_20260812_000920,historical_frequency,0.65863020,0.65863020,1,1.16,0,0,0.43379374,demo
2026-08-12 01:22:19,2026-08-12 01:22:29,10.00,,8293,legacy_20260812_000920,historical_frequency,0.10459398,0.10459398,0,1.16,0,1,0.01093990,demo
2026-08-12 01:22:19,2026-08-12 01:22:29,2.00,,8293,legacy_20260812_000920,historical_frequency,0.49838071,0.49838071,0,1.16,0,1,0.24838333,demo
2026-08-12 01:22:19,2026-08-12 01:22:29,3.00,,8293,legacy_20260812_000920,historical_frequency,0.33225381,0.33225381,0,1.16,0,1,0.11039259,demo
2026-08-12 01:22:19,2026-08-12 01:22:29,5.00,,8293,legacy_20260812_000920,historical_frequency,0.20486986,0.20486986,0,1.16,0,1,0.04197166,demo
2026-08-12 01:22:29,2026-08-12 01:22:37,1.50,,8294,legacy_20260812_000920,historical_frequency,0.65855121,0.65855121,1,1.04,0,0,0.43368970,demo
2026-08-12 01:22:29,2026-08-12 01:22:37,10.00,,8294,legacy_20260812_000920,historical_frequency,0.10458143,0.10458143,0,1.04,0,1,0.01093728,demo
2026-08-12 01:22:29,2026-08-12 01:22:37,2.00,,8294,legacy_20260812_000920,historical_frequency,0.49832094,0.49832094,0,1.04,0,1,0.24832376,demo
2026-08-12 01:22:29,2026-08-12 01:22:37,3.00,,8294,legacy_20260812_000920,historical_frequency,0.33221396,0.33221396,0,1.04,0,1,0.11036612,demo
2026-08-12 01:22:29,2026-08-12 01:22:37,5.00,,8294,legacy_20260812_000920,historical_frequency,0.20484529,0.20484529,0,1.04,0,1,0.04196159,demo
2026-08-12 01:22:37,2026-08-12 01:22:54,1.50,,8295,legacy_20260812_000920,historical_frequency,0.65847224,0.65847224,1,1.94,1,1,0.11664121,demo
2026-08-12 01:22:37,2026-08-12 01:22:54,10.00,,8295,legacy_20260812_000920,historical_frequency,0.10456889,0.10456889,0,1.94,0,1,0.01093465,demo
2026-08-12 01:22:37,2026-08-12 01:22:54,2.00,,8295,legacy_20260812_000920,historical_frequency,0.49826118,0.49826118,0,1.94,0,1,0.24826421,demo
2026-08-12 01:22:37,2026-08-12 01:22:54,3.00,,8295,legacy_20260812_000920,historical_frequency,0.33217412,0.33217412,0,1.94,0,1,0.11033965,demo
2026-08-12 01:22:37,2026-08-12 01:22:54,5.00,,8295,legacy_20260812_000920,historical_frequency,0.20482072,0.20482072,0,1.94,0,1,0.04195153,demo
2026-08-12 01:22:54,2026-08-12 01:23:04,1.50,,8296,legacy_20260812_000920,historical_frequency,0.65851319,0.65851319,1,1.22,0,0,0.43363962,demo
2026-08-12 01:22:54,2026-08-12 01:23:04,10.00,,8296,legacy_20260812_000920,historical_frequency,0.10455635,0.10455635,0,1.22,0,1,0.01093203,demo
2026-08-12 01:22:54,2026-08-12 01:23:04,2.00,,8296,legacy_20260812_000920,historical_frequency,0.49820144,0.49820144,0,1.22,0,1,0.24820467,demo
2026-08-12 01:22:54,2026-08-12 01:23:04,3.00,,8296,legacy_20260812_000920,historical_frequency,0.33213429,0.33213429,0,1.22,0,1,0.11031319,demo
2026-08-12 01:22:54,2026-08-12 01:23:04,5.00,,8296,legacy_20260812_000920,historical_frequency,0.20479616,0.20479616,0,1.22,0,1,0.04194147,demo
2026-08-12 01:23:04,2026-08-12 01:23:21,1.50,,8297,legacy_20260812_000920,historical_frequency,0.65843424,0.65843424,1,2.05,1,1,0.11666717,demo
2026-08-12 01:23:04,2026-08-12 01:23:21,10.00,,8297,legacy_20260812_000920,historical_frequency,0.10454382,0.10454382,0,2.05,0,1,0.01092941,demo
2026-08-12 01:23:04,2026-08-12 01:23:21,2.00,,8297,legacy_20260812_000920,historical_frequency,0.49814171,0.49814171,0,2.05,1,0,0.25186174,demo
2026-08-12 01:23:04,2026-08-12 01:23:21,3.00,,8297,legacy_20260812_000920,historical_frequency,0.33209447,0.33209447,0,2.05,0,1,0.11028674,demo
2026-08-12 01:23:04,2026-08-12 01:23:21,5.00,,8297,legacy_20260812_000920,historical_frequency,0.20477161,0.20477161,0,2.05,0,1,0.04193141,demo
2026-08-12 01:23:21,2026-08-12 01:23:29,1.50,,8298,legacy_20260812_000920,historical_frequency,0.65847519,0.65847519,1,1.00,0,0,0.43358957,demo
2026-08-12 01:23:21,2026-08-12 01:23:29,10.00,,8298,legacy_20260812_000920,historical_frequency,0.10453129,0.10453129,0,1.00,0,1,0.01092679,demo
2026-08-12 01:23:21,2026-08-12 01:23:29,2.00,,8298,legacy_20260812_000920,historical_frequency,0.49820187,0.49820187,0,1.00,0,1,0.24820510,demo
2026-08-12 01:23:21,2026-08-12 01:23:29,3.00,,8298,legacy_20260812_000920,historical_frequency,0.33205466,0.33205466,0,1.00,0,1,0.11026030,demo
2026-08-12 01:23:21,2026-08-12 01:23:29,5.00,,8298,legacy_20260812_000920,historical_frequency,0.20474706,0.20474706,0,1.00,0,1,0.04192136,demo
2026-08-12 01:23:29,2026-08-12 01:24:10,1.50,,8299,legacy_20260812_000920,historical_frequency,0.65839626,0.65839626,1,15.54,1,1,0.11669311,demo
2026-08-12 01:23:29,2026-08-12 01:24:10,10.00,,8299,legacy_20260812_000920,historical_frequency,0.10451876,0.10451876,0,15.54,1,0,0.80188665,demo
2026-08-12 01:23:29,2026-08-12 01:24:10,2.00,,8299,legacy_20260812_000920,historical_frequency,0.49814216,0.49814216,0,15.54,1,0,0.25186130,demo
2026-08-12 01:23:29,2026-08-12 01:24:10,3.00,,8299,legacy_20260812_000920,historical_frequency,0.33201486,0.33201486,0,15.54,1,0,0.44620414,demo
2026-08-12 01:23:29,2026-08-12 01:24:10,5.00,,8299,legacy_20260812_000920,historical_frequency,0.20472252,0.20472252,0,15.54,1,0,0.63246627,demo
2026-08-12 01:24:10,2026-08-12 01:24:21,1.50,,8300,legacy_20260812_000920,historical_frequency,0.65843720,0.65843720,1,1.30,0,0,0.43353955,demo
2026-08-12 01:24:10,2026-08-12 01:24:21,10.00,,8300,legacy_20260812_000920,historical_frequency,0.10462608,0.10462608,0,1.30,0,1,0.01094662,demo
2026-08-12 01:24:10,2026-08-12 01:24:21,2.00,,8300,legacy_20260812_000920,historical_frequency,0.49820230,0.49820230,0,1.30,0,1,0.24820553,demo
2026-08-12 01:24:10,2026-08-12 01:24:21,3.00,,8300,legacy_20260812_000920,historical_frequency,0.33209492,0.33209492,0,1.30,0,1,0.11028703,demo
2026-08-12 01:24:10,2026-08-12 01:24:21,5.00,,8300,legacy_20260812_000920,historical_frequency,0.20481783,0.20481783,0,1.30,0,1,0.04195034,demo
2026-08-12 01:24:21,2026-08-12 01:24:39,1.50,,8301,legacy_20260812_000920,historical_frequency,0.65835830,0.65835830,1,2.29,1,1,0.11671905,demo
2026-08-12 01:24:21,2026-08-12 01:24:39,10.00,,8301,legacy_20260812_000920,historical_frequency,0.10461354,0.10461354,0,2.29,0,1,0.01094399,demo
2026-08-12 01:24:21,2026-08-12 01:24:39,2.00,,8301,legacy_20260812_000920,historical_frequency,0.49814260,0.49814260,0,2.29,1,0,0.25186085,demo
2026-08-12 01:24:21,2026-08-12 01:24:39,3.00,,8301,legacy_20260812_000920,historical_frequency,0.33205512,0.33205512,0,2.29,0,1,0.11026060,demo
2026-08-12 01:24:21,2026-08-12 01:24:39,5.00,,8301,legacy_20260812_000920,historical_frequency,0.20479329,0.20479329,0,2.29,0,1,0.04194029,demo
2026-08-12 01:24:39,2026-08-12 01:24:53,1.50,,8302,legacy_20260812_000920,historical_frequency,0.65839923,0.65839923,1,1.64,1,1,0.11669108,demo
2026-08-12 01:24:39,2026-08-12 01:24:53,10.00,,8302,legacy_20260812_000920,historical_frequency,0.10460101,0.10460101,0,1.64,0,1,0.01094137,demo
2026-08-12 01:24:39,2026-08-12 01:24:53,2.00,,8302,legacy_20260812_000920,historical_frequency,0.49820273,0.49820273,0,1.64,0,1,0.24820596,demo
2026-08-12 01:24:39,2026-08-12 01:24:53,3.00,,8302,legacy_20260812_000920,historical_frequency,0.33201534,0.33201534,0,1.64,0,1,0.11023418,demo
2026-08-12 01:24:39,2026-08-12 01:24:53,5.00,,8302,legacy_20260812_000920,historical_frequency,0.20476875,0.20476875,0,1.64,0,1,0.04193024,demo
2026-08-12 01:24:53,2026-08-12 01:25:10,1.50,,8303,legacy_20260812_000920,historical_frequency,0.65844016,0.65844016,1,2.07,1,1,0.11666313,demo
2026-08-12 01:24:53,2026-08-12 01:25:10,10.00,,8303,legacy_20260812_000920,historical_frequency,0.10458847,0.10458847,0,2.07,0,1,0.01093875,demo
2026-08-12 01:24:53,2026-08-12 01:25:10,2.00,,8303,legacy_20260812_000920,historical_frequency,0.49814305,0.49814305,0,2.07,1,0,0.25186040,demo
2026-08-12 01:24:53,2026-08-12 01:25:10,3.00,,8303,legacy_20260812_000920,historical_frequency,0.33197556,0.33197556,0,2.07,0,1,0.11020777,demo
2026-08-12 01:24:53,2026-08-12 01:25:10,5.00,,8303,legacy_20260812_000920,historical_frequency,0.20474422,0.20474422,0,2.07,0,1,0.04192020,demo
2026-08-12 01:25:10,2026-08-12 01:25:18,1.50,,8304,legacy_20260812_000920,historical_frequency,0.65848107,0.65848107,1,1.06,0,0,0.43359732,demo
2026-08-12 01:25:10,2026-08-12 01:25:18,10.00,,8304,legacy_20260812_000920,historical_frequency,0.10457595,0.10457595,0,1.06,0,1,0.01093613,demo
2026-08-12 01:25:10,2026-08-12 01:25:18,2.00,,8304,legacy_20260812_000920,historical_frequency,0.49820316,0.49820316,0,1.06,0,1,0.24820639,demo
2026-08-12 01:25:10,2026-08-12 01:25:18,3.00,,8304,legacy_20260812_000920,historical_frequency,0.33193579,0.33193579,0,1.06,0,1,0.11018137,demo
2026-08-12 01:25:10,2026-08-12 01:25:18,5.00,,8304,legacy_20260812_000920,historical_frequency,0.20471969,0.20471969,0,1.06,0,1,0.04191015,demo
2026-08-12 01:25:18,2026-08-12 01:25:28,1.50,,8305,legacy_20260812_000920,historical_frequency,0.65840220,0.65840220,1,1.16,0,0,0.43349346,demo
2026-08-12 01:25:18,2026-08-12 01:25:28,10.00,,8305,legacy_20260812_000920,historical_frequency,0.10456342,0.10456342,0,1.16,0,1,0.01093351,demo
2026-08-12 01:25:18,2026-08-12 01:25:28,2.00,,8305,legacy_20260812_000920,historical_frequency,0.49814349,0.49814349,0,1.16,0,1,0.24814694,demo
2026-08-12 01:25:18,2026-08-12 01:25:28,3.00,,8305,legacy_20260812_000920,historical_frequency,0.33189604,0.33189604,0,1.16,0,1,0.11015498,demo
2026-08-12 01:25:18,2026-08-12 01:25:28,5.00,,8305,legacy_20260812_000920,historical_frequency,0.20469517,0.20469517,0,1.16,0,1,0.04190011,demo
2026-08-12 01:25:28,2026-08-12 01:25:40,1.50,,8306,legacy_20260812_000920,historical_frequency,0.65832335,0.65832335,1,1.41,0,0,0.43338964,demo
2026-08-12 01:25:28,2026-08-12 01:25:40,10.00,,8306,legacy_20260812_000920,historical_frequency,0.10455090,0.10455090,0,1.41,0,1,0.01093089,demo
2026-08-12 01:25:28,2026-08-12 01:25:40,2.00,,8306,legacy_20260812_000920,historical_frequency,0.49808383,0.49808383,0,1.41,0,1,0.24808750,demo
2026-08-12 01:25:28,2026-08-12 01:25:40,3.00,,8306,legacy_20260812_000920,historical_frequency,0.33185629,0.33185629,0,1.41,0,1,0.11012860,demo
2026-08-12 01:25:28,2026-08-12 01:25:40,5.00,,8306,legacy_20260812_000920,historical_frequency,0.20467066,0.20467066,0,1.41,0,1,0.04189008,demo
2026-08-12 01:25:40,2026-08-12 01:25:53,1.50,,8307,legacy_20260812_000920,historical_frequency,0.65824452,0.65824452,1,1.49,0,0,0.43328585,demo
2026-08-12 01:25:40,2026-08-12 01:25:53,10.00,,8307,legacy_20260812_000920,historical_frequency,0.10453838,0.10453838,0,1.49,0,1,0.01092827,demo
2026-08-12 01:25:40,2026-08-12 01:25:53,2.00,,8307,legacy_20260812_000920,historical_frequency,0.49802419,0.49802419,0,1.49,0,1,0.24802809,demo
2026-08-12 01:25:40,2026-08-12 01:25:53,3.00,,8307,legacy_20260812_000920,historical_frequency,0.33181655,0.33181655,0,1.49,0,1,0.11010222,demo
2026-08-12 01:25:40,2026-08-12 01:25:53,5.00,,8307,legacy_20260812_000920,historical_frequency,0.20464615,0.20464615,0,1.49,0,1,0.04188005,demo
2026-08-12 01:25:53,2026-08-12 01:26:07,1.50,,8308,legacy_20260812_000920,historical_frequency,0.65816571,0.65816571,1,1.72,1,1,0.11685068,demo
2026-08-12 01:25:53,2026-08-12 01:26:07,10.00,,8308,legacy_20260812_000920,historical_frequency,0.10452586,0.10452586,0,1.72,0,1,0.01092566,demo
2026-08-12 01:25:53,2026-08-12 01:26:07,2.00,,8308,legacy_20260812_000920,historical_frequency,0.49796456,0.49796456,0,1.72,0,1,0.24796870,demo
2026-08-12 01:25:53,2026-08-12 01:26:07,3.00,,8308,legacy_20260812_000920,historical_frequency,0.33177682,0.33177682,0,1.72,0,1,0.11007586,demo
2026-08-12 01:25:53,2026-08-12 01:26:07,5.00,,8308,legacy_20260812_000920,historical_frequency,0.20462165,0.20462165,0,1.72,0,1,0.04187002,demo
2026-08-12 01:26:07,2026-08-12 01:27:00,1.50,,8309,legacy_20260812_000920,historical_frequency,0.65820663,0.65820663,1,39.87,1,1,0.11682271,demo
2026-08-12 01:26:07,2026-08-12 01:27:00,10.00,,8309,legacy_20260812_000920,historical_frequency,0.10451335,0.10451335,0,39.87,1,0,0.80189634,demo
2026-08-12 01:26:07,2026-08-12 01:27:00,2.00,,8309,legacy_20260812_000920,historical_frequency,0.49790494,0.49790494,0,39.87,1,0,0.25209944,demo
2026-08-12 01:26:07,2026-08-12 01:27:00,3.00,,8309,legacy_20260812_000920,historical_frequency,0.33173710,0.33173710,0,39.87,1,0,0.44657530,demo
2026-08-12 01:26:07,2026-08-12 01:27:00,5.00,,8309,legacy_20260812_000920,historical_frequency,0.20459715,0.20459715,0,39.87,1,0,0.63266569,demo
2026-08-12 01:27:00,2026-08-12 01:27:09,1.50,,8310,legacy_20260812_000920,historical_frequency,0.65824755,0.65824755,1,1.11,0,0,0.43328983,demo
2026-08-12 01:27:00,2026-08-12 01:27:09,10.00,,8310,legacy_20260812_000920,historical_frequency,0.10462054,0.10462054,0,1.11,0,1,0.01094546,demo
2026-08-12 01:27:00,2026-08-12 01:27:09,2.00,,8310,legacy_20260812_000920,historical_frequency,0.49796505,0.49796505,0,1.11,0,1,0.24796919,demo
2026-08-12 01:27:00,2026-08-12 01:27:09,3.00,,8310,legacy_20260812_000920,historical_frequency,0.33181709,0.33181709,0,1.11,0,1,0.11010258,demo
2026-08-12 01:27:00,2026-08-12 01:27:09,5.00,,8310,legacy_20260812_000920,historical_frequency,0.20469236,0.20469236,0,1.11,0,1,0.04189896,demo
2026-08-12 01:27:09,2026-08-12 01:27:30,1.50,,8311,legacy_20260812_000920,historical_frequency,0.65816876,0.65816876,1,3.00,1,1,0.11684860,demo
2026-08-12 01:27:09,2026-08-12 01:27:30,10.00,,8311,legacy_20260812_000920,historical_frequency,0.10460802,0.10460802,0,3.00,0,1,0.01094284,demo
2026-08-12 01:27:09,2026-08-12 01:27:30,2.00,,8311,legacy_20260812_000920,historical_frequency,0.49790545,0.49790545,0,3.00,1,0,0.25209894,demo
2026-08-12 01:27:09,2026-08-12 01:27:30,3.00,,8311,legacy_20260812_000920,historical_frequency,0.33177738,0.33177738,0,3.00,1,0,0.44652147,demo
2026-08-12 01:27:09,2026-08-12 01:27:30,5.00,,8311,legacy_20260812_000920,historical_frequency,0.20466786,0.20466786,0,3.00,0,1,0.04188893,demo
2026-08-12 01:27:30,2026-08-12 01:27:43,1.50,,8312,legacy_20260812_000920,historical_frequency,0.65820967,0.65820967,1,1.49,0,0,0.43323997,demo
2026-08-12 01:27:30,2026-08-12 01:27:43,10.00,,8312,legacy_20260812_000920,historical_frequency,0.10459550,0.10459550,0,1.49,0,1,0.01094022,demo
2026-08-12 01:27:30,2026-08-12 01:27:43,2.00,,8312,legacy_20260812_000920,historical_frequency,0.49796553,0.49796553,0,1.49,0,1,0.24796967,demo
2026-08-12 01:27:30,2026-08-12 01:27:43,3.00,,8312,legacy_20260812_000920,historical_frequency,0.33185735,0.33185735,0,1.49,0,1,0.11012930,demo
2026-08-12 01:27:30,2026-08-12 01:27:43,5.00,,8312,legacy_20260812_000920,historical_frequency,0.20464337,0.20464337,0,1.49,0,1,0.04187891,demo
2026-08-12 01:27:43,2026-08-12 01:27:51,1.50,,8313,legacy_20260812_000920,historical_frequency,0.65813091,0.65813091,1,1.00,0,0,0.43313629,demo
2026-08-12 01:27:43,2026-08-12 01:27:51,10.00,,8313,legacy_20260812_000920,historical_frequency,0.10458298,0.10458298,0,1.00,0,1,0.01093760,demo
2026-08-12 01:27:43,2026-08-12 01:27:51,2.00,,8313,legacy_20260812_000920,historical_frequency,0.49790595,0.49790595,0,1.00,0,1,0.24791033,demo
2026-08-12 01:27:43,2026-08-12 01:27:51,3.00,,8313,legacy_20260812_000920,historical_frequency,0.33181764,0.33181764,0,1.00,0,1,0.11010294,demo
2026-08-12 01:27:43,2026-08-12 01:27:51,5.00,,8313,legacy_20260812_000920,historical_frequency,0.20461888,0.20461888,0,1.00,0,1,0.04186889,demo
2026-08-12 01:27:51,2026-08-12 01:28:01,1.50,,8314,legacy_20260812_000920,historical_frequency,0.65805217,0.65805217,1,1.15,0,0,0.43303265,demo
2026-08-12 01:27:51,2026-08-12 01:28:01,10.00,,8314,legacy_20260812_000920,historical_frequency,0.10457047,0.10457047,0,1.15,0,1,0.01093498,demo
2026-08-12 01:27:51,2026-08-12 01:28:01,2.00,,8314,legacy_20260812_000920,historical_frequency,0.49784637,0.49784637,0,1.15,0,1,0.24785101,demo
2026-08-12 01:27:51,2026-08-12 01:28:01,3.00,,8314,legacy_20260812_000920,historical_frequency,0.33177794,0.33177794,0,1.15,0,1,0.11007660,demo
2026-08-12 01:27:51,2026-08-12 01:28:01,5.00,,8314,legacy_20260812_000920,historical_frequency,0.20459440,0.20459440,0,1.15,0,1,0.04185887,demo
2026-08-12 01:28:01,2026-08-12 01:28:39,1.50,,8315,legacy_20260812_000920,historical_frequency,0.65797344,0.65797344,1,11.95,1,1,0.11698217,demo
2026-08-12 01:28:01,2026-08-12 01:28:39,10.00,,8315,legacy_20260812_000920,historical_frequency,0.10455796,0.10455796,0,11.95,1,0,0.80181644,demo
2026-08-12 01:28:01,2026-08-12 01:28:39,2.00,,8315,legacy_20260812_000920,historical_frequency,0.49778682,0.49778682,0,11.95,1,0,0.25221808,demo
2026-08-12 01:28:01,2026-08-12 01:28:39,3.00,,8315,legacy_20260812_000920,historical_frequency,0.33173825,0.33173825,0,11.95,1,0,0.44657377,demo
2026-08-12 01:28:01,2026-08-12 01:28:39,5.00,,8315,legacy_20260812_000920,historical_frequency,0.20456992,0.20456992,0,11.95,1,0,0.63270900,demo
2026-08-12 01:28:39,2026-08-12 01:29:00,1.50,,8316,legacy_20260812_000920,historical_frequency,0.65801435,0.65801435,1,2.84,1,1,0.11695418,demo
2026-08-12 01:28:39,2026-08-12 01:29:00,10.00,,8316,legacy_20260812_000920,historical_frequency,0.10466507,0.10466507,0,2.84,0,1,0.01095478,demo
2026-08-12 01:28:39,2026-08-12 01:29:00,2.00,,8316,legacy_20260812_000920,historical_frequency,0.49784689,0.49784689,0,2.84,1,0,0.25215775,demo
2026-08-12 01:28:39,2026-08-12 01:29:00,3.00,,8316,legacy_20260812_000920,historical_frequency,0.33181818,0.33181818,0,2.84,0,1,0.11010331,demo
2026-08-12 01:28:39,2026-08-12 01:29:00,5.00,,8316,legacy_20260812_000920,historical_frequency,0.20466507,0.20466507,0,2.84,0,1,0.04188779,demo
2026-08-12 01:29:00,2026-08-12 01:29:21,1.50,,8317,legacy_20260812_000920,historical_frequency,0.65805526,0.65805526,1,2.77,1,1,0.11692621,demo
2026-08-12 01:29:00,2026-08-12 01:29:21,10.00,,8317,legacy_20260812_000920,historical_frequency,0.10465255,0.10465255,0,2.77,0,1,0.01095216,demo
2026-08-12 01:29:00,2026-08-12 01:29:21,2.00,,8317,legacy_20260812_000920,historical_frequency,0.49790695,0.49790695,0,2.77,1,0,0.25209743,demo
2026-08-12 01:29:00,2026-08-12 01:29:21,3.00,,8317,legacy_20260812_000920,historical_frequency,0.33177850,0.33177850,0,2.77,0,1,0.11007697,demo
2026-08-12 01:29:00,2026-08-12 01:29:21,5.00,,8317,legacy_20260812_000920,historical_frequency,0.20464059,0.20464059,0,2.77,0,1,0.04187777,demo
2026-08-12 01:29:21,2026-08-12 01:29:29,1.50,,8318,legacy_20260812_000920,historical_frequency,0.65809615,0.65809615,1,1.10,0,0,0.43309054,demo
2026-08-12 01:29:21,2026-08-12 01:29:29,10.00,,8318,legacy_20260812_000920,historical_frequency,0.10464004,0.10464004,0,1.10,0,1,0.01094954,demo
2026-08-12 01:29:21,2026-08-12 01:29:29,2.00,,8318,legacy_20260812_000920,historical_frequency,0.49796699,0.49796699,0,1.10,0,1,0.24797113,demo
2026-08-12 01:29:21,2026-08-12 01:29:29,3.00,,8318,legacy_20260812_000920,historical_frequency,0.33173882,0.33173882,0,1.10,0,1,0.11005064,demo
2026-08-12 01:29:21,2026-08-12 01:29:29,5.00,,8318,legacy_20260812_000920,historical_frequency,0.20461612,0.20461612,0,1.10,0,1,0.04186776,demo
2026-08-12 01:29:29,2026-08-12 01:30:05,1.50,,8319,legacy_20260812_000920,historical_frequency,0.65801746,0.65801746,1,11.03,1,1,0.11695206,demo
2026-08-12 01:29:29,2026-08-12 01:30:05,10.00,,8319,legacy_20260812_000920,historical_frequency,0.10462753,0.10462753,0,11.03,1,0,0.80169187,demo
2026-08-12 01:29:29,2026-08-12 01:30:05,2.00,,8319,legacy_20260812_000920,historical_frequency,0.49790745,0.49790745,0,11.03,1,0,0.25209693,demo
2026-08-12 01:29:29,2026-08-12 01:30:05,3.00,,8319,legacy_20260812_000920,historical_frequency,0.33169915,0.33169915,0,11.03,1,0,0.44662602,demo
2026-08-12 01:29:29,2026-08-12 01:30:05,5.00,,8319,legacy_20260812_000920,historical_frequency,0.20459165,0.20459165,0,11.03,1,0,0.63267444,demo
2026-08-12 01:30:05,2026-08-12 01:30:16,1.50,,8320,legacy_20260812_000920,historical_frequency,0.65805835,0.65805835,1,1.21,0,0,0.43304079,demo
2026-08-12 01:30:05,2026-08-12 01:30:16,10.00,,8320,legacy_20260812_000920,historical_frequency,0.10473458,0.10473458,0,1.21,0,1,0.01096933,demo
2026-08-12 01:30:05,2026-08-12 01:30:16,2.00,,8320,legacy_20260812_000920,historical_frequency,0.49796748,0.49796748,0,1.21,0,1,0.24797161,demo
2026-08-12 01:30:05,2026-08-12 01:30:16,3.00,,8320,legacy_20260812_000920,historical_frequency,0.33177905,0.33177905,0,1.21,0,1,0.11007734,demo
2026-08-12 01:30:05,2026-08-12 01:30:16,5.00,,8320,legacy_20260812_000920,historical_frequency,0.20468675,0.20468675,0,1.21,0,1,0.04189667,demo
2026-08-12 01:30:16,2026-08-12 01:30:28,1.50,,8321,legacy_20260812_000920,historical_frequency,0.65797968,0.65797968,1,1.33,0,0,0.43293726,demo
2026-08-12 01:30:16,2026-08-12 01:30:28,10.00,,8321,legacy_20260812_000920,historical_frequency,0.10472206,0.10472206,0,1.33,0,1,0.01096671,demo
2026-08-12 01:30:16,2026-08-12 01:30:28,2.00,,8321,legacy_20260812_000920,historical_frequency,0.49790795,0.49790795,0,1.33,0,1,0.24791233,demo
2026-08-12 01:30:16,2026-08-12 01:30:28,3.00,,8321,legacy_20260812_000920,historical_frequency,0.33173939,0.33173939,0,1.33,0,1,0.11005102,demo
2026-08-12 01:30:16,2026-08-12 01:30:28,5.00,,8321,legacy_20260812_000920,historical_frequency,0.20466228,0.20466228,0,1.33,0,1,0.04188665,demo
2026-08-12 01:30:28,2026-08-12 01:30:46,1.50,,8322,legacy_20260812_000920,historical_frequency,0.65790103,0.65790103,1,2.39,1,1,0.11703171,demo
2026-08-12 01:30:28,2026-08-12 01:30:46,10.00,,8322,legacy_20260812_000920,historical_frequency,0.10470954,0.10470954,0,2.39,0,1,0.01096409,demo
2026-08-12 01:30:28,2026-08-12 01:30:46,2.00,,8322,legacy_20260812_000920,historical_frequency,0.49784843,0.49784843,0,2.39,1,0,0.25215620,demo
2026-08-12 01:30:28,2026-08-12 01:30:46,3.00,,8322,legacy_20260812_000920,historical_frequency,0.33169974,0.33169974,0,2.39,0,1,0.11002472,demo
2026-08-12 01:30:28,2026-08-12 01:30:46,5.00,,8322,legacy_20260812_000920,historical_frequency,0.20463782,0.20463782,0,2.39,0,1,0.04187664,demo
2026-08-12 01:30:46,2026-08-12 01:31:06,1.50,,8323,legacy_20260812_000920,historical_frequency,0.65794191,0.65794191,1,2.72,1,1,0.11700373,demo
2026-08-12 01:30:46,2026-08-12 01:31:06,10.00,,8323,legacy_20260812_000920,historical_frequency,0.10469702,0.10469702,0,2.72,0,1,0.01096147,demo
2026-08-12 01:30:46,2026-08-12 01:31:06,2.00,,8323,legacy_20260812_000920,historical_frequency,0.49790845,0.49790845,0,2.72,1,0,0.25209592,demo
2026-08-12 01:30:46,2026-08-12 01:31:06,3.00,,8323,legacy_20260812_000920,historical_frequency,0.33166009,0.33166009,0,2.72,0,1,0.10999842,demo
2026-08-12 01:30:46,2026-08-12 01:31:06,5.00,,8323,legacy_20260812_000920,historical_frequency,0.20461336,0.20461336,0,2.72,0,1,0.04186663,demo
2026-08-12 01:31:06,2026-08-12 01:31:18,1.50,,8324,legacy_20260812_000920,historical_frequency,0.65798279,0.65798279,1,1.39,0,0,0.43294135,demo
2026-08-12 01:31:06,2026-08-12 01:31:18,10.00,,8324,legacy_20260812_000920,historical_frequency,0.10468451,0.10468451,0,1.39,0,1,0.01095885,demo
2026-08-12 01:31:06,2026-08-12 01:31:18,2.00,,8324,legacy_20260812_000920,historical_frequency,0.49796845,0.49796845,0,1.39,0,1,0.24797258,demo
2026-08-12 01:31:06,2026-08-12 01:31:18,3.00,,8324,legacy_20260812_000920,historical_frequency,0.33162046,0.33162046,0,1.39,0,1,0.10997213,demo
2026-08-12 01:31:06,2026-08-12 01:31:18,5.00,,8324,legacy_20260812_000920,historical_frequency,0.20458891,0.20458891,0,1.39,0,1,0.04185662,demo
2026-08-12 01:31:18,2026-08-12 01:31:46,1.50,,8325,legacy_20260812_000920,historical_frequency,0.65790417,0.65790417,1,5.11,1,1,0.11702956,demo
2026-08-12 01:31:18,2026-08-12 01:31:46,10.00,,8325,legacy_20260812_000920,historical_frequency,0.10467200,0.10467200,0,5.11,0,1,0.01095623,demo
2026-08-12 01:31:18,2026-08-12 01:31:46,2.00,,8325,legacy_20260812_000920,historical_frequency,0.49790895,0.49790895,0,5.11,1,0,0.25209542,demo
2026-08-12 01:31:18,2026-08-12 01:31:46,3.00,,8325,legacy_20260812_000920,historical_frequency,0.33158083,0.33158083,0,5.11,1,0,0.44678418,demo
2026-08-12 01:31:18,2026-08-12 01:31:46,5.00,,8325,legacy_20260812_000920,historical_frequency,0.20456446,0.20456446,0,5.11,1,0,0.63271769,demo
2026-08-12 01:31:46,2026-08-12 01:31:54,1.50,,8326,legacy_20260812_000920,historical_frequency,0.65794504,0.65794504,1,1.00,0,0,0.43289168,demo
2026-08-12 01:31:46,2026-08-12 01:31:54,10.00,,8326,legacy_20260812_000920,historical_frequency,0.10465950,0.10465950,0,1.00,0,1,0.01095361,demo
2026-08-12 01:31:46,2026-08-12 01:31:54,2.00,,8326,legacy_20260812_000920,historical_frequency,0.49796894,0.49796894,0,1.00,0,1,0.24797306,demo
2026-08-12 01:31:46,2026-08-12 01:31:54,3.00,,8326,legacy_20260812_000920,historical_frequency,0.33166069,0.33166069,0,1.00,0,1,0.10999882,demo
2026-08-12 01:31:46,2026-08-12 01:31:54,5.00,,8326,legacy_20260812_000920,historical_frequency,0.20465950,0.20465950,0,1.00,0,1,0.04188551,demo
2026-08-12 01:31:54,2026-08-12 01:32:02,1.50,,8327,legacy_20260812_000920,historical_frequency,0.65786644,0.65786644,1,1.08,0,0,0.43278826,demo
2026-08-12 01:31:54,2026-08-12 01:32:02,10.00,,8327,legacy_20260812_000920,historical_frequency,0.10464700,0.10464700,0,1.08,0,1,0.01095099,demo
2026-08-12 01:31:54,2026-08-12 01:32:02,2.00,,8327,legacy_20260812_000920,historical_frequency,0.49790945,0.49790945,0,1.08,0,1,0.24791382,demo
2026-08-12 01:31:54,2026-08-12 01:32:02,3.00,,8327,legacy_20260812_000920,historical_frequency,0.33162107,0.33162107,0,1.08,0,1,0.10997254,demo
2026-08-12 01:31:54,2026-08-12 01:32:02,5.00,,8327,legacy_20260812_000920,historical_frequency,0.20463505,0.20463505,0,1.08,0,1,0.04187550,demo
2026-08-12 01:32:02,2026-08-12 01:32:12,1.50,,8328,legacy_20260812_000920,historical_frequency,0.65778786,0.65778786,1,1.11,0,0,0.43268487,demo
2026-08-12 01:32:02,2026-08-12 01:32:12,10.00,,8328,legacy_20260812_000920,historical_frequency,0.10463450,0.10463450,0,1.11,0,1,0.01094838,demo
2026-08-12 01:32:02,2026-08-12 01:32:12,2.00,,8328,legacy_20260812_000920,historical_frequency,0.49784998,0.49784998,0,1.11,0,1,0.24785460,demo
2026-08-12 01:32:02,2026-08-12 01:32:12,3.00,,8328,legacy_20260812_000920,historical_frequency,0.33158146,0.33158146,0,1.11,0,1,0.10994627,demo
2026-08-12 01:32:02,2026-08-12 01:32:12,5.00,,8328,legacy_20260812_000920,historical_frequency,0.20461061,0.20461061,0,1.11,0,1,0.04186550,demo
2026-08-12 01:32:12,2026-08-12 01:32:26,1.50,,8329,legacy_20260812_000920,historical_frequency,0.65770930,0.65770930,1,1.74,1,1,0.11716292,demo
2026-08-12 01:32:12,2026-08-12 01:32:26,10.00,,8329,legacy_20260812_000920,historical_frequency,0.10462200,0.10462200,0,1.74,0,1,0.01094576,demo
2026-08-12 01:32:12,2026-08-12 01:32:26,2.00,,8329,legacy_20260812_000920,historical_frequency,0.49779052,0.49779052,0,1.74,0,1,0.24779540,demo
2026-08-12 01:32:12,2026-08-12 01:32:26,3.00,,8329,legacy_20260812_000920,historical_frequency,0.33154186,0.33154186,0,1.74,0,1,0.10992001,demo
2026-08-12 01:32:12,2026-08-12 01:32:26,5.00,,8329,legacy_20260812_000920,historical_frequency,0.20458617,0.20458617,0,1.74,0,1,0.04185550,demo
2026-08-12 01:32:26,2026-08-12 01:32:45,1.50,,8330,legacy_20260812_000920,historical_frequency,0.65775018,0.65775018,1,2.33,1,1,0.11713494,demo
2026-08-12 01:32:26,2026-08-12 01:32:45,10.00,,8330,legacy_20260812_000920,historical_frequency,0.10460951,0.10460951,0,2.33,0,1,0.01094315,demo
2026-08-12 01:32:26,2026-08-12 01:32:45,2.00,,8330,legacy_20260812_000920,historical_frequency,0.49773107,0.49773107,0,2.33,1,0,0.25227408,demo
2026-08-12 01:32:26,2026-08-12 01:32:45,3.00,,8330,legacy_20260812_000920,historical_frequency,0.33150227,0.33150227,0,2.33,0,1,0.10989375,demo
2026-08-12 01:32:26,2026-08-12 01:32:45,5.00,,8330,legacy_20260812_000920,historical_frequency,0.20456174,0.20456174,0,2.33,0,1,0.04184550,demo
2026-08-12 01:32:45,2026-08-12 01:33:39,1.50,,8331,legacy_20260812_000920,historical_frequency,0.65779104,0.65779104,1,47.24,1,1,0.11710697,demo
2026-08-12 01:32:45,2026-08-12 01:33:39,10.00,,8331,legacy_20260812_000920,historical_frequency,0.10459701,0.10459701,0,47.24,1,0,0.80174651,demo
2026-08-12 01:32:45,2026-08-12 01:33:39,2.00,,8331,legacy_20260812_000920,historical_frequency,0.49779104,0.49779104,0,47.24,1,0,0.25221383,demo
2026-08-12 01:32:45,2026-08-12 01:33:39,3.00,,8331,legacy_20260812_000920,historical_frequency,0.33146269,0.33146269,0,47.24,1,0,0.44694214,demo
2026-08-12 01:32:45,2026-08-12 01:33:39,5.00,,8331,legacy_20260812_000920,historical_frequency,0.20453731,0.20453731,0,47.24,1,0,0.63276089,demo
2026-08-12 01:33:39,2026-08-12 01:33:56,1.50,,8332,legacy_20260812_000920,historical_frequency,0.65783190,0.65783190,1,2.09,1,1,0.11707901,demo
2026-08-12 01:33:39,2026-08-12 01:33:56,10.00,,8332,legacy_20260812_000920,historical_frequency,0.10470392,0.10470392,0,2.09,0,1,0.01096291,demo
2026-08-12 01:33:39,2026-08-12 01:33:56,2.00,,8332,legacy_20260812_000920,historical_frequency,0.49785100,0.49785100,0,2.09,1,0,0.25215362,demo
2026-08-12 01:33:39,2026-08-12 01:33:56,3.00,,8332,legacy_20260812_000920,historical_frequency,0.33154250,0.33154250,0,2.09,0,1,0.10992043,demo
2026-08-12 01:33:39,2026-08-12 01:33:56,5.00,,8332,legacy_20260812_000920,historical_frequency,0.20463228,0.20463228,0,2.09,0,1,0.04187437,demo
2026-08-12 01:33:56,2026-08-12 01:34:31,1.50,,8333,legacy_20260812_000920,historical_frequency,0.65787275,0.65787275,1,8.02,1,1,0.11705106,demo
2026-08-12 01:33:56,2026-08-12 01:34:31,10.00,,8333,legacy_20260812_000920,historical_frequency,0.10469142,0.10469142,0,8.02,0,1,0.01096029,demo
2026-08-12 01:33:56,2026-08-12 01:34:31,2.00,,8333,legacy_20260812_000920,historical_frequency,0.49791095,0.49791095,0,8.02,1,0,0.25209342,demo
2026-08-12 01:33:56,2026-08-12 01:34:31,3.00,,8333,legacy_20260812_000920,historical_frequency,0.33150292,0.33150292,0,8.02,1,0,0.44688834,demo
2026-08-12 01:33:56,2026-08-12 01:34:31,5.00,,8333,legacy_20260812_000920,historical_frequency,0.20460785,0.20460785,0,8.02,1,0,0.63264866,demo
2026-08-12 01:34:31,2026-08-12 01:34:44,1.50,,8334,legacy_20260812_000920,historical_frequency,0.65791358,0.65791358,1,1.73,1,1,0.11702312,demo
2026-08-12 01:34:31,2026-08-12 01:34:44,10.00,,8334,legacy_20260812_000920,historical_frequency,0.10467892,0.10467892,0,1.73,0,1,0.01095768,demo
2026-08-12 01:34:31,2026-08-12 01:34:44,2.00,,8334,legacy_20260812_000920,historical_frequency,0.49797088,0.49797088,0,1.73,0,1,0.24797499,demo
2026-08-12 01:34:31,2026-08-12 01:34:44,3.00,,8334,legacy_20260812_000920,historical_frequency,0.33158272,0.33158272,0,1.73,0,1,0.10994710,demo
2026-08-12 01:34:31,2026-08-12 01:34:44,5.00,,8334,legacy_20260812_000920,historical_frequency,0.20470279,0.20470279,0,1.73,0,1,0.04190323,demo
2026-08-12 01:34:44,2026-08-12 01:35:14,1.50,,8335,legacy_20260812_000920,historical_frequency,0.65795441,0.65795441,1,6.23,1,1,0.11699519,demo
2026-08-12 01:34:44,2026-08-12 01:35:14,10.00,,8335,legacy_20260812_000920,historical_frequency,0.10466643,0.10466643,0,6.23,0,1,0.01095506,demo
2026-08-12 01:34:44,2026-08-12 01:35:14,2.00,,8335,legacy_20260812_000920,historical_frequency,0.49791145,0.49791145,0,6.23,1,0,0.25209292,demo
2026-08-12 01:34:44,2026-08-12 01:35:14,3.00,,8335,legacy_20260812_000920,historical_frequency,0.33154314,0.33154314,0,6.23,1,0,0.44683457,demo
2026-08-12 01:34:44,2026-08-12 01:35:14,5.00,,8335,legacy_20260812_000920,historical_frequency,0.20467836,0.20467836,0,6.23,1,0,0.63253651,demo
2026-08-12 01:35:14,2026-08-12 01:35:26,1.50,,8336,legacy_20260812_000920,historical_frequency,0.65799523,0.65799523,1,1.49,0,0,0.43295772,demo
2026-08-12 01:35:14,2026-08-12 01:35:26,10.00,,8336,legacy_20260812_000920,historical_frequency,0.10465394,0.10465394,0,1.49,0,1,0.01095245,demo
2026-08-12 01:35:14,2026-08-12 01:35:26,2.00,,8336,legacy_20260812_000920,historical_frequency,0.49797136,0.49797136,0,1.49,0,1,0.24797548,demo
2026-08-12 01:35:14,2026-08-12 01:35:26,3.00,,8336,legacy_20260812_000920,historical_frequency,0.33162291,0.33162291,0,1.49,0,1,0.10997376,demo
2026-08-12 01:35:14,2026-08-12 01:35:26,5.00,,8336,legacy_20260812_000920,historical_frequency,0.20477327,0.20477327,0,1.49,0,1,0.04193209,demo
2026-08-12 01:35:26,2026-08-12 01:35:35,1.50,,8337,legacy_20260812_000920,historical_frequency,0.65791672,0.65791672,1,1.05,0,0,0.43285441,demo
2026-08-12 01:35:26,2026-08-12 01:35:35,10.00,,8337,legacy_20260812_000920,historical_frequency,0.10464145,0.10464145,0,1.05,0,1,0.01094983,demo
2026-08-12 01:35:26,2026-08-12 01:35:35,2.00,,8337,legacy_20260812_000920,historical_frequency,0.49791194,0.49791194,0,1.05,0,1,0.24791630,demo
2026-08-12 01:35:26,2026-08-12 01:35:35,3.00,,8337,legacy_20260812_000920,historical_frequency,0.33158334,0.33158334,0,1.05,0,1,0.10994751,demo
2026-08-12 01:35:26,2026-08-12 01:35:35,5.00,,8337,legacy_20260812_000920,historical_frequency,0.20474884,0.20474884,0,1.05,0,1,0.04192209,demo
2026-08-12 01:35:35,2026-08-12 01:36:00,1.50,,8338,legacy_20260812_000920,historical_frequency,0.65783822,0.65783822,1,3.50,1,1,0.11707468,demo
2026-08-12 01:35:35,2026-08-12 01:36:00,10.00,,8338,legacy_20260812_000920,historical_frequency,0.10462897,0.10462897,0,3.50,0,1,0.01094722,demo
2026-08-12 01:35:35,2026-08-12 01:36:00,2.00,,8338,legacy_20260812_000920,historical_frequency,0.49785254,0.49785254,0,3.50,1,0,0.25215207,demo
2026-08-12 01:35:35,2026-08-12 01:36:00,3.00,,8338,legacy_20260812_000920,historical_frequency,0.33154378,0.33154378,0,3.50,1,0,0.44683371,demo
2026-08-12 01:35:35,2026-08-12 01:36:00,5.00,,8338,legacy_20260812_000920,historical_frequency,0.20472441,0.20472441,0,3.50,0,1,0.04191208,demo
2026-08-12 01:36:00,2026-08-12 01:36:17,1.50,,8339,legacy_20260812_000920,historical_frequency,0.65787904,0.65787904,1,2.47,1,1,0.11704675,demo
2026-08-12 01:36:00,2026-08-12 01:36:17,10.00,,8339,legacy_20260812_000920,historical_frequency,0.10461649,0.10461649,0,2.47,0,1,0.01094461,demo
2026-08-12 01:36:00,2026-08-12 01:36:17,2.00,,8339,legacy_20260812_000920,historical_frequency,0.49791244,0.49791244,0,2.47,1,0,0.25209192,demo
2026-08-12 01:36:00,2026-08-12 01:36:17,3.00,,8339,legacy_20260812_000920,historical_frequency,0.33162352,0.33162352,0,2.47,0,1,0.10997416,demo
2026-08-12 01:36:00,2026-08-12 01:36:17,5.00,,8339,legacy_20260812_000920,historical_frequency,0.20469999,0.20469999,0,2.47,0,1,0.04190209,demo
2026-08-12 01:36:17,2026-08-12 01:36:25,1.50,,8340,legacy_20260812_000920,historical_frequency,0.65791985,0.65791985,1,1.00,0,0,0.43285853,demo
2026-08-12 01:36:17,2026-08-12 01:36:25,10.00,,8340,legacy_20260812_000920,historical_frequency,0.10460401,0.10460401,0,1.00,0,1,0.01094200,demo
2026-08-12 01:36:17,2026-08-12 01:36:25,2.00,,8340,legacy_20260812_000920,historical_frequency,0.49797233,0.49797233,0,1.00,0,1,0.24797644,demo
2026-08-12 01:36:17,2026-08-12 01:36:25,3.00,,8340,legacy_20260812_000920,historical_frequency,0.33158397,0.33158397,0,1.00,0,1,0.10994793,demo
2026-08-12 01:36:17,2026-08-12 01:36:25,5.00,,8340,legacy_20260812_000920,historical_frequency,0.20467557,0.20467557,0,1.00,0,1,0.04189209,demo
2026-08-12 01:36:25,2026-08-12 01:36:57,1.50,,8341,legacy_20260812_000920,historical_frequency,0.65784138,0.65784138,1,7.08,1,1,0.11707252,demo
2026-08-12 01:36:25,2026-08-12 01:36:57,10.00,,8341,legacy_20260812_000920,historical_frequency,0.10459153,0.10459153,0,7.08,0,1,0.01093939,demo
2026-08-12 01:36:25,2026-08-12 01:36:57,2.00,,8341,legacy_20260812_000920,historical_frequency,0.49791294,0.49791294,0,7.08,1,0,0.25209142,demo
2026-08-12 01:36:25,2026-08-12 01:36:57,3.00,,8341,legacy_20260812_000920,historical_frequency,0.33154442,0.33154442,0,7.08,1,0,0.44683286,demo
2026-08-12 01:36:25,2026-08-12 01:36:57,5.00,,8341,legacy_20260812_000920,historical_frequency,0.20465116,0.20465116,0,7.08,1,0,0.63257977,demo
2026-08-12 01:36:57,2026-08-12 01:37:24,1.50,,8342,legacy_20260812_000920,historical_frequency,0.65788218,0.65788218,1,4.78,1,1,0.11704460,demo
2026-08-12 01:36:57,2026-08-12 01:37:24,10.00,,8342,legacy_20260812_000920,historical_frequency,0.10457906,0.10457906,0,4.78,0,1,0.01093678,demo
2026-08-12 01:36:57,2026-08-12 01:37:24,2.00,,8342,legacy_20260812_000920,historical_frequency,0.49797281,0.49797281,0,4.78,1,0,0.25203130,demo
2026-08-12 01:36:57,2026-08-12 01:37:24,3.00,,8342,legacy_20260812_000920,historical_frequency,0.33162414,0.33162414,0,4.78,1,0,0.44672630,demo
2026-08-12 01:36:57,2026-08-12 01:37:24,5.00,,8342,legacy_20260812_000920,historical_frequency,0.20474601,0.20474601,0,4.78,0,1,0.04192093,demo
2026-08-12 01:37:24,2026-08-12 01:37:33,1.50,,8343,legacy_20260812_000920,historical_frequency,0.65792298,0.65792298,1,1.18,0,0,0.43286264,demo
2026-08-12 01:37:24,2026-08-12 01:37:33,10.00,,8343,legacy_20260812_000920,historical_frequency,0.10456659,0.10456659,0,1.18,0,1,0.01093417,demo
2026-08-12 01:37:24,2026-08-12 01:37:33,2.00,,8343,legacy_20260812_000920,historical_frequency,0.49803267,0.49803267,0,1.18,0,1,0.24803654,demo
2026-08-12 01:37:24,2026-08-12 01:37:33,3.00,,8343,legacy_20260812_000920,historical_frequency,0.33170383,0.33170383,0,1.18,0,1,0.11002743,demo
2026-08-12 01:37:24,2026-08-12 01:37:33,5.00,,8343,legacy_20260812_000920,historical_frequency,0.20472159,0.20472159,0,1.18,0,1,0.04191093,demo
2026-08-12 01:37:33,2026-08-12 01:37:46,1.50,,8344,legacy_20260812_000920,historical_frequency,0.65784454,0.65784454,1,1.43,0,0,0.43275944,demo
2026-08-12 01:37:33,2026-08-12 01:37:46,10.00,,8344,legacy_20260812_000920,historical_frequency,0.10455412,0.10455412,0,1.43,0,1,0.01093157,demo
2026-08-12 01:37:33,2026-08-12 01:37:46,2.00,,8344,legacy_20260812_000920,historical_frequency,0.49797330,0.49797330,0,1.43,0,1,0.24797740,demo
2026-08-12 01:37:33,2026-08-12 01:37:46,3.00,,8344,legacy_20260812_000920,historical_frequency,0.33166428,0.33166428,0,1.43,0,1,0.11000120,demo
2026-08-12 01:37:33,2026-08-12 01:37:46,5.00,,8344,legacy_20260812_000920,historical_frequency,0.20469719,0.20469719,0,1.43,0,1,0.04190094,demo
2026-08-12 01:37:46,2026-08-12 01:38:16,1.50,,8345,legacy_20260812_000920,historical_frequency,0.65776612,0.65776612,1,6.23,1,1,0.11712403,demo
2026-08-12 01:37:46,2026-08-12 01:38:16,10.00,,8345,legacy_20260812_000920,historical_frequency,0.10454166,0.10454166,0,6.23,0,1,0.01092896,demo
2026-08-12 01:37:46,2026-08-12 01:38:16,2.00,,8345,legacy_20260812_000920,historical_frequency,0.49791393,0.49791393,0,6.23,1,0,0.25209042,demo
2026-08-12 01:37:46,2026-08-12 01:38:16,3.00,,8345,legacy_20260812_000920,historical_frequency,0.33162475,0.33162475,0,6.23,1,0,0.44672548,demo
2026-08-12 01:37:46,2026-08-12 01:38:16,5.00,,8345,legacy_20260812_000920,historical_frequency,0.20467279,0.20467279,0,6.23,1,0,0.63254538,demo
2026-08-12 01:38:16,2026-08-12 01:38:24,1.50,,8346,legacy_20260812_000920,historical_frequency,0.65780691,0.65780691,1,1.00,0,0,0.43270993,demo
2026-08-12 01:38:16,2026-08-12 01:38:24,10.00,,8346,legacy_20260812_000920,historical_frequency,0.10452920,0.10452920,0,1.00,0,1,0.01092635,demo
2026-08-12 01:38:16,2026-08-12 01:38:24,2.00,,8346,legacy_20260812_000920,historical_frequency,0.49797378,0.49797378,0,1.00,0,1,0.24797788,demo
2026-08-12 01:38:16,2026-08-12 01:38:24,3.00,,8346,legacy_20260812_000920,historical_frequency,0.33170441,0.33170441,0,1.00,0,1,0.11002782,demo
2026-08-12 01:38:16,2026-08-12 01:38:24,5.00,,8346,legacy_20260812_000920,historical_frequency,0.20476758,0.20476758,0,1.00,0,1,0.04192976,demo
2026-08-12 01:38:24,2026-08-12 01:38:49,1.50,,8347,legacy_20260812_000920,historical_frequency,0.65772852,0.65772852,1,4.07,1,1,0.11714977,demo
2026-08-12 01:38:24,2026-08-12 01:38:49,10.00,,8347,legacy_20260812_000920,historical_frequency,0.10451674,0.10451674,0,4.07,0,1,0.01092375,demo
2026-08-12 01:38:24,2026-08-12 01:38:49,2.00,,8347,legacy_20260812_000920,historical_frequency,0.49791443,0.49791443,0,4.07,1,0,0.25208992,demo
2026-08-12 01:38:24,2026-08-12 01:38:49,3.00,,8347,legacy_20260812_000920,historical_frequency,0.33166488,0.33166488,0,4.07,1,0,0.44667183,demo
2026-08-12 01:38:24,2026-08-12 01:38:49,5.00,,8347,legacy_20260812_000920,historical_frequency,0.20474318,0.20474318,0,4.07,0,1,0.04191977,demo
2026-08-12 01:38:49,2026-08-12 01:39:01,1.50,,8348,legacy_20260812_000920,historical_frequency,0.65776930,0.65776930,1,1.25,0,0,0.43266046,demo
2026-08-12 01:38:49,2026-08-12 01:39:01,10.00,,8348,legacy_20260812_000920,historical_frequency,0.10450429,0.10450429,0,1.25,0,1,0.01092115,demo
2026-08-12 01:38:49,2026-08-12 01:39:01,2.00,,8348,legacy_20260812_000920,historical_frequency,0.49797426,0.49797426,0,1.25,0,1,0.24797836,demo
2026-08-12 01:38:49,2026-08-12 01:39:01,3.00,,8348,legacy_20260812_000920,historical_frequency,0.33174452,0.33174452,0,1.25,0,1,0.11005443,demo
2026-08-12 01:38:49,2026-08-12 01:39:01,5.00,,8348,legacy_20260812_000920,historical_frequency,0.20471878,0.20471878,0,1.25,0,1,0.04190978,demo
2026-08-12 01:39:01,2026-08-12 01:39:08,1.50,,8349,legacy_20260812_000920,historical_frequency,0.65769093,0.65769093,1,1.01,0,0,0.43255736,demo
2026-08-12 01:39:01,2026-08-12 01:39:08,10.00,,8349,legacy_20260812_000920,historical_frequency,0.10449184,0.10449184,0,1.01,0,1,0.01091854,demo
2026-08-12 01:39:01,2026-08-12 01:39:08,2.00,,8349,legacy_20260812_000920,historical_frequency,0.49791493,0.49791493,0,1.01,0,1,0.24791928,demo
2026-08-12 01:39:01,2026-08-12 01:39:08,3.00,,8349,legacy_20260812_000920,historical_frequency,0.33170499,0.33170499,0,1.01,0,1,0.11002820,demo
2026-08-12 01:39:01,2026-08-12 01:39:08,5.00,,8349,legacy_20260812_000920,historical_frequency,0.20469439,0.20469439,0,1.01,0,1,0.04189979,demo
2026-08-12 01:39:08,2026-08-12 01:39:29,1.50,,8350,legacy_20260812_000920,historical_frequency,0.65761258,0.65761258,1,3.08,1,1,0.11722915,demo
2026-08-12 01:39:08,2026-08-12 01:39:29,10.00,,8350,legacy_20260812_000920,historical_frequency,0.10447939,0.10447939,0,3.08,0,1,0.01091594,demo
2026-08-12 01:39:08,2026-08-12 01:39:29,2.00,,8350,legacy_20260812_000920,historical_frequency,0.49785561,0.49785561,0,3.08,1,0,0.25214899,demo
2026-08-12 01:39:08,2026-08-12 01:39:29,3.00,,8350,legacy_20260812_000920,historical_frequency,0.33166548,0.33166548,0,3.08,1,0,0.44667104,demo
2026-08-12 01:39:08,2026-08-12 01:39:29,5.00,,8350,legacy_20260812_000920,historical_frequency,0.20467000,0.20467000,0,3.08,0,1,0.04188981,demo
2026-08-12 01:39:29,2026-08-12 01:39:40,1.50,,8351,legacy_20260812_000920,historical_frequency,0.65765337,0.65765337,1,1.26,0,0,0.43250795,demo
2026-08-12 01:39:29,2026-08-12 01:39:40,10.00,,8351,legacy_20260812_000920,historical_frequency,0.10446694,0.10446694,0,1.26,0,1,0.01091334,demo
2026-08-12 01:39:29,2026-08-12 01:39:40,2.00,,8351,legacy_20260812_000920,historical_frequency,0.49791543,0.49791543,0,1.26,0,1,0.24791977,demo
2026-08-12 01:39:29,2026-08-12 01:39:40,3.00,,8351,legacy_20260812_000920,historical_frequency,0.33174509,0.33174509,0,1.26,0,1,0.11005480,demo
2026-08-12 01:39:29,2026-08-12 01:39:40,5.00,,8351,legacy_20260812_000920,historical_frequency,0.20464562,0.20464562,0,1.26,0,1,0.04187983,demo
2026-08-12 01:39:40,2026-08-12 01:40:05,1.50,,8352,legacy_20260812_000920,historical_frequency,0.65757504,0.65757504,1,4.06,1,1,0.11725486,demo
2026-08-12 01:39:40,2026-08-12 01:40:05,10.00,,8352,legacy_20260812_000920,historical_frequency,0.10445450,0.10445450,0,4.06,0,1,0.01091074,demo
2026-08-12 01:39:40,2026-08-12 01:40:05,2.00,,8352,legacy_20260812_000920,historical_frequency,0.49785612,0.49785612,0,4.06,1,0,0.25214847,demo
2026-08-12 01:39:40,2026-08-12 01:40:05,3.00,,8352,legacy_20260812_000920,historical_frequency,0.33170557,0.33170557,0,4.06,1,0,0.44661744,demo
2026-08-12 01:39:40,2026-08-12 01:40:05,5.00,,8352,legacy_20260812_000920,historical_frequency,0.20462125,0.20462125,0,4.06,0,1,0.04186986,demo
2026-08-12 01:40:05,2026-08-12 01:40:51,1.50,,8353,legacy_20260812_000920,historical_frequency,0.65761582,0.65761582,1,24.30,1,1,0.11722693,demo
2026-08-12 01:40:05,2026-08-12 01:40:51,10.00,,8353,legacy_20260812_000920,historical_frequency,0.10444206,0.10444206,0,24.30,1,0,0.80202402,demo
2026-08-12 01:40:05,2026-08-12 01:40:51,2.00,,8353,legacy_20260812_000920,historical_frequency,0.49791592,0.49791592,0,24.30,1,0,0.25208842,demo
2026-08-12 01:40:05,2026-08-12 01:40:51,3.00,,8353,legacy_20260812_000920,historical_frequency,0.33178516,0.33178516,0,24.30,1,0,0.44651107,demo
2026-08-12 01:40:05,2026-08-12 01:40:51,5.00,,8353,legacy_20260812_000920,historical_frequency,0.20459688,0.20459688,0,24.30,1,0,0.63266612,demo
2026-08-12 01:40:51,2026-08-12 01:41:18,1.50,,8354,legacy_20260812_000920,historical_frequency,0.65765658,0.65765658,1,4.92,1,1,0.11719901,demo
2026-08-12 01:40:51,2026-08-12 01:41:18,10.00,,8354,legacy_20260812_000920,historical_frequency,0.10454870,0.10454870,0,4.92,0,1,0.01093043,demo
2026-08-12 01:40:51,2026-08-12 01:41:18,2.00,,8354,legacy_20260812_000920,historical_frequency,0.49797571,0.49797571,0,4.92,1,0,0.25202839,demo
2026-08-12 01:40:51,2026-08-12 01:41:18,3.00,,8354,legacy_20260812_000920,historical_frequency,0.33186473,0.33186473,0,4.92,1,0,0.44640474,demo
2026-08-12 01:40:51,2026-08-12 01:41:18,5.00,,8354,legacy_20260812_000920,historical_frequency,0.20469159,0.20469159,0,4.92,0,1,0.04189865,demo
2026-08-12 01:41:18,2026-08-12 01:41:30,1.50,,8355,legacy_20260812_000920,historical_frequency,0.65769734,0.65769734,1,1.26,0,0,0.43256580,demo
2026-08-12 01:41:18,2026-08-12 01:41:30,10.00,,8355,legacy_20260812_000920,historical_frequency,0.10453625,0.10453625,0,1.26,0,1,0.01092783,demo
2026-08-12 01:41:18,2026-08-12 01:41:30,2.00,,8355,legacy_20260812_000920,historical_frequency,0.49803548,0.49803548,0,1.26,0,1,0.24803934,demo
2026-08-12 01:41:18,2026-08-12 01:41:30,3.00,,8355,legacy_20260812_000920,historical_frequency,0.33194428,0.33194428,0,1.26,0,1,0.11018700,demo
2026-08-12 01:41:18,2026-08-12 01:41:30,5.00,,8355,legacy_20260812_000920,historical_frequency,0.20466722,0.20466722,0,1.26,0,1,0.04188867,demo
2026-08-12 01:41:30,2026-08-12 01:41:40,1.50,,8356,legacy_20260812_000920,historical_frequency,0.65761905,0.65761905,1,1.30,0,0,0.43246281,demo
2026-08-12 01:41:30,2026-08-12 01:41:40,10.00,,8356,legacy_20260812_000920,historical_frequency,0.10452381,0.10452381,0,1.30,0,1,0.01092523,demo
2026-08-12 01:41:30,2026-08-12 01:41:40,2.00,,8356,legacy_20260812_000920,historical_frequency,0.49797619,0.49797619,0,1.30,0,1,0.24798029,demo
2026-08-12 01:41:30,2026-08-12 01:41:40,3.00,,8356,legacy_20260812_000920,historical_frequency,0.33190476,0.33190476,0,1.30,0,1,0.11016077,demo
2026-08-12 01:41:30,2026-08-12 01:41:40,5.00,,8356,legacy_20260812_000920,historical_frequency,0.20464286,0.20464286,0,1.30,0,1,0.04187870,demo
2026-08-12 01:41:40,2026-08-12 01:41:51,1.50,,8357,legacy_20260812_000920,historical_frequency,0.65754077,0.65754077,1,1.31,0,0,0.43235986,demo
2026-08-12 01:41:40,2026-08-12 01:41:51,10.00,,8357,legacy_20260812_000920,historical_frequency,0.10451137,0.10451137,0,1.31,0,1,0.01092263,demo
2026-08-12 01:41:40,2026-08-12 01:41:51,2.00,,8357,legacy_20260812_000920,historical_frequency,0.49791691,0.49791691,0,1.31,0,1,0.24792125,demo
2026-08-12 01:41:40,2026-08-12 01:41:51,3.00,,8357,legacy_20260812_000920,historical_frequency,0.33186525,0.33186525,0,1.31,0,1,0.11013455,demo
2026-08-12 01:41:40,2026-08-12 01:41:51,5.00,,8357,legacy_20260812_000920,historical_frequency,0.20461850,0.20461850,0,1.31,0,1,0.04186873,demo
2026-08-12 01:41:51,2026-08-12 01:42:26,1.50,,8358,legacy_20260812_000920,historical_frequency,0.65746251,0.65746251,1,9.51,1,1,0.11733193,demo
2026-08-12 01:41:51,2026-08-12 01:42:26,10.00,,8358,legacy_20260812_000920,historical_frequency,0.10449893,0.10449893,0,9.51,0,1,0.01092003,demo
2026-08-12 01:41:51,2026-08-12 01:42:26,2.00,,8358,legacy_20260812_000920,historical_frequency,0.49785765,0.49785765,0,9.51,1,0,0.25214694,demo
2026-08-12 01:41:51,2026-08-12 01:42:26,3.00,,8358,legacy_20260812_000920,historical_frequency,0.33182576,0.33182576,0,9.51,1,0,0.44645682,demo
2026-08-12 01:41:51,2026-08-12 01:42:26,5.00,,8358,legacy_20260812_000920,historical_frequency,0.20459414,0.20459414,0,9.51,1,0,0.63267048,demo
2026-08-12 01:42:26,2026-08-12 01:42:43,1.50,,8359,legacy_20260812_000920,historical_frequency,0.65750327,0.65750327,1,2.01,1,1,0.11730401,demo
2026-08-12 01:42:26,2026-08-12 01:42:43,10.00,,8359,legacy_20260812_000920,historical_frequency,0.10448649,0.10448649,0,2.01,0,1,0.01091743,demo
2026-08-12 01:42:26,2026-08-12 01:42:43,2.00,,8359,legacy_20260812_000920,historical_frequency,0.49791741,0.49791741,0,2.01,1,0,0.25208693,demo
2026-08-12 01:42:26,2026-08-12 01:42:43,3.00,,8359,legacy_20260812_000920,historical_frequency,0.33190527,0.33190527,0,2.01,0,1,0.11016111,demo
2026-08-12 01:42:26,2026-08-12 01:42:43,5.00,,8359,legacy_20260812_000920,historical_frequency,0.20468880,0.20468880,0,2.01,0,1,0.04189751,demo
2026-08-12 01:42:43,2026-08-12 01:43:09,1.50,,8360,legacy_20260812_000920,historical_frequency,0.65754403,0.65754403,1,4.39,1,1,0.11727609,demo
2026-08-12 01:42:43,2026-08-12 01:43:09,10.00,,8360,legacy_20260812_000920,historical_frequency,0.10447406,0.10447406,0,4.39,0,1,0.01091483,demo
2026-08-12 01:42:43,2026-08-12 01:43:09,2.00,,8360,legacy_20260812_000920,historical_frequency,0.49797715,0.49797715,0,4.39,1,0,0.25202694,demo
2026-08-12 01:42:43,2026-08-12 01:43:09,3.00,,8360,legacy_20260812_000920,historical_frequency,0.33186578,0.33186578,0,4.39,1,0,0.44640334,demo
2026-08-12 01:42:43,2026-08-12 01:43:09,5.00,,8360,legacy_20260812_000920,historical_frequency,0.20466445,0.20466445,0,4.39,0,1,0.04188754,demo
2026-08-12 01:43:09,2026-08-12 01:43:25,1.50,,8361,legacy_20260812_000920,historical_frequency,0.65758477,0.65758477,1,2.11,1,1,0.11724819,demo
2026-08-12 01:43:09,2026-08-12 01:43:25,10.00,,8361,legacy_20260812_000920,historical_frequency,0.10446163,0.10446163,0,2.11,0,1,0.01091223,demo
2026-08-12 01:43:09,2026-08-12 01:43:25,2.00,,8361,legacy_20260812_000920,historical_frequency,0.49803688,0.49803688,0,2.11,1,0,0.25196697,demo
2026-08-12 01:43:09,2026-08-12 01:43:25,3.00,,8361,legacy_20260812_000920,historical_frequency,0.33194527,0.33194527,0,2.11,0,1,0.11018766,demo
2026-08-12 01:43:09,2026-08-12 01:43:25,5.00,,8361,legacy_20260812_000920,historical_frequency,0.20464010,0.20464010,0,2.11,0,1,0.04187757,demo
2026-08-12 01:43:25,2026-08-12 01:43:45,1.50,,8362,legacy_20260812_000920,historical_frequency,0.65762551,0.65762551,1,2.47,1,1,0.11722029,demo
2026-08-12 01:43:25,2026-08-12 01:43:45,10.00,,8362,legacy_20260812_000920,historical_frequency,0.10444920,0.10444920,0,2.47,0,1,0.01090964,demo
2026-08-12 01:43:25,2026-08-12 01:43:45,2.00,,8362,legacy_20260812_000920,historical_frequency,0.49809660,0.49809660,0,2.47,1,0,0.25190703,demo
2026-08-12 01:43:25,2026-08-12 01:43:45,3.00,,8362,legacy_20260812_000920,historical_frequency,0.33190578,0.33190578,0,2.47,0,1,0.11016145,demo
2026-08-12 01:43:25,2026-08-12 01:43:45,5.00,,8362,legacy_20260812_000920,historical_frequency,0.20461575,0.20461575,0,2.47,0,1,0.04186761,demo
2026-08-12 01:43:45,2026-08-12 01:44:00,1.50,,8363,legacy_20260812_000920,historical_frequency,0.65766623,0.65766623,1,1.77,1,1,0.11719241,demo
2026-08-12 01:43:45,2026-08-12 01:44:00,10.00,,8363,legacy_20260812_000920,historical_frequency,0.10443678,0.10443678,0,1.77,0,1,0.01090704,demo
2026-08-12 01:43:45,2026-08-12 01:44:00,2.00,,8363,legacy_20260812_000920,historical_frequency,0.49815630,0.49815630,0,1.77,0,1,0.24815970,demo
2026-08-12 01:43:45,2026-08-12 01:44:00,3.00,,8363,legacy_20260812_000920,historical_frequency,0.33186630,0.33186630,0,1.77,0,1,0.11013524,demo
2026-08-12 01:43:45,2026-08-12 01:44:00,5.00,,8363,legacy_20260812_000920,historical_frequency,0.20459141,0.20459141,0,1.77,0,1,0.04185765,demo
2026-08-12 01:44:00,2026-08-12 01:44:26,1.50,,8364,legacy_20260812_000920,historical_frequency,0.65770695,0.65770695,1,4.84,1,1,0.11716453,demo
2026-08-12 01:44:00,2026-08-12 01:44:26,10.00,,8364,legacy_20260812_000920,historical_frequency,0.10442436,0.10442436,0,4.84,0,1,0.01090445,demo
2026-08-12 01:44:00,2026-08-12 01:44:26,2.00,,8364,legacy_20260812_000920,historical_frequency,0.49809705,0.49809705,0,4.84,1,0,0.25190657,demo
2026-08-12 01:44:00,2026-08-12 01:44:26,3.00,,8364,legacy_20260812_000920,historical_frequency,0.33182683,0.33182683,0,4.84,1,0,0.44645538,demo
2026-08-12 01:44:00,2026-08-12 01:44:26,5.00,,8364,legacy_20260812_000920,historical_frequency,0.20456708,0.20456708,0,4.84,0,1,0.04184769,demo
2026-08-12 01:44:26,2026-08-12 01:44:44,1.50,,8365,legacy_20260812_000920,historical_frequency,0.65774765,0.65774765,1,2.06,1,1,0.11713667,demo
2026-08-12 01:44:26,2026-08-12 01:44:44,10.00,,8365,legacy_20260812_000920,historical_frequency,0.10441194,0.10441194,0,2.06,0,1,0.01090185,demo
2026-08-12 01:44:26,2026-08-12 01:44:44,2.00,,8365,legacy_20260812_000920,historical_frequency,0.49815674,0.49815674,0,2.06,1,0,0.25184666,demo
2026-08-12 01:44:26,2026-08-12 01:44:44,3.00,,8365,legacy_20260812_000920,historical_frequency,0.33190629,0.33190629,0,2.06,0,1,0.11016179,demo
2026-08-12 01:44:26,2026-08-12 01:44:44,5.00,,8365,legacy_20260812_000920,historical_frequency,0.20454275,0.20454275,0,2.06,0,1,0.04183774,demo
2026-08-12 01:44:44,2026-08-12 01:45:07,1.50,,8366,legacy_20260812_000920,historical_frequency,0.65778835,0.65778835,1,3.74,1,1,0.11710882,demo
2026-08-12 01:44:44,2026-08-12 01:45:07,10.00,,8366,legacy_20260812_000920,historical_frequency,0.10439952,0.10439952,0,3.74,0,1,0.01089926,demo
2026-08-12 01:44:44,2026-08-12 01:45:07,2.00,,8366,legacy_20260812_000920,historical_frequency,0.49821641,0.49821641,0,3.74,1,0,0.25178677,demo
2026-08-12 01:44:44,2026-08-12 01:45:07,3.00,,8366,legacy_20260812_000920,historical_frequency,0.33186683,0.33186683,0,3.74,1,0,0.44640194,demo
2026-08-12 01:44:44,2026-08-12 01:45:07,5.00,,8366,legacy_20260812_000920,historical_frequency,0.20451843,0.20451843,0,3.74,0,1,0.04182779,demo
2026-08-12 01:45:07,2026-08-12 01:45:18,1.50,,8367,legacy_20260812_000920,historical_frequency,0.65782903,0.65782903,1,1.25,0,0,0.43273904,demo
2026-08-12 01:45:07,2026-08-12 01:45:18,10.00,,8367,legacy_20260812_000920,historical_frequency,0.10438711,0.10438711,0,1.25,0,1,0.01089667,demo
2026-08-12 01:45:07,2026-08-12 01:45:18,2.00,,8367,legacy_20260812_000920,historical_frequency,0.49827607,0.49827607,0,1.25,0,1,0.24827904,demo
2026-08-12 01:45:07,2026-08-12 01:45:18,3.00,,8367,legacy_20260812_000920,historical_frequency,0.33194626,0.33194626,0,1.25,0,1,0.11018832,demo
2026-08-12 01:45:07,2026-08-12 01:45:18,5.00,,8367,legacy_20260812_000920,historical_frequency,0.20449411,0.20449411,0,1.25,0,1,0.04181784,demo
2026-08-12 01:45:18,2026-08-12 01:45:28,1.50,,8368,legacy_20260812_000920,historical_frequency,0.65775083,0.65775083,1,1.17,0,0,0.43263616,demo
2026-08-12 01:45:18,2026-08-12 01:45:28,10.00,,8368,legacy_20260812_000920,historical_frequency,0.10437470,0.10437470,0,1.17,0,1,0.01089408,demo
2026-08-12 01:45:18,2026-08-12 01:45:28,2.00,,8368,legacy_20260812_000920,historical_frequency,0.49821683,0.49821683,0,1.17,0,1,0.24822001,demo
2026-08-12 01:45:18,2026-08-12 01:45:28,3.00,,8368,legacy_20260812_000920,historical_frequency,0.33190680,0.33190680,0,1.17,0,1,0.11016212,demo
2026-08-12 01:45:18,2026-08-12 01:45:28,5.00,,8368,legacy_20260812_000920,historical_frequency,0.20446981,0.20446981,0,1.17,0,1,0.04180790,demo
2026-08-12 01:45:28,2026-08-12 01:45:56,1.50,,8369,legacy_20260812_000920,historical_frequency,0.65767265,0.65767265,1,5.42,1,1,0.11718801,demo
2026-08-12 01:45:28,2026-08-12 01:45:56,10.00,,8369,legacy_20260812_000920,historical_frequency,0.10436230,0.10436230,0,5.42,0,1,0.01089149,demo
2026-08-12 01:45:28,2026-08-12 01:45:56,2.00,,8369,legacy_20260812_000920,historical_frequency,0.49815761,0.49815761,0,5.42,1,0,0.25184578,demo
2026-08-12 01:45:28,2026-08-12 01:45:56,3.00,,8369,legacy_20260812_000920,historical_frequency,0.33186735,0.33186735,0,5.42,1,0,0.44640124,demo
2026-08-12 01:45:28,2026-08-12 01:45:56,5.00,,8369,legacy_20260812_000920,historical_frequency,0.20444550,0.20444550,0,5.42,1,0,0.63290696,demo
2026-08-12 01:45:56,2026-08-12 01:46:06,1.50,,8370,legacy_20260812_000920,historical_frequency,0.65771333,0.65771333,1,1.15,0,0,0.43258683,demo
2026-08-12 01:45:56,2026-08-12 01:46:06,10.00,,8370,legacy_20260812_000920,historical_frequency,0.10434989,0.10434989,0,1.15,0,1,0.01088890,demo
2026-08-12 01:45:56,2026-08-12 01:46:06,2.00,,8370,legacy_20260812_000920,historical_frequency,0.49821726,0.49821726,0,1.15,0,1,0.24822044,demo
2026-08-12 01:45:56,2026-08-12 01:46:06,3.00,,8370,legacy_20260812_000920,historical_frequency,0.33194676,0.33194676,0,1.15,0,1,0.11018865,demo
2026-08-12 01:45:56,2026-08-12 01:46:06,5.00,,8370,legacy_20260812_000920,historical_frequency,0.20454005,0.20454005,0,1.15,0,1,0.04183663,demo
2026-08-12 01:46:06,2026-08-12 01:46:22,1.50,,8371,legacy_20260812_000920,historical_frequency,0.65763518,0.65763518,1,2.00,1,1,0.11721367,demo
2026-08-12 01:46:06,2026-08-12 01:46:22,10.00,,8371,legacy_20260812_000920,historical_frequency,0.10433749,0.10433749,0,2.00,0,1,0.01088631,demo
2026-08-12 01:46:06,2026-08-12 01:46:22,2.00,,8371,legacy_20260812_000920,historical_frequency,0.49815805,0.49815805,0,2.00,1,0,0.25184534,demo
2026-08-12 01:46:06,2026-08-12 01:46:22,3.00,,8371,legacy_20260812_000920,historical_frequency,0.33190731,0.33190731,0,2.00,0,1,0.11016246,demo
2026-08-12 01:46:06,2026-08-12 01:46:22,5.00,,8371,legacy_20260812_000920,historical_frequency,0.20451575,0.20451575,0,2.00,0,1,0.04182669,demo
2026-08-12 01:46:22,2026-08-12 01:46:32,1.50,,8372,legacy_20260812_000920,historical_frequency,0.65767586,0.65767586,1,1.17,0,0,0.43253753,demo
2026-08-12 01:46:22,2026-08-12 01:46:32,10.00,,8372,legacy_20260812_000920,historical_frequency,0.10432510,0.10432510,0,1.17,0,1,0.01088373,demo
2026-08-12 01:46:22,2026-08-12 01:46:32,2.00,,8372,legacy_20260812_000920,historical_frequency,0.49821768,0.49821768,0,1.17,0,1,0.24822086,demo
2026-08-12 01:46:22,2026-08-12 01:46:32,3.00,,8372,legacy_20260812_000920,historical_frequency,0.33186787,0.33186787,0,1.17,0,1,0.11013628,demo
2026-08-12 01:46:22,2026-08-12 01:46:32,5.00,,8372,legacy_20260812_000920,historical_frequency,0.20449144,0.20449144,0,1.17,0,1,0.04181675,demo
2026-08-12 01:46:32,2026-08-12 01:46:46,1.50,,8373,legacy_20260812_000920,historical_frequency,0.65759772,0.65759772,1,1.58,1,1,0.11723932,demo
2026-08-12 01:46:32,2026-08-12 01:46:46,10.00,,8373,legacy_20260812_000920,historical_frequency,0.10431270,0.10431270,0,1.58,0,1,0.01088114,demo
2026-08-12 01:46:32,2026-08-12 01:46:46,2.00,,8373,legacy_20260812_000920,historical_frequency,0.49815849,0.49815849,0,1.58,0,1,0.24816188,demo
2026-08-12 01:46:32,2026-08-12 01:46:46,3.00,,8373,legacy_20260812_000920,historical_frequency,0.33182844,0.33182844,0,1.58,0,1,0.11011012,demo
2026-08-12 01:46:32,2026-08-12 01:46:46,5.00,,8373,legacy_20260812_000920,historical_frequency,0.20446715,0.20446715,0,1.58,0,1,0.04180682,demo
2026-08-12 01:46:46,2026-08-12 01:47:11,1.50,,8374,legacy_20260812_000920,historical_frequency,0.65763839,0.65763839,1,4.14,1,1,0.11721147,demo
2026-08-12 01:46:46,2026-08-12 01:47:11,10.00,,8374,legacy_20260812_000920,historical_frequency,0.10430031,0.10430031,0,4.14,0,1,0.01087855,demo
2026-08-12 01:46:46,2026-08-12 01:47:11,2.00,,8374,legacy_20260812_000920,historical_frequency,0.49809931,0.49809931,0,4.14,1,0,0.25190430,demo
2026-08-12 01:46:46,2026-08-12 01:47:11,3.00,,8374,legacy_20260812_000920,historical_frequency,0.33178902,0.33178902,0,4.14,1,0,0.44650591,demo
2026-08-12 01:46:46,2026-08-12 01:47:11,5.00,,8374,legacy_20260812_000920,historical_frequency,0.20444286,0.20444286,0,4.14,0,1,0.04179688,demo
2026-08-12 01:47:11,2026-08-12 01:47:23,1.50,,8375,legacy_20260812_000920,historical_frequency,0.65767906,0.65767906,1,1.38,0,0,0.43254175,demo
2026-08-12 01:47:11,2026-08-12 01:47:23,10.00,,8375,legacy_20260812_000920,historical_frequency,0.10428792,0.10428792,0,1.38,0,1,0.01087597,demo
2026-08-12 01:47:11,2026-08-12 01:47:23,2.00,,8375,legacy_20260812_000920,historical_frequency,0.49815893,0.49815893,0,1.38,0,1,0.24816232,demo
2026-08-12 01:47:11,2026-08-12 01:47:23,3.00,,8375,legacy_20260812_000920,historical_frequency,0.33186839,0.33186839,0,1.38,0,1,0.11013663,demo
2026-08-12 01:47:11,2026-08-12 01:47:23,5.00,,8375,legacy_20260812_000920,historical_frequency,0.20441858,0.20441858,0,1.38,0,1,0.04178695,demo
2026-08-12 01:47:23,2026-08-12 01:47:42,1.50,,8376,legacy_20260812_000920,historical_frequency,0.65760095,0.65760095,1,2.51,1,1,0.11723711,demo
2026-08-12 01:47:23,2026-08-12 01:47:42,10.00,,8376,legacy_20260812_000920,historical_frequency,0.10427553,0.10427553,0,2.51,0,1,0.01087339,demo
2026-08-12 01:47:23,2026-08-12 01:47:42,2.00,,8376,legacy_20260812_000920,historical_frequency,0.49809976,0.49809976,0,2.51,1,0,0.25190385,demo
2026-08-12 01:47:23,2026-08-12 01:47:42,3.00,,8376,legacy_20260812_000920,historical_frequency,0.33182898,0.33182898,0,2.51,0,1,0.11011047,demo
2026-08-12 01:47:23,2026-08-12 01:47:42,5.00,,8376,legacy_20260812_000920,historical_frequency,0.20439430,0.20439430,0,2.51,0,1,0.04177703,demo
2026-08-12 01:47:42,2026-08-12 01:47:52,1.50,,8377,legacy_20260812_000920,historical_frequency,0.65764161,0.65764161,1,1.24,0,0,0.43249249,demo
2026-08-12 01:47:42,2026-08-12 01:47:52,10.00,,8377,legacy_20260812_000920,historical_frequency,0.10426315,0.10426315,0,1.24,0,1,0.01087080,demo
2026-08-12 01:47:42,2026-08-12 01:47:52,2.00,,8377,legacy_20260812_000920,historical_frequency,0.49815936,0.49815936,0,1.24,0,1,0.24816275,demo
2026-08-12 01:47:42,2026-08-12 01:47:52,3.00,,8377,legacy_20260812_000920,historical_frequency,0.33178957,0.33178957,0,1.24,0,1,0.11008432,demo
2026-08-12 01:47:42,2026-08-12 01:47:52,5.00,,8377,legacy_20260812_000920,historical_frequency,0.20437003,0.20437003,0,1.24,0,1,0.04176711,demo
2026-08-12 01:47:52,2026-08-12 01:48:01,1.50,,8378,legacy_20260812_000920,historical_frequency,0.65756352,0.65756352,1,1.08,0,0,0.43238979,demo
2026-08-12 01:47:52,2026-08-12 01:48:01,10.00,,8378,legacy_20260812_000920,historical_frequency,0.10425077,0.10425077,0,1.08,0,1,0.01086822,demo
2026-08-12 01:47:52,2026-08-12 01:48:01,2.00,,8378,legacy_20260812_000920,historical_frequency,0.49810021,0.49810021,0,1.08,0,1,0.24810382,demo
2026-08-12 01:47:52,2026-08-12 01:48:01,3.00,,8378,legacy_20260812_000920,historical_frequency,0.33175018,0.33175018,0,1.08,0,1,0.11005818,demo
2026-08-12 01:47:52,2026-08-12 01:48:01,5.00,,8378,legacy_20260812_000920,historical_frequency,0.20434576,0.20434576,0,1.08,0,1,0.04175719,demo
2026-08-12 01:48:01,2026-08-12 01:48:50,1.50,,8379,legacy_20260812_000920,historical_frequency,0.65748546,0.65748546,1,28.80,1,1,0.11731621,demo
2026-08-12 01:48:01,2026-08-12 01:48:50,10.00,,8379,legacy_20260812_000920,historical_frequency,0.10423839,0.10423839,0,28.80,1,0,0.80238885,demo
2026-08-12 01:48:01,2026-08-12 01:48:50,2.00,,8379,legacy_20260812_000920,historical_frequency,0.49804108,0.49804108,0,28.80,1,0,0.25196276,demo
2026-08-12 01:48:01,2026-08-12 01:48:50,3.00,,8379,legacy_20260812_000920,historical_frequency,0.33171079,0.33171079,0,28.80,1,0,0.44661047,demo
2026-08-12 01:48:01,2026-08-12 01:48:50,5.00,,8379,legacy_20260812_000920,historical_frequency,0.20432150,0.20432150,0,28.80,1,0,0.63310427,demo
2026-08-12 01:48:50,2026-08-12 01:48:57,1.50,,8380,legacy_20260812_000920,historical_frequency,0.65752612,0.65752612,1,1.03,0,0,0.43234059,demo
2026-08-12 01:48:50,2026-08-12 01:48:57,10.00,,8380,legacy_20260812_000920,historical_frequency,0.10434473,0.10434473,0,1.03,0,1,0.01088782,demo
2026-08-12 01:48:50,2026-08-12 01:48:57,2.00,,8380,legacy_20260812_000920,historical_frequency,0.49810066,0.49810066,0,1.03,0,1,0.24810427,demo
2026-08-12 01:48:50,2026-08-12 01:48:57,3.00,,8380,legacy_20260812_000920,historical_frequency,0.33179012,0.33179012,0,1.03,0,1,0.11008469,demo
2026-08-12 01:48:50,2026-08-12 01:48:57,5.00,,8380,legacy_20260812_000920,historical_frequency,0.20441595,0.20441595,0,1.03,0,1,0.04178588,demo
2026-08-12 01:48:57,2026-08-12 01:49:08,1.50,,8381,legacy_20260812_000920,historical_frequency,0.65744807,0.65744807,1,1.22,0,0,0.43223797,demo
2026-08-12 01:48:57,2026-08-12 01:49:08,10.00,,8381,legacy_20260812_000920,historical_frequency,0.10433234,0.10433234,0,1.22,0,1,0.01088524,demo
2026-08-12 01:48:57,2026-08-12 01:49:08,2.00,,8381,legacy_20260812_000920,historical_frequency,0.49804154,0.49804154,0,1.22,0,1,0.24804538,demo
2026-08-12 01:48:57,2026-08-12 01:49:08,3.00,,8381,legacy_20260812_000920,historical_frequency,0.33175074,0.33175074,0,1.22,0,1,0.11005855,demo
2026-08-12 01:48:57,2026-08-12 01:49:08,5.00,,8381,legacy_20260812_000920,historical_frequency,0.20439169,0.20439169,0,1.22,0,1,0.04177596,demo
2026-08-12 01:49:08,2026-08-12 01:49:26,1.50,,8382,legacy_20260812_000920,historical_frequency,0.65737005,0.65737005,1,2.29,1,1,0.11739529,demo
2026-08-12 01:49:08,2026-08-12 01:49:26,10.00,,8382,legacy_20260812_000920,historical_frequency,0.10431996,0.10431996,0,2.29,0,1,0.01088265,demo
2026-08-12 01:49:08,2026-08-12 01:49:26,2.00,,8382,legacy_20260812_000920,historical_frequency,0.49798244,0.49798244,0,2.29,1,0,0.25202164,demo
2026-08-12 01:49:08,2026-08-12 01:49:26,3.00,,8382,legacy_20260812_000920,historical_frequency,0.33171137,0.33171137,0,2.29,0,1,0.11003243,demo
2026-08-12 01:49:08,2026-08-12 01:49:26,5.00,,8382,legacy_20260812_000920,historical_frequency,0.20436743,0.20436743,0,2.29,0,1,0.04176605,demo
2026-08-12 01:49:26,2026-08-12 01:49:39,1.50,,8383,legacy_20260812_000920,historical_frequency,0.65741070,0.65741070,1,1.50,1,1,0.11736743,demo
2026-08-12 01:49:26,2026-08-12 01:49:39,10.00,,8383,legacy_20260812_000920,historical_frequency,0.10430758,0.10430758,0,1.50,0,1,0.01088007,demo
2026-08-12 01:49:26,2026-08-12 01:49:39,2.00,,8383,legacy_20260812_000920,historical_frequency,0.49804201,0.49804201,0,1.50,0,1,0.24804584,demo
2026-08-12 01:49:26,2026-08-12 01:49:39,3.00,,8383,legacy_20260812_000920,historical_frequency,0.33167201,0.33167201,0,1.50,0,1,0.11000632,demo
2026-08-12 01:49:26,2026-08-12 01:49:39,5.00,,8383,legacy_20260812_000920,historical_frequency,0.20434318,0.20434318,0,1.50,0,1,0.04175614,demo
2026-08-12 01:49:39,2026-08-12 01:50:04,1.50,,8384,legacy_20260812_000920,historical_frequency,0.65745135,0.65745135,1,4.32,1,1,0.11733958,demo
2026-08-12 01:49:39,2026-08-12 01:50:04,10.00,,8384,legacy_20260812_000920,historical_frequency,0.10429521,0.10429521,0,4.32,0,1,0.01087749,demo
2026-08-12 01:49:39,2026-08-12 01:50:04,2.00,,8384,legacy_20260812_000920,historical_frequency,0.49798291,0.49798291,0,4.32,1,0,0.25202115,demo
2026-08-12 01:49:39,2026-08-12 01:50:04,3.00,,8384,legacy_20260812_000920,historical_frequency,0.33163265,0.33163265,0,4.32,1,0,0.44671491,demo
2026-08-12 01:49:39,2026-08-12 01:50:04,5.00,,8384,legacy_20260812_000920,historical_frequency,0.20431894,0.20431894,0,4.32,0,1,0.04174623,demo
2026-08-12 01:50:04,2026-08-12 01:50:19,1.50,,8385,legacy_20260812_000920,historical_frequency,0.65749199,0.65749199,1,1.66,1,1,0.11731174,demo
2026-08-12 01:50:04,2026-08-12 01:50:19,10.00,,8385,legacy_20260812_000920,historical_frequency,0.10428283,0.10428283,0,1.66,0,1,0.01087491,demo
2026-08-12 01:50:04,2026-08-12 01:50:19,2.00,,8385,legacy_20260812_000920,historical_frequency,0.49804247,0.49804247,0,1.66,0,1,0.24804630,demo
2026-08-12 01:50:04,2026-08-12 01:50:19,3.00,,8385,legacy_20260812_000920,historical_frequency,0.33171195,0.33171195,0,1.66,0,1,0.11003282,demo
2026-08-12 01:50:04,2026-08-12 01:50:19,5.00,,8385,legacy_20260812_000920,historical_frequency,0.20429470,0.20429470,0,1.66,0,1,0.04173632,demo
2026-08-12 01:50:19,2026-08-12 01:50:34,1.50,,8386,legacy_20260812_000920,historical_frequency,0.65753262,0.65753262,1,1.88,1,1,0.11728391,demo
2026-08-12 01:50:19,2026-08-12 01:50:34,10.00,,8386,legacy_20260812_000920,historical_frequency,0.10427046,0.10427046,0,1.88,0,1,0.01087233,demo
2026-08-12 01:50:19,2026-08-12 01:50:34,2.00,,8386,legacy_20260812_000920,historical_frequency,0.49798339,0.49798339,0,1.88,0,1,0.24798746,demo
2026-08-12 01:50:19,2026-08-12 01:50:34,3.00,,8386,legacy_20260812_000920,historical_frequency,0.33167260,0.33167260,0,1.88,0,1,0.11000671,demo
2026-08-12 01:50:19,2026-08-12 01:50:34,5.00,,8386,legacy_20260812_000920,historical_frequency,0.20427046,0.20427046,0,1.88,0,1,0.04172642,demo
2026-08-12 01:50:34,2026-08-12 01:51:08,1.50,,8387,legacy_20260812_000920,historical_frequency,0.65757324,0.65757324,1,8.06,1,1,0.11725608,demo
2026-08-12 01:50:34,2026-08-12 01:51:08,10.00,,8387,legacy_20260812_000920,historical_frequency,0.10425810,0.10425810,0,8.06,0,1,0.01086975,demo
2026-08-12 01:50:34,2026-08-12 01:51:08,2.00,,8387,legacy_20260812_000920,historical_frequency,0.49792433,0.49792433,0,8.06,1,0,0.25207998,demo
2026-08-12 01:50:34,2026-08-12 01:51:08,3.00,,8387,legacy_20260812_000920,historical_frequency,0.33163326,0.33163326,0,8.06,1,0,0.44671410,demo
2026-08-12 01:50:34,2026-08-12 01:51:08,5.00,,8387,legacy_20260812_000920,historical_frequency,0.20424623,0.20424623,0,8.06,1,0,0.63322406,demo
2026-08-12 01:51:08,2026-08-12 01:51:23,1.50,,8388,legacy_20260812_000920,historical_frequency,0.65761385,0.65761385,1,1.87,1,1,0.11722827,demo
2026-08-12 01:51:08,2026-08-12 01:51:23,10.00,,8388,legacy_20260812_000920,historical_frequency,0.10424573,0.10424573,0,1.87,0,1,0.01086717,demo
2026-08-12 01:51:08,2026-08-12 01:51:23,2.00,,8388,legacy_20260812_000920,historical_frequency,0.49798387,0.49798387,0,1.87,0,1,0.24798794,demo
2026-08-12 01:51:08,2026-08-12 01:51:23,3.00,,8388,legacy_20260812_000920,historical_frequency,0.33171252,0.33171252,0,1.87,0,1,0.11003320,demo
2026-08-12 01:51:08,2026-08-12 01:51:23,5.00,,8388,legacy_20260812_000920,historical_frequency,0.20434061,0.20434061,0,1.87,0,1,0.04175508,demo
