timestamp,multiplier,round_id,source
2026-08-07 13:18:09,34.04,,
2026-08-07 13:18:16,4.06,,
2026-08-07 13:18:53,4.06,,
2026-08-07 13:19:18,45.28,,
2026-08-07 13:20:04,24.56,,
2026-08-07 13:20:30,4.21,,
2026-08-07 13:21:40,292.11,,
2026-08-07 13:21:57,2.11,,
2026-08-07 13:22:23,4.73,,
2026-08-07 13:22:33,1.07,,
2026-08-07 13:22:53,2.97,,
2026-08-07 13:23:31,11.99,,
2026-08-07 13:23:47,1.82,,
2026-08-07 13:24:15,5.38,,
2026-08-07 13:24:27,1.50,,
2026-08-07 13:24:44,1.08,,
2026-08-07 13:24:54,1.13,,
2026-08-07 13:25:10,1.88,,
2026-08-07 13:25:34,3.90,,
2026-08-07 13:25:36,1.21,,
2026-08-07 13:26:01,3.82,,
2026-08-07 13:26:20,2.56,,
2026-08-07 13:26:46,2.30,,
2026-08-07 13:27:19,1.42,,
2026-08-07 13:27:40,1.60,,
2026-08-07 13:27:44,1.29,,
2026-08-07 13:28:09,2.10,,
2026-08-07 13:28:14,1.52,,
2026-08-07 13:28:43,2.97,,
2026-08-07 13:28:52,1.15,,
2026-08-07 13:29:21,11.08,,
2026-08-07 13:29:30,1.01,,
2026-08-07 13:29:39,1.14,,
2026-08-07 13:29:48,1.00,,
2026-08-07 13:30:10,3.29,,
2026-08-07 13:30:39,3.02,,
2026-08-07 13:31:07,5.36,,
2026-08-07 13:31:18,2.46,,
2026-08-07 13:31:37,2.42,,
2026-08-07 13:31:46,1.13,,
2026-08-07 13:32:17,6.48,,
2026-08-07 13:32:49,3.88,,
2026-08-07 13:33:01,1.47,,
2026-08-07 13:33:33,4.50,,
2026-08-07 13:33:50,2.12,,
2026-08-07 13:34:06,1.02,,
2026-08-07 13:34:07,1.08,,
2026-08-07 13:34:29,1.68,,
2026-08-07 13:34:58,11.24,,
2026-08-07 13:35:07,1.02,,
2026-08-07 13:35:17,1.32,,
2026-08-07 13:35:26,1.02,,
2026-08-07 13:36:16,33.56,,
2026-08-07 13:36:34,1.18,,
2026-08-07 13:36:43,2.18,,
2026-08-07 13:37:22,6.74,,
2026-08-07 13:38:12,32.33,,
2026-08-07 13:38:40,5.23,,
2026-08-07 13:38:45,1.53,,
2026-08-07 13:38:56,1.22,,
2026-08-07 13:39:14,2.35,,
2026-08-07 13:39:38,3.60,,
2026-08-07 13:40:11,4.39,,
2026-08-07 13:40:22,1.32,,
2026-08-07 13:41:04,32.21,,
2026-08-07 13:41:23,2.32,,
2026-08-07 13:41:49,4.67,,
2026-08-07 13:42:33,10.21,,
2026-08-07 13:42:43,1.16,,
2026-08-07 13:43:02,2.47,,
2026-08-07 13:43:10,1.07,,
2026-08-07 13:43:30,4.97,,
2026-08-07 13:43:47,1.08,,
2026-08-07 13:43:50,1.38,,
2026-08-07 13:44:01,1.28,,
2026-08-07 13:44:15,1.52,,
2026-08-07 13:44:40,2.14,,
2026-08-07 13:44:51,1.33,,
2026-08-07 13:45:13,5.74,,
2026-08-07 13:45:34,3.09,,
2026-08-07 13:45:57,3.32,,
2026-08-07 13:46:12,1.82,,
2026-08-07 13:46:32,2.71,,
2026-08-07 13:47:00,2.91,,
2026-08-07 13:47:18,2.25,,
2026-08-07 13:47:22,1.36,,
2026-08-07 13:48:07,22.69,,
2026-08-07 13:48:16,1.03,,
2026-08-07 13:49:06,33.39,,
2026-08-07 13:49:32,2.31,,
2026-08-07 13:49:34,1.11,,
2026-08-07 13:49:42,1.05,,
2026-08-07 13:50:05,1.85,,
2026-08-07 13:50:17,2.69,,
2026-08-07 13:50:38,1.47,,
2026-08-07 13:51:00,3.20,,
2026-08-07 13:51:27,5.06,,
2026-08-07 13:51:56,5.48,,
2026-08-07 13:52:03,1.69,,
2026-08-07 13:52:25,1.76,,
2026-08-07 13:52:36,2.48,,
2026-08-07 13:52:51,1.75,,
2026-08-07 13:53:03,1.43,,
2026-08-07 13:53:16,1.47,,
2026-08-07 13:53:34,2.33,,
2026-08-07 13:53:51,1.06,,
2026-08-07 13:54:07,2.05,,
2026-08-07 13:54:25,2.27,,
2026-08-07 13:55:08,35.38,,
2026-08-07 13:55:19,1.31,,
2026-08-07 13:55:39,1.00,,
2026-08-07 13:55:52,1.41,,
2026-08-07 13:56:01,1.15,,
2026-08-07 13:56:20,2.49,,
2026-08-07 13:56:42,3.20,,
2026-08-07 13:56:54,1.40,,
2026-08-07 13:57:15,1.57,,
2026-08-07 13:57:35,2.53,,
2026-08-07 13:57:56,1.00,,
2026-08-07 13:58:16,1.40,,
2026-08-07 13:58:32,3.92,,
2026-08-07 13:59:04,7.35,,
2026-08-07 13:59:24,1.38,,
2026-08-07 13:59:40,1.84,,
2026-08-07 13:59:48,2.05,,
2026-08-07 14:00:12,1.93,,
2026-08-07 14:00:39,9.01,,
2026-08-07 14:01:14,5.21,,
2026-08-07 14:01:41,4.80,,
2026-08-07 14:01:45,1.41,,
2026-08-07 14:02:46,78.57,,
2026-08-07 14:03:00,1.69,,
2026-08-07 14:03:20,1.36,,
2026-08-07 14:03:43,3.33,,
2026-08-07 14:03:51,1.05,,
2026-08-07 14:04:33,17.12,,
2026-08-07 14:04:42,1.11,,
2026-08-07 14:04:59,2.06,,
2026-08-07 14:05:15,1.96,,
2026-08-07 14:05:28,1.50,,
2026-08-07 14:05:43,1.73,,
2026-08-07 14:06:34,1.06,,
2026-08-07 14:06:48,1.76,,
2026-08-07 14:07:10,1.25,,
2026-08-07 14:08:14,12.74,,
2026-08-07 14:08:29,1.00,,
2026-08-07 14:09:13,3.64,,
2026-08-07 14:09:36,2.22,,
2026-08-07 14:10:16,2.49,,
2026-08-07 14:10:16,1.96,,
2026-08-07 14:10:27,1.33,,
2026-08-07 14:10:43,1.89,,
2026-08-07 14:10:50,1.80,,
2026-08-07 14:11:05,1.81,,
2026-08-07 14:12:00,52.51,,
2026-08-07 14:12:14,1.55,,
2026-08-07 14:12:44,3.18,,
2026-08-07 14:13:05,5.53,,
2026-08-07 14:13:51,2.28,,
2026-08-07 14:14:37,2.77,,
2026-08-07 14:14:56,1.33,,
2026-08-07 14:15:33,21.99,,
2026-08-07 14:16:08,8.61,,
2026-08-07 14:16:37,6.54,,
2026-08-07 14:17:03,4.18,,
2026-08-07 14:17:54,18.59,,
2026-08-07 14:18:03,2.16,,
2026-08-07 14:18:29,4.25,,
2026-08-07 14:19:38,82.18,,
2026-08-07 14:19:45,1.81,,
2026-08-07 14:19:56,1.33,,
2026-08-07 14:20:26,2.18,,
2026-08-07 14:20:45,2.37,,
2026-08-07 14:21:03,2.24,,
2026-08-07 14:21:17,1.66,,
2026-08-07 14:21:34,2.30,,
2026-08-07 14:21:44,1.12,,
2026-08-07 14:22:23,7.15,,
2026-08-07 14:22:41,4.29,,
2026-08-07 14:23:22,8.06,,
2026-08-07 14:23:40,4.33,,
2026-08-07 14:24:09,5.82,,
2026-08-07 14:24:25,1.97,,
2026-08-07 14:24:39,1.61,,
2026-08-07 14:25:24,22.28,,
2026-08-07 14:25:47,1.09,,
2026-08-07 14:26:08,3.12,,
2026-08-07 14:26:58,29.32,,
2026-08-07 14:27:19,1.21,,
2026-08-07 14:27:36,1.07,,
2026-08-07 14:29:26,5.70,,
2026-08-07 14:29:42,3.89,,
2026-08-07 14:29:59,2.08,,
2026-08-07 14:30:28,2.83,,
2026-08-07 14:30:34,1.66,,
2026-08-07 14:30:46,1.41,,
2026-08-07 14:31:06,2.67,,
2026-08-07 14:31:34,5.50,,
2026-08-07 14:31:50,1.00,,
2026-08-07 14:32:14,7.27,,
2026-08-07 14:33:03,15.89,,
2026-08-07 14:33:07,1.32,,
2026-08-07 14:33:40,8.67,,
2026-08-07 14:34:52,1.10,,
2026-08-07 14:35:12,2.63,,
2026-08-07 14:36:02,18.55,,
2026-08-07 14:36:20,2.17,,
2026-08-07 14:36:54,2.50,,
2026-08-07 14:38:22,1.23,,
2026-08-07 14:38:40,2.31,,
2026-08-07 14:38:55,1.78,,
2026-08-07 14:39:27,7.43,,
2026-08-07 14:39:43,1.00,,
2026-08-07 14:39:44,1.07,,
2026-08-07 14:40:02,2.13,,
2026-08-07 14:40:59,2.09,,
2026-08-07 14:41:32,8.27,,
2026-08-07 14:41:56,3.59,,
2026-08-07 14:42:26,6.38,,
2026-08-07 14:42:34,1.00,,
2026-08-07 14:43:29,1.12,,
2026-08-07 14:43:59,3.08,,
2026-08-07 14:44:07,1.84,,
2026-08-07 14:46:05,11.67,,
2026-08-07 14:46:28,1.29,,
2026-08-07 14:47:05,6.67,,
2026-08-07 14:47:18,1.46,,
2026-08-07 14:47:37,1.34,,
2026-08-07 14:48:18,6.65,,
2026-08-07 14:49:05,26.45,,
2026-08-07 14:49:28,3.49,,
2026-08-07 14:49:38,1.14,,
2026-08-07 14:49:48,1.17,,
2026-08-07 14:50:01,1.57,,
2026-08-07 14:50:24,3.53,,
2026-08-07 14:51:56,14.25,,
2026-08-07 14:52:05,1.10,,
2026-08-07 14:52:21,1.00,,
2026-08-07 14:52:35,3.03,,
2026-08-07 14:53:16,16.49,,
2026-08-07 14:54:51,74.24,,
2026-08-07 14:55:12,1.08,,
2026-08-07 14:55:34,1.74,,
2026-08-07 14:56:13,25.88,,
2026-08-07 14:56:37,1.13,,
2026-08-07 14:56:50,1.43,,
2026-08-07 14:57:35,23.17,,
2026-08-07 14:58:05,6.36,,
2026-08-07 14:58:34,5.43,,
2026-08-07 14:58:58,1.38,,
2026-08-07 14:59:27,3.14,,
2026-08-07 15:00:14,2.52,,
2026-08-07 15:01:20,1.21,,
2026-08-07 15:01:52,1.07,,
2026-08-07 15:02:17,2.27,,
2026-08-07 15:02:44,2.42,,
2026-08-07 15:02:54,1.20,,
2026-08-07 15:02:57,1.26,,
2026-08-07 15:03:43,1.60,,
2026-08-07 15:04:59,1.32,,
2026-08-07 15:05:36,11.59,,
2026-08-07 15:06:07,1.55,,
2026-08-07 15:06:29,1.61,,
2026-08-07 15:06:46,2.15,,
2026-08-07 15:07:01,1.83,,
2026-08-07 15:07:14,1.55,,
2026-08-07 15:07:33,1.15,,
2026-08-07 15:07:44,1.31,,
2026-08-07 15:08:07,3.52,,
2026-08-07 15:08:30,1.75,,
2026-08-07 15:08:32,1.13,,
2026-08-07 15:08:42,1.16,,
2026-08-07 15:08:51,1.12,,
2026-08-07 15:09:06,1.81,,
2026-08-07 15:09:25,1.24,,
2026-08-07 15:09:49,1.21,,
2026-08-07 15:10:18,5.78,,
2026-08-07 15:11:19,1.41,,
2026-08-07 15:12:14,9.35,,
2026-08-07 15:12:42,9.97,,
2026-08-07 15:13:34,1.87,,
2026-08-07 15:13:54,1.46,,
2026-08-07 15:14:35,2.69,,
2026-08-07 15:15:05,12.62,,
2026-08-07 15:15:20,1.74,,
2026-08-07 15:15:37,1.12,,
2026-08-07 15:16:43,1.50,,
2026-08-07 15:16:58,1.57,,
2026-08-07 15:19:24,341.81,,
2026-08-07 15:19:42,4.57,,
2026-08-07 15:20:01,1.21,,
2026-08-07 15:21:01,2.18,,
2026-08-07 15:21:10,1.05,,
2026-08-07 15:21:55,5.23,,
2026-08-07 15:22:57,16.16,,
2026-08-07 15:23:12,1.77,,
2026-08-07 15:23:45,4.13,,
2026-08-07 15:23:54,1.06,,
2026-08-07 15:24:52,9.56,,
2026-08-07 15:24:55,1.26,,
2026-08-07 15:25:21,2.22,,
2026-08-07 15:25:33,1.36,,
2026-08-07 15:25:46,1.59,,
2026-08-07 15:26:10,2.53,,
2026-08-07 15:26:37,1.08,,
2026-08-07 15:27:11,9.12,,
2026-08-07 15:27:16,1.45,,
2026-08-07 15:29:14,1.08,,
2026-08-07 15:29:34,2.71,,
2026-08-07 15:29:44,2.24,,
2026-08-07 15:30:40,1.85,,
2026-08-07 15:31:30,2.53,,
2026-08-07 15:32:18,1.20,,
2026-08-07 15:32:49,3.60,,
2026-08-07 15:33:04,1.73,,
2026-08-07 15:33:24,2.83,,
2026-08-07 15:34:02,23.77,,
2026-08-07 15:34:15,1.42,,
2026-08-07 15:35:47,4.27,,
2026-08-07 15:35:55,1.96,,
2026-08-07 15:36:11,1.03,,
2026-08-07 15:36:31,2.76,,
2026-08-07 15:36:48,3.83,,
2026-08-07 15:37:32,2.00,,
2026-08-07 15:38:07,4.94,,
2026-08-07 15:38:15,1.96,,
2026-08-07 15:38:34,2.40,,
2026-08-07 15:39:01,2.67,,
2026-08-07 15:39:06,1.46,,
2026-08-07 15:39:14,1.00,,
2026-08-07 15:39:29,1.86,,
2026-08-07 15:39:43,1.60,,
2026-08-07 15:40:25,1.10,,
2026-08-07 15:40:40,1.93,,
2026-08-07 15:40:56,1.89,,
2026-08-07 15:41:10,1.64,,
2026-08-07 15:41:44,1.76,,
2026-08-07 15:44:33,11.87,,
2026-08-07 15:44:51,1.21,,
2026-08-07 15:44:56,1.50,,
2026-08-07 15:45:27,6.77,,
2026-08-07 15:47:14,8.18,,
2026-08-07 15:47:23,1.10,,
2026-08-07 15:49:59,2.10,,
2026-08-07 15:50:40,8.17,,
2026-08-07 15:50:56,1.96,,
2026-08-07 15:51:27,2.73,,
2026-08-07 15:52:12,10.20,,
2026-08-07 15:53:16,21.18,,
2026-08-07 15:53:25,1.15,,
2026-08-07 15:53:43,2.28,,
2026-08-07 15:54:32,7.73,,
2026-08-07 15:54:58,4.66,,
2026-08-07 15:55:50,1.51,,
2026-08-07 15:56:05,1.72,,
2026-08-07 15:56:16,1.29,,
2026-08-07 15:56:53,21.77,,
2026-08-07 15:57:18,4.14,,
2026-08-07 15:58:30,4.56,,
2026-08-07 15:59:19,31.29,,
2026-08-07 16:10:18,5.10,,
2026-08-07 16:10:37,2.63,,
2026-08-07 16:10:48,1.26,,
2026-08-07 16:11:21,1.77,,
2026-08-07 16:11:21,1.77,,
2026-08-07 16:11:32,2.81,,
2026-08-07 16:11:44,1.43,,
2026-08-07 16:11:55,1.13,,
2026-08-07 16:12:09,1.80,,
2026-08-07 16:12:33,3.68,,
2026-08-07 16:12:47,1.67,,
2026-08-07 16:13:05,2.29,,
2026-08-07 16:13:41,10.95,,
2026-08-07 16:14:12,6.62,,
2026-08-07 16:14:23,1.30,,
2026-08-07 16:14:32,1.07,,
2026-08-07 16:14:49,2.08,,
2026-08-07 16:15:09,2.78,,
2026-08-07 16:15:22,1.47,,
2026-08-07 16:15:57,3.92,,
2026-08-07 16:16:26,1.50,,
2026-08-07 16:16:37,1.26,,
2026-08-07 16:16:51,1.63,,
2026-08-07 16:17:03,1.37,,
2026-08-07 16:17:46,4.86,,
2026-08-07 16:17:59,1.59,,
2026-08-07 16:18:16,2.12,,
2026-08-07 16:18:25,1.14,,
2026-08-07 16:18:43,2.22,,
2026-08-07 16:19:29,23.59,,
2026-08-07 16:19:45,2.03,,
2026-08-07 16:20:34,30.25,,
2026-08-07 16:20:47,1.45,,
2026-08-07 16:20:59,1.29,,
2026-08-07 16:21:18,2.76,,
2026-08-07 16:21:50,2.75,,
2026-08-07 16:23:30,1.82,,
2026-08-07 16:23:47,2.10,,
2026-08-07 16:24:11,1.08,,
2026-08-07 16:24:20,1.08,,
2026-08-07 16:24:39,2.63,,
2026-08-07 16:25:15,4.32,,
2026-08-07 16:25:36,1.24,,
2026-08-07 16:25:58,3.18,,
2026-08-07 16:26:27,1.00,,
2026-08-07 16:27:01,8.36,,
2026-08-07 16:27:11,1.27,,
2026-08-07 16:27:22,1.25,,
2026-08-07 16:27:55,7.40,,
2026-08-07 16:28:07,1.52,,
2026-08-07 16:28:36,5.34,,
2026-08-07 16:29:30,12.92,,
2026-08-07 16:29:49,2.41,,
2026-08-07 16:30:13,4.20,,
2026-08-07 16:30:51,2.44,,
2026-08-07 16:31:16,3.82,,
2026-08-07 16:32:13,61.75,,
2026-08-07 16:32:34,2.95,,
2026-08-07 16:32:43,1.11,,
2026-08-07 16:33:04,2.94,,
2026-08-07 16:34:04,2.83,,
2026-08-07 16:34:14,1.12,,
2026-08-07 16:34:43,5.68,,
2026-08-07 16:35:00,2.24,,
2026-08-07 16:35:11,1.28,,
2026-08-07 16:35:23,1.46,,
2026-08-07 16:35:51,4.63,,
2026-08-07 16:36:09,1.01,,
2026-08-07 16:36:09,1.01,,
2026-08-07 16:36:35,4.60,,
2026-08-07 16:36:51,1.83,,
2026-08-07 16:37:38,1.84,,
2026-08-07 16:37:53,1.76,,
2026-08-07 16:38:55,5.18,,
2026-08-07 16:39:05,1.28,,
2026-08-07 16:39:18,1.41,,
2026-08-07 16:39:48,6.38,,
2026-08-07 16:40:41,1.00,,
2026-08-07 16:40:41,1.00,,
2026-08-07 16:40:48,1.00,,
2026-08-07 16:41:30,16.13,,
2026-08-07 16:41:47,2.15,,
2026-08-07 16:42:28,2.55,,
2026-08-07 16:43:28,1.46,,
2026-08-07 16:43:45,2.00,,
2026-08-07 16:44:10,4.35,,
2026-08-07 16:45:50,1.42,,
2026-08-07 16:46:39,4.19,,
2026-08-07 16:47:14,3.80,,
2026-08-07 16:52:30,1.64,,
2026-08-07 16:52:30,8.01,,
2026-08-07 16:52:30,2.22,,
2026-08-07 16:52:30,3.96,,
2026-08-07 16:52:30,1.63,,
2026-08-07 16:52:30,1.16,,
2026-08-07 16:52:30,7.72,,
2026-08-07 16:52:30,4.25,,
2026-08-07 16:52:30,1.23,,
2026-08-07 16:52:30,1.84,,
2026-08-07 16:52:30,10.26,,
2026-08-07 16:52:30,1.36,,
2026-08-07 16:52:30,1.22,,
2026-08-07 16:52:30,1.22,,
2026-08-07 16:53:09,2.00,,
2026-08-07 16:53:09,21.97,,
2026-08-07 16:53:09,1.87,,
2026-08-07 16:53:09,3.73,,
2026-08-07 16:53:22,1.14,,
2026-08-07 16:53:30,2.49,,
2026-08-07 16:54:04,8.58,,
2026-08-07 16:57:18,1.68,,
2026-08-07 16:57:18,2.12,,
2026-08-07 16:57:18,2.28,,
2026-08-07 16:57:18,3.24,,
2026-08-07 16:57:18,3.01,,
2026-08-07 16:57:18,2.22,,
2026-08-07 16:57:18,1.64,,
2026-08-07 16:57:18,19.85,,
2026-08-07 16:57:30,2.25,,
2026-08-07 16:57:33,3.53,,
2026-08-07 16:58:07,4.44,,
2026-08-07 16:58:27,5.06,,
2026-08-07 16:58:59,3.67,,
2026-08-07 16:59:08,1.12,,
2026-08-07 16:59:36,5.05,,
2026-08-07 16:59:46,1.17,,
2026-08-07 17:00:24,12.61,,
2026-08-07 17:00:35,1.28,,
2026-08-07 17:00:52,2.05,,
2026-08-07 17:01:16,3.65,,
2026-08-07 17:02:35,402.00,,
2026-08-07 17:02:52,2.17,,
2026-08-07 17:02:53,1.15,,
2026-08-07 17:03:18,1.94,,
2026-08-07 17:03:37,2.42,,
2026-08-07 17:03:49,3.01,,
2026-08-07 17:04:10,1.38,,
2026-08-07 17:04:20,2.40,,
2026-08-07 17:04:36,1.90,,
2026-08-07 17:05:22,13.23,,
2026-08-07 17:05:47,4.16,,
2026-08-07 17:06:01,1.43,,
2026-08-07 17:06:13,1.36,,
2026-08-07 17:06:33,5.66,,
2026-08-07 17:06:42,1.13,,
2026-08-07 17:07:13,6.74,,
2026-08-07 17:07:38,2.17,,
2026-08-07 17:07:56,2.24,,
2026-08-07 17:08:23,4.42,,
2026-08-07 17:08:33,1.28,,
2026-08-07 17:08:49,2.00,,
2026-08-07 17:09:09,2.55,,
2026-08-07 17:09:19,1.15,,
2026-08-07 17:09:36,4.34,,
2026-08-07 17:10:10,4.41,,
2026-08-07 17:10:30,2.78,,
2026-08-07 17:10:39,2.12,,
2026-08-07 17:11:52,120.89,,
2026-08-07 17:12:04,2.58,,
2026-08-07 17:12:26,1.52,,
2026-08-07 17:12:44,2.26,,
2026-08-07 17:13:07,3.61,,
2026-08-07 17:13:20,1.49,,
2026-08-07 17:13:38,4.53,,
2026-08-07 17:14:22,4.65,,
2026-08-07 17:14:33,2.79,,
2026-08-07 17:14:51,2.50,,
2026-08-07 17:14:55,1.37,,
2026-08-07 17:15:06,1.24,,
2026-08-07 17:15:24,1.15,,
2026-08-07 17:16:26,96.16,,
2026-08-07 17:16:54,5.03,,
2026-08-07 17:17:00,1.65,,
2026-08-07 17:17:23,1.82,,
2026-08-07 17:17:25,1.10,,
2026-08-07 17:17:42,1.11,,
2026-08-07 17:18:05,6.69,,
2026-08-07 17:18:39,4.70,,
2026-08-07 17:19:11,14.51,,
2026-08-07 17:19:25,1.60,,
2026-08-07 17:19:34,1.10,,
2026-08-07 17:20:28,22.00,,
2026-08-07 17:20:49,3.05,,
2026-08-07 17:20:50,1.09,,
2026-08-07 17:21:07,1.02,,
2026-08-07 17:21:23,3.99,,
2026-08-07 17:22:01,6.23,,
2026-08-07 17:22:16,1.84,,
2026-08-07 17:22:17,1.08,,
2026-08-07 17:22:58,7.55,,
2026-08-07 17:23:06,1.96,,
2026-08-07 17:23:26,2.94,,
2026-08-07 17:25:03,797.34,,
2026-08-07 17:25:19,2.07,,
2026-08-07 17:25:34,3.42,,
2026-08-07 17:25:51,1.14,,
2026-08-07 17:25:59,1.77,,
2026-08-07 17:26:35,5.28,,
2026-08-07 17:26:45,1.17,,
2026-08-07 17:26:51,1.72,,
2026-08-07 17:27:33,8.49,,
2026-08-07 17:27:55,6.50,,
2026-08-07 17:28:26,3.16,,
2026-08-07 17:29:11,24.45,,
2026-08-07 17:29:59,26.43,,
2026-08-07 17:30:11,1.40,,
2026-08-07 17:30:29,4.50,,
2026-08-07 17:30:54,3.99,,
2026-08-07 17:31:23,1.63,,
2026-08-07 17:31:32,1.01,,
2026-08-07 17:31:32,1.00,,
2026-08-07 17:31:41,1.08,,
2026-08-07 17:31:59,2.10,,
2026-08-07 17:32:13,1.94,,
2026-08-07 17:32:36,6.56,,
2026-08-07 17:32:46,1.13,,
2026-08-07 17:33:09,1.67,,
2026-08-07 17:33:30,3.18,,
2026-08-07 17:33:52,3.22,,
2026-08-07 17:33:53,1.08,,
2026-08-07 17:34:13,1.44,,
2026-08-07 17:34:24,1.10,,
2026-08-07 17:34:36,1.39,,
2026-08-07 17:34:53,2.26,,
2026-08-07 17:35:10,2.16,,
2026-08-07 17:35:39,11.25,,
2026-08-07 17:36:27,14.66,,
2026-08-07 17:37:19,39.08,,
2026-08-07 17:37:51,14.12,,
2026-08-07 17:38:54,48.15,,
2026-08-07 17:39:22,5.06,,
2026-08-07 17:39:34,1.38,,
2026-08-07 17:39:55,3.24,,
2026-08-07 17:39:58,1.29,,
2026-08-07 17:40:26,1.32,,
2026-08-07 17:40:26,1.00,,
2026-08-07 17:40:27,1.05,,
2026-08-07 17:40:45,1.19,,
2026-08-07 17:40:58,3.11,,
2026-08-07 17:41:31,7.69,,
2026-08-07 17:41:57,2.46,,
2026-08-07 17:42:06,1.00,,
2026-08-07 17:42:15,1.14,,
2026-08-07 17:42:34,2.28,,
2026-08-07 17:42:59,4.14,,
2026-08-07 17:43:11,1.39,,
2026-08-07 17:43:20,1.17,,
2026-08-07 17:43:56,9.42,,
2026-08-07 17:43:58,1.28,,
2026-08-07 17:44:15,2.14,,
2026-08-07 17:44:35,2.64,,
2026-08-07 17:44:58,1.64,,
2026-08-07 17:45:07,1.15,,
2026-08-07 17:45:28,2.99,,
2026-08-07 17:45:36,1.00,,
2026-08-07 17:46:35,69.48,,
2026-08-07 17:46:48,1.35,,
2026-08-07 17:47:18,6.52,,
2026-08-07 17:47:48,6.49,,
2026-08-07 17:48:31,16.92,,
2026-08-07 17:48:48,2.12,,
2026-08-07 17:49:07,5.21,,
2026-08-07 17:49:44,2.93,,
2026-08-07 17:49:44,1.01,,
2026-08-07 17:49:55,1.23,,
2026-08-07 17:50:26,7.24,,
2026-08-07 17:50:44,2.25,,
2026-08-07 17:51:05,2.58,,
2026-08-07 17:51:25,2.90,,
2026-08-07 17:51:34,1.14,,
2026-08-07 17:51:44,2.25,,
2026-08-07 17:52:25,8.24,,
2026-08-07 17:52:34,1.04,,
2026-08-07 17:52:52,2.20,,
2026-08-07 17:52:52,1.07,,
2026-08-07 17:53:17,2.05,,
2026-08-07 17:53:19,2.05,,
2026-08-07 17:53:37,2.76,,
2026-08-07 17:53:37,1.03,,
2026-08-07 17:53:57,1.45,,
2026-08-07 17:53:58,1.45,,
2026-08-07 17:54:19,2.91,,
2026-08-07 17:54:46,4.45,,
2026-08-07 17:55:18,7.95,,
2026-08-07 17:55:30,1.28,,
2026-08-07 17:55:45,2.03,,
2026-08-07 17:55:49,1.37,,
2026-08-07 17:56:35,7.61,,
2026-08-07 17:57:02,7.15,,
2026-08-07 17:57:21,5.38,,
2026-08-07 17:57:29,5.38,,
2026-08-07 17:57:39,1.20,,
2026-08-07 17:57:40,1.20,,
2026-08-07 17:57:48,1.13,,
2026-08-07 17:57:50,1.13,,
2026-08-07 17:58:05,1.89,,
2026-08-07 17:58:26,2.86,,
2026-08-07 17:58:30,1.48,,
2026-08-07 17:58:52,1.77,,
2026-08-07 17:58:53,1.77,,
2026-08-07 17:59:08,1.74,,
2026-08-07 17:59:22,1.75,,
2026-08-07 18:00:01,12.43,,
2026-08-07 18:00:35,8.78,,
2026-08-07 18:01:04,5.62,,
2026-08-07 18:02:02,59.83,,
2026-08-07 18:02:21,2.81,,
2026-08-07 18:02:22,2.81,,
2026-08-07 18:02:43,2.78,,
2026-08-07 18:03:21,12.36,,
2026-08-07 18:03:25,1.60,,
2026-08-07 18:03:33,1.60,,
2026-08-07 18:04:01,4.61,,
2026-08-07 18:04:41,7.77,,
2026-08-07 18:04:41,1.00,,
2026-08-07 18:04:52,1.24,,
2026-08-07 18:05:18,9.49,,
2026-08-07 18:05:25,9.49,,
2026-08-07 18:05:38,1.45,,
2026-08-07 18:05:40,1.45,,
2026-08-07 18:05:50,1.27,,
2026-08-07 18:06:12,1.66,,
2026-08-07 18:06:22,1.08,,
2026-08-07 18:06:24,1.16,,
2026-08-07 18:06:56,8.50,,
2026-08-07 18:06:57,8.50,,
2026-08-07 18:07:24,5.30,,
2026-08-07 18:07:26,5.30,,
2026-08-07 18:08:31,125.97,,
2026-08-07 18:08:51,1.28,,
2026-08-07 18:08:54,1.24,,
2026-08-07 18:09:47,48.94,,
2026-08-07 18:10:02,1.55,,
2026-08-07 18:10:16,2.00,,
2026-08-07 18:10:19,2.00,,
2026-08-07 18:11:43,559.22,,
2026-08-07 18:12:41,68.63,,
2026-08-07 18:12:42,1.30,,
2026-08-07 18:13:15,3.59,,
2026-08-07 18:13:31,1.12,,
2026-08-07 18:13:31,1.00,,
2026-08-07 18:14:11,6.44,,
2026-08-07 18:14:11,1.02,,
2026-08-07 18:14:21,1.15,,
2026-08-07 18:14:49,2.61,,
2026-08-07 18:14:49,1.16,,
2026-08-07 18:14:58,1.00,,
2026-08-07 18:15:41,19.29,,
2026-08-07 18:15:54,1.43,,
2026-08-07 18:16:08,3.38,,
2026-08-07 18:16:15,3.38,,
2026-08-07 18:16:42,4.37,,
2026-08-07 18:16:46,1.47,,
2026-08-07 18:17:40,24.87,,
2026-08-07 18:17:42,24.87,,
2026-08-07 18:18:06,4.11,,
2026-08-07 18:18:51,45.83,,
2026-08-07 18:19:09,1.03,,
2026-08-07 18:19:22,3.25,,
2026-08-07 18:19:32,1.15,,
2026-08-07 18:19:40,1.15,,
2026-08-07 18:19:50,2.41,,
2026-08-07 18:20:31,3.51,,
2026-08-07 18:20:31,1.02,,
2026-08-07 18:20:40,1.14,,
2026-08-07 18:21:00,1.28,,
2026-08-07 18:21:00,1.15,,
2026-08-07 18:21:10,2.28,,
2026-08-07 18:21:20,1.22,,
2026-08-07 18:21:28,1.22,,
2026-08-07 18:21:42,1.77,,
2026-08-07 18:21:44,1.77,,
2026-08-07 18:21:48,1.56,,
2026-08-07 18:22:12,1.80,,
2026-08-07 18:22:13,1.80,,
2026-08-07 18:22:32,2.57,,
2026-08-07 18:22:32,1.07,,
2026-08-07 18:23:01,1.44,,
2026-08-07 18:23:02,1.14,,
2026-08-07 18:23:02,1.00,,
2026-08-07 18:23:24,1.78,,
2026-08-07 18:23:27,1.78,,
2026-08-07 18:23:37,1.32,,
2026-08-07 18:23:57,2.62,,
2026-08-07 18:24:16,2.92,,
2026-08-07 18:24:18,2.92,,
2026-08-07 18:24:58,13.25,,
2026-08-07 18:25:22,8.49,,
2026-08-07 18:25:44,1.60,,
2026-08-07 18:26:03,2.04,,
2026-08-07 18:26:35,9.74,,
2026-08-07 18:26:45,1.04,,
2026-08-07 18:26:46,1.25,,
2026-08-07 18:27:04,1.12,,
2026-08-07 18:27:04,1.01,,
2026-08-07 18:27:25,1.54,,
2026-08-07 18:27:34,1.00,,
2026-08-07 18:27:43,1.07,,
2026-08-07 18:28:09,3.99,,
2026-08-07 18:28:25,2.30,,
2026-08-07 18:28:28,2.30,,
2026-08-07 18:28:41,1.63,,
2026-08-07 18:28:46,1.79,,
2026-08-07 18:29:23,5.00,,
2026-08-07 18:29:47,3.86,,
2026-08-07 18:30:18,7.06,,
2026-08-07 18:30:31,1.52,,
2026-08-07 18:31:10,12.01,,
2026-08-07 18:31:39,6.39,,
2026-08-07 18:32:02,3.53,,
2026-08-07 18:32:19,2.00,,
2026-08-07 18:32:42,3.35,,
2026-08-07 18:33:04,7.01,,
2026-08-07 18:33:11,7.01,,
2026-08-07 18:33:21,1.21,,
2026-08-07 18:33:23,1.21,,
2026-08-07 18:33:24,1.23,,
2026-08-07 18:33:44,1.28,,
2026-08-07 18:33:58,1.41,,
2026-08-07 18:34:11,1.69,,
2026-08-07 18:34:25,1.84,,
2026-08-07 18:34:27,1.84,,
2026-08-07 18:34:37,1.37,,
2026-08-07 18:34:40,1.37,,
2026-08-07 18:34:41,1.46,,
2026-08-07 18:34:50,1.46,,
2026-08-07 18:35:14,3.76,,
2026-08-07 18:35:23,1.01,,
2026-08-07 18:35:50,4.80,,
2026-08-07 18:36:24,10.19,,
2026-08-07 18:36:26,10.19,,
2026-08-07 18:36:54,2.91,,
2026-08-07 18:36:55,1.09,,
2026-08-07 18:36:55,1.09,,
2026-08-07 18:37:50,20.37,,
2026-08-07 18:38:04,1.49,,
2026-08-07 18:38:25,3.78,,
2026-08-07 18:38:36,1.29,,
2026-08-07 18:38:37,1.29,,
2026-08-07 18:39:01,3.81,,
2026-08-07 18:39:36,9.58,,
2026-08-07 18:40:04,5.40,,
2026-08-07 18:40:08,1.53,,
2026-08-07 18:40:28,1.11,,
2026-08-07 18:40:38,1.28,,
2026-08-07 18:41:08,2.98,,
2026-08-07 18:41:11,1.29,,
2026-08-07 18:41:20,1.16,,
2026-08-07 18:41:30,1.14,,
2026-08-07 18:41:48,2.74,,
2026-08-07 18:42:06,1.04,,
2026-08-07 18:42:06,1.00,,
2026-08-07 18:42:11,1.62,,
2026-08-07 18:42:19,1.62,,
2026-08-07 18:42:48,5.17,,
2026-08-07 18:42:55,2.05,,
2026-08-07 18:43:40,8.58,,
2026-08-07 18:44:09,3.62,,
2026-08-07 18:44:13,1.12,,
2026-08-07 18:44:54,17.85,,
2026-08-07 18:45:11,2.06,,
2026-08-07 18:45:45,10.24,,
2026-08-07 18:45:54,10.24,,
2026-08-07 18:45:55,1.17,,
2026-08-07 18:45:55,1.00,,
2026-08-07 18:46:37,7.52,,
2026-08-07 18:47:00,3.95,,
2026-08-07 18:47:02,3.95,,
2026-08-07 18:47:19,2.53,,
2026-08-07 18:47:21,2.53,,
2026-08-07 18:47:32,1.31,,
2026-08-07 18:47:45,1.50,,
2026-08-07 18:48:01,2.21,,
2026-08-07 18:48:10,1.00,,
2026-08-07 18:48:23,1.47,,
2026-08-07 18:48:33,1.20,,
2026-08-07 18:48:42,1.22,,
2026-08-07 18:48:44,1.22,,
2026-08-07 18:49:04,2.75,,
2026-08-07 18:49:24,3.07,,
2026-08-07 18:49:25,3.07,,
2026-08-07 18:49:34,1.15,,
2026-08-07 18:49:35,1.15,,
2026-08-07 18:49:47,1.36,,
2026-08-07 18:50:09,3.13,,
2026-08-07 18:50:42,7.62,,
2026-08-07 18:50:50,2.36,,
2026-08-07 18:51:50,34.12,,
2026-08-07 18:52:04,1.54,,
2026-08-07 18:52:29,3.41,,
2026-08-07 18:52:56,6.22,,
2026-08-07 18:53:17,3.24,,
2026-08-07 18:53:17,6.22,,
2026-08-07 18:54:17,82.83,,
2026-08-07 18:54:19,82.83,,
2026-08-07 18:54:37,1.22,,
2026-08-07 18:54:41,1.04,,
2026-08-07 18:55:19,17.67,,
2026-08-07 18:55:19,1.04,,
2026-08-07 18:55:48,1.28,,
2026-08-07 18:55:48,1.00,,
2026-08-07 18:56:01,1.38,,
2026-08-07 18:56:10,1.30,,
2026-08-07 18:56:20,1.08,,
2026-08-07 18:56:54,8.19,,
2026-08-07 18:57:02,2.38,,
2026-08-07 18:57:54,19.47,,
2026-08-07 18:57:58,19.47,,
2026-08-07 18:58:13,2.42,,
2026-08-07 18:58:17,2.42,,
2026-08-07 18:58:18,1.63,,
2026-08-07 18:58:26,1.63,,
2026-08-07 18:58:46,2.21,,
2026-08-07 18:58:56,1.34,,
2026-08-07 18:59:07,1.10,,
2026-08-07 18:59:22,2.16,,
2026-08-07 18:59:32,1.15,,
2026-08-07 18:59:33,2.16,,
2026-08-07 18:59:36,1.15,,
2026-08-07 18:59:55,6.88,,
2026-08-07 19:00:26,6.60,,
2026-08-07 19:00:34,6.60,,
2026-08-07 19:01:07,7.16,,
2026-08-07 19:01:26,2.13,,
2026-08-07 19:01:31,1.96,,
2026-08-07 19:01:39,1.96,,
2026-08-07 19:02:04,4.24,,
2026-08-07 19:02:07,4.24,,
2026-08-07 19:02:32,3.74,,
2026-08-07 19:02:55,4.01,,
2026-08-07 19:03:28,8.30,,
2026-08-07 19:03:29,1.30,,
2026-08-07 19:03:50,1.23,,
2026-08-07 19:04:02,1.74,,
2026-08-07 19:04:05,1.74,,
2026-08-07 19:04:22,2.54,,
2026-08-07 19:04:24,2.54,,
2026-08-07 19:04:51,4.99,,
2026-08-07 19:05:10,2.58,,
2026-08-07 19:05:34,4.37,,
2026-08-07 19:05:36,4.37,,
2026-08-07 19:05:48,1.62,,
2026-08-07 19:05:50,1.62,,
2026-08-07 19:06:04,2.00,,
2026-08-07 19:06:09,2.00,,
2026-08-07 19:06:45,13.78,,
2026-08-07 19:06:46,13.78,,
2026-08-07 19:07:04,2.25,,
2026-08-07 19:07:17,1.94,,
2026-08-07 19:07:25,1.94,,
2026-08-07 19:07:36,2.04,,
2026-08-07 19:07:49,1.79,,
2026-08-07 19:07:51,1.79,,
2026-08-07 19:08:03,1.60,,
2026-08-07 19:08:15,1.60,,
2026-08-07 19:08:20,1.49,,
2026-08-07 19:08:47,5.78,,
2026-08-07 19:09:10,3.45,,
2026-08-07 19:09:28,2.28,,
2026-08-07 19:09:56,2.35,,
2026-08-07 19:09:56,1.03,,
2026-08-07 19:10:16,2.28,,
2026-08-07 19:10:55,7.51,,
2026-08-07 19:10:55,1.08,,
2026-08-07 19:11:21,4.32,,
2026-08-07 19:11:35,2.13,,
2026-08-07 19:11:39,2.13,,
2026-08-07 19:11:46,2.57,,
2026-08-07 19:12:12,1.77,,
2026-08-07 19:12:41,6.74,,
2026-08-07 19:12:44,6.74,,
2026-08-07 19:13:08,2.42,,
2026-08-07 19:13:30,5.43,,
2026-08-07 19:13:59,6.85,,
2026-08-07 19:14:22,1.51,,
2026-08-07 19:14:26,1.42,,
2026-08-07 19:14:35,2.77,,
2026-08-07 19:15:01,1.91,,
2026-08-07 19:15:06,1.77,,
2026-08-07 19:15:51,10.66,,
2026-08-07 19:16:00,1.05,,
2026-08-07 19:16:08,1.05,,
2026-08-07 19:16:16,1.02,,
2026-08-07 19:16:16,1.01,,
2026-08-07 19:16:50,8.64,,
2026-08-07 19:17:27,4.79,,
2026-08-07 19:17:42,1.67,,
2026-08-07 19:18:02,3.02,,
2026-08-07 19:18:36,1.92,,
2026-08-07 19:18:36,1.02,,
2026-08-07 19:18:39,1.19,,
2026-08-07 19:18:54,2.01,,
2026-08-07 19:19:37,10.33,,
2026-08-07 19:19:57,5.42,,
2026-08-07 19:20:25,12.13,,
2026-08-07 19:20:37,1.40,,
2026-08-07 19:21:01,1.72,,
2026-08-07 19:21:11,1.11,,
2026-08-07 19:21:23,1.32,,
2026-08-07 19:21:41,2.09,,
2026-08-07 19:21:51,2.97,,
2026-08-07 19:22:34,8.17,,
2026-08-07 19:23:00,2.03,,
2026-08-07 19:23:00,1.00,,
2026-08-07 19:23:14,1.94,,
2026-08-07 19:23:27,1.41,,
2026-08-07 19:23:52,4.12,,
2026-08-07 19:24:10,1.37,,
2026-08-07 19:24:14,1.09,,
2026-08-07 19:24:36,2.02,,
2026-08-07 19:24:40,1.18,,
2026-08-07 19:25:14,9.14,,
2026-08-07 19:25:55,15.96,,
2026-08-07 19:26:05,1.20,,
2026-08-07 19:26:25,1.45,,
2026-08-07 19:26:25,1.00,,
2026-08-07 19:26:58,7.56,,
2026-08-07 19:27:19,2.98,,
2026-08-07 19:27:33,1.84,,
2026-08-07 19:27:44,1.04,,
2026-08-07 19:27:49,1.82,,
2026-08-07 19:28:14,1.66,,
2026-08-07 19:28:36,7.79,,
2026-08-07 19:29:30,1.57,,
2026-08-07 19:30:27,9.43,,
2026-08-07 19:30:36,6.85,,
2026-08-07 19:30:55,2.77,,
2026-08-07 19:31:15,2.62,,
2026-08-07 19:31:43,4.87,,
2026-08-07 19:32:01,1.24,,
2026-08-07 19:32:05,1.27,,
2026-08-07 19:32:22,1.08,,
2026-08-07 19:32:46,3.97,,
2026-08-07 19:33:17,6.47,,
2026-08-07 19:33:48,6.31,,
2026-08-07 19:33:48,1.10,,
2026-08-07 19:33:58,1.38,,
2026-08-07 19:34:53,18.46,,
2026-08-07 19:34:53,18.46,,
2026-08-07 19:35:05,1.59,,
2026-08-07 19:35:09,1.56,,
2026-08-07 19:35:32,1.62,,
2026-08-07 19:35:53,2.61,,
2026-08-07 19:36:10,2.52,,
2026-08-07 19:36:12,1.13,,
2026-08-07 19:36:36,3.74,,
2026-08-07 19:36:50,1.72,,
2026-08-07 19:37:11,3.02,,
2026-08-07 19:38:06,1.16,,
2026-08-07 19:38:06,1.28,,
2026-08-07 19:38:06,2.23,,
2026-08-07 19:38:10,1.32,,
2026-08-07 19:38:37,4.87,,
2026-08-07 19:38:50,1.52,,
2026-08-07 19:39:03,1.44,,
2026-08-07 19:39:12,1.13,,
2026-08-07 19:39:21,1.11,,
2026-08-07 19:39:45,3.57,,
2026-08-07 19:39:58,1.49,,
2026-08-07 19:40:13,1.86,,
2026-08-07 19:40:22,1.10,,
2026-08-07 19:40:36,1.59,,
2026-08-07 19:40:44,1.00,,
2026-08-07 19:40:56,1.45,,
2026-08-07 19:41:12,1.92,,
2026-08-07 19:41:25,1.44,,
2026-08-07 19:42:09,21.44,,
2026-08-07 19:42:18,1.03,,
2026-08-07 19:42:39,2.97,,
2026-08-07 19:42:54,1.79,,
2026-08-07 19:43:05,1.24,,
2026-08-07 19:43:24,2.51,,
2026-08-07 19:43:34,1.21,,
2026-08-07 19:43:51,2.02,,
2026-08-07 19:44:24,8.32,,
2026-08-07 19:44:44,2.70,,
2026-08-07 19:44:55,1.25,,
2026-08-07 19:45:08,1.53,,
2026-08-07 19:45:22,1.63,,
2026-08-07 19:45:32,1.16,,
2026-08-07 19:45:42,1.12,,
2026-08-07 19:46:22,15.40,,
2026-08-07 19:46:32,1.20,,
2026-08-07 19:47:10,11.80,,
2026-08-07 19:47:19,1.10,,
2026-08-07 19:47:37,2.39,,
2026-08-07 19:48:00,3.39,,
2026-08-07 19:48:17,2.14,,
2026-08-07 19:48:39,3.21,,
2026-08-07 19:48:50,1.21,,
2026-08-07 19:49:30,12.22,,
2026-08-07 19:49:48,2.81,,
2026-08-07 19:49:59,1.31,,
2026-08-07 19:50:12,1.44,,
2026-08-07 19:50:38,4.66,,
2026-08-07 19:50:50,1.40,,
2026-08-07 19:51:05,1.68,,
2026-08-07 19:51:17,1.39,,
2026-08-07 19:51:31,1.64,,
2026-08-07 19:52:24,44.73,,
2026-08-07 19:52:53,5.64,,
2026-08-07 19:53:35,5.64,,
2026-08-07 19:53:07,1.69,,
2026-08-07 19:53:16,1.04,,
2026-08-07 19:53:24,1.01,,
2026-08-07 19:54:06,16.89,,
2026-08-07 19:54:53,25.46,,
2026-08-07 19:55:01,1.01,,
2026-08-07 19:55:21,1.00,,
2026-08-07 19:55:20,1.28,,
2026-08-07 19:55:32,1.34,,
2026-08-07 19:55:42,1.23,,
2026-08-07 19:56:28,22.81,,
2026-08-07 19:56:55,4.77,,
2026-08-07 19:57:16,2.93,,
2026-08-07 19:57:28,1.43,,
2026-08-07 19:57:50,3.19,,
2026-08-07 19:58:22,7.62,,
2026-08-07 19:58:35,1.26,,
2026-08-07 19:59:05,7.22,,
2026-08-07 19:59:13,1.00,,
2026-08-07 19:59:51,12.13,,
2026-08-07 20:00:08,2.07,,
2026-08-07 20:00:24,1.94,,
2026-08-07 20:01:04,14.93,,
2026-08-07 20:01:21,2.13,,
2026-08-07 20:01:29,1.00,,
2026-08-07 20:01:39,1.14,,
2026-08-07 20:01:49,1.24,,
2026-08-07 20:02:00,1.25,,
2026-08-07 20:02:13,1.53,,
2026-08-07 20:02:34,2.76,,
2026-08-07 20:02:42,1.01,,
2026-08-07 20:02:56,1.62,,
2026-08-07 20:03:17,3.05,,
2026-08-07 20:03:32,1.79,,
2026-08-07 20:03:54,3.18,,
2026-08-07 20:04:02,1.00,,
2026-08-07 20:04:12,1.15,,
2026-08-07 20:04:23,1.27,,
2026-08-07 20:04:42,2.61,,
2026-08-07 20:04:57,1.71,,
2026-08-07 20:05:05,1.02,,
2026-08-07 20:05:14,1.05,,
2026-08-07 20:05:22,1.00,,
2026-08-07 20:05:43,2.95,,
2026-08-07 20:06:16,8.04,,
2026-08-07 20:06:38,3.16,,
2026-08-07 20:07:00,3.38,,
2026-08-07 20:07:11,1.22,,
2026-08-07 20:07:27,2.05,,
2026-08-07 20:07:35,1.00,,
2026-08-07 20:07:50,1.72,,
2026-08-07 20:08:11,3.01,,
2026-08-07 20:08:44,7.41,,
2026-08-07 20:09:03,2.62,,
2026-08-07 20:09:21,2.29,,
2026-08-07 20:10:36,270.41,,
2026-08-07 20:10:53,2.07,,
2026-08-07 20:11:17,3.71,,
2026-08-07 20:11:30,1.54,,
2026-08-07 20:11:41,1.23,,
2026-08-07 20:11:58,2.21,,
2026-08-07 20:12:18,2.71,,
2026-08-07 20:12:42,3.66,,
2026-08-07 20:13:15,8.35,,
2026-08-07 20:13:26,1.23,,
2026-08-07 20:13:41,1.81,,
2026-08-07 20:14:23,16.88,,
2026-08-07 20:14:31,1.02,,
2026-08-07 20:14:41,1.12,,
2026-08-07 20:15:02,3.08,,
2026-08-07 20:15:10,1.00,,
2026-08-07 20:15:18,1.02,,
2026-08-07 20:15:42,3.58,,
2026-08-07 20:15:52,1.24,,
2026-08-07 20:16:06,1.54,,
2026-08-07 20:16:19,1.54,,
2026-08-07 20:16:34,1.77,,
2026-08-07 20:16:44,1.00,,
2026-08-07 20:16:52,1.00,,
2026-08-07 20:17:13,3.38,,
2026-08-07 20:17:38,4.49,,
2026-08-07 20:17:51,1.50,,
2026-08-07 20:18:00,1.00,,
2026-08-07 20:18:17,2.14,,
2026-08-07 20:18:28,1.29,,
2026-08-07 20:18:38,1.18,,
2026-08-07 20:19:14,10.34,,
2026-08-07 20:19:41,5.00,,
2026-08-07 20:20:07,4.54,,
2026-08-07 20:20:18,1.23,,
2026-08-07 20:20:31,1.51,,
2026-08-07 20:20:47,2.00,,
2026-08-07 20:20:58,1.20,,
2026-08-07 20:21:07,1.08,,
2026-08-07 20:21:16,1.15,,
2026-08-07 20:21:26,1.20,,
2026-08-07 20:21:36,1.12,,
2026-08-07 20:21:55,2.48,,
2026-08-07 20:22:23,5.46,,
2026-08-07 20:22:49,4.25,,
2026-08-07 20:23:55,7.42,,
2026-08-07 20:23:55,1.47,,
2026-08-07 20:23:55,1.29,,
2026-08-07 20:24:08,3.52,,
2026-08-07 20:24:19,1.32,,
2026-08-07 20:24:29,1.22,,
2026-08-07 20:24:45,1.90,,
2026-08-07 20:25:12,4.97,,
2026-08-07 20:25:22,1.09,,
2026-08-07 20:25:31,1.11,,
2026-08-07 20:25:48,1.60,,
2026-08-07 20:25:56,1.30,,
2026-08-07 20:26:11,1.83,,
2026-08-07 20:26:27,1.85,,
2026-08-07 20:26:35,1.00,,
2026-08-07 20:27:20,23.32,,
2026-08-07 20:29:11,5.83,,
2026-08-07 20:29:11,1.05,,
2026-08-07 20:29:11,1.27,,
2026-08-07 20:29:11,6.67,,
2026-08-07 20:29:11,1.06,,
2026-08-07 20:29:13,3.73,,
2026-08-07 20:29:50,10.73,,
2026-08-07 20:30:36,22.66,,
2026-08-07 20:30:51,2.09,,
2026-08-07 20:31:04,1.41,,
2026-08-07 20:31:52,27.71,,
2026-08-07 20:32:14,3.41,,
2026-08-07 20:32:22,1.00,,
2026-08-07 20:32:42,2.36,,
2026-08-07 20:33:08,4.68,,
2026-08-07 20:33:18,1.28,,
2026-08-07 20:33:49,6.41,,
2026-08-07 20:34:17,5.24,,
2026-08-07 20:34:47,6.43,,
2026-08-07 20:35:02,1.77,,
2026-08-07 20:35:22,2.81,,
2026-08-07 20:35:39,2.09,,
2026-08-07 20:35:49,1.15,,
2026-08-07 20:35:59,1.16,,
2026-08-07 20:36:20,2.90,,
2026-08-07 20:36:28,1.03,,
2026-08-07 20:36:53,4.05,,
2026-08-07 20:37:21,5.26,,
2026-08-07 20:37:29,1.00,,
2026-08-07 20:37:43,1.69,,
2026-08-07 20:37:59,1.84,,
2026-08-07 20:38:23,1.84,,
2026-08-07 20:38:40,4.35,,
2026-08-07 20:39:02,3.25,,
2026-08-07 20:39:23,3.10,,
2026-08-07 20:39:39,1.85,,
2026-08-07 20:40:02,3.59,,
2026-08-07 20:40:11,1.07,,
2026-08-07 20:40:19,1.00,,
2026-08-07 20:40:56,11.30,,
2026-08-07 20:41:13,2.13,,
2026-08-07 20:41:34,2.88,,
2026-08-07 20:41:43,1.07,,
2026-08-07 20:42:01,2.30,,
2026-08-07 20:42:24,3.49,,
2026-08-07 20:42:33,1.09,,
2026-08-07 20:42:51,2.25,,
2026-08-07 20:43:07,1.95,,
2026-08-07 20:43:15,1.04,,
2026-08-07 20:43:25,1.16,,
2026-08-07 20:43:34,1.06,,
2026-08-07 20:44:07,7.39,,
2026-08-07 20:44:15,1.08,,
2026-08-07 20:44:30,1.83,,
2026-08-07 20:44:59,5.74,,
2026-08-07 20:45:08,1.00,,
2026-08-07 20:45:16,1.00,,
2026-08-07 20:45:24,1.06,,
2026-08-07 20:45:41,1.00,,
2026-08-07 20:45:43,1.30,,
2026-08-07 20:46:11,5.11,,
2026-08-07 20:46:26,1.85,,
2026-08-07 20:46:48,3.03,,
2026-08-07 20:47:28,14.81,,
2026-08-07 20:47:36,1.00,,
2026-08-07 20:47:57,2.93,,
2026-08-07 20:48:26,5.52,,
2026-08-07 20:48:53,4.81,,
2026-08-07 20:49:56,99.06,,
2026-08-07 20:50:17,2.92,,
2026-08-07 20:50:40,3.49,,
2026-08-07 20:50:51,1.36,,
2026-08-07 20:51:06,1.71,,
2026-08-07 20:51:49,18.39,,
2026-08-07 20:52:28,13.21,,
2026-08-07 20:52:37,1.08,,
2026-08-07 20:52:49,1.44,,
2026-08-07 20:53:03,1.54,,
2026-08-07 20:53:44,7.07,,
2026-08-07 20:54:01,4.90,,
2026-08-07 20:54:34,7.65,,
2026-08-07 20:54:50,1.91,,
2026-08-07 20:54:58,1.00,,
2026-08-07 20:55:16,2.46,,
2026-08-07 20:55:30,1.54,,
2026-08-07 20:55:39,1.11,,
2026-08-07 20:55:50,1.11,,
2026-08-07 20:55:57,1.06,,
2026-08-07 20:56:21,3.69,,
2026-08-07 20:56:46,4.14,,
2026-08-07 20:56:57,1.27,,
2026-08-07 20:57:17,2.85,,
2026-08-07 20:57:34,1.99,,
2026-08-07 20:57:54,2.68,,
2026-08-07 20:58:17,3.40,,
2026-08-07 20:58:46,6.28,,
2026-08-07 20:58:55,1.02,,
2026-08-07 20:59:22,5.03,,
2026-08-07 21:00:00,11.93,,
2026-08-07 21:00:27,4.74,,
2026-08-07 21:00:37,1.20,,
2026-08-07 21:00:45,1.03,,
2026-08-07 21:01:26,14.72,,
2026-08-07 21:01:39,1.52,,
2026-08-07 21:01:49,1.21,,
2026-08-07 21:01:58,1.12,,
2026-08-07 21:02:12,1.65,,
2026-08-07 21:02:35,3.29,,
2026-08-07 21:03:20,21.91,,
2026-08-07 21:03:31,1.25,,
2026-08-07 21:03:56,4.25,,
2026-08-07 21:04:36,13.88,,
2026-08-07 21:04:52,1.96,,
2026-08-07 21:05:07,1.86,,
2026-08-07 21:05:30,3.31,,
2026-08-07 21:06:09,14.00,,
2026-08-07 21:07:11,90.50,,real
2026-08-07 21:07:28,2.00,,real
2026-08-07 21:08:05,11.87,,real
2026-08-07 21:08:14,1.07,,real
2026-08-07 21:08:27,1.43,,real
2026-08-07 21:08:37,1.17,,real
2026-08-07 21:08:57,2.77,,real
2026-08-07 21:09:10,1.48,,real
2026-08-07 21:09:22,1.48,,real
2026-08-07 21:09:35,1.46,,real
2026-08-07 21:10:20,21.72,,real
2026-08-07 21:10:32,1.19,,real
2026-08-07 21:11:14,1.30,,real
2026-08-07 21:11:23,6.94,,real
2026-08-07 21:11:59,11.69,,real
2026-08-07 21:12:18,2.24,,real
2026-08-07 21:12:32,1.60,,real
2026-08-07 21:12:52,1.53,,real
2026-08-07 21:12:56,1.04,,real
2026-08-07 21:13:35,16.53,,real
2026-08-07 21:14:09,17.03,,real
2026-08-07 21:14:32,1.83,,real
2026-08-07 21:14:41,1.17,,real
2026-08-07 21:14:50,1.02,,real
2026-08-07 21:14:57,1.81,,real
2026-08-07 21:15:15,1.18,,real
2026-08-07 21:15:24,1.12,,real
2026-08-07 21:15:45,5.61,,real
2026-08-07 21:16:13,5.29,,real
2026-08-07 21:16:32,2.38,,real
2026-08-07 21:16:51,1.24,,real
2026-08-07 21:17:32,15.29,,real
2026-08-07 21:17:52,5.65,,real
2026-08-07 21:18:11,2.29,,real
2026-08-07 21:18:43,3.99,,real
2026-08-07 21:19:07,3.47,,real
2026-08-07 21:19:31,2.11,,real
2026-08-07 21:19:31,1.03,,real
2026-08-07 21:19:37,1.66,,real
2026-08-07 21:19:55,1.23,,real
2026-08-07 21:20:08,1.13,,real
2026-08-07 21:20:19,1.62,,real
2026-08-07 21:20:55,8.66,,real
2026-08-07 21:21:29,2.69,,real
2026-08-07 21:21:29,1.01,,real
2026-08-07 21:21:29,1.00,,real
2026-08-07 21:22:33,105.82,,real
2026-08-07 21:22:54,2.86,,real
2026-08-07 21:22:55,1.12,,real
2026-08-07 21:23:05,1.19,,real
2026-08-07 21:23:25,1.35,,real
2026-08-07 21:23:26,1.14,,real
2026-08-07 21:23:39,1.45,,real
2026-08-07 21:24:16,6.11,,real
2026-08-07 21:24:18,1.10,,real
2026-08-07 21:24:36,1.01,,real
2026-08-07 21:24:52,2.32,,real
2026-08-07 21:25:10,2.34,,real
2026-08-07 21:25:41,6.72,,real
2026-08-07 21:25:53,1.23,,real
2026-08-07 21:26:26,4.21,,real
2026-08-07 21:26:26,1.00,,real
2026-08-07 21:26:53,5.45,,real
2026-08-07 21:27:12,2.27,,real
2026-08-07 21:27:19,1.82,,real
2026-08-07 21:27:51,7.90,,real
2026-08-07 21:28:07,1.76,,real
2026-08-07 21:29:50,1512.22,,real
2026-08-07 21:30:07,1.69,,real
2026-08-07 21:30:23,2.21,,real
2026-08-07 21:30:48,4.53,,real
2026-08-07 21:31:25,9.76,,real
2026-08-07 21:31:51,5.23,,real
2026-08-07 21:32:20,5.96,,real
2026-08-07 21:32:22,1.00,,real
2026-08-07 21:32:39,1.17,,real
2026-08-07 21:32:54,1.68,,real
2026-08-07 21:33:33,14.27,,real
2026-08-07 21:33:44,1.26,,real
2026-08-07 21:34:00,1.00,,real
2026-08-07 21:34:11,1.22,,real
2026-08-07 21:34:22,2.88,,real
2026-08-07 21:34:43,1.58,,real
2026-08-07 21:34:57,1.64,,real
2026-08-07 21:35:08,1.22,,real
2026-08-07 21:35:19,1.28,,real
2026-08-07 21:35:30,1.21,,real
2026-08-07 21:36:09,14.19,,real
2026-08-07 21:36:35,4.32,,real
2026-08-07 21:36:56,6.18,,real
2026-08-07 21:37:16,1.23,,real
2026-08-07 21:37:49,8.73,,real
2026-08-07 21:38:07,2.20,,real
2026-08-07 21:38:44,12.62,,real
2026-08-07 21:39:13,2.76,,real
2026-08-07 21:39:13,1.00,,real
2026-08-07 21:39:32,1.24,,real
2026-08-07 21:39:32,1.02,,real
2026-08-07 21:39:38,1.62,,real
2026-08-07 21:40:03,2.23,,real
2026-08-07 21:40:24,2.91,,real
2026-08-07 21:40:30,1.67,,real
2026-08-07 21:40:54,1.52,,real
2026-08-07 21:40:57,1.55,,real
2026-08-07 21:42:13,146.41,,real
2026-08-07 21:42:24,2.68,,real
2026-08-07 21:42:50,2.17,,real
2026-08-07 21:43:37,25.91,,real
2026-08-07 21:44:11,16.95,,real
2026-08-07 21:45:13,47.93,,real
2026-08-07 21:45:25,1.33,,real
2026-08-07 21:45:34,1.04,,real
2026-08-07 21:45:36,1.26,,real
2026-08-07 21:45:58,1.59,,real
2026-08-07 21:46:36,23.74,,real
2026-08-07 21:46:54,1.09,,real
2026-08-07 21:47:19,3.80,,real
2026-08-07 21:47:31,1.55,,real
2026-08-07 21:47:54,3.83,,real
2026-08-07 21:48:04,1.05,,real
2026-08-07 21:48:23,5.01,,real
2026-08-07 21:49:01,6.54,,real
2026-08-07 21:49:19,1.64,,real
2026-08-07 21:49:42,4.31,,real
2026-08-07 21:49:55,1.36,,
2026-08-07 21:50:10,4.83,,real
2026-08-07 21:50:32,3.30,,real
2026-08-07 21:51:09,5.55,,real
2026-08-07 21:51:16,1.77,,real
2026-08-07 21:51:40,3.72,,real
2026-08-07 21:52:06,4.75,,real
2026-08-07 21:52:20,1.54,,real
2026-08-07 21:52:37,2.15,,real
2026-08-07 21:52:49,1.37,,real
2026-08-07 21:53:03,1.68,,real
2026-08-07 21:53:33,6.45,,real
2026-08-07 21:53:44,1.26,,real
2026-08-07 21:53:53,1.00,,real
2026-08-07 21:54:05,1.52,,real
2026-08-07 21:54:41,10.37,,real
2026-08-07 21:55:12,6.45,,real
2026-08-07 21:55:20,1.04,,real
2026-08-07 21:55:31,1.26,,real
2026-08-07 21:55:40,1.02,,real
2026-08-07 21:55:49,1.08,,real
2026-08-07 21:56:26,11.64,,real
2026-08-07 21:56:47,3.06,,real
2026-08-07 21:57:06,2.38,,real
2026-08-07 21:57:14,1.00,,real
2026-08-07 21:57:51,6.03,,real
2026-08-07 21:58:05,1.54,,real
2026-08-07 21:58:17,1.28,,real
2026-08-07 21:58:40,3.79,,real
2026-08-07 21:58:56,1.90,,real
2026-08-07 21:59:13,2.28,,real
2026-08-07 22:00:02,29.59,,real
2026-08-07 22:00:20,2.22,,real
2026-08-07 22:00:35,1.81,,real
2026-08-07 22:00:47,1.42,,real
2026-08-07 22:01:09,3.21,,real
2026-08-07 22:01:40,6.94,,real
2026-08-07 22:02:19,12.58,,real
2026-08-07 22:02:27,1.04,,real
2026-08-07 22:02:36,1.02,,real
2026-08-07 22:03:00,3.72,,real
2026-08-07 22:03:08,1.02,,real
2026-08-07 22:03:32,3.94,,real
2026-08-07 22:03:41,1.04,,real
2026-08-07 22:04:00,2.49,,real
2026-08-07 22:04:10,1.19,,real
2026-08-07 22:04:37,4.90,,real
2026-08-07 22:05:04,4.95,,real
2026-08-07 22:05:22,2.16,,real
2026-08-07 22:05:56,8.87,,real
2026-08-07 22:06:13,2.10,,real
2026-08-07 22:06:23,1.16,,real
2026-08-07 22:06:35,1.40,,real
2026-08-07 22:06:58,3.58,,real
2026-08-07 22:07:15,2.05,,real
2026-08-07 22:07:23,1.00,,real
2026-08-07 22:07:51,5.51,,real
2026-08-07 22:08:00,1.09,,real
2026-08-07 22:08:16,1.95,,real
2026-08-07 22:08:43,4.54,,real
2026-08-07 22:09:00,2.04,,real
2026-08-07 22:09:11,1.39,,real
2026-08-07 22:09:28,2.10,,real
2026-08-07 22:09:48,2.67,,real
2026-08-07 22:09:58,1.15,,real
2026-08-07 22:10:17,2.48,,real
2026-08-07 22:10:27,1.20,,real
2026-08-07 22:10:55,5.27,,real
2026-08-07 22:11:08,1.53,,real
2026-08-07 22:11:20,1.34,,real
2026-08-07 22:11:40,2.83,,real
2026-08-07 22:11:55,1.71,,real
2026-08-07 22:12:10,1.91,,real
2026-08-07 22:12:36,4.43,,real
2026-08-07 22:12:49,1.52,,real
2026-08-07 22:13:21,7.20,,real
2026-08-07 22:13:31,1.19,,real
2026-08-07 22:14:31,73.72,,real
2026-08-07 22:14:41,1.20,,real
2026-08-07 22:14:50,1.04,,real
2026-08-07 22:15:05,1.78,,real
2026-08-07 22:15:28,3.57,,real
2026-08-07 22:15:46,2.33,,real
2026-08-07 22:16:04,2.32,,real
2026-08-07 22:16:17,1.46,,real
2026-08-07 22:16:27,1.19,,real
2026-08-07 22:16:36,1.04,,real
2026-08-07 22:16:44,1.08,,real
2026-08-07 22:17:16,6.88,,real
2026-08-07 22:17:37,2.97,,real
2026-08-07 22:17:53,1.93,,real
2026-08-07 22:18:09,1.96,,real
2026-08-07 22:18:19,1.16,,real
2026-08-07 22:18:36,2.17,,real
2026-08-07 22:18:48,1.43,,real
2026-08-07 22:18:58,1.12,,real
2026-08-07 22:19:14,1.91,,real
2026-08-07 22:19:51,11.89,,real
2026-08-07 22:20:03,1.34,,real
2026-08-07 22:20:19,1.92,,real
2026-08-07 22:20:30,1.27,,real
2026-08-07 22:21:35,97.24,,real
2026-08-07 22:21:48,1.83,,real
2026-08-07 22:22:50,89.69,,real
2026-08-07 22:23:04,1.29,,real
2026-08-07 22:23:12,1.26,,real
2026-08-07 22:23:55,18.40,,real
2026-08-07 22:24:22,5.08,,real
2026-08-07 22:24:44,3.13,,real
2026-08-07 22:24:53,1.06,,real
2026-08-07 22:25:04,1.30,,real
2026-08-07 22:25:41,10.92,,real
2026-08-07 22:26:00,2.62,,real
2026-08-07 22:26:24,3.65,,real
2026-08-07 22:26:34,1.21,,real
2026-08-07 22:26:44,1.17,,real
2026-08-07 22:26:54,1.16,,real
2026-08-07 22:27:05,1.26,,real
2026-08-07 22:27:19,1.65,,real
2026-08-07 22:27:27,1.00,,real
2026-08-07 22:27:46,2.43,,real
2026-08-07 22:27:56,1.23,,real
2026-08-07 22:28:13,2.04,,real
2026-08-07 22:28:27,1.64,,real
2026-08-07 22:29:22,49.89,,real
2026-08-07 22:29:50,5.61,,real
2026-08-07 22:30:00,1.13,,real
2026-08-07 22:30:17,2.13,,real
2026-08-07 22:30:29,1.36,,real
2026-08-07 22:30:50,3.04,,real
2026-08-07 22:31:12,3.17,,real
2026-08-07 22:31:27,1.78,,real
2026-08-07 22:32:00,8.30,,real
2026-08-07 22:32:34,8.47,,real
2026-08-07 22:33:12,12.30,,real
2026-08-07 22:33:30,2.28,,real
2026-08-07 22:33:50,2.69,,real
2026-08-07 22:33:59,1.00,,real
2026-08-07 22:34:36,12.16,,real
2026-08-07 22:34:48,1.30,,real
2026-08-07 22:35:23,9.83,,real
2026-08-07 22:35:54,6.77,,real
2026-08-07 22:36:06,1.34,,real
2026-08-07 22:36:24,2.42,,real
2026-08-07 22:37:14,32.01,,real
2026-08-07 22:37:25,1.30,,real
2026-08-07 22:37:45,2.63,,real
2026-08-07 22:38:02,2.14,,real
2026-08-07 22:38:17,1.54,,real
2026-08-07 22:38:47,5.98,,real
2026-08-07 22:39:25,12.76,,real
2026-08-07 22:39:46,2.84,,real
2026-08-07 22:40:12,4.42,,real
2026-08-07 22:40:25,1.54,,real
2026-08-07 22:40:40,1.75,,real
2026-08-07 22:41:10,6.54,,real
2026-08-07 22:41:38,5.21,,real
2026-08-07 22:41:49,1.22,,real
2026-08-07 22:42:20,7.13,,real
2026-08-07 22:42:32,1.33,,real
2026-08-07 22:42:53,3.12,,real
2026-08-07 22:43:03,1.17,,real
2026-08-07 22:43:12,1.03,,real
2026-08-07 22:43:32,2.82,,real
2026-08-07 22:43:48,1.95,,real
2026-08-07 22:43:57,1.04,,real
2026-08-07 22:44:49,41.16,,real
2026-08-07 22:45:00,1.27,,real
2026-08-07 22:45:12,1.35,,real
2026-08-07 22:45:24,1.39,,real
2026-08-07 22:45:34,1.17,,real
2026-08-07 22:45:42,1.01,,real
2026-08-07 22:46:02,2.57,,real
2026-08-07 22:46:22,2.75,,real
2026-08-07 22:46:30,1.00,,real
2026-08-07 22:46:38,1.00,,real
2026-08-07 22:46:53,1.76,,real
2026-08-07 22:47:04,1.27,,real
2026-08-07 22:47:24,2.75,,real
2026-08-07 22:47:53,6.03,,real
2026-08-07 22:48:10,2.09,,real
2026-08-07 22:48:33,1.03,,real
2026-08-07 22:48:37,2.30,,real
2026-08-07 22:48:54,2.21,,real
2026-08-07 22:49:07,1.50,,real
2026-08-07 22:49:19,1.39,,real
2026-08-07 22:49:35,1.87,,real
2026-08-07 22:49:45,1.22,,real
2026-08-07 22:50:02,2.02,,real
2026-08-07 22:50:28,4.58,,real
2026-08-07 22:50:42,1.68,,real
2026-08-07 22:50:56,1.56,,real
2026-08-07 22:51:15,2.63,,real
2026-08-07 22:51:25,1.04,,real
2026-08-07 22:51:32,1.00,,real
2026-08-07 22:51:40,1.01,,real
2026-08-07 22:51:59,2.46,,real
2026-08-07 22:52:36,10.80,,real
2026-08-07 22:52:55,2.59,,real
2026-08-07 22:53:07,1.37,,real
2026-08-07 22:53:17,1.21,,real
2026-08-07 22:53:31,1.62,,real
2026-08-07 22:53:45,1.59,,real
2026-08-07 22:54:02,2.25,,real
2026-08-07 22:54:13,1.21,,real
2026-08-07 22:54:24,1.28,,real
2026-08-07 22:54:59,9.77,,real
2026-08-07 22:55:30,6.66,,real
2026-08-07 22:55:45,1.72,,real
2026-08-07 22:56:03,2.42,,real
2026-08-07 22:56:20,2.09,,real
2026-08-07 22:57:00,14.80,,real
2026-08-07 22:57:12,1.33,,real
2026-08-07 22:57:22,1.20,,real
2026-08-07 22:57:37,1.70,,real
2026-08-07 22:57:57,2.72,,real
2026-08-07 22:58:10,1.58,,real
2026-08-07 22:58:20,1.12,,real
2026-08-07 22:58:36,2.04,,real
2026-08-07 22:58:46,1.13,,real
2026-08-07 22:59:08,3.32,,real
2026-08-07 23:50:46,11.80,,real
2026-08-07 23:50:55,1.08,,real
2026-08-07 23:51:28,2.85,,demo
2026-08-07 23:51:28,1.48,,demo
2026-08-07 23:59:54,117.81,,real
2026-08-08 00:00:12,2.24,,real
2026-08-08 00:00:22,1.18,,real
2026-08-08 00:00:43,2.96,,real
2026-08-08 00:01:06,3.51,,real
2026-08-08 00:01:16,1.23,,real
2026-08-08 00:01:32,1.80,,real
2026-08-08 00:01:48,2.06,,real
2026-08-08 00:01:58,1.17,,real
2026-08-08 00:02:18,2.75,,real
2026-08-08 00:02:29,1.26,,real
2026-08-08 00:03:43,235.73,,real
2026-08-08 00:04:03,2.65,,real
2026-08-08 00:04:13,1.18,,real
2026-08-08 00:04:25,1.46,,real
2026-08-08 00:04:41,1.94,,real
2026-08-08 00:05:09,5.23,,real
2026-08-08 00:05:25,1.92,,real
2026-08-08 00:05:41,2.01,,real
2026-08-08 00:06:07,2.22,,real
2026-08-08 00:06:12,1.56,,real
2026-08-08 00:06:35,3.51,,real
2026-08-08 00:07:05,5.78,,real
2026-08-08 00:07:27,3.27,,real
2026-08-08 00:07:40,1.56,,real
2026-08-08 00:08:15,9.28,,real
2026-08-08 00:08:28,1.48,,real
2026-08-08 00:08:37,1.12,,real
2026-08-08 00:08:47,1.18,,real
2026-08-08 00:09:03,1.84,,real
2026-08-08 00:09:22,2.56,,real
2026-08-08 00:09:30,1.00,,real
2026-08-08 00:09:40,1.19,,real
2026-08-08 00:10:04,3.74,,real
2026-08-08 00:10:27,3.45,,real
2026-08-08 00:10:44,2.11,,real
2026-08-08 00:11:38,44.61,,real
2026-08-08 00:11:51,1.54,,real
2026-08-08 00:12:30,13.68,,real
2026-08-08 00:13:12,17.22,,real
2026-08-08 00:13:43,6.64,,real
2026-08-08 00:14:08,4.00,,real
2026-08-08 00:14:18,1.20,,real
2026-08-08 00:14:30,1.38,,real
2026-08-08 00:14:50,2.63,,real
2026-08-08 00:15:16,4.61,,real
2026-08-08 00:15:28,1.44,,real
2026-08-08 00:15:45,1.97,,real
2026-08-08 00:15:54,1.07,,real
2026-08-08 00:16:16,3.29,,real
2026-08-08 00:16:30,1.65,,real
2026-08-08 00:17:27,59.80,,real
2026-08-08 00:18:25,62.54,,real
2026-08-08 00:18:42,2.12,,real
2026-08-08 00:19:14,7.75,,real
2026-08-08 00:19:48,8.64,,real
2026-08-08 00:20:00,1.37,,real
2026-08-08 00:20:14,1.66,,real
2026-08-08 00:20:28,1.59,,real
2026-08-08 00:21:02,8.73,,real
2026-08-08 00:21:12,1.15,,real
2026-08-08 00:21:20,1.05,,real
2026-08-08 00:21:35,1.81,,real
2026-08-08 00:21:44,1.05,,real
2026-08-08 00:22:23,12.97,,real
2026-08-08 00:22:43,2.75,,real
2026-08-08 00:22:51,1.00,,real
2026-08-08 00:23:15,3.73,,real
2026-08-08 00:23:40,4.26,,real
2026-08-08 00:24:02,3.07,,real
2026-08-08 00:24:13,1.26,,real
2026-08-08 00:24:32,2.64,,real
2026-08-08 00:24:44,1.35,,real
2026-08-08 00:24:54,1.20,,real
2026-08-08 00:25:13,2.35,,real
2026-08-08 00:25:21,1.01,,real
2026-08-08 00:25:41,1.40,,real
2026-08-08 00:25:42,1.11,,real
2026-08-08 00:26:05,3.44,,real
2026-08-08 00:26:28,3.58,,real
2026-08-08 00:26:41,1.45,,real
2026-08-08 00:26:55,1.72,,real
2026-08-08 00:27:17,3.20,,real
2026-08-08 00:27:43,4.47,,real
2026-08-08 00:27:52,1.03,,real
2026-08-08 00:28:17,2.15,,real
2026-08-08 00:28:18,1.13,,real
2026-08-08 00:28:45,4.83,,real
2026-08-08 00:28:58,1.53,,real
2026-08-08 00:29:07,1.06,,real
2026-08-08 00:29:18,1.24,,real
2026-08-08 00:29:58,14.74,,real
2026-08-08 00:30:23,4.17,,real
2026-08-08 00:31:06,17.55,,real
2026-08-08 00:31:43,11.35,,real
2026-08-08 00:31:51,1.00,,real
2026-08-08 00:32:40,31.54,,real
2026-08-08 00:32:50,1.16,,real
2026-08-08 00:33:09,2.39,,real
2026-08-08 00:33:17,1.00,,real
2026-08-08 00:33:25,1.00,,real
2026-08-08 00:33:58,7.94,,real
2026-08-08 00:34:11,1.59,,real
2026-08-08 00:34:27,1.93,,real
2026-08-08 00:34:40,1.42,,real
2026-08-08 00:34:50,1.19,,real
2026-08-08 00:35:05,1.76,,real
2026-08-08 00:35:16,1.31,,real
2026-08-08 00:35:48,7.46,,real
2026-08-08 00:36:03,1.79,,real
2026-08-08 00:36:37,8.97,,real
2026-08-08 00:37:28,34.51,,real
2026-08-08 00:38:01,2.13,,real
2026-08-08 00:38:01,1.01,,real
2026-08-08 00:38:23,6.24,,real
2026-08-08 00:39:03,6.97,,real
2026-08-08 00:39:18,3.74,,real
2026-08-08 00:39:26,1.00,,real
2026-08-08 00:39:44,2.14,,real
2026-08-08 00:40:05,1.58,,real
2026-08-08 00:40:08,1.27,,real
2026-08-08 00:40:33,4.24,,real
2026-08-08 00:40:58,4.02,,real
2026-08-08 00:41:08,1.15,,real
2026-08-08 00:41:49,15.86,,real
2026-08-08 00:41:57,1.01,,real
2026-08-08 00:42:15,2.20,,real
2026-08-08 00:42:29,1.62,,real
2026-08-08 00:42:43,1.74,,real
2026-08-08 00:42:58,1.74,,real
2026-08-08 00:43:16,2.24,,real
2026-08-08 00:43:26,1.17,,real
2026-08-08 00:43:42,2.07,,real
2026-08-08 00:44:03,2.84,,real
2026-08-08 00:44:13,1.16,,real
2026-08-08 00:45:11,65.35,,real
2026-08-08 00:45:20,1.11,,real
2026-08-08 00:45:58,12.23,,real
2026-08-08 00:46:28,2.97,,real
2026-08-08 00:46:31,1.36,,real
2026-08-08 00:46:46,1.73,,real
2026-08-08 00:47:04,2.43,,real
2026-08-08 00:47:25,2.77,,real
2026-08-08 00:47:36,1.36,,real
2026-08-08 00:47:50,1.59,,real
2026-08-08 00:48:00,1.14,,real
2026-08-08 00:48:24,3.97,,real
2026-08-08 00:48:37,1.51,,real
2026-08-08 00:48:52,1.71,,real
2026-08-08 00:49:24,7.45,,real
2026-08-08 00:49:43,2.51,,real
2026-08-08 00:50:16,7.79,,real
2026-08-08 00:50:32,1.16,,real
2026-08-08 00:51:07,16.76,,real
2026-08-08 00:51:19,1.32,,real
2026-08-08 00:51:33,1.63,,real
2026-08-08 00:51:45,1.40,,real
2026-08-08 00:51:55,1.22,,real
2026-08-08 00:52:20,4.06,,real
2026-08-08 00:52:54,8.50,,real
2026-08-08 00:53:28,8.88,,real
2026-08-08 00:54:02,8.50,,real
2026-08-08 00:54:53,35.85,,real
2026-08-08 00:55:31,12.41,,real
2026-08-08 00:55:55,3.84,,real
2026-08-08 00:56:03,1.00,,real
2026-08-08 00:56:42,12.67,,real
2026-08-08 00:56:51,1.14,,real
2026-08-08 00:57:08,2.07,,real
2026-08-08 00:57:28,2.31,,real
2026-08-08 00:57:35,1.05,,real
2026-08-08 00:58:01,4.44,,real
2026-08-08 00:58:09,1.05,,real
2026-08-08 00:58:45,9.79,,real
2026-08-08 00:58:55,1.19,,real
2026-08-08 00:59:06,1.33,,real
2026-08-08 00:59:15,1.09,,real
2026-08-08 00:59:23,1.00,,real
2026-08-08 00:59:54,6.68,,real
2026-08-08 01:00:05,1.21,,real
2026-08-08 01:00:41,11.07,,real
2026-08-08 01:01:28,24.86,,real
2026-08-08 01:01:39,1.31,,real
2026-08-08 01:01:57,2.26,,real
2026-08-08 01:02:14,2.01,,real
2026-08-08 01:02:43,2.73,,real
2026-08-08 01:02:44,1.22,,real
2026-08-08 01:03:03,2.49,,real
2026-08-08 01:03:11,1.01,,real
2026-08-08 01:03:31,2.61,,real
2026-08-08 01:03:54,3.41,,real
2026-08-08 01:04:26,7.76,,real
2026-08-08 01:04:36,1.15,,real
2026-08-08 01:04:54,2.14,,real
2026-08-08 01:05:08,1.79,,real
2026-08-08 01:05:48,14.26,,real
2026-08-08 01:06:14,4.32,,real
2026-08-08 01:06:30,1.91,,real
2026-08-08 01:06:49,2.62,,real
2026-08-08 01:07:44,50.29,,real
2026-08-08 01:08:43,66.30,,real
2026-08-08 01:08:54,1.32,,real
2026-08-08 01:09:30,9.91,,real
2026-08-08 01:09:49,2.63,,real
2026-08-08 01:10:07,2.23,,real
2026-08-08 01:10:27,2.82,,real
2026-08-08 01:10:36,1.08,,real
2026-08-08 01:10:51,1.70,,real
2026-08-08 01:11:35,20.81,,real
2026-08-08 01:11:53,2.25,,real
2026-08-08 01:12:03,1.13,,real
2026-08-08 01:12:44,16.63,,real
2026-08-08 01:12:54,1.13,,real
2026-08-08 01:13:22,5.32,,real
2026-08-08 01:13:45,5.32,,real
2026-08-08 01:13:44,3.20,,real
2026-08-08 01:14:07,3.39,,real
2026-08-08 01:14:16,1.13,,real
2026-08-08 01:14:34,2.31,,real
2026-08-08 01:15:07,7.59,,real
2026-08-08 01:15:21,1.65,,real
2026-08-08 01:15:35,1.63,,real
2026-08-08 01:15:43,1.04,,real
2026-08-08 01:16:05,3.29,,real
2026-08-08 01:16:16,1.23,,real
2026-08-08 01:16:30,1.63,,real
2026-08-08 01:16:55,4.12,,real
2026-08-08 01:17:19,3.92,,real
2026-08-08 01:17:28,1.08,,real
2026-08-08 01:17:52,3.72,,real
2026-08-08 01:18:25,8.02,,real
2026-08-08 01:18:49,3.68,,real
2026-08-08 01:19:01,1.40,,real
2026-08-08 01:19:26,4.05,,real
2026-08-08 01:19:43,2.13,,real
2026-08-08 01:20:59,288.27,,real
2026-08-08 01:21:19,2.79,,real
2026-08-08 01:21:35,1.93,,real
2026-08-08 01:21:48,1.46,,real
2026-08-08 01:21:56,1.05,,real
2026-08-08 01:22:05,1.09,,real
2026-08-08 01:22:45,13.71,,real
2026-08-08 01:22:56,1.30,,real
2026-08-08 01:23:35,12.99,,real
2026-08-08 01:23:58,3.40,,real
2026-08-08 01:24:16,2.37,,real
2026-08-08 01:24:26,1.13,,real
2026-08-08 01:24:43,2.28,,real
2026-08-08 01:25:16,7.52,,real
2026-08-08 01:25:25,1.10,,real
2026-08-08 01:25:52,4.92,,real
2026-08-08 01:26:17,3.91,,real
2026-08-08 01:26:46,5.77,,real
2026-08-08 01:26:55,1.11,,real
2026-08-08 01:27:18,3.56,,real
2026-08-08 01:27:40,3.03,,real
2026-08-08 01:27:48,1.05,,real
2026-08-08 01:28:06,2.34,,real
2026-08-08 01:28:15,1.05,,real
2026-08-08 01:28:43,2.38,,real
2026-08-08 01:28:56,3.18,,real
2026-08-08 01:29:26,6.28,,real
2026-08-08 01:29:37,1.37,,real
2026-08-08 01:29:48,1.19,,real
2026-08-08 01:30:04,2.04,,real
2026-08-08 01:30:15,1.22,,real
2026-08-08 01:30:37,3.31,,real
2026-08-08 01:30:46,1.06,,real
2026-08-08 01:31:27,16.22,,real
2026-08-08 01:32:06,12.50,,real
2026-08-08 01:32:30,3.95,,real
2026-08-08 01:32:40,1.13,,real
2026-08-08 01:33:33,45.48,,real
2026-08-08 01:33:42,1.00,,real
2026-08-08 01:33:56,1.72,,real
2026-08-08 01:34:11,1.84,,real
2026-08-08 01:34:54,17.42,,real
2026-08-08 01:35:03,1.11,,real
2026-08-08 01:35:53,33.44,,real
2026-08-08 01:36:07,1.63,,real
2026-08-08 01:36:15,1.00,,real
2026-08-08 01:36:24,1.05,,real
2026-08-08 01:36:39,1.81,,real
2026-08-08 01:36:56,2.05,,real
2026-08-08 01:37:11,1.82,,real
2026-08-08 01:37:39,5.31,,real
2026-08-08 01:37:53,1.71,,real
2026-08-08 01:38:05,1.32,,real
2026-08-08 01:38:28,3.58,,real
2026-08-08 01:38:41,1.49,,real
2026-08-08 01:38:57,2.01,,real
2026-08-08 01:39:39,16.41,,real
2026-08-08 01:39:47,1.02,,real
2026-08-08 01:40:02,1.67,,real
2026-08-08 01:40:22,2.76,,real
2026-08-08 01:40:45,3.49,,real
2026-08-08 01:40:57,1.42,,real
2026-08-08 01:41:11,1.63,,real
2026-08-08 01:42:12,81.70,,real
2026-08-08 01:42:33,2.97,,real
2026-08-08 01:43:03,6.16,,real
2026-08-08 01:43:18,1.83,,real
2026-08-08 01:43:35,2.03,,real
2026-08-08 01:43:58,3.65,,real
2026-08-08 01:44:14,1.87,,real
2026-08-08 01:44:31,2.15,,real
2026-08-08 01:44:45,1.58,,real
2026-08-08 01:44:58,1.61,,real
2026-08-08 01:45:17,2.52,,real
2026-08-08 01:46:06,28.58,,real
2026-08-08 01:46:17,1.36,,real
2026-08-08 01:46:28,1.19,,real
2026-08-08 01:46:43,1.85,,real
2026-08-08 01:46:55,1.42,,real
2026-08-08 01:47:25,6.06,,real
2026-08-08 01:47:40,1.70,,real
2026-08-08 01:47:48,1.04,,real
2026-08-08 01:48:03,1.87,,real
2026-08-08 01:48:12,1.00,,real
2026-08-08 01:48:20,1.02,,real
2026-08-08 01:48:37,2.07,,real
2026-08-08 01:48:49,1.45,,real
2026-08-08 01:49:26,10.82,,real
2026-08-08 01:49:54,5.65,,real
2026-08-08 01:50:05,1.23,,real
2026-08-08 01:50:20,1.73,,real
2026-08-08 01:50:28,1.00,,real
2026-08-08 01:50:39,1.35,,real
2026-08-08 01:51:02,3.48,,real
2026-08-08 01:51:12,1.10,,real
2026-08-08 01:51:20,1.00,,real
2026-08-08 01:51:44,1.44,,real
2026-08-08 01:51:52,2.83,,real
2026-08-08 01:52:03,1.24,,real
2026-08-08 01:52:24,3.03,,real
2026-08-08 01:52:47,3.50,,real
2026-08-08 01:53:10,3.39,,real
2026-08-08 01:53:19,1.06,,real
2026-08-08 01:53:33,1.59,,real
2026-08-08 01:53:52,2.55,,real
2026-08-08 01:54:00,1.01,,real
2026-08-08 01:54:09,1.12,,real
2026-08-08 01:54:25,1.81,,real
2026-08-08 01:54:44,2.57,,real
2026-08-08 01:55:01,1.95,,real
2026-08-08 01:55:13,1.53,,real
2026-08-08 01:55:34,2.94,,real
2026-08-08 01:55:56,3.05,,real
2026-08-08 01:56:10,1.72,,real
2026-08-08 01:56:18,1.01,,real
2026-08-08 01:56:33,1.69,,real
2026-08-08 01:56:57,4.02,,real
2026-08-08 01:57:22,4.12,,real
2026-08-08 01:57:36,1.65,,real
2026-08-08 01:58:31,48.92,,real
2026-08-08 01:58:42,1.30,,real
2026-08-08 01:59:15,8.17,,real
2026-08-08 01:59:33,2.12,,real
2026-08-08 01:59:55,3.38,,real
2026-08-08 02:00:24,5.57,,real
2026-08-08 02:00:33,1.07,,real
2026-08-08 02:00:48,1.80,,real
2026-08-08 02:01:03,1.87,,real
2026-08-08 02:01:34,6.39,,real
2026-08-08 02:01:42,1.06,,real
2026-08-08 02:02:23,15.63,,real
2026-08-08 02:02:38,1.67,,real
2026-08-08 02:03:08,6.24,,real
2026-08-08 02:03:30,3.26,,real
2026-08-08 02:03:54,3.65,,real
2026-08-08 02:04:04,1.19,,real
2026-08-08 02:04:32,5.65,,real
2026-08-08 02:04:52,2.56,,real
2026-08-08 02:05:05,1.54,,real
2026-08-08 02:05:22,2.18,,real
2026-08-08 02:05:32,1.17,,real
2026-08-08 02:05:52,2.75,,real
2026-08-08 02:06:07,1.76,,real
2026-08-08 02:06:18,1.21,,real
2026-08-08 02:06:42,3.91,,real
2026-08-08 02:06:50,1.00,,real
2026-08-08 02:07:33,18.69,,real
2026-08-08 02:08:17,19.08,,real
2026-08-08 02:08:56,13.40,,real
2026-08-08 02:09:11,1.74,,real
2026-08-08 02:09:33,3.34,,real
2026-08-08 02:09:43,1.13,,real
2026-08-08 02:09:51,1.00,,real
2026-08-08 02:09:59,1.04,,real
2026-08-08 02:10:23,3.60,,real
2026-08-08 02:10:33,1.16,,real
2026-08-08 02:10:46,1.63,,real
2026-08-08 02:11:07,2.92,,real
2026-08-08 02:11:16,1.08,,real
2026-08-08 02:11:31,1.78,,real
2026-08-08 02:11:44,1.42,,real
2026-08-08 02:12:20,10.28,,real
2026-08-08 02:13:20,79.93,,real
2026-08-08 02:13:31,1.24,,real
2026-08-08 02:13:54,3.60,,real
2026-08-08 02:14:16,3.14,,real
2026-08-08 02:14:28,1.39,,real
2026-08-08 02:14:39,1.18,,real
2026-08-08 02:15:16,11.89,,real
2026-08-08 02:15:32,2.03,,real
2026-08-08 02:15:49,2.04,,real
2026-08-08 02:16:02,1.49,,real
2026-08-08 02:16:34,7.31,,real
2026-08-08 02:16:42,1.03,,real
2026-08-08 02:16:51,1.09,,real
2026-08-08 02:17:05,1.69,,real
2026-08-08 02:17:18,1.49,,real
2026-08-08 02:17:27,1.03,,real
2026-08-08 02:17:39,1.20,,real
2026-08-08 02:17:46,1.05,,real
2026-08-08 02:18:10,3.94,,real
2026-08-08 02:18:36,4.46,,real
2026-08-08 02:19:08,7.64,,real
2026-08-08 02:19:18,1.08,,real
2026-08-08 02:19:28,1.17,,real
2026-08-08 02:19:49,2.96,,real
2026-08-08 02:20:11,3.38,,real
2026-08-08 02:20:38,4.82,,real
2026-08-08 02:21:06,5.23,,real
2026-08-08 02:21:22,1.91,,real
2026-08-08 02:21:34,1.45,,real
2026-08-08 02:21:48,1.56,,real
2026-08-08 02:22:07,2.51,,real
2026-08-08 02:22:15,1.00,,real
2026-08-08 02:22:25,1.21,,real
2026-08-08 02:23:16,36.85,,real
2026-08-08 02:23:38,3.06,,real
2026-08-08 02:23:51,1.55,,real
2026-08-08 02:24:23,7.40,,real
2026-08-08 02:24:38,1.71,,real
2026-08-08 02:26:24,1027.36,,real
2026-08-08 02:26:30,2.97,,real
2026-08-08 02:26:47,2.07,,real
2026-08-08 02:26:59,1.42,,real
2026-08-08 02:27:15,1.86,,real
2026-08-08 02:27:25,1.20,,real
2026-08-08 02:27:43,2.40,,real
2026-08-08 02:28:12,5.46,,real
2026-08-08 02:28:30,2.40,,real
2026-08-08 02:28:42,1.36,,real
2026-08-08 02:28:51,1.12,,real
2026-08-08 02:29:05,1.58,,real
2026-08-08 02:29:20,1.85,,real
2026-08-08 02:29:30,1.14,,real
2026-08-08 02:29:49,2.42,,real
2026-08-08 02:30:28,14.27,,real
2026-08-08 02:30:57,5.40,,real
2026-08-08 02:31:21,3.84,,real
2026-08-08 02:31:31,1.23,,real
2026-08-08 02:32:08,10.76,,real
2026-08-08 02:32:16,1.00,,real
2026-08-08 02:32:31,1.69,,real
2026-08-08 02:32:40,1.14,,real
2026-08-08 02:32:49,1.09,,real
2026-08-08 02:32:58,1.02,,real
2026-08-08 02:33:13,1.85,,real
2026-08-08 02:33:24,1.29,,real
2026-08-08 02:33:43,2.40,,real
2026-08-08 02:34:05,3.23,,real
2026-08-08 02:34:13,1.01,,real
2026-08-08 02:34:23,1.21,,real
2026-08-08 02:34:36,1.45,,real
2026-08-08 02:34:50,1.67,,real
2026-08-08 02:35:22,7.12,,real
2026-08-08 02:35:34,1.20,,real
2026-08-08 02:36:05,8.37,,real
2026-08-08 02:36:14,1.03,,real
2026-08-08 02:36:45,6.85,,real
2026-08-08 02:37:03,2.43,,real
2026-08-08 02:37:16,1.51,,real
2026-08-08 02:37:50,8.38,,real
2026-08-08 02:38:01,1.31,,real
2026-08-08 02:38:16,1.73,,real
2026-08-08 02:38:52,10.62,,real
2026-08-08 02:39:02,1.14,,real
2026-08-08 02:39:14,1.08,,real
2026-08-08 02:39:24,1.48,,real
2026-08-08 02:39:33,1.13,,real
2026-08-08 02:40:03,6.37,,real
2026-08-08 02:40:23,2.69,,real
2026-08-08 02:40:41,2.21,,real
2026-08-08 02:41:02,2.21,,real
2026-08-08 02:40:51,1.19,,real
2026-08-08 02:41:03,1.39,,real
2026-08-08 02:41:36,8.32,,real
2026-08-08 02:41:49,1.45,,real
2026-08-08 02:42:18,5.75,,real
2026-08-08 02:42:31,1.50,,real
2026-08-08 02:43:00,5.77,,real
2026-08-08 02:43:14,1.61,,real
2026-08-08 02:43:31,2.11,,real
2026-08-08 02:43:47,1.91,,real
2026-08-08 02:44:29,17.89,,real
2026-08-08 02:44:41,1.39,,real
2026-08-08 02:45:22,14.90,,real
2026-08-08 02:45:30,1.00,,real
2026-08-08 02:45:50,2.75,,real
2026-08-08 02:45:58,1.00,,real
2026-08-08 02:46:56,67.31,,real
2026-08-08 02:47:15,2.42,,real
2026-08-08 02:47:30,1.80,,real
2026-08-08 02:48:04,8.40,,real
2026-08-08 02:48:52,29.33,,real
2026-08-08 02:49:03,1.23,,real
2026-08-08 02:49:30,4.81,,real
2026-08-08 02:49:38,1.00,,real
2026-08-08 02:50:01,3.35,,real
2026-08-08 02:50:16,1.86,,real
2026-08-08 02:50:45,5.96,,real
2026-08-08 02:50:53,1.00,,real
2026-08-08 02:51:03,1.13,,real
2026-08-08 02:51:49,23.61,,real
2026-08-08 02:52:36,27.37,,real
2026-08-08 02:52:46,1.11,,real
2026-08-08 02:52:57,1.28,,real
2026-08-08 02:53:06,1.12,,real
2026-08-08 02:53:17,1.25,,real
2026-08-08 02:53:42,3.94,,real
2026-08-08 02:53:53,1.40,,real
2026-08-08 02:54:02,1.00,,real
2026-08-08 02:54:10,1.00,,real
2026-08-08 02:54:21,1.24,,real
2026-08-08 02:54:41,2.93,,real
2026-08-08 02:54:52,1.25,,real
2026-08-08 02:55:00,1.03,,real
2026-08-08 02:55:10,1.15,,real
2026-08-08 02:55:18,1.04,,real
2026-08-08 02:55:36,2.14,,real
2026-08-08 02:55:46,1.26,,real
2026-08-08 02:56:20,8.35,,real
2026-08-08 02:56:31,1.30,,real
2026-08-08 02:56:48,2.00,,real
2026-08-08 02:57:21,2.61,,real
2026-08-08 02:57:33,4.33,,real
2026-08-08 02:57:51,2.26,,real
2026-08-08 02:58:02,1.29,,real
2026-08-08 02:58:10,1.01,,real
2026-08-08 02:58:33,3.45,,real
2026-08-08 02:58:54,3.00,,real
2026-08-08 02:59:11,2.10,,real
2026-08-08 02:59:51,14.76,,real
2026-08-08 03:00:42,35.86,,real
2026-08-08 03:01:15,7.65,,real
2026-08-08 03:01:37,3.33,,real
2026-08-08 03:02:13,10.46,,real
2026-08-08 03:02:28,1.72,,real
2026-08-08 03:02:50,3.13,,real
2026-08-08 03:03:19,6.03,,real
2026-08-08 03:03:33,1.62,,real
2026-08-08 03:03:56,3.55,,real
2026-08-08 03:04:13,2.04,,real
2026-08-08 03:04:28,1.77,,real
2026-08-08 03:04:46,2.26,,real
2026-08-08 03:04:54,1.08,,real
2026-08-08 03:05:03,1.05,,real
2026-08-08 03:05:27,3.49,,real
2026-08-08 03:05:48,3.27,,real
2026-08-08 03:06:22,8.03,,real
2026-08-08 03:07:22,75.84,,real
2026-08-08 03:07:36,1.76,,real
2026-08-08 03:07:55,2.50,,real
2026-08-08 03:08:17,3.06,,real
2026-08-08 03:08:36,2.39,,real
2026-08-08 03:08:49,1.52,,real
2026-08-08 03:08:59,1.29,,real
2026-08-08 03:09:20,2.78,,real
2026-08-08 03:09:32,1.42,,real
2026-08-08 03:09:55,3.31,,real
2026-08-08 03:10:05,1.23,,real
2026-08-08 03:10:18,1.51,,real
2026-08-08 03:10:27,1.08,,real
2026-08-08 03:10:47,2.69,,real
2026-08-08 03:11:03,1.97,,real
2026-08-08 03:11:15,1.40,,real
2026-08-08 03:11:36,2.86,,real
2026-08-08 03:11:48,1.38,,real
2026-08-08 03:12:27,14.06,,real
2026-08-08 03:12:36,1.07,,real
2026-08-08 03:12:58,3.06,,real
2026-08-08 03:13:43,21.81,,real
2026-08-08 03:14:21,12.46,,real
2026-08-08 03:14:33,1.25,,real
2026-08-08 03:14:55,3.39,,real
2026-08-08 03:15:10,1.83,,real
2026-08-08 03:15:48,12.78,,real
2026-08-08 03:16:03,1.71,,real
2026-08-08 03:16:20,2.09,,real
2026-08-08 03:16:29,1.10,,real
2026-08-08 03:16:47,2.33,,real
2026-08-08 03:17:05,2.17,,real
2026-08-08 03:17:13,1.06,,real
2026-08-08 03:17:24,1.23,,real
2026-08-08 03:17:37,1.47,,real
2026-08-08 03:17:50,1.57,,real
2026-08-08 03:18:08,2.35,,real
2026-08-08 03:18:25,2.07,,real
2026-08-08 03:19:07,5.48,,real
2026-08-08 03:19:05,1.40,,real
2026-08-08 03:19:28,2.59,,real
2026-08-08 03:19:47,1.02,,real
2026-08-08 03:19:48,1.73,,real
2026-08-08 03:20:09,2.89,,real
2026-08-08 03:20:23,1.74,,real
2026-08-08 03:21:37,224.33,,real
2026-08-08 03:21:49,1.49,,real
2026-08-08 03:22:20,6.48,,real
2026-08-08 03:22:41,3.06,,real
2026-08-08 03:22:56,1.69,,real
2026-08-08 03:23:42,24.54,,real
2026-08-08 03:24:32,32.67,,real
2026-08-08 03:24:57,4.04,,real
2026-08-08 03:25:27,6.33,,real
2026-08-08 03:25:46,2.47,,real
2026-08-08 03:26:13,5.19,,real
2026-08-08 03:26:23,1.16,,real
2026-08-08 03:26:48,4.09,,real
2026-08-08 03:26:59,1.28,,real
2026-08-08 03:27:23,3.79,,real
2026-08-08 03:27:44,2.86,,real
2026-08-08 03:27:53,1.05,,real
2026-08-08 03:28:11,2.31,,real
2026-08-08 03:28:22,1.29,,real
2026-08-08 03:28:30,1.01,,real
2026-08-08 03:28:45,1.82,,real
2026-08-08 03:29:18,8.05,,real
2026-08-08 03:29:38,2.77,,real
2026-08-08 03:30:33,44.74,,real
2026-08-08 03:31:01,5.57,,real
2026-08-08 03:31:18,1.64,,real
2026-08-08 03:31:25,1.18,,real
2026-08-08 03:32:00,9.60,,real
2026-08-08 03:32:09,1.11,,real
2026-08-08 03:32:21,1.32,,real
2026-08-08 03:32:35,1.72,,real
2026-08-08 03:32:43,1.00,,real
2026-08-08 03:32:53,1.20,,real
2026-08-08 03:33:30,10.83,,real
2026-08-08 03:33:45,1.81,,real
2026-08-08 03:33:57,1.19,,real
2026-08-08 03:34:17,3.14,,real
2026-08-08 03:34:42,4.10,,real
2026-08-08 03:34:51,1.08,,real
2026-08-08 03:34:59,1.00,,real
2026-08-08 03:35:29,6.14,,real
2026-08-08 03:35:55,4.66,,real
2026-08-08 03:36:11,1.83,,real
2026-08-08 03:36:26,1.76,,real
2026-08-08 03:36:48,3.41,,real
2026-08-08 03:37:19,6.85,,real
2026-08-08 03:37:41,3.06,,real
2026-08-08 03:37:54,1.50,,real
2026-08-08 03:38:03,1.09,,real
2026-08-08 03:38:28,4.09,,real
2026-08-08 03:38:39,1.33,,real
2026-08-08 03:39:06,4.71,,real
2026-08-08 03:39:30,3.66,,real
2026-08-08 03:39:39,1.05,,real
2026-08-08 03:39:49,1.25,,real
2026-08-08 03:40:17,4.93,,real
2026-08-08 03:41:01,21.08,,real
2026-08-08 03:41:31,6.38,,real
2026-08-08 03:41:54,3.58,,real
2026-08-08 03:42:05,1.20,,real
2026-08-08 03:42:29,4.01,,real
2026-08-08 03:42:45,1.92,,real
2026-08-08 03:42:59,1.61,,real
2026-08-08 03:43:09,1.15,,real
2026-08-08 03:43:40,6.78,,real
2026-08-08 03:43:56,1.93,,real
2026-08-08 03:44:08,1.50,,real
2026-08-08 03:44:51,18.25,,real
2026-08-08 03:45:03,1.33,,real
2026-08-08 03:45:33,6.14,,real
2026-08-08 03:45:42,1.12,,real
2026-08-08 03:45:59,2.06,,real
2026-08-08 03:46:13,1.70,,real
2026-08-08 03:46:29,1.88,,real
2026-08-08 03:46:41,1.36,,real
2026-08-08 03:46:56,1.90,,real
2026-08-08 03:47:58,90.69,,real
2026-08-08 03:48:13,1.67,,real
2026-08-08 03:48:22,1.05,,real
2026-08-08 03:48:36,1.70,,real
2026-08-08 03:48:53,2.03,,real
2026-08-08 03:49:14,3.27,,real
2026-08-08 03:49:25,1.20,,real
2026-08-08 03:49:57,7.58,,real
2026-08-08 03:50:07,1.15,,real
2026-08-08 03:50:22,1.75,,real
2026-08-08 03:50:30,1.04,,real
2026-08-08 03:50:55,1.00,,real
2026-08-08 03:51:01,3.41,,real
2026-08-08 03:51:32,6.68,,real
2026-08-08 03:52:16,21.39,,real
2026-08-08 03:52:41,3.83,,real
2026-08-08 03:53:15,9.00,,real
2026-08-08 03:53:51,9.85,,real
2026-08-08 03:54:16,4.30,,real
2026-08-08 03:54:31,1.83,,real
2026-08-08 03:54:43,1.36,,real
2026-08-08 03:54:59,1.90,,real
2026-08-08 03:55:26,5.01,,real
2026-08-08 03:55:40,1.65,,real
2026-08-08 03:55:54,1.63,,real
2026-08-08 03:57:12,332.25,,real
2026-08-08 03:57:20,1.05,,real
2026-08-08 03:57:34,1.52,,real
2026-08-08 03:57:52,2.27,,real
2026-08-08 03:58:59,144.51,,real
2026-08-08 03:59:09,1.04,,real
2026-08-08 03:59:28,2.66,,real
2026-08-08 03:59:51,3.49,,real
2026-08-08 04:00:07,2.04,,real
2026-08-08 04:00:20,1.53,,real
2026-08-08 04:00:50,6.36,,real
2026-08-08 04:01:01,1.20,,real
2026-08-08 04:01:24,3.47,,real
2026-08-08 04:01:33,1.08,,real
2026-08-08 04:01:48,1.78,,real
2026-08-08 04:01:58,1.26,,real
2026-08-08 04:02:18,2.56,,real
2026-08-08 04:02:37,2.52,,real
2026-08-08 04:02:46,1.14,,real
2026-08-08 04:03:05,2.25,,real
2026-08-08 04:03:14,1.18,,real
2026-08-08 04:03:33,2.45,,real
2026-08-08 04:04:03,6.15,,real
2026-08-08 04:04:24,1.00,,real
2026-08-08 04:04:21,1.11,,real
2026-08-08 04:04:30,1.12,,real
2026-08-08 04:04:44,1.64,,real
2026-08-08 04:04:56,1.41,,real
2026-08-08 04:05:15,2.47,,real
2026-08-08 04:05:35,2.74,,real
2026-08-08 04:05:44,1.06,,real
2026-08-08 04:05:59,1.82,,real
2026-08-08 04:06:11,1.38,,real
2026-08-08 04:06:27,2.06,,real
2026-08-08 04:06:44,2.05,,real
2026-08-08 04:07:02,2.25,,real
2026-08-08 04:07:15,1.54,,real
2026-08-08 04:07:32,2.11,,real
2026-08-08 04:08:08,9.62,,real
2026-08-08 04:08:41,7.93,,real
2026-08-08 04:08:59,2.09,,real
2026-08-08 04:09:08,1.22,,real
2026-08-08 04:09:17,1.06,,real
2026-08-08 04:09:36,2.43,,real
2026-08-08 04:09:53,1.58,,real
2026-08-08 04:10:02,1.49,,real
2026-08-08 04:10:11,1.04,,real
2026-08-08 04:10:23,1.27,,real
2026-08-08 04:10:35,1.43,,real
2026-08-08 04:10:45,1.31,,real
2026-08-08 04:11:12,4.91,,real
2026-08-08 04:11:33,2.89,,real
2026-08-08 04:11:52,2.57,,real
2026-08-08 04:12:46,42.96,,real
2026-08-08 04:13:24,13.10,,real
2026-08-08 04:13:43,2.35,,real
2026-08-08 04:13:52,1.08,,real
2026-08-08 04:14:20,4.94,,real
2026-08-08 04:15:07,28.66,,real
2026-08-08 04:15:19,1.32,,real
2026-08-08 04:15:31,1.44,,real
2026-08-08 04:15:48,2.01,,real
2026-08-08 04:16:14,4.59,,real
2026-08-08 04:16:29,1.75,,real
2026-08-08 04:16:44,1.70,,real
2026-08-08 04:16:54,1.33,,real
2026-08-08 04:17:03,1.00,,real
2026-08-08 04:17:40,11.46,,real
2026-08-08 04:18:01,3.02,,real
2026-08-08 04:18:36,9.07,,real
2026-08-08 04:18:44,1.02,,real
2026-08-08 04:18:59,1.79,,real
2026-08-08 04:19:08,1.09,,real
2026-08-08 04:19:22,1.41,,real
2026-08-08 04:19:58,12.09,,real
2026-08-08 04:20:32,8.66,,real
2026-08-08 04:20:49,2.18,,real
2026-08-08 04:20:58,1.08,,real
2026-08-08 04:21:15,2.11,,real
2026-08-08 04:21:24,1.07,,real
2026-08-08 04:21:49,4.01,,real
2026-08-08 04:22:09,2.75,,real
2026-08-08 04:22:39,6.22,,real
2026-08-08 04:22:54,1.71,,real
2026-08-08 04:23:05,1.33,,real
2026-08-08 04:23:29,3.50,,real
2026-08-08 04:24:13,21.78,,real
2026-08-08 04:24:24,1.15,,real
2026-08-08 04:24:43,2.72,,real
2026-08-08 04:24:57,1.65,,real
2026-08-08 04:25:29,7.14,,real
2026-08-08 04:25:50,3.04,,real
2026-08-08 04:26:06,1.92,,real
2026-08-08 04:26:36,1.79,,real
2026-08-08 04:26:31,1.18,,real
2026-08-08 04:26:41,1.16,,real
2026-08-08 04:27:21,14.55,,real
2026-08-08 04:27:35,1.60,,real
2026-08-08 04:27:43,1.03,,real
2026-08-08 04:28:31,26.73,,real
2026-08-08 04:29:05,8.84,,real
2026-08-08 04:29:33,5.22,,real
2026-08-08 04:29:46,1.55,,real
2026-08-08 04:29:54,1.00,,real
2026-08-08 04:30:14,2.67,,real
2026-08-08 04:30:32,2.39,,real
2026-08-08 04:30:41,1.06,,real
2026-08-08 04:30:56,1.77,,real
2026-08-08 04:31:27,1.00,,real
2026-08-08 04:31:55,33.70,,real
2026-08-08 04:32:13,2.51,,real
2026-08-08 04:32:31,1.94,,real
2026-08-08 04:32:42,1.45,,real
2026-08-08 04:32:56,1.43,,real
2026-08-08 04:33:40,24.02,,real
2026-08-08 04:34:17,10.39,,real
2026-08-08 04:34:26,1.11,,real
2026-08-08 04:34:41,1.60,,real
2026-08-08 04:34:48,1.02,,real
2026-08-08 04:35:22,1.00,,real
2026-08-08 04:35:21,3.79,,real
2026-08-08 04:35:35,1.78,,real
2026-08-08 04:35:56,3.01,,real
2026-08-08 04:36:15,2.38,,real
2026-08-08 04:36:29,1.66,,real
2026-08-08 04:36:55,4.60,,real
2026-08-08 04:37:03,1.00,,real
2026-08-08 04:37:33,6.20,,real
2026-08-08 04:37:48,1.76,,real
2026-08-08 04:38:00,1.19,,real
2026-08-08 04:38:16,2.30,,real
2026-08-08 04:38:44,5.01,,real
2026-08-08 04:39:12,4.99,,real
2026-08-08 04:39:44,8.27,,real
2026-08-08 04:39:53,1.11,,real
2026-08-08 04:40:02,1.00,,real
2026-08-08 04:40:17,1.45,,real
2026-08-08 04:40:28,1.58,,real
2026-08-08 04:40:51,3.40,,real
2026-08-08 04:41:04,1.54,,real
2026-08-08 04:41:17,1.61,,real
2026-08-08 04:41:29,1.36,,real
2026-08-08 04:41:49,2.74,,real
2026-08-08 04:42:23,8.66,,real
2026-08-08 04:43:24,81.11,,real
2026-08-08 04:43:32,1.00,,real
2026-08-08 04:44:18,23.89,,real
2026-08-08 04:44:28,1.09,,real
2026-08-08 04:44:49,3.13,,real
2026-08-08 04:44:59,1.17,,real
2026-08-08 04:45:39,14.38,,real
2026-08-08 04:45:51,1.40,,real
2026-08-08 04:46:10,2.31,,real
2026-08-08 04:46:31,3.29,,real
2026-08-08 04:46:52,2.93,,real
2026-08-08 04:47:22,6.16,,real
2026-08-08 04:47:41,2.39,,real
2026-08-08 04:48:07,4.66,,real
2026-08-08 04:48:34,4.64,,real
2026-08-08 04:48:53,2.48,,real
2026-08-08 04:49:25,6.87,,real
2026-08-08 04:49:33,1.13,,real
2026-08-08 04:49:42,1.04,,real
2026-08-08 04:50:08,4.09,,real
2026-08-08 04:50:18,1.29,,real
2026-08-08 04:50:31,1.54,,real
2026-08-08 04:51:20,29.95,,real
2026-08-08 04:51:41,2.92,,real
2026-08-08 04:51:50,1.12,,real
2026-08-08 04:52:13,3.41,,real
2026-08-08 04:52:25,1.39,,real
2026-08-08 04:52:50,3.99,,real
2026-08-08 04:53:16,4.24,,real
2026-08-08 04:53:49,8.46,,real
2026-08-08 04:54:01,1.20,,real
2026-08-08 04:54:23,3.84,,real
2026-08-08 04:55:28,113.13,,real
2026-08-08 04:55:40,1.34,,real
2026-08-08 04:55:58,2.45,,real
2026-08-08 04:56:26,5.10,,real
2026-08-08 04:56:55,5.72,,real
2026-08-08 04:57:04,1.06,,real
2026-08-08 04:57:12,1.00,,real
2026-08-08 04:57:20,1.03,,real
2026-08-08 04:57:37,2.04,,real
2026-08-08 04:57:55,2.29,,real
2026-08-08 04:58:17,3.11,,real
2026-08-08 04:58:28,1.34,,real
2026-08-08 04:59:13,19.57,,real
2026-08-08 04:59:21,1.11,,real
2026-08-08 04:59:45,3.66,,real
2026-08-08 05:00:12,5.13,,real
2026-08-08 05:00:52,13.10,,real
2026-08-08 05:00:59,1.00,,real
2026-08-08 05:01:22,3.53,,real
2026-08-08 05:01:43,2.87,,real
2026-08-08 05:01:54,1.29,,real
2026-08-08 05:02:23,5.38,,real
2026-08-08 05:02:39,1.97,,real
2026-08-08 05:02:57,2.47,,real
2026-08-08 05:03:14,1.83,,real
2026-08-08 05:03:36,3.69,,real
2026-08-08 05:03:52,1.84,,real
2026-08-08 05:04:02,1.23,,real
2026-08-08 05:04:11,1.06,,real
2026-08-08 05:04:22,1.30,,real
2026-08-08 05:04:35,1.36,,real
2026-08-08 05:04:43,1.06,,real
2026-08-08 05:05:36,44.44,,real
2026-08-08 05:06:03,4.87,,real
2026-08-08 05:06:21,2.32,,real
2026-08-08 05:06:36,1.65,,real
2026-08-08 05:06:44,1.07,,real
2026-08-08 05:06:55,1.23,,real
2026-08-08 05:07:08,1.53,,real
2026-08-08 05:07:26,2.12,,real
2026-08-08 05:07:38,1.47,,real
2026-08-08 05:07:47,1.02,,real
2026-08-08 05:08:04,2.34,,real
2026-08-08 05:08:15,1.21,,real
2026-08-08 05:08:43,4.79,,real
2026-08-08 05:08:57,1.79,,real
2026-08-08 05:09:13,1.97,,real
2026-08-08 05:09:53,14.31,,real
2026-08-08 05:10:12,2.51,,real
2026-08-08 05:11:01,31.52,,real
2026-08-08 05:11:29,4.96,,real
2026-08-08 05:11:44,1.93,,real
2026-08-08 05:12:06,2.97,,real
2026-08-08 05:12:16,1.23,,real
2026-08-08 05:12:27,1.28,,real
2026-08-08 05:12:41,1.68,,real
2026-08-08 05:12:51,1.17,,real
2026-08-08 05:13:09,2.25,,real
2026-08-08 05:13:30,2.92,,real
2026-08-08 05:14:03,7.98,,real
2026-08-08 05:14:27,3.70,,real
2026-08-08 05:14:47,2.43,,real
2026-08-08 05:15:37,36.59,,real
2026-08-08 05:15:48,1.28,,real
2026-08-08 05:16:13,4.45,,real
2026-08-08 05:16:35,2.97,,real
2026-08-08 05:16:50,1.77,,real
2026-08-08 05:17:01,1.31,,real
2026-08-08 05:17:12,1.24,,real
2026-08-08 05:17:27,1.80,,real
2026-08-08 05:17:44,2.11,,real
2026-08-08 05:18:00,1.90,,real
2026-08-08 05:18:07,1.00,,real
2026-08-08 05:19:01,42.80,,real
2026-08-08 05:19:24,3.40,,real
2026-08-08 05:19:32,1.07,,real
2026-08-08 05:19:56,3.80,,real
2026-08-08 05:20:36,14.28,,real
2026-08-08 05:20:47,1.24,,real
2026-08-08 05:20:56,1.06,,real
2026-08-08 05:21:14,2.31,,real
2026-08-08 05:21:33,2.39,,real
2026-08-08 05:22:01,1.08,,real
2026-08-08 05:21:53,1.39,,real
2026-08-08 05:22:13,2.58,,real
2026-08-08 05:22:32,2.09,,real
2026-08-08 05:22:45,1.80,,real
2026-08-08 05:22:59,1.65,,real
2026-08-08 05:23:27,5.17,,real
2026-08-08 05:23:48,3.21,,real
2026-08-08 05:23:57,1.01,,real
2026-08-08 05:24:13,2.02,,real
2026-08-08 05:24:40,4.80,,real
2026-08-08 05:25:15,8.70,,real
2026-08-08 05:25:36,3.11,,real
2026-08-08 05:25:44,1.01,,real
2026-08-08 05:26:00,1.96,,real
2026-08-08 05:26:28,5.21,,real
2026-08-08 05:27:05,11.50,,real
2026-08-08 05:27:14,1.07,,real
2026-08-08 05:27:54,13.11,,real
2026-08-08 05:28:18,4.05,,real
2026-08-08 05:28:26,1.00,,real
2026-08-08 05:29:20,30.58,,real
2026-08-08 05:29:26,1.34,,real
2026-08-08 05:29:53,4.72,,real
2026-08-08 05:30:03,1.18,,real
2026-08-08 05:30:11,1.03,,real
2026-08-08 05:31:11,75.56,,real
2026-08-08 05:31:29,1.65,,real
2026-08-08 05:31:49,2.90,,real
2026-08-08 05:32:11,3.95,,real
2026-08-08 05:33:05,45.38,,real
2026-08-08 05:33:36,6.61,,real
2026-08-08 05:34:01,4.21,,real
2026-08-08 05:34:12,1.35,,real
2026-08-08 05:34:24,1.23,,real
2026-08-08 05:34:38,1.65,,real
2026-08-08 05:34:46,1.04,,real
2026-08-08 05:35:05,2.52,,real
2026-08-08 05:35:17,1.43,,real
2026-08-08 05:35:31,1.67,,real
2026-08-08 05:35:58,5.01,,real
2026-08-08 05:36:13,1.41,,real
2026-08-08 05:36:30,2.41,,real
2026-08-08 05:37:01,7.12,,real
2026-08-08 05:37:15,1.69,,real
2026-08-08 05:37:34,2.33,,real
2026-08-08 05:38:04,6.32,,real
2026-08-08 05:38:18,1.63,,real
2026-08-08 05:38:41,2.48,,real
2026-08-08 05:38:47,1.28,,real
2026-08-08 05:38:57,1.12,,real
2026-08-08 05:39:13,1.56,,real
2026-08-08 05:39:21,1.28,,real
2026-08-08 05:39:32,1.26,,real
2026-08-08 05:39:55,1.86,,real
2026-08-08 05:39:59,1.39,,real
2026-08-08 05:40:11,1.34,,real
2026-08-08 05:40:36,4.27,,real
2026-08-08 05:40:48,1.28,,real
2026-08-08 05:41:13,4.13,,real
2026-08-08 05:41:21,1.07,,real
2026-08-08 05:42:25,87.14,,real
2026-08-08 05:42:37,1.62,,real
2026-08-08 05:42:53,2.03,,real
2026-08-08 05:43:25,7.44,,real
2026-08-08 05:43:41,1.93,,real
2026-08-08 05:44:03,2.86,,real
2026-08-08 05:44:54,37.86,,real
2026-08-08 05:45:03,1.09,,real
2026-08-08 05:45:12,1.12,,real
2026-08-08 05:45:24,1.09,,real
2026-08-08 05:45:35,1.56,,real
2026-08-08 05:45:49,1.62,,real
2026-08-08 05:46:22,8.48,,real
2026-08-08 05:46:30,1.02,,real
2026-08-08 05:46:44,1.59,,real
2026-08-08 05:47:04,2.63,,real
2026-08-08 05:47:22,2.44,,real
2026-08-08 05:48:01,9.76,,real
2026-08-08 05:48:19,2.78,,real
2026-08-08 05:48:47,5.57,,real
2026-08-08 05:48:58,1.29,,real
2026-08-08 05:49:09,1.28,,real
2026-08-08 05:49:33,3.88,,real
2026-08-08 05:49:55,3.14,,real
2026-08-08 05:50:08,1.24,,real
2026-08-08 05:50:17,1.29,,real
2026-08-08 05:50:48,1.00,,real
2026-08-08 05:50:41,1.94,,real
2026-08-08 05:50:55,1.63,,real
2026-08-08 05:51:05,1.23,,real
2026-08-08 05:51:27,3.00,,real
2026-08-08 05:51:38,1.34,,real
2026-08-08 05:52:20,2.12,,real
2026-08-08 05:52:18,3.31,,real
2026-08-08 05:52:44,4.64,,real
2026-08-08 05:53:33,29.44,,real
2026-08-08 05:53:44,1.38,,real
2026-08-08 05:54:41,56.20,,real
2026-08-08 05:54:57,1.84,,real
2026-08-08 05:55:05,1.06,,real
2026-08-08 05:55:31,4.43,,real
2026-08-08 05:55:45,1.41,,real
2026-08-08 05:55:52,1.10,,real
2026-08-08 05:56:18,4.00,,real
2026-08-08 05:57:05,26.77,,real
2026-08-08 05:57:25,2.93,,real
2026-08-08 05:57:33,1.00,,real
2026-08-08 05:57:41,1.00,,real
2026-08-08 05:58:02,2.96,,real
2026-08-08 05:58:46,18.78,,real
2026-08-08 05:58:58,1.44,,real
2026-08-08 05:59:06,1.02,,real
2026-08-08 05:59:20,1.64,,real
2026-08-08 05:59:57,9.39,,real
2026-08-08 06:00:10,1.50,,real
2026-08-08 06:00:24,1.93,,real
2026-08-08 06:01:19,50.56,,real
2026-08-08 06:01:30,1.23,,real
2026-08-08 06:01:39,1.10,,real
2026-08-08 06:01:57,2.28,,real
2026-08-08 06:02:09,1.22,,real
2026-08-08 06:02:26,2.52,,real
2026-08-08 06:02:36,1.13,,real
2026-08-08 06:02:44,1.00,,real
2026-08-08 06:02:59,1.74,,real
2026-08-08 06:03:30,5.85,,real
2026-08-08 06:03:37,1.06,,real
2026-08-08 06:03:46,1.13,,real
2026-08-08 06:03:54,1.00,,real
2026-08-08 06:04:04,1.16,,real
2026-08-08 06:04:21,1.82,,real
2026-08-08 06:04:30,1.20,,real
2026-08-08 06:04:38,1.03,,real
2026-08-08 06:04:53,1.81,,real
2026-08-08 06:05:21,5.28,,real
2026-08-08 06:06:26,106.55,,real
2026-08-08 06:06:37,1.32,,real
2026-08-08 06:06:45,1.04,,real
2026-08-08 06:07:02,1.92,,real
2026-08-08 06:07:50,31.69,,real
2026-08-08 06:08:20,6.30,,real
2026-08-08 06:08:46,4.13,,real
2026-08-08 06:09:26,13.13,,real
2026-08-08 06:09:42,1.97,,real
2026-08-08 06:10:00,2.46,,real
2026-08-08 06:10:44,21.32,,real
2026-08-08 06:11:46,85.73,,real
2026-08-08 06:11:56,1.25,,real
2026-08-08 06:12:15,1.80,,real
2026-08-08 06:12:32,2.34,,real
2026-08-08 06:12:40,1.21,,real
2026-08-08 06:12:58,2.24,,real
2026-08-08 06:13:31,7.78,,real
2026-08-08 06:13:41,1.24,,real
2026-08-08 06:14:20,13.46,,real
2026-08-08 06:14:45,4.07,,real
2026-08-08 06:14:59,1.31,,real
2026-08-08 06:15:27,6.12,,real
2026-08-08 06:15:44,1.68,,real
2026-08-08 06:16:02,2.24,,real
2026-08-08 06:16:07,1.01,,real
2026-08-08 06:16:21,1.71,,real
2026-08-08 06:16:32,1.33,,real
2026-08-08 06:17:16,18.87,,real
2026-08-08 06:17:25,1.10,,real
2026-08-08 06:17:36,1.23,,real
2026-08-08 06:17:53,2.22,,real
2026-08-08 06:18:29,10.16,,real
2026-08-08 06:18:42,1.46,,real
2026-08-08 06:18:51,1.11,,real
2026-08-08 06:19:06,1.87,,real
2026-08-08 06:19:17,1.19,,real
2026-08-08 06:19:34,2.25,,real
2026-08-08 06:19:56,3.12,,real
2026-08-08 06:20:12,1.94,,real
2026-08-08 06:20:24,1.42,,real
2026-08-08 06:20:44,2.76,,real
2026-08-08 06:20:58,1.62,,real
2026-08-08 06:21:10,1.13,,real
2026-08-08 06:21:18,1.21,,real
2026-08-08 06:21:35,2.06,,real
2026-08-08 06:21:50,1.81,,real
2026-08-08 06:22:00,1.16,,real
2026-08-08 06:22:30,6.16,,real
2026-08-08 06:23:06,10.48,,real
2026-08-08 06:23:16,1.20,,real
2026-08-08 06:23:34,2.32,,real
2026-08-08 06:23:43,1.04,,real
2026-08-08 06:23:52,1.08,,real
2026-08-08 06:24:13,2.88,,real
2026-08-08 06:24:29,1.86,,real
2026-08-08 06:24:56,5.18,,real
2026-08-08 06:25:10,1.69,,real
2026-08-08 06:25:57,25.53,,real
2026-08-08 06:26:10,1.46,,real
2026-08-08 06:26:25,1.78,,real
2026-08-08 06:26:50,4.07,,real
2026-08-08 06:27:02,1.50,,real
2026-08-08 06:27:16,1.53,,real
2026-08-08 06:27:27,1.29,,real
2026-08-08 06:27:51,4.08,,real
2026-08-08 06:28:09,2.12,,real
2026-08-08 06:28:21,1.42,,real
2026-08-08 06:28:42,3.11,,real
2026-08-08 06:29:00,1.78,,real
2026-08-08 06:29:15,2.11,,real
2026-08-08 06:29:23,1.00,,real
2026-08-08 06:30:02,11.33,,real
2026-08-08 06:30:18,2.35,,real
2026-08-08 06:30:48,6.40,,real
2026-08-08 06:31:13,3.96,,real
2026-08-08 06:31:33,2.72,,real
2026-08-08 06:31:43,1.16,,real
2026-08-08 06:32:18,8.58,,real
2026-08-08 06:32:40,2.67,,real
2026-08-08 06:33:00,2.58,,real
2026-08-08 06:33:13,2.10,,real
2026-08-08 06:34:06,1.00,,real
2026-08-08 06:33:44,2.42,,real
2026-08-08 06:34:01,3.04,,real
2026-08-08 06:34:12,1.27,,real
2026-08-08 06:34:30,2.06,,real
2026-08-08 06:34:37,1.00,,real
2026-08-08 06:34:49,1.45,,real
2026-08-08 06:34:57,1.03,,real
2026-08-08 06:35:37,12.69,,real
2026-08-08 06:36:10,8.58,,real
2026-08-08 06:36:18,1.00,,real
2026-08-08 06:36:32,1.69,,real
2026-08-08 06:37:13,1.84,,real
2026-08-08 06:37:05,2.22,,real
2026-08-08 06:37:22,2.10,,real
2026-08-08 06:37:35,1.50,,real
2026-08-08 06:38:18,17.97,,real
2026-08-08 06:39:15,1.03,,real
2026-08-08 06:38:43,2.06,,real
2026-08-08 06:38:57,1.48,,real
2026-08-08 06:39:31,10.19,,real
2026-08-08 06:40:04,7.83,,real
2026-08-08 06:40:23,2.37,,real
2026-08-08 06:40:40,2.20,,real
2026-08-08 06:41:29,30.29,,real
2026-08-08 06:41:51,3.15,,real
2026-08-08 06:42:05,1.60,,real
2026-08-08 06:42:26,2.91,,real
2026-08-08 06:42:40,1.52,,real
2026-08-08 06:42:57,2.34,,real
2026-08-08 06:43:13,1.96,,real
2026-08-08 06:43:56,18.82,,real
2026-08-08 06:44:35,13.54,,real
2026-08-08 06:44:46,1.19,,real
2026-08-08 06:45:11,3.59,,real
2026-08-08 06:45:40,4.38,,real
2026-08-08 06:46:00,3.63,,real
2026-08-08 06:46:22,2.93,,real
2026-08-08 06:47:03,19.62,,real
2026-08-08 06:47:29,4.40,,real
2026-08-08 06:47:49,2.86,,real
2026-08-08 06:48:02,1.48,,real
2026-08-08 06:48:19,1.89,,real
2026-08-08 06:48:26,1.00,,real
2026-08-08 06:48:48,3.33,,real
2026-08-08 06:49:05,1.72,,real
2026-08-08 06:49:33,6.58,,real
2026-08-08 06:49:42,1.00,,real
2026-08-08 06:50:17,8.61,,real
2026-08-08 06:52:04,1.00,,real
2026-08-08 06:50:36,1.43,,real
2026-08-08 06:50:55,2.46,,real
2026-08-08 06:51:16,3.01,,real
2026-08-08 06:51:29,1.34,,real
2026-08-08 06:51:48,2.77,,real
2026-08-08 06:52:02,1.56,,real
2026-08-08 06:52:35,8.63,,real
2026-08-08 06:52:48,1.50,,real
2026-08-08 06:53:00,1.37,,real
2026-08-08 06:53:13,1.50,,real
2026-08-08 06:53:41,5.48,,real
2026-08-08 06:54:17,9.42,,real
2026-08-08 06:54:41,3.94,,real
2026-08-08 06:54:54,1.50,,real
2026-08-08 06:55:45,36.15,,real
2026-08-08 06:56:04,2.67,,real
2026-08-08 06:56:30,3.13,,real
2026-08-08 06:56:39,1.45,,real
2026-08-08 06:56:49,1.22,,real
2026-08-08 06:57:10,2.96,,real
2026-08-08 06:58:31,352.50,,real
2026-08-08 06:58:37,1.01,,real
2026-08-08 06:59:47,174.04,,real
2026-08-08 06:59:58,1.27,,real
2026-08-08 07:00:07,1.09,,real
2026-08-08 07:00:20,1.51,,real
2026-08-08 07:00:29,1.14,,real
2026-08-08 07:01:14,21.92,,real
2026-08-08 07:01:23,1.00,,real
2026-08-08 07:01:57,4.77,,real
2026-08-08 07:02:07,1.14,,real
2026-08-08 07:02:21,1.71,,real
2026-08-08 07:03:04,18.02,,real
2026-08-08 07:03:23,2.50,,real
2026-08-08 07:03:42,1.80,,real
2026-08-08 07:03:48,1.10,,real
2026-08-08 07:03:58,1.24,,real
2026-08-08 07:04:09,1.28,,real
2026-08-08 07:04:20,1.31,,real
2026-08-08 07:04:32,1.33,,real
2026-08-08 07:04:51,2.24,,real
2026-08-08 07:05:13,3.54,,real
2026-08-08 07:05:32,2.54,,real
2026-08-08 07:06:10,12.07,,real
2026-08-08 07:06:54,20.51,,real
2026-08-08 07:07:09,1.72,,real
2026-08-08 07:07:35,4.54,,real
2026-08-08 07:07:52,2.02,,real
2026-08-08 07:08:02,1.21,,real
2026-08-08 07:08:15,1.60,,real
2026-08-08 07:09:00,20.32,,real
2026-08-08 07:09:15,1.93,,real
2026-08-08 07:09:55,13.66,,real
2026-08-08 07:10:32,11.38,,real
2026-08-08 07:10:44,1.41,,real
2026-08-08 07:11:18,8.35,,real
2026-08-08 07:12:20,92.34,,real
2026-08-08 07:12:58,12.44,,real
2026-08-08 07:13:19,2.78,,real
2026-08-08 07:13:59,14.38,,real
2026-08-08 07:14:22,3.50,,real
2026-08-08 07:14:36,1.58,,real
2026-08-08 07:14:43,1.00,,real
2026-08-08 07:15:29,22.66,,real
2026-08-08 07:15:44,1.82,,real
2026-08-08 07:16:09,4.17,,real
2026-08-08 07:16:19,1.11,,real
2026-08-08 07:17:16,60.48,,real
2026-08-08 07:17:39,3.54,,real
2026-08-08 07:17:57,2.17,,real
2026-08-08 07:18:24,5.16,,real
2026-08-08 07:18:42,2.15,,real
2026-08-08 07:19:04,3.31,,real
2026-08-08 07:19:23,2.52,,real
2026-08-08 07:19:34,1.20,,real
2026-08-08 07:19:41,1.00,,real
2026-08-08 07:19:54,1.46,,real
2026-08-08 07:20:05,1.30,,real
2026-08-08 07:21:01,54.17,,real
2026-08-08 07:21:12,1.24,,real
2026-08-08 07:21:50,12.49,,real
2026-08-08 07:22:38,27.73,,real
2026-08-08 07:23:15,11.45,,real
2026-08-08 07:23:34,2.55,,real
2026-08-08 07:23:55,2.92,,real
2026-08-08 07:25:03,145.86,,real
2026-08-08 07:25:27,3.62,,real
2026-08-08 07:25:52,4.07,,real
2026-08-08 07:26:01,1.15,,real
2026-08-08 07:26:15,1.48,,real
2026-08-08 07:26:55,15.95,,real
2026-08-08 07:27:14,2.44,,real
2026-08-08 07:27:32,2.26,,real
2026-08-08 07:27:47,1.85,,real
2026-08-08 07:27:55,1.00,,real
2026-08-08 07:28:21,4.43,,real
2026-08-08 07:28:29,1.00,,real
2026-08-08 07:28:54,4.13,,real
2026-08-08 07:29:24,6.02,,real
2026-08-08 07:29:37,1.48,,real
2026-08-08 07:30:01,3.95,,real
2026-08-08 07:30:14,1.53,,real
2026-08-08 07:30:41,4.58,,real
2026-08-08 07:31:16,9.45,,real
2026-08-08 07:31:41,4.21,,real
2026-08-08 07:31:59,2.31,,real
2026-08-08 07:32:13,1.60,,real
2026-08-08 07:32:52,13.50,,real
2026-08-08 07:33:02,1.12,,real
2026-08-08 07:33:13,1.38,,real
2026-08-08 07:33:28,1.81,,real
2026-08-08 07:33:43,1.78,,real
2026-08-08 07:33:53,1.14,,real
2026-08-08 07:34:05,1.44,,real
2026-08-08 07:34:14,1.08,,real
2026-08-08 07:34:25,1.20,,real
2026-08-08 07:34:48,3.49,,real
2026-08-08 07:35:17,5.83,,real
2026-08-08 07:36:45,756.36,,real
2026-08-08 07:37:25,14.20,,real
2026-08-08 07:37:36,1.29,,real
2026-08-08 07:38:22,23.89,,real
2026-08-08 07:38:48,4.45,,real
2026-08-08 07:39:02,1.71,,real
2026-08-08 07:39:12,1.17,,real
2026-08-08 07:39:41,5.73,,real
2026-08-08 07:39:52,1.30,,real
2026-08-08 07:40:03,1.25,,real
2026-08-08 07:40:26,3.62,,real
2026-08-08 07:40:47,2.93,,real
2026-08-08 07:41:06,2.39,,real
2026-08-08 07:41:38,7.12,,real
2026-08-08 07:41:46,1.01,,real
2026-08-08 07:41:55,1.09,,real
2026-08-08 07:42:24,5.85,,real
2026-08-08 07:42:33,1.07,,real
2026-08-08 07:42:43,1.14,,real
2026-08-08 07:42:55,1.38,,real
2026-08-08 07:43:05,1.28,,real
2026-08-08 07:43:35,5.92,,real
2026-08-08 07:43:56,3.08,,real
2026-08-08 07:44:06,1.14,,real
2026-08-08 07:44:20,1.73,,real
2026-08-08 07:44:32,1.30,,real
2026-08-08 07:44:41,1.15,,real
2026-08-08 07:45:44,98.72,,real
2026-08-08 07:46:34,30.68,,real
2026-08-08 07:46:53,2.24,,real
2026-08-08 07:47:00,1.01,,real
2026-08-08 07:47:15,1.80,,real
2026-08-08 07:47:26,1.37,,real
2026-08-08 07:47:39,1.43,,real
2026-08-08 07:48:06,4.82,,real
2026-08-08 07:48:21,1.64,,real
2026-08-08 07:49:31,3.05,,real
2026-08-08 07:49:00,2.50,,real
2026-08-08 07:49:21,2.89,,real
2026-08-08 07:49:30,1.13,,real
2026-08-08 07:51:11,2251.29,,real
2026-08-08 07:51:27,1.81,,real
2026-08-08 07:52:19,43.38,,real
2026-08-08 07:52:36,2.01,,real
2026-08-08 07:52:56,2.72,,real
2026-08-08 07:53:21,4.19,,real
2026-08-08 07:53:39,2.15,,real
2026-08-08 07:53:55,2.10,,real
2026-08-08 07:54:07,1.32,,real
2026-08-08 07:54:17,1.17,,real
2026-08-08 07:54:28,1.25,,real
2026-08-08 07:54:45,2.10,,real
2026-08-08 07:55:18,8.20,,real
2026-08-08 07:56:25,134.67,,real
2026-08-08 07:56:46,2.93,,real
2026-08-08 07:57:09,3.66,,real
2026-08-08 07:57:26,2.07,,real
2026-08-08 07:57:50,3.56,,real
2026-08-08 07:58:17,5.41,,real
2026-08-08 07:58:33,1.85,,real
2026-08-08 07:58:47,1.64,,real
2026-08-08 07:59:05,2.36,,real
2026-08-08 07:59:23,2.34,,real
2026-08-08 08:00:03,13.57,,real
2026-08-08 08:00:11,1.00,,real
2026-08-08 08:00:25,1.73,,real
2026-08-08 08:00:35,1.16,,real
2026-08-08 08:00:46,1.26,,real
2026-08-08 08:01:02,1.98,,real
2026-08-08 08:01:14,1.30,,real
2026-08-08 08:01:45,7.35,,real
2026-08-08 08:02:06,2.91,,real
2026-08-08 08:02:32,4.35,,real
2026-08-08 08:02:52,2.76,,real
2026-08-08 08:03:08,1.97,,real
2026-08-08 08:03:18,1.07,,real
2026-08-08 08:03:38,2.84,,real
2026-08-08 08:03:46,1.01,,real
2026-08-08 08:04:00,1.60,,real
2026-08-08 08:04:13,1.52,,real
2026-08-08 08:04:50,10.61,,real
2026-08-08 08:05:14,3.77,,real
2026-08-08 08:05:49,9.79,,real
2026-08-08 08:06:28,13.67,,real
2026-08-08 08:06:37,1.08,,real
2026-08-08 08:06:53,2.00,,real
2026-08-08 08:07:03,1.19,,real
2026-08-08 08:07:21,2.27,,real
2026-08-08 08:07:49,5.13,,real
2026-08-08 08:08:00,1.32,,real
2026-08-08 08:08:34,8.30,,real
2026-08-08 08:09:02,5.25,,real
2026-08-08 08:09:35,8.12,,real
2026-08-08 08:09:57,3.25,,real
2026-08-08 08:10:08,1.29,,real
2026-08-08 08:10:24,1.82,,real
2026-08-08 08:10:38,1.80,,real
2026-08-08 08:10:48,1.14,,real
2026-08-08 08:11:28,14.48,,real
2026-08-08 08:12:56,800.75,,real
2026-08-08 08:13:13,2.06,,real
2026-08-08 08:13:26,1.46,,real
2026-08-08 08:14:03,11.15,,real
2026-08-08 08:14:44,16.32,,real
2026-08-08 08:15:02,2.29,,real
2026-08-08 08:15:11,1.00,,real
2026-08-08 08:15:47,10.75,,real
2026-08-08 08:16:18,6.79,,real
2026-08-08 08:16:34,2.01,,real
2026-08-08 08:16:48,1.56,,real
2026-08-08 08:17:22,8.64,,real
2026-08-08 08:17:44,1.00,,real
2026-08-08 08:17:49,2.63,,real
2026-08-08 08:17:59,1.19,,real
2026-08-08 08:18:14,1.75,,real
2026-08-08 08:18:25,1.23,,real
2026-08-08 08:18:39,1.66,,real
2026-08-08 08:19:10,7.09,,real
2026-08-08 08:19:30,2.69,,real
2026-08-08 08:19:51,2.81,,real
2026-08-08 08:20:24,8.36,,real
2026-08-08 08:20:51,4.68,,real
2026-08-08 08:21:07,2.00,,real
2026-08-08 08:21:22,1.68,,real
2026-08-08 08:21:31,1.16,,real
2026-08-08 08:22:19,24.06,,real
2026-08-08 08:22:34,2.04,,real
2026-08-08 08:23:12,11.58,,real
2026-08-08 08:23:27,1.79,,real
2026-08-08 08:23:39,1.39,,real
2026-08-08 08:23:53,1.69,,real
2026-08-08 08:24:13,2.59,,real
2026-08-08 08:24:24,1.31,,real
2026-08-08 08:25:14,34.30,,real
2026-08-08 08:25:33,2.47,,real
2026-08-08 08:25:43,1.18,,real
2026-08-08 08:25:57,1.67,,real
2026-08-08 08:26:05,1.00,,real
2026-08-08 08:26:19,1.54,,real
2026-08-08 08:26:31,1.50,,real
2026-08-08 08:26:43,1.30,,real
2026-08-08 08:27:06,3.65,,real
2026-08-08 08:27:17,1.24,,real
2026-08-08 08:27:33,2.02,,real
2026-08-08 08:27:45,1.32,,real
2026-08-08 08:28:00,1.77,,real
2026-08-08 08:28:31,6.79,,real
2026-08-08 08:28:47,1.96,,real
2026-08-08 08:29:13,4.40,,real
2026-08-08 08:29:22,1.15,,real
2026-08-08 08:29:41,2.47,,real
2026-08-08 08:30:14,7.88,,real
2026-08-08 08:30:32,2.22,,real
2026-08-08 08:31:23,37.22,,real
2026-08-08 08:31:40,2.16,,real
2026-08-08 08:32:18,11.73,,real
2026-08-08 08:32:33,1.73,,real
2026-08-08 08:32:48,1.88,,real
2026-08-08 08:32:57,1.09,,real
2026-08-08 08:34:04,1.00,,real
2026-08-08 08:33:31,4.28,,real
2026-08-08 08:33:53,3.15,,real
2026-08-08 08:34:16,3.58,,real
2026-08-08 08:34:32,2.03,,real
2026-08-08 08:34:51,2.49,,real
2026-08-08 08:35:00,1.00,,real
2026-08-08 08:35:21,2.99,,real
2026-08-08 08:35:33,1.43,,real
2026-08-08 08:35:43,1.16,,real
2026-08-08 08:36:06,3.58,,real
2026-08-08 08:36:15,1.03,,real
2026-08-08 08:36:38,3.46,,real
2026-08-08 08:36:47,1.06,,real
2026-08-08 08:36:59,1.49,,real
2026-08-08 08:37:10,1.22,,real
2026-08-08 08:37:20,1.21,,real
2026-08-08 08:37:29,1.11,,real
2026-08-08 08:37:54,4.03,,real
2026-08-08 08:38:14,2.69,,real
2026-08-08 08:38:42,5.22,,real
2026-08-08 08:38:52,1.19,,real
2026-08-08 08:39:10,2.29,,real
2026-08-08 08:39:23,1.51,,real
2026-08-08 08:39:35,1.37,,real
2026-08-08 08:40:44,171.34,,real
2026-08-08 08:41:03,2.38,,real
2026-08-08 08:41:28,4.00,,real
2026-08-08 08:41:41,1.56,,real
2026-08-08 08:41:52,1.30,,real
2026-08-08 08:42:00,1.02,,real
2026-08-08 08:42:16,1.88,,real
2026-08-08 08:42:31,1.79,,real
2026-08-08 08:42:54,3.63,,real
2026-08-08 08:43:10,1.88,,real
2026-08-08 08:43:19,1.11,,real
2026-08-08 08:43:41,3.16,,real
2026-08-08 08:43:53,1.37,,real
2026-08-08 08:44:05,1.31,,real
2026-08-08 08:44:28,3.59,,real
2026-08-08 08:44:38,1.22,,real
2026-08-08 08:44:47,1.01,,real
2026-08-08 08:44:59,1.43,,real
2026-08-08 08:45:20,2.95,,real
2026-08-08 08:45:30,1.22,,real
2026-08-08 08:45:41,1.24,,real
2026-08-08 08:46:04,3.41,,real
2026-08-08 08:46:13,1.14,,real
2026-08-08 08:46:36,3.36,,real
2026-08-08 08:46:58,3.18,,real
2026-08-08 08:47:11,1.53,,real
2026-08-08 08:47:36,4.15,,real
2026-08-08 08:48:02,4.46,,real
2026-08-08 08:48:22,2.73,,real
2026-08-08 08:48:36,1.64,,real
2026-08-08 08:48:49,1.54,,real
2026-08-08 08:49:40,34.85,,real
2026-08-08 08:49:55,1.80,,real
2026-08-08 08:50:27,6.83,,real
2026-08-08 08:50:56,6.12,,real
2026-08-08 08:51:24,5.52,,real
2026-08-08 08:51:40,1.86,,real
2026-08-08 08:52:26,1.00,,real
2026-08-08 08:52:23,9.54,,real
2026-08-08 08:52:42,2.57,,real
2026-08-08 08:52:54,1.38,,real
2026-08-08 08:53:11,2.02,,real
2026-08-08 08:53:27,1.91,,real
2026-08-08 08:53:39,1.35,,real
2026-08-08 08:53:52,1.60,,real
2026-08-08 08:54:16,3.76,,real
2026-08-08 08:54:35,2.56,,real
2026-08-08 08:54:45,1.12,,real
2026-08-08 08:54:54,1.07,,real
2026-08-08 08:55:17,3.59,,real
2026-08-08 08:55:34,2.14,,real
2026-08-08 08:55:43,1.07,,real
2026-08-08 08:56:17,8.17,,real
2026-08-08 08:56:28,1.44,,real
2026-08-08 08:56:57,5.53,,real
2026-08-08 08:57:29,7.57,,real
2026-08-08 08:57:50,2.76,,real
2026-08-08 08:57:59,1.10,,real
2026-08-08 08:58:08,1.14,,real
2026-08-08 08:58:20,1.38,,real
2026-08-08 08:58:30,1.15,,real
2026-08-08 08:58:43,1.56,,real
2026-08-08 08:58:53,1.11,,real
2026-08-08 08:59:04,1.30,,real
2026-08-08 08:59:20,2.03,,real
2026-08-08 08:59:58,11.37,,real
2026-08-08 09:00:20,3.44,,real
2026-08-08 09:00:36,1.91,,real
2026-08-08 09:00:56,2.62,,real
2026-08-08 09:01:41,22.52,,real
2026-08-08 09:02:08,4.58,,real
2026-08-08 09:02:28,2.74,,real
2026-08-08 09:02:38,1.21,,real
2026-08-08 09:03:10,7.62,,real
2026-08-08 09:03:24,1.59,,real
2026-08-08 09:03:51,4.92,,real
2026-08-08 09:04:03,1.37,,real
2026-08-08 09:04:15,1.43,,real
2026-08-08 09:04:58,18.46,,real
2026-08-08 09:05:10,1.34,,real
2026-08-08 09:05:21,1.21,,real
2026-08-08 09:05:30,1.06,,real
2026-08-08 09:05:51,3.31,,real
2026-08-08 09:06:02,1.19,,real
2026-08-08 09:06:37,8.82,,real
2026-08-08 09:06:57,3.10,,real
2026-08-08 09:07:11,1.58,,real
2026-08-08 09:07:35,3.95,,real
2026-08-08 09:08:06,6.52,,real
2026-08-08 09:09:18,1.05,,real
2026-08-08 09:08:36,2.94,,real
2026-08-08 09:09:06,6.33,,real
2026-08-08 09:09:15,1.15,,real
2026-08-08 09:10:04,1.01,,real
2026-08-08 09:09:33,1.08,,real
2026-08-08 09:10:34,87.86,,real
2026-08-08 09:10:56,3.07,,real
2026-08-08 09:11:07,1.29,,real
2026-08-08 09:11:19,1.42,,real
2026-08-08 09:11:29,1.19,,real
2026-08-08 09:12:01,7.36,,real
2026-08-08 09:12:13,1.40,,real
2026-08-08 09:12:23,1.14,,real
2026-08-08 09:12:37,1.62,,real
2026-08-08 09:13:07,6.35,,real
2026-08-08 09:13:20,1.49,,real
2026-08-08 09:13:28,1.03,,real
2026-08-08 09:13:42,1.57,,real
2026-08-08 09:13:56,1.64,,real
2026-08-08 09:14:54,62.06,,real
2026-08-08 09:15:02,1.06,,real
2026-08-08 09:15:24,3.11,,real
2026-08-08 09:15:39,1.87,,real
2026-08-08 09:16:26,25.48,,real
2026-08-08 09:16:44,2.17,,real
2026-08-08 09:17:00,1.96,,real
2026-08-08 09:17:12,1.42,,real
2026-08-08 09:17:27,1.77,,real
2026-08-08 09:18:08,15.51,,real
2026-08-08 09:18:43,9.41,,real
2026-08-08 09:19:43,77.67,,real
2026-08-08 09:19:55,1.42,,real
2026-08-08 09:20:06,1.28,,real
2026-08-08 09:20:16,1.19,,real
2026-08-08 09:21:06,32.05,,real
2026-08-08 09:21:20,1.63,,real
2026-08-08 09:21:34,1.67,,real
2026-08-08 09:21:45,1.23,,real
2026-08-08 09:21:54,1.10,,real
2026-08-08 09:22:23,5.98,,real
2026-08-08 09:23:31,145.38,,real
2026-08-08 09:24:06,9.34,,real
2026-08-08 09:24:21,1.69,,real
2026-08-08 09:24:51,6.71,,real
2026-08-08 09:25:11,2.44,,real
2026-08-08 09:25:19,1.07,,real
2026-08-08 09:25:29,1.17,,real
2026-08-08 09:25:44,1.75,,real
2026-08-08 09:25:53,1.13,,real
2026-08-08 09:26:01,1.03,,real
2026-08-08 09:26:16,1.72,,real
2026-08-08 09:26:33,2.16,,real
2026-08-08 09:27:08,9.36,,real
2026-08-08 09:27:24,1.97,,real
2026-08-08 09:27:55,6.33,,real
2026-08-08 09:28:04,1.11,,real
2026-08-08 09:28:13,1.09,,real
2026-08-08 09:28:24,1.23,,real
2026-08-08 09:28:44,1.16,,real
2026-08-08 09:29:16,7.64,,real
2026-08-08 09:29:47,6.69,,real
2026-08-08 09:29:59,1.33,,real
2026-08-08 09:30:17,2.12,,real
2026-08-08 09:30:36,2.66,,real
2026-08-08 09:31:15,13.17,,real
2026-08-08 09:31:58,19.20,,real
2026-08-08 09:32:16,2.37,,real
2026-08-08 09:32:30,1.58,,real
2026-08-08 09:32:49,2.43,,real
2026-08-08 09:33:08,2.54,,real
2026-08-08 09:33:17,1.14,,real
2026-08-08 09:33:39,3.16,,real
2026-08-08 09:33:55,1.80,,real
2026-08-08 09:34:29,1.01,,real
2026-08-08 09:34:19,2.01,,real
2026-08-08 09:34:45,4.61,,real
2026-08-08 09:35:01,1.74,,real
2026-08-08 09:35:21,2.88,,real
2026-08-08 09:35:39,1.88,,real
2026-08-08 09:36:13,10.89,,real
2026-08-08 09:36:25,1.40,,real
2026-08-08 09:37:09,19.16,,real
2026-08-08 09:37:29,2.90,,real
2026-08-08 09:37:41,1.38,,real
2026-08-08 09:38:22,14.60,,real
2026-08-08 09:39:08,24.02,,real
2026-08-08 09:39:45,10.66,,real
2026-08-08 09:40:00,1.90,,real
2026-08-08 09:40:46,23.75,,real
2026-08-08 09:41:00,1.45,,real
2026-08-08 09:41:13,1.63,,real
2026-08-08 09:41:37,4.03,,real
2026-08-08 09:42:03,3.96,,real
2026-08-08 09:42:45,18.76,,real
2026-08-08 09:42:53,1.00,,real
2026-08-08 09:43:16,3.49,,real
2026-08-08 09:43:26,1.15,,real
2026-08-08 09:43:40,1.71,,real
2026-08-08 09:43:51,1.25,,real
2026-08-08 09:44:01,1.17,,real
2026-08-08 09:44:41,13.93,,real
2026-08-08 09:44:49,1.04,,real
2026-08-08 09:45:18,5.63,,real
2026-08-08 09:45:31,1.48,,real
2026-08-08 09:45:46,1.92,,real
2026-08-08 09:46:06,2.55,,real
2026-08-08 09:46:17,1.31,,real
2026-08-08 09:46:37,2.63,,real
2026-08-08 09:46:46,1.07,,real
2026-08-08 09:47:01,1.81,,real
2026-08-08 09:47:19,2.42,,real
2026-08-08 09:47:40,2.97,,real
2026-08-08 09:48:07,4.70,,real
2026-08-08 09:48:33,4.54,,real
2026-08-08 09:48:59,4.53,,real
2026-08-08 09:49:14,1.68,,real
2026-08-08 09:50:10,56.95,,real
2026-08-08 09:50:19,1.10,,real
2026-08-08 09:50:31,1.35,,real
2026-08-08 09:50:48,2.09,,real
2026-08-08 09:50:56,1.00,,real
2026-08-08 09:51:04,1.02,,real
2026-08-08 09:51:42,11.28,,real
2026-08-08 09:51:57,1.87,,real
2026-08-08 09:52:47,33.21,,real
2026-08-08 09:53:13,4.51,,real
2026-08-08 09:53:38,4.09,,real
2026-08-08 09:54:07,5.59,,real
2026-08-08 09:54:19,1.43,,real
2026-08-08 09:54:27,1.02,,real
2026-08-08 09:54:47,2.59,,real
2026-08-08 09:55:21,1.07,,real
2026-08-08 09:55:04,1.01,,real
2026-08-08 09:55:45,15.37,,real
2026-08-08 09:56:34,31.92,,real
2026-08-08 09:57:04,5.92,,real
2026-08-08 09:57:17,1.59,,real
2026-08-08 09:57:33,1.84,,real
2026-08-08 09:57:54,3.03,,real
2026-08-08 09:58:02,1.00,,real
2026-08-08 09:58:11,1.11,,real
2026-08-08 09:58:57,22.55,,real
2026-08-08 09:59:06,1.14,,real
2026-08-08 09:59:15,1.05,,real
2026-08-08 09:59:31,1.94,,real
2026-08-08 09:59:52,2.73,,real
2026-08-08 10:00:27,10.01,,real
2026-08-08 10:00:39,1.44,,real
2026-08-08 10:00:50,1.24,,real
2026-08-08 10:01:13,3.61,,real
2026-08-08 10:01:32,2.21,,real
2026-08-08 10:01:43,1.46,,real
2026-08-08 10:02:24,14.66,,real
2026-08-08 10:02:32,1.01,,real
2026-08-08 10:02:44,1.42,,real
2026-08-08 10:03:00,1.92,,real
2026-08-08 10:03:18,2.36,,real
2026-08-08 10:03:42,3.60,,real
2026-08-08 10:03:59,2.26,,real
2026-08-08 10:04:25,4.41,,real
2026-08-08 10:04:41,1.96,,real
2026-08-08 10:05:20,12.93,,real
2026-08-08 10:05:55,9.32,,real
2026-08-08 10:06:12,2.09,,real
2026-08-08 10:06:27,1.76,,real
2026-08-08 10:06:42,1.81,,real
2026-08-08 10:07:00,2.25,,real
2026-08-08 10:07:11,1.31,,real
2026-08-08 10:07:41,6.27,,real
2026-08-08 10:07:51,1.13,,real
2026-08-08 10:08:01,1.23,,real
2026-08-08 10:08:14,1.46,,real
2026-08-08 10:08:28,1.66,,real
2026-08-08 10:08:55,5.03,,real
2026-08-08 10:09:15,2.59,,real
2026-08-08 10:09:30,1.65,,real
2026-08-08 10:09:37,1.00,,real
2026-08-08 10:09:45,1.06,,real
2026-08-08 10:09:56,1.22,,real
2026-08-08 10:10:06,1.17,,real
2026-08-08 10:10:19,1.56,,real
2026-08-08 10:10:40,2.99,,real
2026-08-08 10:10:49,1.00,,real
2026-08-08 10:11:02,1.56,,real
2026-08-08 10:11:25,3.54,,real
2026-08-08 10:11:39,1.70,,real
2026-08-08 10:11:49,1.19,,real
2026-08-08 10:12:04,1.72,,real
2026-08-08 10:12:22,2.33,,real
2026-08-08 10:12:36,1.55,,real
2026-08-08 10:13:03,4.98,,real
2026-08-08 10:13:15,1.36,,real
2026-08-08 10:13:26,1.32,,real
2026-08-08 10:13:47,2.64,,real
2026-08-08 10:13:59,1.58,,real
2026-08-08 10:14:27,5.07,,real
2026-08-08 10:14:44,1.82,,real
2026-08-08 10:14:54,1.42,,real
2026-08-08 10:15:13,2.31,,real
2026-08-08 10:15:24,1.42,,real
2026-08-08 10:15:38,1.64,,real
2026-08-08 10:16:21,1.07,,real
2026-08-08 10:16:43,53.88,,real
2026-08-08 10:17:32,28.72,,real
2026-08-08 10:17:40,1.00,,real
2026-08-08 10:17:48,1.01,,real
2026-08-08 10:18:23,9.26,,real
2026-08-08 10:18:40,2.22,,real
2026-08-08 10:18:52,1.33,,real
2026-08-08 10:19:10,2.34,,real
2026-08-08 10:19:31,2.92,,real
2026-08-08 10:19:39,1.00,,real
2026-08-08 10:19:52,1.53,,real
2026-08-08 10:20:24,7.20,,real
2026-08-08 10:21:01,11.16,,real
2026-08-08 10:21:12,1.34,,real
2026-08-08 10:21:42,5.90,,real
2026-08-08 10:22:14,5.90,,real
2026-08-08 10:21:50,1.02,,real
2026-08-08 10:22:01,1.28,,real
2026-08-08 10:22:11,1.19,,real
2026-08-08 10:22:26,1.69,,real
2026-08-08 10:22:52,4.82,,real
2026-08-08 10:23:29,1.38,,real
2026-08-08 10:23:26,3.13,,real
2026-08-08 10:23:41,1.74,,real
2026-08-08 10:24:11,6.32,,real
2026-08-08 10:24:27,1.91,,real
2026-08-08 10:25:11,21.12,,real
2026-08-08 10:25:52,15.03,,real
2026-08-08 10:26:11,2.58,,real
2026-08-08 10:26:24,1.50,,real
2026-08-08 10:26:37,1.41,,real
2026-08-08 10:26:55,2.39,,real
2026-08-08 10:27:16,2.94,,real
2026-08-08 10:27:38,3.20,,real
2026-08-08 10:28:11,8.22,,real
2026-08-08 10:28:33,3.28,,real
2026-08-08 10:28:44,1.27,,real
2026-08-08 10:28:56,1.38,,real
2026-08-08 10:29:05,1.04,,real
2026-08-08 10:29:21,1.99,,real
2026-08-08 10:29:34,1.51,,real
2026-08-08 10:29:43,1.03,,real
2026-08-08 10:30:31,28.81,,real
2026-08-08 10:30:40,1.12,,real
2026-08-08 10:31:03,3.48,,real
2026-08-08 10:31:13,1.11,,real
2026-08-08 10:31:24,1.36,,real
2026-08-08 10:31:59,9.52,,real
2026-08-08 10:32:12,1.44,,real
2026-08-08 10:32:26,1.64,,real
2026-08-08 10:32:36,1.18,,real
2026-08-08 10:33:24,28.20,,real
2026-08-08 10:33:37,1.52,,real
2026-08-08 10:33:49,1.32,,real
2026-08-08 10:34:10,3.08,,real
2026-08-08 10:34:46,10.07,,real
2026-08-08 10:35:00,1.66,,real
2026-08-08 10:35:18,2.31,,real
2026-08-08 10:35:42,3.72,,real
2026-08-08 10:35:50,1.00,,real
2026-08-08 10:36:04,1.56,,real
2026-08-08 10:36:21,2.39,,real
2026-08-08 10:37:23,89.74,,real
2026-08-08 10:37:35,1.27,,real
2026-08-08 10:38:08,8.18,,real
2026-08-08 10:38:33,3.90,,real
2026-08-08 10:38:42,1.13,,real
2026-08-08 10:39:00,2.30,,real
2026-08-08 10:39:08,1.00,,real
2026-08-08 10:39:19,1.37,,real
2026-08-08 10:39:47,5.19,,real
2026-08-08 10:40:07,2.69,,real
2026-08-08 10:40:31,3.58,,real
2026-08-08 10:40:45,1.71,,real
2026-08-08 10:41:07,3.02,,real
2026-08-08 10:41:15,1.06,,real
2026-08-08 10:41:24,1.04,,real
2026-08-08 10:41:33,1.09,,real
2026-08-08 10:41:43,1.22,,real
2026-08-08 10:42:14,7.00,,real
2026-08-08 10:42:28,1.53,,real
2026-08-08 10:42:55,5.03,,real
2026-08-08 10:43:30,9.32,,real
2026-08-08 10:43:46,1.95,,real
2026-08-08 10:44:20,8.78,,real
2026-08-08 10:45:27,139.55,,real
2026-08-08 10:45:46,2.43,,real
2026-08-08 10:46:05,2.42,,real
2026-08-08 10:46:22,2.13,,real
2026-08-08 10:46:39,2.14,,real
2026-08-08 10:46:50,1.30,,real
2026-08-08 10:47:16,4.29,,real
2026-08-08 10:47:33,2.11,,real
2026-08-08 10:48:03,6.25,,real
2026-08-08 10:48:20,2.21,,real
2026-08-08 10:48:29,1.01,,real
2026-08-08 10:48:38,1.16,,real
2026-08-08 10:48:50,1.24,,real
2026-08-08 10:49:05,1.94,,real
2026-08-08 10:49:23,2.27,,real
2026-08-08 10:49:36,1.56,,real
2026-08-08 10:49:57,2.84,,real
2026-08-08 10:50:21,3.96,,real
2026-08-08 10:50:42,2.85,,real
2026-08-08 10:51:39,58.57,,real
2026-08-08 10:52:09,6.10,,real
2026-08-08 10:52:19,1.19,,real
2026-08-08 10:52:40,2.98,,real
2026-08-08 10:53:24,18.18,,real
2026-08-08 10:53:59,9.13,,real
2026-08-08 10:54:13,1.82,,real
2026-08-08 10:54:28,1.78,,real
2026-08-08 10:54:44,2.01,,real
2026-08-08 10:54:52,1.04,,real
2026-08-08 10:55:11,2.46,,real
2026-08-08 10:55:31,2.74,,real
2026-08-08 10:55:52,2.73,,real
2026-08-08 10:56:01,1.14,,real
2026-08-08 10:56:11,1.17,,real
2026-08-08 10:56:21,1.18,,real
2026-08-08 10:56:37,1.79,,real
2026-08-08 10:56:55,2.50,,real
2026-08-08 10:57:22,4.94,,real
2026-08-08 10:57:40,2.17,,real
2026-08-08 10:58:22,18.07,,real
2026-08-08 10:59:26,93.53,,real
2026-08-08 10:59:35,1.16,,real
2026-08-08 10:59:58,1.37,,real
2026-08-08 11:00:07,1.26,,real
2026-08-08 11:00:24,2.14,,real
2026-08-08 11:00:38,1.49,,real
2026-08-08 11:00:53,1.96,,real
2026-08-08 11:01:02,1.08,,real
2026-08-08 11:01:31,5.37,,real
2026-08-08 11:01:43,1.30,,real
2026-08-08 11:01:59,2.14,,real
2026-08-08 11:02:14,1.79,,real
2026-08-08 11:02:59,21.51,,real
2026-08-08 11:03:19,2.69,,real
2026-08-08 11:03:33,1.71,,real
2026-08-08 11:04:03,5.91,,real
2026-08-08 11:04:28,4.23,,real
2026-08-08 11:04:46,2.09,,real
2026-08-08 11:05:08,3.57,,real
2026-08-08 11:05:34,4.50,,real
2026-08-08 11:05:44,1.12,,real
2026-08-08 11:05:59,1.82,,real
2026-08-08 11:06:17,2.30,,real
2026-08-08 11:06:32,1.58,,real
2026-08-08 11:06:47,2.00,,real
2026-08-08 11:07:27,14.91,,real
2026-08-08 11:07:42,1.79,,real
2026-08-08 11:07:58,1.92,,real
2026-08-08 11:08:18,2.74,,real
2026-08-08 11:08:33,1.70,,real
2026-08-08 11:09:00,4.90,,real
2026-08-08 11:10:12,210.39,,real
2026-08-08 11:10:59,25.28,,real
2026-08-08 11:11:23,3.80,,real
2026-08-08 11:11:41,2.65,,real
2026-08-08 11:11:49,1.08,,real
2026-08-08 11:12:02,1.41,,real
2026-08-08 11:12:18,1.98,,real
2026-08-08 11:12:59,15.38,,real
2026-08-08 11:13:10,1.34,,real
2026-08-08 11:13:23,1.43,,real
2026-08-08 11:13:31,1.02,,real
2026-08-08 11:13:53,3.12,,real
2026-08-08 11:14:13,2.90,,real
2026-08-08 11:14:43,5.97,,real
2026-08-08 11:14:55,1.36,,real
2026-08-08 11:15:27,7.46,,real
2026-08-08 11:15:52,4.35,,real
2026-08-08 11:16:13,2.79,,real
2026-08-08 11:16:46,8.21,,real
2026-08-08 11:17:00,1.68,,real
2026-08-08 11:17:13,1.44,,real
2026-08-08 11:17:40,4.62,,real
2026-08-08 11:17:56,2.08,,real
2026-08-08 11:18:04,1.03,,real
2026-08-08 11:18:24,2.59,,real
2026-08-08 11:18:40,1.94,,real
2026-08-08 11:19:06,4.64,,real
2026-08-08 11:19:32,4.49,,real
2026-08-08 11:19:50,2.12,,real
2026-08-08 11:20:00,1.20,,real
2026-08-08 11:20:20,2.85,,real
2026-08-08 11:20:35,1.72,,real
2026-08-08 11:21:00,4.15,,real
2026-08-08 11:21:14,1.62,,real
2026-08-08 11:21:25,1.17,,real
2026-08-08 11:21:40,1.96,,real
2026-08-08 11:22:04,3.59,,real
2026-08-08 11:22:44,15.23,,real
2026-08-08 11:23:09,4.06,,real
2026-08-08 11:24:14,106.84,,real
2026-08-08 11:24:22,1.04,,real
2026-08-08 11:25:25,99.43,,real
2026-08-08 11:25:37,1.42,,real
2026-08-08 11:25:58,2.90,,real
2026-08-08 11:26:47,31.59,,real
2026-08-08 11:26:56,1.09,,real
2026-08-08 11:27:11,1.76,,real
2026-08-08 11:27:41,6.18,,real
2026-08-08 11:28:02,2.90,,real
2026-08-08 11:28:21,2.49,,real
2026-08-08 11:28:30,1.13,,real
2026-08-08 11:28:39,1.00,,real
2026-08-08 11:29:07,5.42,,real
2026-08-08 11:29:22,1.88,,real
2026-08-08 11:29:34,1.36,,real
2026-08-08 11:29:55,2.88,,real
2026-08-08 11:30:06,1.26,,real
2026-08-08 11:30:26,2.69,,real
2026-08-08 11:30:40,1.67,,real
2026-08-08 11:30:53,1.58,,real
2026-08-08 11:31:01,1.00,,real
2026-08-08 11:31:25,3.55,,real
2026-08-08 11:31:40,1.82,,real
2026-08-08 11:32:34,44.88,,real
2026-08-08 11:32:52,2.38,,real
2026-08-08 11:33:15,3.39,,real
2026-08-08 11:33:56,16.27,,real
2026-08-08 11:34:17,2.90,,real
2026-08-08 11:34:42,3.97,,real
2026-08-08 11:35:04,3.19,,real
2026-08-08 11:35:14,1.24,,real
2026-08-08 11:35:22,1.00,,real
2026-08-08 11:35:36,1.54,,real
2026-08-08 11:35:47,1.26,,real
2026-08-08 11:36:01,1.62,,real
2026-08-08 11:36:18,2.24,,real
2026-08-08 11:37:35,322.66,,real
2026-08-08 11:38:07,7.04,,real
2026-08-08 11:38:24,2.12,,real
2026-08-08 11:39:12,28.18,,real
2026-08-08 11:39:31,2.59,,real
2026-08-08 11:39:44,1.53,,real
2026-08-08 11:39:56,1.35,,real
2026-08-08 11:40:41,21.08,,real
2026-08-08 11:40:52,1.26,,real
2026-08-08 11:41:03,1.37,,real
2026-08-08 11:41:22,2.48,,real
2026-08-08 11:41:49,4.57,,real
2026-08-08 11:42:01,1.32,,real
2026-08-08 11:42:33,7.87,,real
2026-08-08 11:42:44,1.32,,real
2026-08-08 11:42:53,1.05,,real
2026-08-08 11:43:02,1.13,,real
2026-08-08 11:43:33,5.62,,real
2026-08-08 11:43:47,1.64,,real
2026-08-08 11:44:19,7.06,,real
2026-08-08 11:44:44,3.89,,real
2026-08-08 11:45:19,9.20,,real
2026-08-08 11:45:28,1.21,,real
2026-08-08 11:45:39,1.27,,real
2026-08-08 11:45:59,2.68,,real
2026-08-08 11:46:08,1.13,,real
2026-08-08 11:46:42,8.74,,real
2026-08-08 11:46:57,1.80,,real
2026-08-08 11:47:17,2.54,,real
2026-08-08 11:47:29,1.47,,real
2026-08-08 11:47:39,1.20,,real
2026-08-08 11:47:54,1.72,,real
2026-08-08 11:48:23,5.72,,real
2026-08-08 11:48:41,2.26,,real
2026-08-08 11:49:01,2.72,,real
2026-08-08 11:49:16,1.77,,real
2026-08-08 11:49:41,4.22,,real
2026-08-08 11:50:08,4.80,,real
2026-08-08 11:50:28,2.30,,real
2026-08-08 11:50:55,5.47,,real
2026-08-08 11:51:14,2.61,,real
2026-08-08 11:51:28,1.60,,real
2026-08-08 11:51:39,1.26,,real
2026-08-08 11:51:58,2.50,,real
2026-08-08 11:52:10,1.49,,real
2026-08-08 11:52:32,3.08,,real
2026-08-08 11:52:44,1.41,,real
2026-08-08 11:52:55,1.32,,real
2026-08-08 11:53:05,1.12,,real
2026-08-08 11:53:13,1.00,,real
2026-08-08 11:54:04,18.48,,real
2026-08-08 11:54:13,1.03,,real
2026-08-08 11:54:47,8.94,,real
2026-08-08 11:55:02,1.80,,real
2026-08-08 11:55:12,1.19,,real
2026-08-08 11:55:24,1.42,,real
2026-08-08 11:55:35,1.23,,real
2026-08-08 11:55:45,1.24,,real
2026-08-08 11:55:53,1.01,,real
2026-08-08 11:56:18,3.88,,real
2026-08-08 11:56:37,2.46,,real
2026-08-08 11:56:45,1.00,,real
2026-08-08 11:56:56,1.24,,real
2026-08-08 11:57:17,3.00,,real
2026-08-08 11:57:26,1.09,,real
2026-08-08 11:57:40,1.77,,real
2026-08-08 11:58:02,3.16,,real
2026-08-08 11:58:55,42.71,,real
2026-08-08 11:59:11,1.85,,real
2026-08-08 11:59:25,1.66,,real
2026-08-08 11:59:40,1.81,,real
2026-08-08 12:00:01,2.75,,real
2026-08-08 12:00:17,2.07,,real
2026-08-08 12:00:44,4.39,,real
2026-08-08 12:00:57,1.64,,real
2026-08-08 12:01:31,8.53,,real
2026-08-08 12:01:43,1.38,,real
2026-08-08 12:01:53,1.21,,real
2026-08-08 12:02:06,1.51,,real
2026-08-08 12:02:26,2.66,,real
2026-08-08 12:02:47,2.90,,real
2026-08-08 12:03:41,42.28,,real
2026-08-08 12:03:58,2.38,,real
2026-08-08 12:04:10,1.40,,real
2026-08-08 12:04:22,1.41,,real
2026-08-08 12:04:50,5.25,,real
2026-08-08 12:05:00,1.11,,real
2026-08-08 12:05:31,7.32,,real
2026-08-08 12:06:06,9.44,,real
2026-08-08 12:07:59,6334.56,,real
2026-08-08 12:08:15,1.87,,real
2026-08-08 12:08:25,1.17,,real
2026-08-08 12:08:59,8.79,,real
2026-08-08 12:09:11,1.39,,real
2026-08-08 12:09:40,5.75,,real
2026-08-08 12:09:58,2.07,,real
2026-08-08 12:10:21,3.74,,real
2026-08-08 12:10:30,1.10,,real
2026-08-08 12:10:50,1.23,,real
2026-08-08 12:10:58,1.00,,real
2026-08-08 12:11:09,1.36,,real
2026-08-08 12:11:37,4.68,,real
2026-08-08 12:12:15,13.09,,real
2026-08-08 12:12:25,1.22,,real
2026-08-08 12:12:44,2.41,,real
2026-08-08 12:13:00,1.91,,real
2026-08-08 12:13:08,1.05,,real
2026-08-08 12:13:18,1.13,,real
2026-08-08 12:13:30,1.48,,real
2026-08-08 12:14:32,1.02,,real
2026-08-08 12:13:54,1.89,,real
2026-08-08 12:14:28,8.64,,real
2026-08-08 12:14:39,1.10,,real
2026-08-08 12:14:51,1.54,,real
2026-08-08 12:16:03,212.42,,real
2026-08-08 12:16:15,1.35,,real
2026-08-08 12:16:41,4.54,,real
2026-08-08 12:16:54,1.57,,real
2026-08-08 12:17:03,1.00,,real
2026-08-08 12:17:13,1.11,,real
2026-08-08 12:19:18,51.17,,real
2026-08-08 12:19:20,108.75,,real
2026-08-08 12:19:25,1.58,,real
2026-08-08 12:19:35,1.13,,real
2026-08-08 12:19:44,1.16,,real
2026-08-08 12:20:00,1.93,,real
2026-08-08 12:20:16,1.95,,real
2026-08-08 12:20:29,1.56,,real
2026-08-08 12:20:46,1.97,,real
2026-08-08 12:21:01,1.91,,real
2026-08-08 12:21:18,2.10,,real
2026-08-08 12:21:32,1.62,,real
2026-08-08 12:22:34,92.15,,real
2026-08-08 12:22:43,1.05,,real
2026-08-08 12:22:57,1.59,,real
2026-08-08 12:23:19,3.28,,real
2026-08-08 12:23:38,2.49,,real
2026-08-08 12:23:52,1.58,,real
2026-08-08 12:24:13,3.02,,real
2026-08-08 12:24:42,5.71,,real
2026-08-08 12:25:08,4.38,,real
2026-08-08 12:25:19,1.28,,real
2026-08-08 12:26:01,17.48,,real
2026-08-08 12:27:40,4.51,,real
2026-08-08 12:27:40,1.80,,real
2026-08-08 12:27:40,15.43,,real
2026-08-08 12:27:40,1.12,,real
2026-08-08 12:27:56,3.53,,real
2026-08-08 12:28:14,2.44,,real
2026-08-08 12:28:53,12.54,,real
2026-08-08 12:29:11,2.44,,real
2026-08-08 12:29:40,5.29,,real
2026-08-08 12:29:59,2.52,,real
2026-08-08 12:30:11,1.44,,real
2026-08-08 12:30:41,3.31,,real
2026-08-08 12:30:53,2.54,,real
2026-08-08 12:31:40,24.97,,real
2026-08-08 12:31:53,1.53,,real
2026-08-08 12:32:03,1.22,,real
2026-08-08 12:32:17,1.64,,real
2026-08-08 12:32:25,1.03,,real
2026-08-08 12:32:33,1.00,,real
2026-08-08 12:32:51,2.13,,real
2026-08-08 12:33:05,1.71,,real
2026-08-08 12:33:24,2.38,,real
2026-08-08 12:33:39,1.90,,real
2026-08-08 12:33:47,1.00,,real
2026-08-08 12:34:19,7.16,,real
2026-08-08 12:34:41,3.27,,real
2026-08-08 12:34:55,1.65,,real
2026-08-08 12:35:21,4.54,,real
2026-08-08 12:35:30,1.00,,real
2026-08-08 12:36:03,8.06,,real
2026-08-08 12:36:15,1.42,,real
2026-08-08 12:36:41,4.66,,real
2026-08-08 12:37:04,3.43,,real
2026-08-08 12:37:46,17.14,,real
2026-08-08 12:38:00,1.67,,real
2026-08-08 12:38:12,1.35,,real
2026-08-08 12:38:30,2.33,,real
2026-08-08 12:39:20,1.06,,real
2026-08-08 12:39:20,1.53,,real
2026-08-08 12:39:20,1.01,,real
2026-08-08 12:39:20,1.35,,real
2026-08-08 12:39:34,3.20,,real
2026-08-08 12:39:55,2.87,,real
2026-08-08 12:40:28,3.97,,real
2026-08-08 12:40:49,2.95,,real
2026-08-08 12:41:04,1.85,,real
2026-08-08 12:41:14,1.18,,real
2026-08-08 12:41:37,3.30,,real
2026-08-08 12:41:48,1.26,,real
2026-08-08 12:42:16,5.34,,real
2026-08-08 12:42:47,6.54,,real
2026-08-08 12:42:56,1.11,,real
2026-08-08 12:43:04,1.00,,real
2026-08-08 12:43:21,2.09,,real
2026-08-08 12:43:30,1.01,,real
2026-08-08 12:43:43,1.65,,real
2026-08-08 12:43:55,1.45,,real
2026-08-08 12:44:04,1.08,,real
2026-08-08 12:44:16,1.53,,real
2026-08-08 12:44:29,1.59,,real
2026-08-08 12:44:47,2.28,,real
2026-08-08 12:45:05,2.21,,real
2026-08-08 12:45:28,3.49,,real
2026-08-08 12:45:55,4.82,,real
2026-08-08 12:46:28,8.09,,real
2026-08-08 12:46:50,3.16,,real
2026-08-08 12:46:59,1.09,,real
2026-08-08 12:47:17,2.27,,real
2026-08-08 12:47:33,2.01,,real
2026-08-08 12:47:43,1.21,,real
2026-08-08 12:47:52,1.10,,real
2026-08-08 12:50:32,4326.51,,real
2026-08-08 12:50:32,3.88,,real
2026-08-08 12:50:32,4.78,,real
2026-08-08 12:50:41,1.10,,real
2026-08-08 12:51:12,6.83,,real
2026-08-08 12:51:56,20.01,,real
2026-08-08 12:52:48,38.91,,real
2026-08-08 12:53:03,1.71,,real
2026-08-08 12:53:35,7.62,,real
2026-08-08 12:53:43,1.02,,real
2026-08-08 12:53:52,1.02,,real
2026-08-08 12:54:15,3.65,,real
2026-08-08 12:54:23,1.00,,real
2026-08-08 12:54:39,1.84,,real
2026-08-08 12:55:04,4.30,,real
2026-08-08 12:55:13,1.04,,real
2026-08-08 12:55:26,1.57,,real
2026-08-08 12:55:35,1.03,,real
2026-08-08 12:56:04,5.63,,real
2026-08-08 12:56:40,10.44,,real
2026-08-08 12:57:11,2.67,,real
2026-08-08 12:57:12,1.49,,real
2026-08-08 12:57:33,2.82,,real
2026-08-08 12:57:45,1.43,,real
2026-08-08 12:57:56,1.31,,real
2026-08-08 12:58:25,5.43,,real
2026-08-08 12:58:35,1.23,,real
2026-08-08 12:58:44,1.11,,real
2026-08-08 12:59:29,20.37,,real
2026-08-08 12:59:39,1.15,,real
2026-08-08 12:59:55,1.00,,real
2026-08-08 12:59:59,1.41,,real
2026-08-08 13:00:13,1.70,,real
2026-08-08 13:00:39,4.39,,real
2026-08-08 13:01:00,3.05,,real
2026-08-08 13:01:22,3.02,,real
2026-08-08 13:01:36,1.66,,real
2026-08-08 13:02:15,13.58,,real
2026-08-08 13:02:35,2.70,,real
2026-08-08 13:02:56,2.94,,real
2026-08-08 13:03:07,1.28,,real
2026-08-08 13:03:17,1.20,,real
2026-08-08 13:03:28,1.25,,real
2026-08-08 13:04:12,20.38,,real
2026-08-08 13:05:21,156.60,,real
2026-08-08 13:05:34,1.51,,real
2026-08-08 13:05:51,2.10,,real
2026-08-08 13:06:01,1.20,,real
2026-08-08 13:06:10,1.09,,real
2026-08-08 13:06:48,12.08,,real
2026-08-08 13:07:06,2.19,,real
2026-08-08 13:07:17,1.31,,real
2026-08-08 13:08:03,23.66,,real
2026-08-08 13:08:12,1.10,,real
2026-08-08 13:08:27,1.77,,real
2026-08-08 13:08:38,1.31,,real
2026-08-08 13:08:58,1.12,,real
2026-08-08 13:09:28,6.16,,real
2026-08-08 13:09:54,4.20,,real
2026-08-08 13:10:18,4.06,,real
2026-08-08 13:10:35,1.97,,real
2026-08-08 13:11:16,16.25,,real
2026-08-08 13:11:25,1.05,,real
2026-08-08 13:11:39,1.64,,real
2026-08-08 13:11:53,1.66,,real
2026-08-08 13:12:11,2.26,,real
2026-08-08 13:12:23,1.40,,real
2026-08-08 13:12:45,3.22,,real
2026-08-08 13:12:53,1.00,,real
2026-08-08 13:13:27,9.07,,real
2026-08-08 13:13:42,1.69,,real
2026-08-08 13:13:54,1.40,,real
2026-08-08 13:14:13,2.57,,real
2026-08-08 13:14:29,1.99,,real
2026-08-08 13:14:50,2.82,,real
2026-08-08 13:15:55,115.01,,real
2026-08-08 13:16:14,2.53,,real
2026-08-08 13:16:23,1.09,,real
2026-08-08 13:16:48,4.08,,real
2026-08-08 13:17:07,2.47,,real
2026-08-08 13:17:30,3.26,,real
2026-08-08 13:17:54,3.97,,real
2026-08-08 13:18:23,5.80,,real
2026-08-08 13:18:49,4.52,,real
2026-08-08 13:19:45,55.36,,real
2026-08-08 13:19:57,1.41,,real
2026-08-08 13:20:08,1.20,,real
2026-08-08 13:20:17,1.09,,real
2026-08-08 13:20:41,3.89,,real
2026-08-08 13:20:52,1.26,,real
2026-08-08 13:21:15,3.63,,real
2026-08-08 13:22:21,122.49,,real
2026-08-08 13:22:29,1.00,,real
2026-08-08 13:22:45,1.96,,real
2026-08-08 13:23:15,6.26,,real
2026-08-08 13:23:24,1.01,,real
2026-08-08 13:23:39,1.89,,real
2026-08-08 13:24:02,3.48,,real
2026-08-08 13:24:15,1.44,,real
2026-08-08 13:24:37,3.27,,real
2026-08-08 13:24:52,1.67,,real
2026-08-08 13:25:00,1.11,,real
2026-08-08 13:25:50,33.16,,real
2026-08-08 13:26:06,1.87,,real
2026-08-08 13:26:21,1.71,,real
2026-08-08 13:26:37,2.09,,real
2026-08-08 13:27:25,27.82,,real
2026-08-08 13:27:36,1.09,,real
2026-08-08 13:28:05,6.32,,real
2026-08-08 13:28:20,1.62,,real
2026-08-08 13:28:32,1.62,,real
2026-08-08 13:28:42,1.18,,real
2026-08-08 13:29:34,37.61,,real
2026-08-08 13:29:48,1.68,,real
2026-08-08 13:30:00,1.39,,real
2026-08-08 13:30:16,1.81,,real
2026-08-08 13:30:27,1.41,,real
2026-08-08 13:30:36,1.00,,real
2026-08-08 13:30:45,1.12,,real
2026-08-08 13:30:54,1.05,,real
2026-08-08 13:31:11,2.17,,real
2026-08-08 13:31:19,1.00,,real
2026-08-08 13:31:29,1.22,,real
2026-08-08 13:31:45,1.86,,real
2026-08-08 13:31:53,1.00,,real
2026-08-08 13:32:03,1.21,,real
2026-08-08 13:32:19,1.97,,real
2026-08-08 13:32:39,2.37,,real
2026-08-08 13:33:09,7.01,,real
2026-08-08 13:33:21,1.43,,real
2026-08-08 13:33:42,2.69,,real
2026-08-08 13:34:03,2.97,,real
2026-08-08 13:34:14,1.35,,real
2026-08-08 13:34:43,5.48,,real
2026-08-08 13:35:05,3.40,,real
2026-08-08 13:35:32,4.66,,real
2026-08-08 13:35:50,2.22,,real
2026-08-08 13:36:06,1.93,,real
2026-08-08 13:36:23,2.16,,real
2026-08-08 13:36:36,1.58,,real
2026-08-08 13:36:44,1.01,,real
2026-08-08 13:36:57,1.44,,real
2026-08-08 13:37:09,1.43,,real
2026-08-08 13:37:24,1.70,,real
2026-08-08 13:39:05,2323.10,,real
2026-08-08 13:39:13,1.05,,real
2026-08-08 13:39:22,1.03,,real
2026-08-08 13:39:32,1.26,,real
2026-08-08 13:40:03,6.42,,real
2026-08-08 13:40:14,1.30,,real
2026-08-08 13:40:23,1.10,,real
2026-08-08 13:40:53,5.95,,real
2026-08-08 13:41:32,2.46,,real
2026-08-08 13:41:54,3.17,,real
2026-08-08 13:42:10,1.78,,real
2026-08-08 13:42:20,1.10,,real
2026-08-08 13:42:28,1.10,,real
2026-08-08 13:42:36,1.00,,real
2026-08-08 13:42:45,1.11,,real
2026-08-08 13:43:18,7.82,,real
2026-08-08 13:43:30,1.36,,real
2026-08-08 13:43:42,1.44,,real
2026-08-08 13:43:51,1.12,,real
2026-08-08 13:44:04,1.53,,real
2026-08-08 13:44:21,2.13,,real
2026-08-08 13:44:34,1.52,,real
2026-08-08 13:44:47,1.47,,real
2026-08-08 13:45:23,10.02,,real
2026-08-08 13:45:34,1.35,,real
2026-08-08 13:45:43,1.06,,real
2026-08-08 13:46:12,5.61,,real
2026-08-08 13:47:00,26.70,,real
2026-08-08 13:47:12,1.51,,real
2026-08-08 13:47:28,1.73,,real
2026-08-08 13:47:35,1.00,,real
2026-08-08 13:48:26,35.36,,real
2026-08-08 13:49:01,9.23,,real
2026-08-08 13:49:24,3.50,,real
2026-08-08 13:49:45,2.98,,real
2026-08-08 13:49:53,1.05,,real
2026-08-08 13:50:19,1.39,,real
2026-08-08 13:50:44,4.22,,real
2026-08-08 13:51:03,2.55,,real
2026-08-08 13:51:30,4.68,,real
2026-08-08 13:51:59,6.06,,real
2026-08-08 13:52:14,1.72,,real
2026-08-08 13:52:36,3.08,,real
2026-08-08 13:52:46,1.28,,real
2026-08-08 13:52:57,1.24,,real
2026-08-08 13:53:12,1.73,,real
2026-08-08 13:53:22,1.26,,real
2026-08-08 13:53:49,4.32,,real
2026-08-08 13:54:08,2.76,,real
2026-08-08 13:54:35,4.57,,real
2026-08-08 13:54:48,1.56,,real
2026-08-08 13:54:58,1.12,,real
2026-08-08 13:55:07,1.18,,real
2026-08-08 13:55:32,3.63,,real
2026-08-08 13:55:57,4.57,,real
2026-08-08 13:56:11,1.69,,real
2026-08-08 13:56:21,1.17,,real
2026-08-08 13:56:33,1.35,,real
2026-08-08 13:56:47,1.52,,real
2026-08-08 13:57:23,10.84,,real
2026-08-08 13:57:54,6.95,,real
2026-08-08 13:58:18,3.88,,real
2026-08-08 13:58:32,1.54,,real
2026-08-08 13:58:53,3.09,,real
2026-08-08 13:59:08,1.81,,real
2026-08-08 14:00:04,53.78,,real
2026-08-08 14:00:52,26.59,,real
2026-08-08 14:01:06,1.66,,real
2026-08-08 14:01:52,24.54,,real
2026-08-08 14:02:01,1.06,,real
2026-08-08 14:02:34,7.62,,real
2026-08-08 14:02:55,3.12,,real
2026-08-08 14:03:03,1.01,,real
2026-08-08 14:03:12,1.05,,real
2026-08-08 14:03:23,1.34,,real
2026-08-08 14:03:34,1.21,,real
2026-08-08 14:03:43,1.09,,real
2026-08-08 14:03:55,1.42,,real
2026-08-08 14:04:08,1.48,,real
2026-08-08 14:04:20,1.40,,real
2026-08-08 14:04:42,3.22,,real
2026-08-08 14:05:34,37.76,,real
2026-08-08 14:05:57,3.48,,real
2026-08-08 14:06:44,1.84,,real
2026-08-08 14:07:01,2.16,,real
2026-08-08 14:07:48,25.99,,real
2026-08-08 14:07:57,1.00,,real
2026-08-08 14:08:34,11.47,,real
2026-08-08 14:08:42,1.05,,real
2026-08-08 14:09:01,2.31,,real
2026-08-08 14:09:14,1.52,,real
2026-08-08 14:09:29,1.84,,real
2026-08-08 14:09:40,1.30,,real
2026-08-08 14:10:18,12.36,,real
2026-08-08 14:10:40,2.94,,real
2026-08-08 14:11:10,6.82,,real
2026-08-08 14:11:19,1.09,,real
2026-08-08 14:11:30,1.25,,real
2026-08-08 14:12:16,23.88,,real
2026-08-08 14:12:30,1.59,,real
2026-08-08 14:12:44,1.65,,real
2026-08-08 14:14:11,747.18,,real
2026-08-08 14:14:29,2.14,,real
2026-08-08 14:14:37,1.07,,real
2026-08-08 14:15:06,5.51,,real
2026-08-08 14:15:23,2.08,,real
2026-08-08 14:15:34,1.28,,real
2026-08-08 14:15:53,2.50,,real
2026-08-08 14:16:06,1.53,,real
2026-08-08 14:16:47,15.31,,real
2026-08-08 14:17:21,9.13,,real
2026-08-08 14:17:34,1.54,,real
2026-08-08 14:18:04,6.17,,real
2026-08-08 14:18:17,1.41,,real
2026-08-08 14:19:13,22.30,,real
2026-08-08 14:20:00,26.71,,real
2026-08-08 14:20:13,1.52,,real
2026-08-08 14:20:21,1.00,,real
2026-08-08 14:20:33,1.39,,real
2026-08-08 14:20:50,2.06,,real
2026-08-08 14:21:11,2.88,,real
2026-08-08 14:21:19,1.00,,real
2026-08-08 14:21:42,3.53,,real
2026-08-08 14:21:51,1.12,,real
2026-08-08 14:22:32,14.94,,real
2026-08-08 14:23:06,8.82,,real
2026-08-08 14:23:18,1.40,,real
2026-08-08 14:23:41,3.51,,real
2026-08-08 14:23:51,1.17,,real
2026-08-08 14:24:04,1.52,,real
2026-08-08 14:24:43,12.81,,real
2026-08-08 14:25:01,2.33,,real
2026-08-08 14:25:19,2.30,,real
2026-08-08 14:25:39,2.76,,real
2026-08-08 14:26:02,3.36,,real
2026-08-08 14:26:29,5.16,,real
2026-08-08 14:26:51,2.92,,real
2026-08-08 14:27:03,1.43,,real
2026-08-08 14:27:11,1.00,,real
2026-08-08 14:27:21,1.18,,real
2026-08-08 14:27:43,3.20,,real
2026-08-08 14:28:10,4.90,,real
2026-08-08 14:28:24,1.63,,real
2026-08-08 14:28:33,1.11,,real
2026-08-08 14:28:50,2.01,,real
2026-08-08 14:29:21,7.35,,real
2026-08-08 14:30:56,1345.36,,real
2026-08-08 14:31:28,7.23,,real
2026-08-08 14:31:38,1.23,,real
2026-08-08 14:31:48,1.20,,real
2026-08-08 14:32:57,150.01,,real
2026-08-08 14:33:25,5.59,,real
2026-08-08 14:34:10,21.46,,real
2026-08-08 14:34:39,5.50,,real
2026-08-08 14:34:49,1.22,,real
2026-08-08 14:35:31,14.21,,real
2026-08-08 14:35:56,4.03,,real
2026-08-08 14:36:09,1.59,,real
2026-08-08 14:37:00,35.41,,real
2026-08-08 14:37:11,1.28,,real
2026-08-08 14:37:50,12.80,,real
2026-08-08 14:38:01,1.32,,real
2026-08-08 14:38:09,1.00,,real
2026-08-08 14:38:38,5.68,,real
2026-08-08 14:39:17,13.04,,real
2026-08-08 14:39:34,2.04,,real
2026-08-08 14:40:02,5.20,,real
2026-08-08 14:40:11,1.12,,real
2026-08-08 14:40:34,3.41,,real
2026-08-08 14:40:50,2.04,,real
2026-08-08 14:41:05,1.69,,real
2026-08-08 14:42:02,62.28,,real
2026-08-08 14:42:31,5.69,,real
2026-08-08 14:42:43,1.44,,real
2026-08-08 14:42:52,1.07,,real
2026-08-08 14:43:20,1.24,,real
2026-08-08 14:43:41,2.98,,real
2026-08-08 14:44:23,16.20,,real
2026-08-08 14:44:34,1.32,,real
2026-08-08 14:44:44,1.23,,real
2026-08-08 14:44:57,1.50,,real
2026-08-08 14:45:14,1.99,,real
2026-08-08 14:46:04,32.86,,real
2026-08-08 14:46:54,34.39,,real
2026-08-08 14:47:12,2.23,,real
2026-08-08 14:47:29,2.17,,real
2026-08-08 14:47:46,2.08,,real
2026-08-08 14:47:56,1.14,,real
2026-08-08 14:48:09,1.51,,real
2026-08-08 14:48:22,1.56,,real
2026-08-08 14:48:36,1.62,,real
2026-08-08 14:49:15,13.22,,real
2026-08-08 14:49:39,3.93,,real
2026-08-08 14:49:55,1.84,,real
2026-08-08 14:50:03,1.06,,real
2026-08-08 14:50:33,6.00,,real
2026-08-08 14:50:55,3.17,,real
2026-08-08 14:51:08,1.41,,real
2026-08-08 14:51:21,1.56,,real
2026-08-08 14:51:35,1.74,,real
2026-08-08 14:51:47,1.41,,real
2026-08-08 14:51:56,1.05,,real
2026-08-08 14:52:16,2.67,,real
2026-08-08 14:52:41,4.12,,real
2026-08-08 14:53:12,7.12,,real
2026-08-08 14:53:30,2.27,,real
2026-08-08 14:53:40,1.12,,real
2026-08-08 14:53:49,1.06,,real
2026-08-08 14:54:05,2.12,,real
2026-08-08 14:54:14,1.02,,real
2026-08-08 14:54:23,1.15,,real
2026-08-08 14:55:05,16.40,,real
2026-08-08 14:55:13,1.00,,real
2026-08-08 14:55:41,5.26,,real
2026-08-08 14:55:54,1.47,,real
2026-08-08 14:56:21,4.91,,real
2026-08-08 14:56:39,2.24,,real
2026-08-08 14:56:57,2.46,,real
2026-08-08 14:57:20,3.29,,real
2026-08-08 14:57:38,2.36,,real
2026-08-08 14:57:48,1.13,,real
2026-08-08 14:58:09,3.12,,real
2026-08-08 14:58:27,2.17,,real
2026-08-08 14:58:35,1.00,,real
2026-08-08 14:59:33,65.58,,real
2026-08-08 15:00:19,24.56,,real
2026-08-08 15:00:27,1.00,,real
2026-08-08 15:00:46,2.29,,real
2026-08-08 15:01:10,3.82,,real
2026-08-08 15:01:20,1.22,,real
2026-08-08 15:01:28,1.02,,real
2026-08-08 15:01:55,4.78,,real
2026-08-08 15:02:24,5.64,,real
2026-08-08 15:02:50,4.40,,real
2026-08-08 15:03:48,65.32,,real
2026-08-08 15:04:12,1.37,,real
2026-08-08 15:04:20,1.00,,real
2026-08-08 15:04:34,1.71,,real
2026-08-08 15:05:24,31.73,,real
2026-08-08 15:05:37,1.51,,real
2026-08-08 15:06:49,211.89,,real
2026-08-08 15:07:05,2.03,,real
2026-08-08 15:07:28,3.41,,real
2026-08-08 15:08:05,10.90,,real
2026-08-08 15:08:17,1.32,,real
2026-08-08 15:08:56,13.70,,real
2026-08-08 15:09:29,1.52,,real
2026-08-08 15:09:43,1.58,,real
2026-08-08 15:09:51,1.03,,real
2026-08-08 15:10:05,1.67,,real
2026-08-08 15:32:00,4.81,,demo
2026-08-08 15:32:39,13.79,,demo
2026-08-08 15:33:11,7.39,,demo
2026-08-08 15:33:29,2.35,,demo
2026-08-08 15:33:38,1.03,,demo
2026-08-08 15:34:02,3.72,,demo
2026-08-08 15:34:39,11.10,,demo
2026-08-08 15:35:30,38.08,,demo
2026-08-08 15:35:41,1.20,,demo
2026-08-08 15:36:09,5.63,,demo
2026-08-08 15:36:20,1.29,,demo
2026-08-08 15:36:31,1.24,,demo
2026-08-08 15:36:48,2.15,,demo
2026-08-08 15:37:03,1.72,,demo
2026-08-08 15:37:12,1.08,,demo
2026-08-08 15:37:21,1.04,,demo
2026-08-08 15:37:39,2.43,,demo
2026-08-08 15:37:47,1.00,,demo
2026-08-08 15:37:55,1.00,,demo
2026-08-08 15:38:07,1.40,,demo
2026-08-08 15:38:17,1.16,,demo
2026-08-08 15:38:32,1.81,,demo
2026-08-08 15:39:05,7.63,,demo
2026-08-08 15:39:25,2.69,,demo
2026-08-08 15:39:45,2.84,,demo
2026-08-08 15:39:55,1.21,,demo
2026-08-08 15:40:04,1.03,,demo
2026-08-08 15:40:14,1.17,,demo
2026-08-08 15:40:47,8.13,,demo
2026-08-08 15:41:36,30.15,,demo
2026-08-08 15:42:15,13.73,,demo
2026-08-08 15:42:27,1.38,,demo
2026-08-08 15:42:40,1.43,,demo
2026-08-08 15:42:54,1.71,,demo
2026-08-08 15:43:06,1.42,,demo
2026-08-08 15:43:20,1.62,,demo
2026-08-08 15:43:43,1.62,,demo
2026-08-08 15:43:42,3.20,,demo
2026-08-08 15:44:01,2.41,,demo
2026-08-08 15:44:10,1.13,,demo
2026-08-08 15:44:49,12.57,,demo
2026-08-08 15:45:08,2.62,,demo
2026-08-08 15:45:16,1.00,,demo
2026-08-08 15:45:33,2.07,,demo
2026-08-08 15:46:39,127.04,,demo
2026-08-08 15:47:26,24.66,,demo
2026-08-08 15:47:39,1.52,,demo
2026-08-08 15:48:08,5.68,,demo
2026-08-08 15:48:27,2.45,,demo
2026-08-08 15:48:41,1.63,,demo
2026-08-08 15:49:04,3.67,,demo
2026-08-08 15:49:16,1.34,,demo
2026-08-08 15:49:33,2.21,,demo
2026-08-08 15:49:45,1.38,,demo
2026-08-08 15:50:05,2.63,,demo
2026-08-08 15:50:24,2.54,,demo
2026-08-08 15:50:44,2.61,,demo
2026-08-08 15:51:56,220.70,,demo
2026-08-08 15:52:10,1.52,,demo
2026-08-08 15:52:23,1.57,,demo
2026-08-08 15:52:39,1.96,,demo
2026-08-08 15:52:54,1.71,,demo
2026-08-08 15:53:18,3.87,,demo
2026-08-08 15:53:31,1.53,,demo
2026-08-08 15:53:58,4.67,,demo
2026-08-08 15:54:13,1.80,,demo
2026-08-08 15:54:25,1.48,,demo
2026-08-08 15:54:38,1.46,,demo
2026-08-08 15:55:03,4.11,,demo
2026-08-08 15:55:15,1.35,,demo
2026-08-08 15:55:29,1.65,,demo
2026-08-08 15:56:31,94.11,,demo
2026-08-08 15:57:03,7.16,,demo
2026-08-08 15:57:30,4.83,,demo
2026-08-08 15:58:01,6.58,,demo
2026-08-08 15:58:20,2.57,,demo
2026-08-08 15:58:37,1.00,,demo
2026-08-08 15:58:39,1.34,,demo
2026-08-08 15:58:50,1.22,,demo
2026-08-08 15:59:11,2.95,,demo
2026-08-08 15:59:32,3.01,,demo
2026-08-08 15:59:44,1.33,,demo
2026-08-08 16:00:10,4.69,,demo
2026-08-08 16:00:19,1.03,,demo
2026-08-08 16:00:29,1.21,,demo
2026-08-08 16:00:54,4.25,,demo
2026-08-08 16:01:18,3.67,,demo
2026-08-08 16:01:38,1.25,,demo
2026-08-08 16:02:09,14.78,,demo
2026-08-08 16:02:36,4.71,,demo
2026-08-08 16:02:54,2.26,,demo
2026-08-08 16:03:08,1.78,,demo
2026-08-08 16:03:26,2.17,,demo
2026-08-08 16:03:46,2.68,,demo
2026-08-08 16:03:54,1.02,,demo
2026-08-08 16:04:08,1.64,,demo
2026-08-08 16:05:00,35.51,,demo
2026-08-08 16:05:10,1.25,,demo
2026-08-08 16:05:46,10.84,,demo
2026-08-08 16:05:59,1.45,,demo
2026-08-08 16:06:14,1.78,,demo
2026-08-08 16:06:53,1.05,,demo
2026-08-08 16:07:04,1.23,,demo
2026-08-08 16:07:20,1.95,,demo
2026-08-08 16:07:43,3.37,,demo
2026-08-08 16:08:13,6.50,,demo
2026-08-08 16:08:31,2.30,,demo
2026-08-08 16:08:42,1.30,,demo
2026-08-08 16:09:15,7.59,,demo
2026-08-08 16:09:26,1.32,,demo
2026-08-08 16:10:00,1.82,,demo
2026-08-08 16:10:08,1.00,,demo
2026-08-08 16:10:44,10.29,,demo
2026-08-08 16:11:27,17.81,,demo
2026-08-08 16:11:35,1.00,,demo
2026-08-08 16:11:48,1.60,,demo
2026-08-08 16:12:08,2.71,,demo
2026-08-08 16:12:25,1.97,,demo
2026-08-08 16:13:45,4.79,,demo
2026-08-08 16:14:36,35.84,,demo
2026-08-08 16:14:44,1.01,,demo
2026-08-08 16:14:54,1.17,,demo
2026-08-08 16:15:18,3.65,,demo
2026-08-08 16:15:26,1.07,,demo
2026-08-08 16:15:44,2.26,,demo
2026-08-08 16:15:56,1.37,,demo
2026-08-08 16:16:55,68.05,,demo
2026-08-08 16:17:10,1.91,,demo
2026-08-08 16:17:20,1.05,,demo
2026-08-08 16:17:47,5.31,,demo
2026-08-08 16:17:59,1.39,,demo
2026-08-08 16:18:11,1.38,,demo
2026-08-08 16:18:19,1.02,,demo
2026-08-08 16:18:58,12.93,,demo
2026-08-08 16:19:07,1.01,,demo
2026-08-08 16:19:20,1.61,,demo
2026-08-08 16:19:41,2.88,,demo
2026-08-08 16:20:05,4.03,,demo
2026-08-08 16:20:29,3.62,,demo
2026-08-08 16:20:54,4.29,,demo
2026-08-08 16:21:04,1.11,,demo
2026-08-08 16:21:31,4.79,,demo
2026-08-08 16:21:43,1.36,,demo
2026-08-08 16:22:09,4.32,,demo
2026-08-08 16:23:10,91.35,,demo
2026-08-08 16:23:22,1.35,,demo
2026-08-08 16:23:34,1.42,,demo
2026-08-08 16:23:52,2.24,,demo
2026-08-08 16:25:01,63.24,,demo
2026-08-08 16:25:17,1.96,,demo
2026-08-08 16:25:34,2.05,,demo
2026-08-08 16:25:43,1.04,,demo
2026-08-08 16:25:57,1.71,,demo
2026-08-08 16:26:11,1.75,,demo
2026-08-08 16:26:23,1.32,,demo
2026-08-08 16:26:40,2.23,,demo
2026-08-08 16:26:55,1.75,,demo
2026-08-08 16:27:05,1.21,,demo
2026-08-08 16:27:19,1.59,,demo
2026-08-08 16:28:21,90.75,,demo
2026-08-08 16:28:32,1.31,,demo
2026-08-08 16:28:52,2.49,,demo
2026-08-08 16:29:05,1.65,,demo
2026-08-08 16:29:27,3.12,,demo
2026-08-08 16:29:37,1.18,,demo
2026-08-08 16:30:01,3.65,,demo
2026-08-08 16:30:16,1.76,,demo
2026-08-08 16:30:24,1.01,,demo
2026-08-08 16:30:56,7.69,,demo
2026-08-08 16:31:05,1.02,,demo
2026-08-08 16:31:15,1.24,,demo
2026-08-08 16:31:37,3.13,,demo
2026-08-08 16:31:46,1.05,,demo
2026-08-08 16:32:00,1.68,,demo
2026-08-08 16:32:11,1.31,,demo
2026-08-08 16:32:30,2.46,,demo
2026-08-08 16:32:42,1.35,,demo
2026-08-08 16:32:50,1.02,,demo
2026-08-08 16:33:11,3.06,,demo
2026-08-08 16:33:41,5.72,,demo
2026-08-08 16:34:22,16.03,,demo
2026-08-08 16:34:41,2.65,,demo
2026-08-08 16:35:02,2.91,,demo
2026-08-08 16:35:14,1.40,,demo
2026-08-08 16:35:23,1.09,,demo
2026-08-08 16:35:41,2.16,,demo
2026-08-08 16:35:50,1.13,,demo
2026-08-08 16:36:10,2.60,,demo
2026-08-08 16:36:22,1.42,,demo
2026-08-08 16:36:34,1.40,,demo
2026-08-08 16:37:05,6.53,,demo
2026-08-08 16:37:17,1.40,,demo
2026-08-08 16:37:41,3.99,,demo
2026-08-08 16:37:55,1.64,,demo
2026-08-08 16:38:23,5.39,,demo
2026-08-08 16:38:32,1.03,,demo
2026-08-08 16:38:40,1.00,,demo
2026-08-08 16:39:06,4.47,,demo
2026-08-08 16:39:23,2.17,,demo
2026-08-08 16:40:19,52.81,,demo
2026-08-08 16:41:33,1.08,,demo
2026-08-08 16:41:44,1.24,,demo
2026-08-08 16:42:16,7.21,,demo
2026-08-08 16:43:10,48.06,,demo
2026-08-08 16:43:22,1.36,,demo
2026-08-08 16:43:33,1.29,,demo
2026-08-08 16:44:00,5.09,,demo
2026-08-08 16:44:17,2.04,,demo
2026-08-08 16:44:26,1.07,,demo
2026-08-08 16:44:43,2.15,,demo
2026-08-08 16:44:59,1.85,,demo
2026-08-08 16:45:25,4.61,,demo
2026-08-08 16:45:38,1.47,,demo
2026-08-08 16:45:57,2.61,,demo
2026-08-08 16:46:17,2.68,,demo
2026-08-08 16:46:31,1.62,,demo
2026-08-08 16:46:49,2.30,,demo
2026-08-08 16:47:03,1.54,,demo
2026-08-08 16:48:02,4.17,,demo
2026-08-08 16:48:15,1.44,,demo
2026-08-08 16:48:36,3.05,,demo
2026-08-08 16:48:46,1.20,,demo
2026-08-08 16:48:54,1.02,,demo
2026-08-08 16:49:03,1.03,,demo
2026-08-08 16:49:31,2.36,,demo
2026-08-08 16:49:43,1.48,,demo
2026-08-08 16:49:56,1.44,,demo
2026-08-08 16:50:06,1.18,,demo
2026-08-08 16:50:25,2.45,,demo
2026-08-08 16:50:48,1.03,,demo
2026-08-08 16:51:06,2.38,,demo
2026-08-08 16:51:32,4.25,,demo
2026-08-08 16:51:42,1.24,,demo
2026-08-08 16:51:55,1.49,,demo
2026-08-08 16:52:32,11.54,,demo
2026-08-08 16:52:54,3.05,,demo
2026-08-08 16:53:17,3.46,,demo
2026-08-08 16:53:31,1.72,,demo
2026-08-08 16:53:40,1.05,,demo
2026-08-08 16:53:52,1.36,,demo
2026-08-08 16:54:00,1.07,,demo
2026-08-08 16:54:13,1.50,,demo
2026-08-08 16:54:27,1.56,,demo
2026-08-08 16:54:52,4.15,,demo
2026-08-08 16:55:01,1.11,,demo
2026-08-08 16:55:40,11.96,,demo
2026-08-08 16:56:02,3.47,,demo
2026-08-08 16:56:18,2.00,,demo
2026-08-08 16:56:33,1.65,,demo
2026-08-08 16:56:44,1.37,,demo
2026-08-08 16:57:10,4.22,,demo
2026-08-08 16:57:27,2.03,,demo
2026-08-08 16:57:53,4.66,,demo
2026-08-08 16:58:07,1.75,,demo
2026-08-08 16:58:55,2.05,,demo
2026-08-08 16:59:38,17.76,,demo
2026-08-08 16:59:46,1.00,,demo
2026-08-08 17:00:01,1.92,,demo
2026-08-08 17:00:36,9.12,,demo
2026-08-08 17:00:48,1.38,,demo
2026-08-08 17:01:07,2.55,,demo
2026-08-08 17:01:17,1.16,,demo
2026-08-08 17:01:52,9.11,,demo
2026-08-08 17:02:16,4.04,,demo
2026-08-08 17:02:59,18.41,,demo
2026-08-08 17:03:14,1.79,,demo
2026-08-08 17:03:29,1.72,,demo
2026-08-08 17:03:39,1.20,,demo
2026-08-08 17:03:59,2.66,,demo
2026-08-08 17:04:20,2.84,,demo
2026-08-08 17:04:30,1.18,,demo
2026-08-08 17:05:06,10.28,,demo
2026-08-08 17:05:15,1.13,,demo
2026-08-08 17:05:39,3.79,,demo
2026-08-08 17:06:11,7.20,,demo
2026-08-08 17:06:29,2.34,,demo
2026-08-08 17:06:38,1.04,,demo
2026-08-08 17:06:54,2.02,,demo
2026-08-08 17:07:27,7.90,,demo
2026-08-08 17:07:53,4.43,,demo
2026-08-08 17:08:24,6.87,,demo
2026-08-08 17:08:37,1.57,,demo
2026-08-08 17:08:49,1.29,,demo
2026-08-08 17:08:57,1.00,,demo
2026-08-08 17:09:12,1.92,,demo
2026-08-08 17:09:32,2.49,,demo
2026-08-08 17:09:48,1.95,,demo
2026-08-08 17:10:09,3.06,,demo
2026-08-08 17:10:26,1.96,,demo
2026-08-08 17:10:48,3.34,,demo
2026-08-08 17:11:16,5.51,,demo
2026-08-08 17:11:25,1.11,,demo
2026-08-08 17:11:37,1.30,,demo
2026-08-08 17:11:48,1.27,,demo
2026-08-08 17:11:57,1.12,,demo
2026-08-08 17:12:27,6.43,,demo
2026-08-08 17:12:43,1.93,,demo
2026-08-08 17:12:52,1.00,,demo
2026-08-08 17:13:01,1.19,,demo
2026-08-08 17:13:16,1.80,,demo
2026-08-08 17:13:38,3.00,,demo
2026-08-08 17:13:48,1.16,,demo
2026-08-08 17:14:22,8.74,,demo
2026-08-08 17:14:44,3.34,,demo
2026-08-08 17:15:16,7.27,,demo
2026-08-08 17:15:33,2.12,,demo
2026-08-08 17:16:07,7.83,,demo
2026-08-08 17:16:33,4.83,,demo
2026-08-08 17:16:57,3.73,,demo
2026-08-08 17:17:07,1.22,,demo
2026-08-08 17:17:22,1.79,,demo
2026-08-08 17:17:43,2.99,,demo
2026-08-08 17:18:16,7.68,,demo
2026-08-08 17:18:24,1.00,,demo
2026-08-08 17:18:44,2.87,,demo
2026-08-08 17:19:10,4.22,,demo
2026-08-08 17:19:38,5.42,,demo
2026-08-08 17:19:55,2.16,,demo
2026-08-08 17:20:05,1.12,,demo
2026-08-08 17:20:17,1.40,,demo
2026-08-08 17:20:43,4.34,,demo
2026-08-08 17:20:52,1.14,,demo
2026-08-08 17:21:01,1.06,,demo
2026-08-08 17:21:11,1.15,,demo
2026-08-08 17:21:34,3.63,,demo
2026-08-08 17:21:55,2.91,,demo
2026-08-08 17:22:09,1.59,,demo
2026-08-08 17:22:42,8.29,,demo
2026-08-08 17:23:07,4.24,,demo
2026-08-08 17:23:25,2.29,,demo
2026-08-08 17:23:54,5.57,,demo
2026-08-08 17:24:18,3.71,,demo
2026-08-08 17:24:57,13.48,,demo
2026-08-08 17:25:13,1.87,,demo
2026-08-08 17:25:21,1.06,,demo
2026-08-08 17:25:32,1.21,,demo
2026-08-08 17:25:41,1.13,,demo
2026-08-08 17:25:51,1.18,,demo
2026-08-08 17:26:07,1.75,,demo
2026-08-08 17:26:23,2.05,,demo
2026-08-08 17:26:45,3.21,,demo
2026-08-08 17:26:53,1.02,,demo
2026-08-08 17:27:04,1.26,,demo
2026-08-08 17:27:18,1.70,,demo
2026-08-08 17:27:37,2.37,,demo
2026-08-08 17:27:50,1.56,,demo
2026-08-08 17:28:00,1.19,,demo
2026-08-08 17:28:17,2.07,,demo
2026-08-08 17:28:43,4.53,,demo
2026-08-08 17:28:52,1.02,,demo
2026-08-08 17:29:15,3.78,,demo
2026-08-08 17:29:28,1.47,,demo
2026-08-08 17:29:36,1.00,,demo
2026-08-08 17:29:50,1.54,,demo
2026-08-08 17:30:15,4.38,,demo
2026-08-08 17:30:26,1.29,,demo
2026-08-08 17:30:40,1.61,,demo
2026-08-08 17:30:50,1.23,,demo
2026-08-08 17:31:38,27.70,,demo
2026-08-08 17:32:20,16.30,,demo
2026-08-08 17:32:37,2.06,,demo
2026-08-08 17:32:51,1.75,,demo
2026-08-08 17:33:01,1.18,,demo
2026-08-08 17:33:29,5.08,,demo
2026-08-08 17:33:57,5.46,,demo
2026-08-08 17:34:21,3.58,,demo
2026-08-08 17:34:33,1.41,,demo
2026-08-08 17:34:42,1.10,,demo
2026-08-08 17:34:52,1.22,,demo
2026-08-08 17:35:17,4.13,,demo
2026-08-08 17:36:02,21.50,,demo
2026-08-08 17:36:14,1.33,,demo
2026-08-08 17:36:25,1.35,,demo
2026-08-08 17:37:33,141.00,,demo
2026-08-08 17:38:11,12.65,,demo
2026-08-08 17:38:33,3.07,,demo
2026-08-08 17:38:52,2.59,,demo
2026-08-08 17:39:02,1.15,,demo
2026-08-08 17:39:43,15.39,,demo
2026-08-08 17:40:40,60.86,,demo
2026-08-08 17:41:18,11.68,,demo
2026-08-08 17:41:26,1.00,,demo
2026-08-08 17:42:27,85.68,,demo
2026-08-08 17:42:36,1.09,,demo
2026-08-08 17:42:46,1.16,,demo
2026-08-08 17:43:22,10.27,,demo
2026-08-08 17:43:44,3.23,,demo
2026-08-08 17:43:58,1.56,,demo
2026-08-08 17:44:06,1.00,,demo
2026-08-08 17:45:04,67.66,,demo
2026-08-08 17:45:21,2.12,,demo
2026-08-08 17:45:41,2.66,,demo
2026-08-08 17:46:04,3.43,,demo
2026-08-08 17:46:46,16.42,,demo
2026-08-08 17:46:56,1.19,,demo
2026-08-08 17:47:25,5.84,,demo
2026-08-08 17:47:34,1.13,,demo
2026-08-08 17:47:58,3.59,,demo
2026-08-08 17:48:36,11.70,,demo
2026-08-08 17:48:44,1.07,,demo
2026-08-08 17:48:52,1.01,,demo
2026-08-08 17:49:02,1.11,,demo
2026-08-08 17:49:13,1.28,,demo
2026-08-08 17:49:21,1.06,,demo
2026-08-08 17:49:56,9.00,,demo
2026-08-08 17:50:05,1.12,,demo
2026-08-08 17:50:25,2.57,,demo
2026-08-08 17:50:48,3.48,,demo
2026-08-08 17:51:02,1.62,,demo
2026-08-08 17:51:16,1.66,,demo
2026-08-08 17:51:29,1.53,,demo
2026-08-08 17:51:49,2.71,,demo
2026-08-08 17:52:01,1.37,,demo
2026-08-08 17:52:15,1.71,,demo
2026-08-08 17:52:23,1.00,,demo
2026-08-08 17:52:53,5.95,,demo
2026-08-08 17:53:19,4.82,,demo
2026-08-08 17:53:29,1.14,,demo
2026-08-08 17:53:50,2.96,,demo
2026-08-08 17:53:59,1.08,,demo
2026-08-08 17:54:11,1.41,,demo
2026-08-08 17:54:45,8.49,,demo
2026-08-08 17:55:39,44.51,,demo
2026-08-08 17:56:10,6.72,,demo
2026-08-08 17:56:34,4.05,,demo
2026-08-08 17:56:44,1.13,,demo
2026-08-08 17:57:12,5.43,,demo
2026-08-08 17:57:21,1.05,,demo
2026-08-08 17:57:39,2.24,,demo
2026-08-08 17:57:57,2.42,,demo
2026-08-08 17:58:45,27.06,,demo
2026-08-08 17:58:57,1.34,,demo
2026-08-08 17:59:11,1.72,,demo
2026-08-08 17:59:26,1.81,,demo
2026-08-08 17:59:38,1.45,,demo
2026-08-08 17:59:52,1.57,,demo
2026-08-08 18:00:23,6.95,,demo
2026-08-08 18:00:37,1.66,,demo
2026-08-08 18:01:15,11.93,,demo
2026-08-08 18:01:53,11.97,,demo
2026-08-08 18:02:11,2.33,,demo
2026-08-08 18:02:25,1.62,,demo
2026-08-08 18:02:45,2.77,,demo
2026-08-08 18:03:39,47.05,,demo
2026-08-08 18:03:59,2.62,,demo
2026-08-08 18:04:11,1.35,,demo
2026-08-08 18:04:27,1.86,,demo
2026-08-08 18:04:50,3.79,,demo
2026-08-08 18:05:05,1.73,,demo
2026-08-08 18:05:14,1.11,,demo
2026-08-08 18:05:26,1.32,,demo
2026-08-08 18:05:57,6.93,,demo
2026-08-08 18:06:06,1.14,,demo
2026-08-08 18:06:45,13.03,,demo
2026-08-08 18:06:56,1.24,,demo
2026-08-08 18:07:18,3.24,,demo
2026-08-08 18:07:28,1.21,,demo
2026-08-08 18:08:03,9.36,,demo
2026-08-08 18:08:18,1.70,,demo
2026-08-08 18:09:13,49.39,,demo
2026-08-08 18:09:31,1.17,,demo
2026-08-08 18:09:55,3.74,,demo
2026-08-08 18:10:27,7.19,,demo
2026-08-08 18:10:39,1.27,,demo
2026-08-08 18:10:53,1.77,,demo
2026-08-08 18:11:14,2.94,,demo
2026-08-08 18:11:26,1.45,,demo
2026-08-08 18:11:50,3.64,,demo
2026-08-08 18:12:36,25.01,,demo
2026-08-08 18:12:46,1.13,,demo
2026-08-08 18:12:54,1.00,,demo
2026-08-08 18:13:21,4.67,,demo
2026-08-08 18:13:32,1.33,,demo
2026-08-08 18:13:46,1.64,,demo
2026-08-08 18:14:11,4.19,,demo
2026-08-08 18:14:22,1.30,,demo
2026-08-08 18:14:55,7.57,,demo
2026-08-08 18:15:05,1.22,,demo
2026-08-08 18:15:36,6.57,,demo
2026-08-08 18:15:49,1.54,,demo
2026-08-08 18:16:14,4.13,,demo
2026-08-08 18:16:33,2.45,,demo
2026-08-08 18:52:16,3.76,,demo
2026-08-08 18:52:16,3.11,,demo
2026-08-08 18:52:16,2.61,,demo
2026-08-08 18:52:16,1.15,,demo
2026-08-08 18:52:16,2.34,,demo
2026-08-08 18:52:16,4.00,,demo
2026-08-08 18:52:16,1.02,,demo
2026-08-08 18:52:16,1.76,,demo
2026-08-08 18:52:16,3.60,,demo
2026-08-08 18:52:16,2.03,,demo
2026-08-08 18:52:16,2.05,,demo
2026-08-08 18:52:16,16.06,,demo
2026-08-08 18:52:16,2.47,,demo
2026-08-08 18:52:16,1.32,,demo
2026-08-08 18:52:16,1.50,,demo
2026-08-08 18:52:16,2.52,,demo
2026-08-08 18:52:16,6.14,,demo
2026-08-08 18:52:16,2.53,,demo
2026-08-08 18:52:16,1.21,,demo
2026-08-08 18:52:16,2.20,,demo
2026-08-08 18:52:16,1.29,,demo
2026-08-08 18:52:16,12.92,,demo
2026-08-08 18:52:16,2.23,,demo
2026-08-08 18:52:16,2.38,,demo
2026-08-08 18:52:16,1.37,,demo
2026-08-08 18:52:16,5.85,,demo
2026-08-08 18:52:16,1.05,,demo
2026-08-08 18:52:16,1.28,,demo
2026-08-08 18:52:16,1.29,,demo
2026-08-08 18:52:16,7.60,,demo
2026-08-08 18:52:16,8.06,,demo
2026-08-08 18:52:16,1.00,,demo
2026-08-08 18:52:16,3.52,,demo
2026-08-08 18:52:16,1.16,,demo
2026-08-08 18:52:16,1.27,,demo
2026-08-08 18:52:16,2.11,,demo
2026-08-08 18:52:16,2.18,,demo
2026-08-08 18:52:16,1.43,,demo
2026-08-08 18:52:16,4.46,,demo
2026-08-08 18:52:16,1.12,,demo
2026-08-08 18:52:16,1.70,,demo
2026-08-08 18:52:16,1.07,,demo
2026-08-08 18:52:16,2.45,,demo
2026-08-08 18:52:16,2.94,,demo
2026-08-08 18:52:16,1.81,,demo
2026-08-08 18:52:16,1.03,,demo
2026-08-08 18:52:16,2.86,,demo
2026-08-08 18:52:16,1.28,,demo
2026-08-08 18:52:16,6.12,,demo
2026-08-08 18:52:16,1.25,,demo
2026-08-08 18:52:16,8.74,,demo
2026-08-08 18:52:16,2.75,,demo
2026-08-08 18:52:16,3.22,,demo
2026-08-08 18:52:16,8.10,,demo
2026-08-08 18:52:16,2.20,,demo
2026-08-08 18:52:16,2.95,,demo
2026-08-08 18:52:16,50.19,,demo
2026-08-08 18:52:16,10.47,,demo
2026-08-08 18:52:16,1.23,,demo
2026-08-08 18:52:16,1.28,,demo
2026-08-08 18:52:16,3.59,,demo
2026-08-08 18:52:16,1.45,,demo
2026-08-08 18:52:16,1.79,,demo
2026-08-08 18:52:16,1.67,,demo
2026-08-08 18:52:16,1.18,,demo
2026-08-08 18:52:16,2.35,,demo
2026-08-08 18:52:16,2.08,,demo
2026-08-08 18:52:16,1.56,,demo
2026-08-08 18:52:16,3.21,,demo
2026-08-08 18:52:16,11.73,,demo
2026-08-08 18:52:16,1.59,,demo
2026-08-08 18:52:16,1.17,,demo
2026-08-08 18:52:16,1.00,,demo
2026-08-08 18:52:16,1.46,,demo
2026-08-08 18:52:16,76.18,,demo
2026-08-08 18:52:16,9.03,,demo
2026-08-08 18:52:16,15.72,,demo
2026-08-08 18:52:16,1.19,,demo
2026-08-08 18:52:16,1.15,,demo
2026-08-08 18:52:16,2.34,,demo
2026-08-08 18:52:16,2.07,,demo
2026-08-08 18:52:16,14.05,,demo
2026-08-08 18:52:16,1.04,,demo
2026-08-08 18:52:16,1.22,,demo
2026-08-08 18:52:16,2.57,,demo
2026-08-08 18:52:16,4.95,,demo
2026-08-08 18:52:16,7.55,,demo
2026-08-08 18:52:16,1.02,,demo
2026-08-08 18:52:16,7.58,,demo
2026-08-08 18:52:16,1.00,,demo
2026-08-08 18:52:16,1.01,,demo
2026-08-08 18:52:16,1.94,,demo
2026-08-08 18:52:16,4.52,,demo
2026-08-08 18:52:16,1.33,,demo
2026-08-08 18:52:16,1.00,,demo
2026-08-08 18:52:16,4.27,,demo
2026-08-08 18:52:16,1.01,,demo
2026-08-08 18:52:16,2.07,,demo
2026-08-08 18:52:16,15.84,,demo
2026-08-08 18:52:16,1.43,,demo
2026-08-08 18:52:16,2.35,,demo
2026-08-08 18:52:16,2.20,,demo
2026-08-08 18:52:16,1.25,,demo
2026-08-08 18:52:16,1.10,,demo
2026-08-08 18:52:16,1.07,,demo
2026-08-08 18:52:16,5.82,,demo
2026-08-08 18:52:16,2.60,,demo
2026-08-08 18:52:16,5.56,,demo
2026-08-08 18:52:16,1.46,,demo
2026-08-08 18:52:38,325.25,,demo
2026-08-08 18:52:57,2.55,,demo
2026-08-08 18:53:07,1.14,,demo
2026-08-08 18:53:15,1.03,,demo
2026-08-08 18:53:32,2.19,,demo
2026-08-08 18:53:58,4.31,,demo
2026-08-08 18:54:06,1.00,,demo
2026-08-08 18:54:33,4.93,,demo
2026-08-08 18:54:45,1.42,,demo
2026-08-08 18:55:01,1.90,,demo
2026-08-08 18:55:48,24.73,,demo
2026-08-08 18:56:09,2.96,,demo
2026-08-08 18:56:21,1.38,,demo
2026-08-08 18:56:39,2.33,,demo
2026-08-08 18:57:47,154.05,,demo
2026-08-08 18:58:00,1.45,,demo
2026-08-08 18:58:09,1.11,,demo
2026-08-08 18:58:29,2.79,,demo
2026-08-08 18:58:47,2.24,,demo
2026-08-08 18:59:08,2.78,,demo
2026-08-08 18:59:17,1.14,,demo
2026-08-08 18:59:27,1.21,,demo
2026-08-08 18:59:54,4.84,,demo
2026-08-08 19:00:19,3.85,,demo
2026-08-08 19:00:51,7.52,,demo
2026-08-08 19:01:04,1.54,,demo
2026-08-08 19:01:17,1.47,,demo
2026-08-08 19:02:17,74.30,,demo
2026-08-08 19:02:25,1.00,,demo
2026-08-08 19:02:42,2.11,,demo
2026-08-08 19:02:52,1.25,,demo
2026-08-08 19:03:00,1.00,,demo
2026-08-08 19:03:13,1.51,,demo
2026-08-08 19:03:22,1.01,,demo
2026-08-08 19:03:48,4.46,,demo
2026-08-08 19:04:01,1.51,,demo
2026-08-08 19:04:14,1.55,,demo
2026-08-08 19:04:32,2.27,,demo
2026-08-08 19:04:40,1.00,,demo
2026-08-08 19:04:55,1.85,,demo
2026-08-08 19:05:15,2.65,,demo
2026-08-08 19:05:29,1.59,,demo
2026-08-08 19:05:57,5.29,,demo
2026-08-08 19:06:45,28.06,,demo
2026-08-08 19:06:57,1.48,,demo
2026-08-08 19:07:34,10.70,,demo
2026-08-08 19:07:43,1.13,,demo
2026-08-08 19:07:58,1.78,,demo
2026-08-08 19:08:30,7.15,,demo
2026-08-08 19:08:55,4.18,,demo
2026-08-08 19:09:12,2.06,,demo
2026-08-08 19:09:28,1.93,,demo
2026-08-08 19:09:36,1.00,,demo
2026-08-08 19:09:45,1.06,,demo
2026-08-08 19:10:03,2.33,,demo
2026-08-08 19:10:16,1.59,,demo
2026-08-08 19:11:01,21.49,,demo
2026-08-08 19:11:28,4.54,,demo
2026-08-08 19:11:40,1.46,,demo
2026-08-08 19:11:59,2.52,,demo
2026-08-08 19:12:36,11.22,,demo
2026-08-08 19:12:54,2.18,,demo
2026-08-08 19:13:18,3.93,,demo
2026-08-08 19:13:35,2.15,,demo
2026-08-08 19:14:01,4.19,,demo
2026-08-08 19:14:27,4.55,,demo
2026-08-08 19:14:57,6.23,,demo
2026-08-08 19:15:09,1.41,,demo
2026-08-08 19:15:34,4.00,,demo
2026-08-08 19:15:53,2.57,,demo
2026-08-08 19:17:05,200.49,,demo
2026-08-08 19:17:15,1.20,,demo
2026-08-08 19:17:39,3.84,,demo
2026-08-08 19:18:04,3.93,,demo
2026-08-08 19:18:17,1.64,,demo
2026-08-08 19:18:27,1.17,,demo
2026-08-08 19:18:41,1.47,,demo
2026-08-08 19:18:48,1.00,,demo
2026-08-08 19:19:12,3.80,,demo
2026-08-08 19:19:39,4.69,,demo
2026-08-08 19:19:56,2.23,,demo
2026-08-08 19:20:42,22.61,,demo
2026-08-08 19:21:36,44.99,,demo
2026-08-08 19:21:51,1.89,,demo
2026-08-08 19:22:15,3.79,,demo
2026-08-08 19:22:29,1.58,,demo
2026-08-08 19:22:43,1.68,,demo
2026-08-08 19:22:53,1.19,,demo
2026-08-08 19:23:03,1.12,,demo
2026-08-08 19:23:20,2.11,,demo
2026-08-08 19:23:33,1.61,,demo
2026-08-08 19:23:46,1.45,,demo
2026-08-08 19:23:55,1.07,,demo
2026-08-08 19:24:16,2.89,,demo
2026-08-08 19:24:49,8.61,,demo
2026-08-08 19:24:57,1.00,,demo
2026-08-08 19:25:12,1.72,,demo
2026-08-08 19:25:36,3.85,,demo
2026-08-08 19:25:56,2.62,,demo
2026-08-08 19:26:05,1.06,,demo
2026-08-08 19:26:13,1.00,,demo
2026-08-08 19:26:42,5.90,,demo
2026-08-08 19:27:16,8.62,,demo
2026-08-08 19:27:41,3.63,,demo
2026-08-08 19:27:50,1.20,,demo
2026-08-08 19:28:02,1.43,,demo
2026-08-08 19:28:28,4.31,,demo
2026-08-08 19:28:50,3.32,,demo
2026-08-08 19:29:08,2.36,,demo
2026-08-08 19:29:23,1.68,,demo
2026-08-08 19:29:32,1.11,,demo
2026-08-08 19:29:58,4.69,,demo
2026-08-08 19:30:20,3.16,,demo
2026-08-08 19:30:35,1.71,,demo
2026-08-08 19:30:49,1.62,,demo
2026-08-08 19:30:57,1.00,,demo
2026-08-08 19:31:46,30.63,,demo
2026-08-08 19:32:04,2.37,,demo
2026-08-08 19:32:18,1.64,,demo
2026-08-08 19:32:49,6.74,,demo
2026-08-08 19:33:10,2.92,,demo
2026-08-08 19:33:24,1.71,,demo
2026-08-08 19:33:43,2.40,,demo
2026-08-08 19:34:09,4.66,,demo
2026-08-08 19:34:19,1.17,,demo
2026-08-08 19:35:01,15.79,,demo
2026-08-08 19:35:12,1.35,,demo
2026-08-08 19:35:20,1.00,,demo
2026-08-08 19:35:29,1.05,,demo
2026-08-08 19:35:39,1.19,,demo
2026-08-08 19:35:47,1.00,,demo
2026-08-08 19:35:59,1.44,,demo
2026-08-08 19:36:18,2.38,,demo
2026-08-08 19:36:31,1.53,,demo
2026-08-08 19:36:43,1.39,,demo
2026-08-08 19:36:55,1.40,,demo
2026-08-08 19:37:13,2.25,,demo
2026-08-08 19:37:40,4.72,,demo
2026-08-08 19:37:48,1.06,,demo
2026-08-08 19:38:10,3.14,,demo
2026-08-08 19:38:34,3.81,,demo
2026-08-08 19:38:49,1.68,,demo
2026-08-08 19:39:16,5.20,,demo
2026-08-08 19:39:32,1.82,,demo
2026-08-08 19:39:46,1.75,,demo
2026-08-08 19:40:00,1.57,,demo
2026-08-08 19:40:47,27.31,,demo
2026-08-08 19:40:56,1.04,,demo
2026-08-08 19:41:24,5.16,,demo
2026-08-08 19:41:36,1.45,,demo
2026-08-08 19:42:26,33.38,,demo
2026-08-08 19:42:47,2.80,,demo
2026-08-08 19:43:03,1.93,,demo
2026-08-08 19:43:17,1.69,,demo
2026-08-08 19:43:38,2.84,,demo
2026-08-08 19:44:15,11.22,,demo
2026-08-08 19:44:45,6.45,,demo
2026-08-08 19:44:53,1.03,,demo
2026-08-08 19:45:03,1.16,,demo
2026-08-08 19:45:18,1.75,,demo
2026-08-08 19:45:31,1.51,,demo
2026-08-08 19:45:49,2.26,,demo
2026-08-08 19:45:58,1.09,,demo
2026-08-08 19:46:07,1.08,,demo
2026-08-08 19:46:20,1.59,,demo
2026-08-08 19:46:38,2.10,,demo
2026-08-08 19:47:04,4.75,,demo
2026-08-08 19:47:38,8.38,,demo
2026-08-08 19:48:14,10.67,,demo
2026-08-08 19:48:30,1.91,,demo
2026-08-08 19:49:01,6.93,,demo
2026-08-08 19:49:14,1.43,,demo
2026-08-08 19:49:34,2.67,,demo
2026-08-08 19:49:44,1.23,,demo
2026-08-08 19:50:00,1.93,,demo
2026-08-08 19:50:09,1.08,,demo
2026-08-08 19:50:36,4.67,,demo
2026-08-08 19:50:45,1.13,,demo
2026-08-08 19:51:09,3.81,,demo
2026-08-08 19:51:30,2.89,,demo
2026-08-08 19:51:45,1.75,,demo
2026-08-08 19:52:04,2.48,,demo
2026-08-08 19:52:32,5.39,,demo
2026-08-08 19:52:45,1.53,,demo
2026-08-08 19:53:03,2.26,,demo
2026-08-08 19:53:13,1.19,,demo
2026-08-08 19:53:31,2.34,,demo
2026-08-08 19:53:46,1.71,,demo
2026-08-08 19:53:57,1.32,,demo
2026-08-08 19:54:17,2.62,,demo
2026-08-08 19:54:28,1.35,,demo
2026-08-08 19:55:03,9.40,,demo
2026-08-08 19:55:29,4.27,,demo
2026-08-08 19:56:19,34.33,,demo
2026-08-08 19:56:27,1.00,,demo
2026-08-08 19:56:47,2.63,,demo
2026-08-08 19:56:55,1.02,,demo
2026-08-08 19:57:11,1.83,,demo
2026-08-08 19:57:20,1.12,,demo
2026-08-08 19:57:32,1.41,,demo
2026-08-08 19:58:31,71.75,,demo
2026-08-08 19:58:41,1.11,,demo
2026-08-08 19:59:08,4.83,,demo
2026-08-08 19:59:44,10.29,,demo
2026-08-08 20:00:01,2.17,,demo
2026-08-08 20:00:18,2.18,,demo
2026-08-08 20:00:29,1.28,,demo
2026-08-08 20:00:52,3.15,,demo
2026-08-08 20:01:01,1.13,,demo
2026-08-08 20:01:22,3.11,,demo
2026-08-08 20:01:38,1.83,,demo
2026-08-08 20:01:46,1.02,,demo
2026-08-08 20:02:06,2.66,,demo
2026-08-08 20:02:34,5.32,,demo
2026-08-08 20:02:47,1.58,,demo
2026-08-08 20:03:04,1.96,,demo
2026-08-08 20:03:20,1.95,,demo
2026-08-08 20:03:31,1.38,,demo
2026-08-08 20:03:59,5.13,,demo
2026-08-08 20:04:12,1.47,,demo
2026-08-08 20:04:34,3.20,,demo
2026-08-08 20:04:59,4.04,,demo
2026-08-08 20:05:10,1.34,,demo
2026-08-08 20:05:18,1.00,,demo
2026-08-08 20:05:45,4.88,,demo
2026-08-08 20:06:00,1.58,,demo
2026-08-08 20:06:16,2.18,,demo
2026-08-08 20:06:25,1.07,,demo
2026-08-08 20:06:34,1.06,,demo
2026-08-08 20:06:52,2.30,,demo
2026-08-08 20:07:21,5.69,,demo
2026-08-08 20:07:34,1.56,,demo
2026-08-08 20:07:49,1.80,,demo
2026-08-08 20:07:57,1.00,,demo
2026-08-08 20:08:06,1.05,,demo
2026-08-08 20:08:20,1.69,,demo
2026-08-08 20:08:33,1.49,,demo
2026-08-08 20:08:42,1.04,,demo
2026-08-08 20:08:51,1.10,,demo
2026-08-08 20:09:01,1.17,,demo
2026-08-08 20:09:13,1.43,,demo
2026-08-08 20:09:21,1.00,,demo
2026-08-08 20:09:35,1.60,,demo
2026-08-08 20:09:44,1.09,,demo
2026-08-08 20:10:16,7.57,,demo
2026-08-08 20:10:36,2.71,,demo
2026-08-08 20:10:56,2.66,,demo
2026-08-08 20:11:10,1.61,,demo
2026-08-08 20:11:25,1.80,,demo
2026-08-08 20:11:37,1.44,,demo
2026-08-08 20:12:36,65.94,,demo
2026-08-08 20:12:45,1.14,,demo
2026-08-08 20:13:27,16.87,,demo
2026-08-08 20:13:46,2.54,,demo
2026-08-08 20:14:22,10.23,,demo
2026-08-08 20:14:36,1.65,,demo
2026-08-08 20:15:41,114.69,,demo
2026-08-08 20:15:52,1.26,,demo
2026-08-08 20:16:16,3.70,,demo
2026-08-08 20:16:38,3.34,,demo
2026-08-08 20:17:00,3.05,,demo
2026-08-08 20:17:29,5.63,,demo
2026-08-08 20:17:37,1.01,,demo
2026-08-08 20:17:49,1.41,,demo
2026-08-08 20:18:08,2.48,,demo
2026-08-08 20:18:19,1.29,,demo
2026-08-08 20:18:30,1.31,,demo
2026-08-08 20:18:38,1.01,,demo
2026-08-08 20:18:53,1.73,,demo
2026-08-08 20:19:41,28.65,,demo
2026-08-08 20:20:08,4.88,,demo
2026-08-08 20:20:35,4.84,,demo
2026-08-08 20:21:08,7.61,,demo
2026-08-08 20:21:20,1.39,,demo
2026-08-08 20:21:29,1.12,,demo
2026-08-08 20:21:55,4.45,,demo
2026-08-08 20:22:15,2.62,,demo
2026-08-08 20:22:51,10.41,,demo
2026-08-08 20:23:20,5.96,,demo
2026-08-08 20:23:43,3.32,,demo
2026-08-08 20:23:52,1.09,,demo
2026-08-08 20:24:10,2.35,,demo
2026-08-08 20:24:32,3.13,,demo
2026-08-08 20:24:44,1.36,,demo
2026-08-08 20:25:36,41.29,,demo
2026-08-08 20:25:54,2.33,,demo
2026-08-08 20:26:17,3.33,,demo
2026-08-08 20:26:56,13.00,,demo
2026-08-08 20:27:04,1.05,,demo
2026-08-08 20:27:15,1.19,,demo
2026-08-08 20:27:25,1.20,,demo
2026-08-08 20:27:37,1.47,,demo
2026-08-08 20:27:46,1.08,,demo
2026-08-08 20:28:00,1.61,,demo
2026-08-08 20:28:08,1.00,,demo
2026-08-08 20:28:16,1.00,,demo
2026-08-08 20:28:49,7.71,,demo
2026-08-08 20:29:09,2.73,,demo
2026-08-08 20:29:24,1.83,,demo
2026-08-08 20:29:43,2.41,,demo
2026-08-08 20:29:54,1.28,,demo
2026-08-08 20:30:19,4.00,,demo
2026-08-08 20:30:41,3.41,,demo
2026-08-08 20:31:01,2.60,,demo
2026-08-08 20:31:50,30.51,,demo
2026-08-08 20:32:04,1.71,,demo
2026-08-08 20:32:27,3.26,,demo
2026-08-08 20:32:40,1.63,,demo
2026-08-08 20:33:00,2.55,,demo
2026-08-08 20:34:00,76.28,,demo
2026-08-08 20:34:43,19.40,,demo
2026-08-08 20:35:07,3.65,,demo
2026-08-08 20:35:30,3.52,,demo
2026-08-08 20:35:38,1.03,,demo
2026-08-08 20:35:50,1.35,,demo
2026-08-08 20:36:06,1.97,,demo
2026-08-08 20:36:27,2.84,,demo
2026-08-08 20:36:38,1.28,,demo
2026-08-08 20:36:49,1.24,,demo
2026-08-08 20:37:02,1.58,,demo
2026-08-08 20:37:22,2.73,,demo
2026-08-08 20:37:31,1.10,,demo
2026-08-08 20:37:50,2.43,,demo
2026-08-08 20:38:03,1.54,,demo
2026-08-08 20:38:25,3.01,,demo
2026-08-08 20:38:51,4.49,,demo
2026-08-08 20:39:02,1.31,,demo
2026-08-08 20:39:21,2.42,,demo
2026-08-08 20:39:31,1.18,,demo
2026-08-08 20:39:46,1.84,,demo
2026-08-08 20:40:52,125.14,,demo
2026-08-08 20:41:05,1.54,,demo
2026-08-08 20:41:24,2.36,,demo
2026-08-08 20:41:32,1.00,,demo
2026-08-08 20:41:44,1.42,,demo
2026-08-08 20:41:56,1.44,,demo
2026-08-08 20:42:28,7.15,,demo
2026-08-08 20:42:54,4.51,,demo
2026-08-08 20:43:06,1.44,,demo
2026-08-08 20:43:15,1.03,,demo
2026-08-08 20:43:35,2.80,,demo
2026-08-08 20:44:13,12.11,,demo
2026-08-08 20:44:40,4.60,,demo
2026-08-08 20:45:10,6.66,,demo
2026-08-08 20:45:28,2.14,,demo
2026-08-08 20:45:45,2.13,,demo
2026-08-08 20:46:00,1.86,,demo
2026-08-08 20:46:08,1.01,,demo
2026-08-08 20:46:31,3.51,,demo
2026-08-08 20:46:48,1.97,,demo
2026-08-08 20:47:03,1.82,,demo
2026-08-08 20:47:18,1.87,,demo
2026-08-08 20:47:56,11.31,,demo
2026-08-08 20:48:33,11.34,,demo
2026-08-08 20:49:34,81.97,,demo
2026-08-08 20:49:55,3.00,,demo
2026-08-08 20:50:09,1.67,,demo
2026-08-08 20:50:34,4.00,,demo
2026-08-08 20:50:53,2.50,,demo
2026-08-08 20:51:07,1.64,,demo
2026-08-08 20:51:17,1.15,,demo
2026-08-08 20:51:55,12.14,,demo
2026-08-08 20:52:05,1.20,,demo
2026-08-08 20:53:03,64.42,,demo
2026-08-08 20:53:30,4.80,,demo
2026-08-08 20:53:41,1.25,,demo
2026-08-08 20:54:05,4.02,,demo
2026-08-08 20:54:26,2.90,,demo
2026-08-08 20:54:34,1.02,,demo
2026-08-08 20:55:29,49.20,,demo
2026-08-08 20:55:51,3.16,,demo
2026-08-08 20:56:08,2.06,,demo
2026-08-08 20:56:27,2.57,,demo
2026-08-08 20:56:46,2.44,,demo
2026-08-08 20:58:20,1371.37,,demo
2026-08-08 20:58:29,1.01,,demo
2026-08-08 20:58:37,1.00,,demo
2026-08-08 20:58:48,1.36,,demo
2026-08-08 20:59:00,1.34,,demo
2026-08-08 20:59:30,6.03,,demo
2026-08-08 20:59:48,2.43,,demo
2026-08-08 20:59:57,1.04,,demo
2026-08-08 21:00:37,14.63,,demo
2026-08-08 21:00:47,1.14,,demo
2026-08-08 21:00:55,1.01,,demo
2026-08-08 21:01:14,2.54,,demo
2026-08-08 21:01:23,1.04,,demo
2026-08-08 21:01:50,4.86,,demo
2026-08-08 21:02:12,3.37,,demo
2026-08-08 21:02:57,22.16,,demo
2026-08-08 21:03:07,1.11,,demo
2026-08-08 21:03:38,6.79,,demo
2026-08-08 21:03:48,1.24,,demo
2026-08-08 21:04:01,1.52,,demo
2026-08-08 21:04:13,1.37,,demo
2026-08-08 21:04:44,6.88,,demo
2026-08-08 21:05:10,4.33,,demo
2026-08-08 21:05:20,1.19,,demo
2026-08-08 21:05:33,1.46,,demo
2026-08-08 21:05:44,1.30,,demo
2026-08-08 21:06:05,2.95,,demo
2026-08-08 21:06:27,3.19,,demo
2026-08-08 21:06:36,1.08,,demo
2026-08-08 21:06:53,2.10,,demo
2026-08-08 21:07:12,2.58,,demo
2026-08-08 21:07:42,6.27,,demo
2026-08-08 21:07:53,1.29,,demo
2026-08-08 21:08:16,3.50,,demo
2026-08-08 21:08:27,1.26,,demo
2026-08-08 21:08:38,1.22,,demo
2026-08-08 21:09:15,11.90,,demo
2026-08-08 21:09:25,1.15,,demo
2026-08-08 21:09:42,2.04,,demo
2026-08-08 21:09:56,1.67,,demo
2026-08-08 21:10:04,1.00,,demo
2026-08-08 21:10:17,1.50,,demo
2026-08-08 21:10:30,1.46,,demo
2026-08-08 21:10:40,1.18,,demo
2026-08-08 21:11:04,3.77,,demo
2026-08-08 21:11:16,1.42,,demo
2026-08-08 21:11:24,1.02,,demo
2026-08-08 21:11:49,3.92,,demo
2026-08-08 21:12:21,7.71,,demo
2026-08-08 21:12:35,1.62,,demo
2026-08-08 21:12:52,2.21,,demo
2026-08-08 21:13:02,1.09,,demo
2026-08-08 21:13:13,1.29,,demo
2026-08-08 21:13:21,1.04,,demo
2026-08-08 21:13:42,2.80,,demo
2026-08-08 21:13:51,1.15,,demo
2026-08-08 21:14:10,2.42,,demo
2026-08-08 21:14:30,2.76,,demo
2026-08-08 21:14:38,1.00,,demo
2026-08-08 21:14:47,1.08,,demo
2026-08-08 21:15:01,1.62,,demo
2026-08-08 21:16:00,73.12,,demo
2026-08-08 21:16:27,4.81,,demo
2026-08-08 21:16:37,1.10,,demo
2026-08-08 21:16:47,1.20,,demo
2026-08-08 21:17:08,2.97,,demo
2026-08-08 21:17:17,1.08,,demo
2026-08-08 21:17:28,1.28,,demo
2026-08-08 21:17:46,2.35,,demo
2026-08-08 21:18:10,3.66,,demo
2026-08-08 21:18:18,1.00,,demo
2026-08-08 21:18:33,1.84,,demo
2026-08-08 21:18:43,1.12,,demo
2026-08-08 21:19:09,4.48,,demo
2026-08-08 21:19:33,4.05,,demo
2026-08-08 21:19:43,1.16,,demo
2026-08-08 21:20:16,7.81,,demo
2026-08-08 21:20:29,1.53,,demo
2026-08-08 21:20:46,2.05,,demo
2026-08-08 21:21:01,1.84,,demo
2026-08-08 21:21:09,1.00,,demo
2026-08-08 21:21:21,1.32,,demo
2026-08-08 21:21:39,2.42,,demo
2026-08-08 21:21:52,1.46,,demo
2026-08-08 21:22:03,1.27,,demo
2026-08-08 21:22:13,1.16,,demo
2026-08-08 21:22:29,1.97,,demo
2026-08-08 21:23:07,12.31,,demo
2026-08-08 21:23:15,1.00,,demo
2026-08-08 21:23:36,3.06,,demo
2026-08-08 21:23:44,1.00,,demo
2026-08-08 21:23:57,1.48,,demo
2026-08-08 21:24:12,1.79,,demo
2026-08-08 21:24:29,2.05,,demo
2026-08-08 21:24:37,1.00,,demo
2026-08-08 21:25:10,8.34,,demo
2026-08-08 21:25:54,19.73,,demo
2026-08-08 21:26:17,3.36,,demo
2026-08-08 21:26:42,4.14,,demo
2026-08-08 21:26:54,1.39,,demo
2026-08-08 21:27:09,1.79,,demo
2026-08-08 21:27:30,3.00,,demo
2026-08-08 21:28:15,21.15,,demo
2026-08-08 21:28:41,4.52,,demo
2026-08-08 21:28:55,1.62,,demo
2026-08-08 21:29:06,1.35,,demo
2026-08-08 21:29:43,11.17,,demo
2026-08-08 21:29:59,1.82,,demo
2026-08-08 21:30:08,1.10,,demo
2026-08-08 21:30:19,1.34,,demo
2026-08-08 21:30:37,2.21,,demo
2026-08-08 21:30:50,1.45,,demo
2026-08-08 21:31:02,1.44,,demo
2026-08-08 21:31:14,1.44,,demo
2026-08-08 21:31:56,15.96,,demo
2026-08-08 21:32:11,1.87,,demo
2026-08-08 21:32:45,8.47,,demo
2026-08-08 21:33:13,5.14,,demo
2026-08-08 21:33:27,1.67,,demo
2026-08-08 21:33:44,2.06,,demo
2026-08-08 21:33:53,1.16,,demo
2026-08-08 21:34:09,1.87,,demo
2026-08-08 21:34:28,2.45,,demo
2026-08-08 21:35:03,9.69,,demo
2026-08-08 21:35:13,1.21,,demo
2026-08-08 21:35:31,2.27,,demo
2026-08-08 21:35:46,1.72,,demo
2026-08-08 21:36:25,13.28,,demo
2026-08-08 21:36:42,2.11,,demo
2026-08-08 21:37:05,3.57,,demo
2026-08-08 21:37:15,1.21,,demo
2026-08-08 21:37:30,1.77,,demo
2026-08-08 21:37:45,1.74,,demo
2026-08-08 21:38:04,2.50,,demo
2026-08-08 21:38:27,3.52,,demo
2026-08-08 21:38:50,3.40,,demo
2026-08-08 21:39:08,2.29,,demo
2026-08-08 21:39:25,2.07,,demo
2026-08-08 21:39:35,1.19,,demo
2026-08-08 21:39:46,1.26,,demo
2026-08-08 21:40:00,1.69,,demo
2026-08-08 21:40:09,1.06,,demo
2026-08-08 21:40:53,20.64,,demo
2026-08-08 21:41:05,1.43,,demo
2026-08-08 21:42:34,743.56,,demo
2026-08-08 21:42:52,2.56,,demo
2026-08-08 21:43:00,1.00,,demo
2026-08-08 21:43:12,1.42,,demo
2026-08-08 21:43:22,1.17,,demo
2026-08-08 21:44:09,24.30,,demo
2026-08-08 21:44:37,5.23,,demo
2026-08-08 21:45:08,7.16,,demo
2026-08-08 21:45:27,2.42,,demo
2026-08-08 21:45:50,3.64,,demo
2026-08-08 21:46:03,1.41,,demo
2026-08-08 21:46:15,1.42,,demo
2026-08-08 21:46:29,1.67,,demo
2026-08-08 21:46:51,3.20,,demo
2026-08-08 21:47:01,1.03,,demo
2026-08-08 21:47:16,2.05,,demo
2026-08-08 21:47:28,1.43,,demo
2026-08-08 21:48:01,7.62,,demo
2026-08-08 21:48:29,5.20,,demo
2026-08-08 21:48:44,1.75,,demo
2026-08-08 21:49:11,4.89,,demo
2026-08-08 21:49:40,5.99,,demo
2026-08-08 21:50:17,11.20,,demo
2026-08-08 21:50:33,1.88,,demo
2026-08-08 21:50:41,1.01,,demo
2026-08-08 21:50:53,1.43,,demo
2026-08-08 21:51:39,23.04,,demo
2026-08-08 21:52:04,4.17,,demo
2026-08-08 21:52:17,1.44,,demo
2026-08-08 21:52:31,1.65,,demo
2026-08-08 21:53:15,21.52,,demo
2026-08-08 21:53:32,2.03,,demo
2026-08-08 21:53:50,2.36,,demo
2026-08-08 21:54:13,3.28,,demo
2026-08-08 21:54:26,1.57,,demo
2026-08-08 21:55:19,41.98,,demo
2026-08-08 21:55:33,1.63,,demo
2026-08-08 21:55:45,1.36,,demo
2026-08-08 21:55:54,1.12,,demo
2026-08-08 21:56:26,7.32,,demo
2026-08-08 21:56:35,1.09,,demo
2026-08-08 21:56:53,2.35,,demo
2026-08-08 21:57:06,1.47,,demo
2026-08-08 21:57:26,2.52,,demo
2026-08-08 21:57:35,1.15,,demo
2026-08-08 21:57:47,1.41,,demo
2026-08-08 21:58:17,5.82,,demo
2026-08-08 21:58:36,2.69,,demo
2026-08-08 21:58:57,2.80,,demo
2026-08-08 21:59:28,7.05,,demo
2026-08-08 22:00:01,8.14,,demo
2026-08-08 22:00:12,1.27,,demo
2026-08-08 22:00:22,1.12,,demo
2026-08-08 22:00:40,2.40,,demo
2026-08-08 22:00:54,1.58,,demo
2026-08-08 22:01:09,1.83,,demo
2026-08-08 22:01:33,3.40,,demo
2026-08-08 22:02:05,8.07,,demo
2026-08-08 22:02:29,3.75,,demo
2026-08-08 22:02:54,4.13,,demo
2026-08-08 22:03:09,1.87,,demo
2026-08-08 22:03:24,1.69,,demo
2026-08-08 22:03:33,1.16,,demo
2026-08-08 22:03:47,1.55,,demo
2026-08-08 22:04:22,9.24,,demo
2026-08-08 22:04:30,1.03,,demo
2026-08-08 22:04:40,1.15,,demo
2026-08-08 22:04:59,2.60,,demo
2026-08-08 22:05:12,1.51,,demo
2026-08-08 22:05:21,1.10,,demo
2026-08-08 22:05:50,5.57,,demo
2026-08-08 22:06:09,2.46,,demo
2026-08-08 22:06:24,1.84,,demo
2026-08-08 22:07:14,31.36,,demo
2026-08-08 22:07:28,1.65,,demo
2026-08-08 22:07:44,2.06,,demo
2026-08-08 22:07:54,1.11,,demo
2026-08-08 22:08:03,1.10,,demo
2026-08-08 22:08:13,1.20,,demo
2026-08-08 22:08:28,1.78,,demo
2026-08-08 22:09:07,12.64,,demo
2026-08-08 22:09:40,8.37,,demo
2026-08-08 22:10:11,6.45,,demo
2026-08-08 22:10:20,1.10,,demo
2026-08-08 22:10:37,2.10,,demo
2026-08-08 22:11:18,16.30,,demo
2026-08-08 22:11:37,2.50,,demo
2026-08-08 22:12:34,60.16,,demo
2026-08-08 22:12:49,1.73,,demo
2026-08-08 22:13:14,4.09,,demo
2026-08-08 22:13:25,1.33,,demo
2026-08-08 22:13:37,1.37,,demo
2026-08-08 22:13:51,1.67,,demo
2026-08-08 22:14:10,2.37,,demo
2026-08-08 22:14:30,2.74,,demo
2026-08-08 22:15:57,699.09,,demo
2026-08-08 22:16:11,1.63,,demo
2026-08-08 22:16:27,2.10,,demo
2026-08-08 22:16:57,6.07,,demo
2026-08-08 22:17:25,5.30,,demo
2026-08-08 22:17:45,2.67,,demo
2026-08-08 22:18:22,10.80,,demo
2026-08-08 22:18:30,1.03,,demo
2026-08-08 22:18:40,1.19,,demo
2026-08-08 22:18:48,1.00,,demo
2026-08-08 22:19:09,2.95,,demo
2026-08-08 22:19:26,2.13,,demo
2026-08-08 22:19:36,1.19,,demo
2026-08-08 22:19:52,1.80,,demo
2026-08-08 22:20:13,2.98,,demo
2026-08-08 22:20:57,20.36,,demo
2026-08-08 22:21:36,13.38,,demo
2026-08-08 22:21:50,1.45,,demo
2026-08-08 22:22:02,1.58,,demo
2026-08-08 22:22:14,1.36,,demo
2026-08-08 22:22:31,2.20,,demo
2026-08-08 22:22:39,1.00,,demo
2026-08-08 22:22:54,1.68,,demo
2026-08-08 22:23:03,1.11,,demo
2026-08-08 22:23:15,1.39,,demo
2026-08-08 22:23:42,5.00,,demo
2026-08-08 22:24:02,2.73,,demo
2026-08-08 22:24:14,1.36,,demo
2026-08-08 22:24:23,1.05,,demo
2026-08-08 22:24:43,2.78,,demo
2026-08-08 22:25:03,2.62,,demo
2026-08-08 22:25:14,1.36,,demo
2026-08-08 22:25:22,1.00,,demo
2026-08-08 22:25:33,1.24,,demo
2026-08-08 22:25:55,3.25,,demo
2026-08-08 22:26:19,3.70,,demo
2026-08-08 22:26:30,1.31,,demo
2026-08-08 22:26:48,2.19,,demo
2026-08-08 22:27:10,3.20,,demo
2026-08-08 22:27:53,18.19,,demo
2026-08-08 22:28:02,1.15,,demo
2026-08-08 22:28:32,5.88,,demo
2026-08-08 22:29:10,12.18,,demo
2026-08-08 22:29:20,1.17,,demo
2026-08-08 22:29:55,9.93,,demo
2026-08-08 22:30:14,2.46,,demo
2026-08-08 22:30:23,1.11,,demo
2026-08-08 22:30:41,2.15,,demo
2026-08-08 22:31:01,2.87,,demo
2026-08-08 22:31:30,5.74,,demo
2026-08-08 22:31:59,5.44,,demo
2026-08-08 22:32:39,14.27,,demo
2026-08-08 22:32:47,1.06,,demo
2026-08-08 22:33:09,3.00,,demo
2026-08-08 22:33:17,1.00,,demo
2026-08-08 22:33:44,4.93,,demo
2026-08-08 22:34:00,1.93,,demo
2026-08-08 22:34:17,2.20,,demo
2026-08-08 22:34:42,4.16,,demo
2026-08-08 22:35:00,2.28,,demo
2026-08-08 22:35:14,1.56,,demo
2026-08-08 22:35:31,2.22,,demo
2026-08-08 22:35:46,1.72,,demo
2026-08-08 22:36:00,1.63,,demo
2026-08-08 22:36:16,1.94,,demo
2026-08-08 22:36:36,2.84,,demo
2026-08-08 22:36:53,2.07,,demo
2026-08-08 22:37:03,1.17,,demo
2026-08-08 22:37:27,3.62,,demo
2026-08-08 22:37:45,2.43,,demo
2026-08-08 22:38:32,24.99,,demo
2026-08-08 22:39:00,5.45,,demo
2026-08-08 22:39:17,2.09,,demo
2026-08-08 22:39:33,1.92,,demo
2026-08-08 22:40:16,17.63,,demo
2026-08-08 22:40:29,1.53,,demo
2026-08-08 22:41:11,16.90,,demo
2026-08-08 22:41:33,3.34,,demo
2026-08-08 22:41:59,4.33,,demo
2026-08-08 22:42:11,1.45,,demo
2026-08-08 22:42:24,1.44,,demo
2026-08-08 22:42:42,2.27,,demo
2026-08-08 22:43:27,22.71,,demo
2026-08-08 22:43:37,1.21,,demo
2026-08-08 22:44:00,3.20,,demo
2026-08-08 22:44:08,1.07,,demo
2026-08-08 22:44:25,2.07,,demo
2026-08-08 22:45:06,16.02,,demo
2026-08-08 22:45:29,3.23,,demo
2026-08-08 22:45:44,1.88,,demo
2026-08-08 22:45:54,1.17,,demo
2026-08-08 22:46:33,12.67,,demo
2026-08-08 22:46:41,1.00,,demo
2026-08-08 22:47:02,3.02,,demo
2026-08-08 22:47:22,2.61,,demo
2026-08-08 22:47:30,1.02,,demo
2026-08-08 22:47:51,2.88,,demo
2026-08-08 22:48:05,1.76,,demo
2026-08-08 22:48:28,3.30,,demo
2026-08-08 22:48:53,4.19,,demo
2026-08-08 22:49:02,1.07,,demo
2026-08-08 22:49:19,2.11,,demo
2026-08-08 22:49:32,1.56,,demo
2026-08-08 22:50:09,10.26,,demo
2026-08-08 22:50:49,14.81,,demo
2026-08-08 22:50:57,1.03,,demo
2026-08-08 22:51:26,5.83,,demo
2026-08-08 22:51:39,1.49,,demo
2026-08-08 22:52:23,19.92,,demo
2026-08-08 22:52:39,1.99,,demo
2026-08-08 22:53:14,9.33,,demo
2026-08-08 22:53:28,1.55,,demo
2026-08-08 22:53:58,6.72,,demo
2026-08-08 22:54:15,2.10,,demo
2026-08-08 22:55:03,27.87,,demo
2026-08-08 22:55:27,3.64,,demo
2026-08-08 22:55:49,3.30,,demo
2026-08-08 22:56:01,1.39,,demo
2026-08-08 22:56:12,1.27,,demo
2026-08-08 22:56:31,2.46,,demo
2026-08-08 22:56:42,1.28,,demo
2026-08-08 22:57:13,6.78,,demo
2026-08-08 22:57:28,1.71,,demo
2026-08-08 22:57:43,1.92,,demo
2026-08-08 22:58:29,23.98,,demo
2026-08-08 22:59:05,9.54,,demo
2026-08-08 22:59:18,1.59,,demo
2026-08-09 13:12:06,2.81,,demo
2026-08-09 13:12:17,1.36,,demo
2026-08-09 13:12:27,1.17,,demo
2026-08-09 13:12:43,1.89,,demo
2026-08-09 13:12:52,1.11,,demo
2026-08-09 13:13:25,8.09,,demo
2026-08-09 13:13:41,1.94,,demo
2026-08-09 13:13:49,1.03,,demo
2026-08-09 13:14:12,3.34,,demo
2026-08-09 13:15:05,42.56,,demo
2026-08-09 13:15:23,2.27,,demo
2026-08-09 13:16:28,115.95,,demo
2026-08-09 13:16:37,1.11,,demo
2026-08-09 13:16:45,1.01,,demo
2026-08-09 13:17:29,19.50,,demo
2026-08-09 13:17:48,2.44,,demo
2026-08-09 13:18:04,1.94,,demo
2026-08-09 13:18:16,1.39,,demo
2026-08-09 13:18:34,2.34,,demo
2026-08-09 13:18:55,2.92,,demo
2026-08-09 13:19:10,1.76,,demo
2026-08-09 13:19:20,1.23,,demo
2026-08-09 13:19:29,1.07,,demo
2026-08-09 13:19:49,2.74,,demo
2026-08-09 13:20:09,2.62,,demo
2026-08-09 13:20:20,1.36,,demo
2026-08-09 13:20:37,2.10,,demo
2026-08-09 13:21:08,6.50,,demo
2026-08-09 13:21:18,1.13,,demo
2026-08-09 13:21:26,1.05,,demo
2026-08-09 13:21:34,1.00,,demo
2026-08-09 13:21:46,1.43,,demo
2026-08-09 13:22:30,20.00,,demo
2026-08-09 13:22:49,2.47,,demo
2026-08-09 13:22:57,1.00,,demo
2026-08-09 13:23:11,1.54,,demo
2026-08-09 13:23:34,3.74,,demo
2026-08-09 13:24:03,5.48,,demo
2026-08-09 13:24:21,2.37,,demo
2026-08-09 13:24:50,5.75,,demo
2026-08-09 13:25:06,1.84,,demo
2026-08-09 13:25:22,2.06,,demo
2026-08-09 13:25:31,1.00,,demo
2026-08-09 13:25:49,2.48,,demo
2026-08-09 13:26:29,13.52,,demo
2026-08-09 13:26:59,6.33,,demo
2026-08-09 13:27:11,1.36,,demo
2026-08-09 13:27:31,2.90,,demo
2026-08-09 13:27:49,2.26,,demo
2026-08-09 13:27:58,1.05,,demo
2026-08-09 13:28:09,1.27,,demo
2026-08-09 13:28:21,1.46,,demo
2026-08-09 13:28:37,1.97,,demo
2026-08-09 13:28:54,1.99,,demo
2026-08-09 13:29:33,13.70,,demo
2026-08-09 13:30:13,13.67,,demo
2026-08-09 13:30:26,1.49,,demo
2026-08-09 13:30:40,1.68,,demo
2026-08-09 13:30:55,1.79,,demo
2026-08-09 13:31:03,1.02,,demo
2026-08-09 13:31:16,1.46,,demo
2026-08-09 13:31:33,2.23,,demo
2026-08-09 13:31:41,1.00,,demo
2026-08-09 13:32:07,4.34,,demo
2026-08-09 13:32:37,6.14,,demo
2026-08-09 13:32:56,2.49,,demo
2026-08-09 13:33:23,4.74,,demo
2026-08-09 13:33:51,5.17,,demo
2026-08-09 13:34:01,1.28,,demo
2026-08-09 13:34:10,1.04,,demo
2026-08-09 13:34:29,2.49,,demo
2026-08-09 13:34:44,1.76,,demo
2026-08-09 13:35:18,9.20,,demo
2026-08-09 13:35:31,1.51,,demo
2026-08-09 13:36:08,10.60,,demo
2026-08-09 13:36:22,1.73,,demo
2026-08-09 13:36:35,1.53,,demo
2026-08-09 13:36:48,1.43,,demo
2026-08-09 13:37:14,4.72,,demo
2026-08-09 13:37:36,3.03,,demo
2026-08-09 13:37:46,1.23,,demo
2026-08-09 13:37:54,1.00,,demo
2026-08-09 13:38:05,1.23,,demo
2026-08-09 13:38:23,2.35,,demo
2026-08-09 13:38:32,1.10,,demo
2026-08-09 13:38:41,1.08,,demo
2026-08-09 13:39:11,6.38,,demo
2026-08-09 13:39:20,1.08,,demo
2026-08-09 13:40:07,25.49,,demo
2026-08-09 13:40:17,1.13,,demo
2026-08-09 13:40:35,2.34,,demo
2026-08-09 13:40:52,2.13,,demo
2026-08-09 13:41:00,1.00,,demo
2026-08-09 13:41:12,1.32,,demo
2026-08-09 13:41:32,2.78,,demo
2026-08-09 13:42:08,10.29,,demo
2026-08-09 13:42:22,1.69,,demo
2026-08-09 13:42:37,1.74,,demo
2026-08-09 13:42:55,2.29,,demo
2026-08-09 13:43:15,2.82,,demo
2026-08-09 13:43:26,1.28,,demo
2026-08-09 13:43:40,1.52,,demo
2026-08-09 13:44:19,13.88,,demo
2026-08-09 13:44:28,1.09,,demo
2026-08-09 13:44:41,1.51,,demo
2026-08-09 13:45:10,5.72,,demo
2026-08-09 13:45:42,7.45,,demo
2026-08-09 13:45:50,1.00,,demo
2026-08-09 13:46:03,1.46,,demo
2026-08-09 13:46:40,11.26,,demo
2026-08-09 13:47:02,3.18,,demo
2026-08-09 13:47:14,1.43,,demo
2026-08-09 13:47:42,5.25,,demo
2026-08-09 13:48:44,90.79,,demo
2026-08-09 13:49:06,3.03,,demo
2026-08-09 13:49:19,1.50,,demo
2026-08-09 13:49:33,1.67,,demo
2026-08-09 13:49:57,3.81,,demo
2026-08-09 13:50:25,5.38,,demo
2026-08-09 13:51:00,9.83,,demo
2026-08-09 13:51:09,1.06,,demo
2026-08-09 13:51:18,1.10,,demo
2026-08-09 13:51:30,1.40,,demo
2026-08-09 13:51:54,3.59,,demo
2026-08-09 13:52:12,2.40,,demo
2026-08-09 13:52:41,5.71,,demo
2026-08-09 13:52:53,1.30,,demo
2026-08-09 13:53:03,1.23,,demo
2026-08-09 13:53:28,4.12,,demo
2026-08-09 13:53:42,1.65,,demo
2026-08-09 13:54:18,10.42,,demo
2026-08-09 13:54:28,1.11,,demo
2026-08-09 13:54:36,1.04,,demo
2026-08-09 13:54:47,1.26,,demo
2026-08-09 13:54:59,1.41,,demo
2026-08-09 13:55:15,1.86,,demo
2026-08-09 13:55:42,5.17,,demo
2026-08-09 13:55:53,1.24,,demo
2026-08-09 13:56:18,4.08,,demo
2026-08-09 13:56:47,5.60,,demo
2026-08-09 13:57:02,1.78,,demo
2026-08-09 13:57:20,2.42,,demo
2026-08-09 13:57:40,2.57,,demo
2026-08-09 13:58:24,21.57,,demo
2026-08-09 13:58:45,2.85,,demo
2026-08-09 13:58:56,1.22,,demo
2026-08-09 13:59:04,1.00,,demo
2026-08-09 13:59:12,1.00,,demo
2026-08-09 13:59:45,7.99,,demo
2026-08-09 13:59:57,1.51,,demo
2026-08-09 14:00:09,1.32,,demo
2026-08-09 14:00:37,5.31,,demo
2026-08-09 14:00:55,2.22,,demo
2026-08-09 14:01:12,2.09,,demo
2026-08-09 14:01:25,1.53,,demo
2026-08-09 14:02:02,11.31,,demo
2026-08-09 14:02:20,2.26,,demo
2026-08-09 14:03:04,20.53,,demo
2026-08-09 14:03:15,1.24,,demo
2026-08-09 14:03:37,3.26,,demo
2026-08-09 14:03:54,2.25,,demo
2026-08-09 14:04:19,3.82,,demo
2026-08-09 14:04:32,1.62,,demo
2026-08-09 14:04:46,1.62,,demo
2026-08-09 14:05:05,2.34,,demo
2026-08-09 14:05:34,6.15,,demo
2026-08-09 14:05:44,1.18,,demo
2026-08-09 14:05:53,1.09,,demo
2026-08-09 14:06:35,16.95,,demo
2026-08-09 14:07:23,26.32,,demo
2026-08-09 14:07:31,1.02,,demo
2026-08-09 14:07:46,1.78,,demo
2026-08-09 14:08:01,1.83,,demo
2026-08-09 14:08:23,3.24,,demo
2026-08-09 14:08:33,1.09,,demo
2026-08-09 14:09:04,7.20,,demo
2026-08-09 14:09:12,1.00,,demo
2026-08-09 14:09:29,2.14,,demo
2026-08-09 14:09:44,1.72,,demo
2026-08-09 14:10:10,4.46,,demo
2026-08-09 14:10:47,11.56,,demo
2026-08-09 14:10:57,1.10,,demo
2026-08-09 14:11:06,1.16,,demo
2026-08-09 14:11:16,1.18,,demo
2026-08-09 14:11:58,16.69,,demo
2026-08-09 14:12:11,1.51,,demo
2026-08-09 14:12:20,1.08,,demo
2026-08-09 14:12:31,1.24,,demo
2026-08-09 14:12:45,1.74,,demo
2026-08-09 14:12:56,1.19,,demo
2026-08-09 14:13:26,6.18,,demo
2026-08-09 14:14:05,13.73,,demo
2026-08-09 14:14:17,1.43,,demo
2026-08-09 14:15:34,302.76,,demo
2026-08-09 14:15:53,2.44,,demo
2026-08-09 14:16:03,1.27,,demo
2026-08-09 14:16:13,1.09,,demo
2026-08-09 14:16:27,1.71,,demo
2026-08-09 14:17:19,37.15,,demo
2026-08-09 14:17:51,7.70,,demo
2026-08-09 14:18:02,1.30,,demo
2026-08-09 14:18:48,22.69,,demo
2026-08-09 14:19:04,2.00,,demo
2026-08-09 14:19:16,1.34,,demo
2026-08-09 14:19:24,1.00,,demo
2026-08-09 14:19:37,1.59,,demo
2026-08-09 14:20:18,15.46,,demo
2026-08-09 14:20:38,2.68,,demo
2026-08-09 14:20:52,1.62,,demo
2026-08-09 14:21:12,2.74,,demo
2026-08-09 14:21:39,4.91,,demo
2026-08-09 14:22:04,4.20,,demo
2026-08-09 14:22:34,5.90,,demo
2026-08-09 14:22:48,1.75,,demo
2026-08-09 14:23:00,1.29,,demo
2026-08-09 14:23:10,1.24,,demo
2026-08-09 14:23:26,1.97,,demo
2026-08-09 14:23:45,2.37,,demo
2026-08-09 14:23:59,1.66,,demo
2026-08-09 14:24:08,1.13,,demo
2026-08-09 14:24:18,1.19,,demo
2026-08-09 14:24:32,1.58,,demo
2026-08-09 14:24:59,4.94,,demo
2026-08-09 14:25:14,1.79,,demo
2026-08-09 14:25:22,1.00,,demo
2026-08-09 14:25:35,1.44,,demo
2026-08-09 14:25:51,1.95,,demo
2026-08-09 14:26:02,1.34,,demo
2026-08-09 14:26:36,8.44,,demo
2026-08-09 14:26:44,1.00,,demo
2026-08-09 14:26:57,1.46,,demo
2026-08-09 14:27:34,11.84,,demo
2026-08-09 14:27:53,2.54,,demo
2026-08-09 14:28:09,1.90,,demo
2026-08-09 14:28:30,2.89,,demo
2026-08-09 14:29:04,8.74,,demo
2026-08-09 14:29:12,1.00,,demo
2026-08-09 14:29:32,2.62,,demo
2026-08-09 14:29:48,1.98,,demo
2026-08-09 14:29:58,1.16,,demo
2026-08-09 14:30:13,1.80,,demo
2026-08-09 14:30:56,18.74,,demo
2026-08-09 14:31:27,6.50,,demo
2026-08-09 14:31:38,1.35,,demo
2026-08-09 14:32:00,3.01,,demo
2026-08-09 14:32:44,20.37,,demo
2026-08-09 14:32:59,1.87,,demo
2026-08-09 14:33:13,1.62,,demo
2026-08-09 14:33:56,17.87,,demo
2026-08-09 14:34:42,24.16,,demo
2026-08-09 14:35:25,18.54,,demo
2026-08-09 14:35:50,4.21,,demo
2026-08-09 14:36:27,10.45,,demo
2026-08-09 14:37:07,14.61,,demo
2026-08-09 14:37:16,1.11,,demo
2026-08-09 14:37:25,1.03,,demo
2026-08-09 14:37:56,7.07,,demo
2026-08-09 14:38:06,1.17,,demo
2026-08-09 14:38:16,1.19,,demo
2026-08-09 14:38:39,3.42,,demo
2026-08-09 14:39:09,6.09,,demo
2026-08-09 14:39:46,11.77,,demo
2026-08-09 14:40:06,2.57,,demo
2026-08-09 14:40:29,3.50,,demo
2026-08-09 14:40:56,5.05,,demo
2026-08-09 14:41:07,1.30,,demo
2026-08-09 14:41:31,3.53,,demo
2026-08-09 14:41:39,1.07,,demo
2026-08-09 14:41:48,1.06,,demo
2026-08-09 14:41:58,1.17,,demo
2026-08-09 14:42:18,2.63,,demo
2026-08-09 14:42:37,2.62,,demo
2026-08-09 14:42:58,2.92,,demo
2026-08-09 14:43:19,2.81,,demo
2026-08-09 14:43:31,1.44,,demo
2026-08-09 14:43:44,1.47,,demo
2026-08-09 14:44:02,2.35,,demo
2026-08-09 14:44:14,1.34,,demo
2026-08-09 14:44:22,1.00,,demo
2026-08-09 14:45:16,46.16,,demo
2026-08-09 14:45:27,1.38,,demo
2026-08-09 14:45:37,1.14,,demo
2026-08-09 14:46:53,278.50,,demo
2026-08-09 14:47:15,3.29,,demo
2026-08-09 14:47:49,8.93,,demo
2026-08-09 14:48:03,1.58,,demo
2026-08-09 14:48:26,3.49,,demo
2026-08-09 14:48:56,6.09,,demo
2026-08-09 14:49:23,4.83,,demo
2026-08-09 14:49:32,1.12,,demo
2026-08-09 14:50:04,7.18,,demo
2026-08-09 14:50:17,1.54,,demo
2026-08-09 14:50:29,1.35,,demo
2026-08-09 14:50:55,4.62,,demo
2026-08-09 14:51:09,1.59,,demo
2026-08-09 14:51:49,14.52,,demo
2026-08-09 14:52:13,3.91,,demo
2026-08-09 14:52:26,1.46,,demo
2026-08-09 14:52:40,1.70,,demo
2026-08-09 14:53:03,3.54,,demo
2026-08-09 14:53:22,2.35,,demo
2026-08-09 14:53:32,1.20,,demo
2026-08-09 14:54:13,15.23,,demo
2026-08-09 14:54:30,2.26,,demo
2026-08-09 14:54:40,1.17,,demo
2026-08-09 14:54:52,1.39,,demo
2026-08-09 14:55:14,3.26,,demo
2026-08-09 14:55:38,3.50,,demo
2026-08-09 14:56:00,3.18,,demo
2026-08-09 14:56:13,1.60,,demo
2026-08-09 14:56:23,1.13,,demo
2026-08-09 14:56:40,2.26,,demo
2026-08-09 14:56:55,1.74,,demo
2026-08-09 14:57:07,1.33,,demo
2026-08-09 14:57:18,1.29,,demo
2026-08-09 14:57:36,2.32,,demo
2026-08-09 14:57:51,1.84,,demo
2026-08-09 14:58:06,1.80,,demo
2026-08-09 14:58:31,4.04,,demo
2026-08-09 14:58:42,1.26,,demo
2026-08-09 14:58:51,1.25,,demo
2026-08-09 14:59:00,1.10,,demo
2026-08-09 14:59:13,1.48,,demo
2026-08-09 14:59:31,2.31,,demo
2026-08-09 14:59:40,1.08,,demo
2026-08-09 15:00:04,3.87,,demo
2026-08-09 15:00:16,1.39,,demo
2026-08-09 15:00:26,1.15,,demo
2026-08-09 15:01:03,11.54,,demo
2026-08-09 15:01:12,1.06,,demo
2026-08-09 15:01:24,1.44,,demo
2026-08-09 15:01:33,1.01,,demo
2026-08-09 15:01:45,1.41,,demo
2026-08-09 15:02:08,3.43,,demo
2026-08-09 15:02:19,1.37,,demo
2026-08-09 15:02:54,8.86,,demo
2026-08-09 15:03:05,1.31,,demo
2026-08-09 15:03:40,9.35,,demo
2026-08-09 15:03:52,1.36,,demo
2026-08-09 15:04:24,7.71,,demo
2026-08-09 15:04:34,1.12,,demo
2026-08-09 15:05:09,9.73,,demo
2026-08-09 15:05:18,1.06,,demo
2026-08-09 15:05:28,1.25,,demo
2026-08-09 15:05:40,1.42,,demo
2026-08-09 15:06:09,5.55,,demo
2026-08-09 15:06:48,12.36,,demo
2026-08-09 15:06:58,1.21,,demo
2026-08-09 15:07:07,1.08,,demo
2026-08-09 15:07:16,1.13,,demo
2026-08-09 15:07:24,1.00,,demo
2026-08-09 15:07:34,1.17,,demo
2026-08-09 15:07:47,1.52,,demo
2026-08-09 15:07:57,1.15,,demo
2026-08-09 15:08:14,2.22,,demo
2026-08-09 15:08:24,1.02,,demo
2026-08-09 15:08:52,6.07,,demo
2026-08-09 15:09:01,1.02,,demo
2026-08-09 15:09:23,3.39,,demo
2026-08-09 15:09:41,2.23,,demo
2026-08-09 15:09:52,1.24,,demo
2026-08-09 15:10:17,4.17,,demo
2026-08-09 15:10:32,1.83,,demo
2026-08-09 15:10:47,1.84,,demo
2026-08-09 15:10:57,1.14,,demo
2026-08-09 15:11:44,26.16,,demo
2026-08-09 15:11:57,1.48,,demo
2026-08-09 15:12:14,2.09,,demo
2026-08-09 15:13:36,485.39,,demo
2026-08-09 15:13:58,3.26,,demo
2026-08-09 15:14:13,1.71,,demo
2026-08-09 15:14:30,2.10,,demo
2026-08-09 15:14:42,1.42,,demo
2026-08-09 15:14:55,1.54,,demo
2026-08-09 15:15:06,1.20,,demo
2026-08-09 15:15:27,2.97,,demo
2026-08-09 15:15:48,3.06,,demo
2026-08-09 15:16:07,2.49,,demo
2026-08-09 15:16:27,2.52,,demo
2026-08-09 15:16:52,4.56,,demo
2026-08-09 15:17:06,1.56,,demo
2026-08-09 15:17:25,2.28,,demo
2026-08-09 15:17:37,1.52,,demo
2026-08-09 15:18:11,8.69,,demo
2026-08-09 15:18:37,4.36,,demo
2026-08-09 15:18:45,1.01,,demo
2026-08-09 15:18:55,1.18,,demo
2026-08-09 15:19:35,14.96,,demo
2026-08-09 15:19:45,1.20,,demo
2026-08-09 15:20:07,2.97,,demo
2026-08-09 15:20:26,2.69,,demo
2026-08-09 15:21:10,17.65,,demo
2026-08-09 15:21:33,3.90,,demo
2026-08-09 15:22:10,11.29,,demo
2026-08-09 15:22:27,2.12,,demo
2026-08-09 15:22:48,2.82,,demo
2026-08-09 15:23:06,2.39,,demo
2026-08-09 15:23:30,3.58,,demo
2026-08-09 15:23:39,1.11,,demo
2026-08-09 15:23:59,2.77,,demo
2026-08-09 15:24:21,3.05,,demo
2026-08-09 15:24:50,5.94,,demo
2026-08-09 15:25:03,1.47,,demo
2026-08-09 15:25:11,1.00,,demo
2026-08-09 15:25:35,3.83,,demo
2026-08-09 15:25:44,1.04,,demo
2026-08-09 15:26:00,1.92,,demo
2026-08-09 15:26:33,8.14,,demo
2026-08-09 15:26:42,1.14,,demo
2026-08-09 15:26:50,1.01,,demo
2026-08-09 15:27:16,4.24,,demo
2026-08-09 15:27:24,1.00,,demo
2026-08-09 15:28:34,178.72,,demo
2026-08-09 15:28:45,1.26,,demo
2026-08-09 15:29:09,3.83,,demo
2026-08-09 15:29:26,1.98,,demo
2026-08-09 15:30:07,15.91,,demo
2026-08-09 15:30:24,2.11,,demo
2026-08-09 15:30:32,1.07,,demo
2026-08-09 15:31:02,5.11,,demo
2026-08-09 15:31:13,1.25,,demo
2026-08-09 15:31:32,2.57,,demo
2026-08-09 15:31:40,1.00,,demo
2026-08-09 15:32:42,86.88,,demo
2026-08-09 15:32:53,1.30,,demo
2026-08-09 15:33:20,4.64,,demo
2026-08-09 15:33:52,7.37,,demo
2026-08-09 15:34:17,4.12,,demo
2026-08-09 15:34:26,1.11,,demo
2026-08-09 15:34:44,2.34,,demo
2026-08-09 15:34:55,1.32,,demo
2026-08-09 15:35:04,1.00,,demo
2026-08-09 15:35:20,2.05,,demo
2026-08-09 15:35:52,7.04,,demo
2026-08-09 15:36:45,42.86,,demo
2026-08-09 15:37:10,4.13,,demo
2026-08-09 15:37:20,1.23,,demo
2026-08-09 15:37:37,2.13,,demo
2026-08-09 15:37:46,1.02,,demo
2026-08-09 15:37:58,1.37,,demo
2026-08-09 15:38:30,7.94,,demo
2026-08-09 15:39:02,7.10,,demo
2026-08-09 15:39:19,2.08,,demo
2026-08-09 15:39:49,6.15,,demo
2026-08-09 15:39:57,1.00,,demo
2026-08-09 15:40:27,6.31,,demo
2026-08-09 15:40:36,1.13,,demo
2026-08-09 15:41:19,18.60,,demo
2026-08-09 15:41:41,2.96,,demo
2026-08-09 15:42:04,3.69,,demo
2026-08-09 15:42:33,5.57,,demo
2026-08-09 15:42:41,1.00,,demo
2026-08-09 15:43:18,10.73,,demo
2026-08-09 15:43:41,3.76,,demo
2026-08-09 15:43:56,1.74,,demo
2026-08-09 15:44:33,10.46,,demo
2026-08-09 15:44:43,1.26,,demo
2026-08-09 15:44:57,1.65,,demo
2026-08-09 15:45:07,1.20,,demo
2026-08-09 15:45:17,1.10,,demo
2026-08-09 15:45:35,2.47,,demo
2026-08-09 15:45:56,2.78,,demo
2026-08-09 15:46:22,4.42,,demo
2026-08-09 15:46:35,1.54,,demo
2026-08-09 15:46:48,1.51,,demo
2026-08-09 15:47:00,1.34,,demo
2026-08-09 15:47:12,1.45,,demo
2026-08-09 15:47:29,2.13,,demo
2026-08-09 15:48:07,12.37,,demo
2026-08-09 15:48:20,1.52,,demo
2026-08-09 15:48:42,3.22,,demo
2026-08-09 15:49:20,11.95,,demo
2026-08-09 15:50:19,65.28,,demo
2026-08-09 15:50:33,1.64,,demo
2026-08-09 15:51:11,12.80,,demo
2026-08-09 15:51:26,1.76,,demo
2026-08-09 15:51:36,1.14,,demo
2026-08-09 15:51:45,1.15,,demo
2026-08-09 15:51:57,1.38,,demo
2026-08-09 15:52:42,21.10,,demo
2026-08-09 15:52:57,1.90,,demo
2026-08-09 15:53:37,13.40,,demo
2026-08-09 15:53:55,2.33,,demo
2026-08-09 15:54:19,3.95,,demo
2026-08-09 15:54:29,1.10,,demo
2026-08-09 15:54:52,3.72,,demo
2026-08-09 15:55:27,9.30,,demo
2026-08-09 15:55:45,2.25,,demo
2026-08-09 15:56:02,2.09,,demo
2026-08-09 15:56:13,1.26,,demo
2026-08-09 15:57:08,50.88,,demo
2026-08-09 15:57:18,1.16,,demo
2026-08-09 15:57:50,7.43,,demo
2026-08-09 15:58:05,1.85,,demo
2026-08-09 15:58:15,1.03,,demo
2026-08-09 15:58:45,7.04,,demo
2026-08-09 15:59:02,2.05,,demo
2026-08-09 15:59:21,2.41,,demo
2026-08-09 15:59:30,1.18,,demo
2026-08-09 15:59:43,1.50,,demo
2026-08-09 16:00:25,16.86,,demo
2026-08-09 16:00:34,1.10,,demo
2026-08-09 16:00:48,1.63,,demo
2026-08-09 16:00:58,1.15,,demo
2026-08-09 16:01:17,2.44,,demo
2026-08-09 16:01:27,1.23,,demo
2026-08-09 16:01:36,1.03,,demo
2026-08-09 16:01:46,1.23,,demo
2026-08-09 16:02:25,12.24,,demo
2026-08-09 16:02:54,6.27,,demo
2026-08-09 16:03:06,1.39,,demo
2026-08-09 16:03:23,2.07,,demo
2026-08-09 16:03:49,4.49,,demo
2026-08-09 16:04:04,1.76,,demo
2026-08-09 16:04:26,3.25,,demo
2026-08-09 16:04:43,2.03,,demo
2026-08-09 16:04:51,1.01,,demo
2026-08-09 16:05:07,1.98,,demo
2026-08-09 16:05:22,1.73,,demo
2026-08-09 16:05:33,1.30,,demo
2026-08-09 16:05:42,1.05,,demo
2026-08-09 16:06:00,2.32,,demo
2026-08-09 16:06:26,4.32,,demo
2026-08-09 16:06:59,8.75,,demo
2026-08-09 16:07:32,7.94,,demo
2026-08-09 16:07:59,4.78,,demo
2026-08-09 16:08:23,3.83,,demo
2026-08-09 16:08:31,1.00,,demo
2026-08-09 16:08:52,2.78,,demo
2026-08-09 16:09:01,1.08,,demo
2026-08-09 16:09:18,2.18,,demo
2026-08-09 16:09:40,3.14,,demo
2026-08-09 16:10:20,14.46,,demo
2026-08-09 16:10:39,2.43,,demo
2026-08-09 16:10:52,1.61,,demo
2026-08-09 16:11:09,2.00,,demo
2026-08-09 16:11:24,1.85,,demo
2026-08-09 16:11:39,1.75,,demo
2026-08-09 16:11:50,1.27,,demo
2026-08-09 16:11:58,1.01,,demo
2026-08-09 16:12:18,2.75,,demo
2026-08-09 16:12:33,1.79,,demo
2026-08-09 16:12:44,1.28,,demo
2026-08-09 16:12:56,1.35,,demo
2026-08-09 16:13:08,1.36,,demo
2026-08-09 16:14:03,51.68,,demo
2026-08-09 16:14:12,1.06,,demo
2026-08-09 16:14:27,1.85,,demo
2026-08-09 16:14:41,1.71,,demo
2026-08-09 16:14:53,1.36,,demo
2026-08-09 16:15:06,1.53,,demo
2026-08-09 16:15:21,1.71,,demo
2026-08-09 16:16:13,38.40,,demo
2026-08-09 16:16:21,1.01,,demo
2026-08-09 16:17:11,32.73,,demo
2026-08-09 16:17:33,3.36,,demo
2026-08-09 16:17:50,2.06,,demo
2026-08-09 16:18:04,1.64,,demo
2026-08-09 16:18:15,1.25,,demo
2026-08-09 16:18:28,1.54,,demo
2026-08-09 16:19:15,26.00,,demo
2026-08-09 16:19:29,1.65,,demo
2026-08-09 16:19:46,2.17,,demo
2026-08-09 16:20:06,2.60,,demo
2026-08-09 16:20:20,1.60,,demo
2026-08-09 16:20:35,1.84,,demo
2026-08-09 16:20:48,1.55,,demo
2026-08-09 16:21:18,6.10,,demo
2026-08-09 16:21:31,1.51,,demo
2026-08-09 16:21:52,3.02,,demo
2026-08-09 16:22:01,1.05,,demo
2026-08-09 16:22:32,6.99,,demo
2026-08-09 16:22:41,1.05,,demo
2026-08-09 16:22:51,1.20,,demo
2026-08-09 16:22:59,1.02,,demo
2026-08-09 16:23:10,1.19,,demo
2026-08-09 16:23:21,1.35,,demo
2026-08-09 16:23:44,3.33,,demo
2026-08-09 16:24:34,33.76,,demo
2026-08-09 16:24:47,1.40,,demo
2026-08-09 16:25:23,10.98,,demo
2026-08-09 16:25:48,4.17,,demo
2026-08-09 16:26:03,1.77,,demo
2026-08-09 16:26:17,1.60,,demo
2026-08-09 16:26:25,1.00,,demo
2026-08-09 16:26:36,1.34,,demo
2026-08-09 16:26:45,1.04,,demo
2026-08-09 16:27:44,70.76,,demo
2026-08-09 16:27:59,1.85,,demo
2026-08-09 16:28:11,1.38,,demo
2026-08-09 16:28:21,1.15,,demo
2026-08-09 16:28:36,1.84,,demo
2026-08-09 16:28:44,1.00,,demo
2026-08-09 16:28:56,1.35,,demo
2026-08-09 16:29:27,6.87,,demo
2026-08-09 16:29:41,1.69,,demo
2026-08-09 16:30:06,3.96,,demo
2026-08-09 16:30:25,2.25,,demo
2026-08-09 16:30:47,3.55,,demo
2026-08-09 16:30:56,1.09,,demo
2026-08-09 16:31:15,2.52,,demo
2026-08-09 16:32:04,30.39,,demo
2026-08-09 16:32:13,1.03,,demo
2026-08-09 16:32:34,2.98,,demo
2026-08-09 16:32:50,1.96,,demo
2026-08-09 16:33:03,1.54,,demo
2026-08-09 16:33:11,1.00,,demo
2026-08-09 16:33:36,4.06,,demo
2026-08-09 16:34:11,9.30,,demo
2026-08-09 16:34:47,10.65,,demo
2026-08-09 16:35:09,3.07,,demo
2026-08-09 16:35:17,1.06,,demo
2026-08-09 16:35:27,1.11,,demo
2026-08-09 16:35:35,1.04,,demo
2026-08-09 16:36:12,11.19,,demo
2026-08-09 16:36:54,17.15,,demo
2026-08-09 16:37:54,73.77,,demo
2026-08-09 16:38:06,1.36,,demo
2026-08-09 16:38:35,5.87,,demo
2026-08-09 16:38:45,1.12,,demo
2026-08-09 16:39:37,40.74,,demo
2026-08-09 16:39:55,2.36,,demo
2026-08-09 16:40:12,2.01,,demo
2026-08-09 16:40:20,1.01,,demo
2026-08-09 16:40:41,2.78,,demo
2026-08-09 16:40:57,2.11,,demo
2026-08-09 16:41:26,5.57,,demo
2026-08-09 16:41:38,1.45,,demo
2026-08-09 16:42:00,3.17,,demo
2026-08-09 16:42:28,5.30,,demo
2026-08-09 16:42:43,1.72,,demo
2026-08-09 16:42:54,1.35,,demo
2026-08-09 16:43:13,2.45,,demo
2026-08-09 16:43:22,1.05,,demo
2026-08-09 16:43:42,2.68,,demo
2026-08-09 16:44:00,2.25,,demo
2026-08-09 16:44:13,1.54,,demo
2026-08-09 16:44:36,3.50,,demo
2026-08-09 16:44:48,1.37,,demo
2026-08-09 16:45:06,2.47,,demo
2026-08-09 16:45:24,2.26,,demo
2026-08-09 16:45:49,3.99,,demo
2026-08-09 16:46:04,1.73,,demo
2026-08-09 16:46:21,2.13,,demo
2026-08-09 16:46:33,1.37,,demo
2026-08-09 16:46:50,2.27,,demo
2026-08-09 16:46:59,1.01,,demo
2026-08-09 16:47:14,1.84,,demo
2026-08-09 16:47:45,6.93,,demo
2026-08-09 16:48:23,11.92,,demo
2026-08-09 16:48:32,1.06,,demo
2026-08-09 16:48:53,2.90,,demo
2026-08-09 16:49:13,2.78,,demo
2026-08-09 16:49:39,4.61,,demo
2026-08-09 16:50:13,8.53,,demo
2026-08-09 16:50:22,1.11,,demo
2026-08-09 16:50:54,7.42,,demo
2026-08-09 16:51:16,3.16,,demo
2026-08-09 16:51:33,2.10,,demo
2026-08-09 16:52:04,6.55,,demo
2026-08-09 16:52:14,1.25,,demo
2026-08-09 16:52:40,4.08,,demo
2026-08-09 16:52:54,1.71,,demo
2026-08-09 16:53:12,2.23,,demo
2026-08-09 16:53:29,2.24,,demo
2026-08-09 16:54:08,12.97,,demo
2026-08-09 16:54:50,14.88,,demo
2026-08-09 16:54:58,1.07,,demo
2026-08-09 16:55:09,1.38,,demo
2026-08-09 16:55:32,3.28,,demo
2026-08-09 16:55:41,1.14,,demo
2026-08-09 16:55:50,1.04,,demo
2026-08-09 16:56:04,1.61,,demo
2026-08-09 16:56:18,1.73,,demo
2026-08-09 16:56:35,2.08,,demo
2026-08-09 16:56:55,2.55,,demo
2026-08-09 16:57:06,1.31,,demo
2026-08-09 16:57:30,3.86,,demo
2026-08-09 16:57:42,1.44,,demo
2026-08-09 16:57:53,1.21,,demo
2026-08-09 16:58:12,2.35,,demo
2026-08-09 16:58:29,2.37,,demo
2026-08-09 16:58:51,3.09,,demo
2026-08-09 16:59:12,2.78,,demo
2026-08-09 16:59:22,1.25,,demo
2026-08-09 17:00:22,74.95,,demo
2026-08-09 17:00:33,1.30,,demo
2026-08-09 17:00:51,2.40,,demo
2026-08-09 17:01:02,1.26,,demo
2026-08-09 17:01:20,2.18,,demo
2026-08-09 17:01:38,2.33,,demo
2026-08-09 17:01:48,1.17,,demo
2026-08-09 17:02:06,2.34,,demo
2026-08-09 17:02:22,1.94,,demo
2026-08-09 17:02:34,1.45,,demo
2026-08-09 17:02:50,1.85,,demo
2026-08-09 17:03:01,1.25,,demo
2026-08-09 17:03:36,9.52,,demo
2026-08-09 17:04:11,9.55,,demo
2026-08-09 17:04:24,1.56,,demo
2026-08-09 17:04:39,1.78,,demo
2026-08-09 17:05:23,18.96,,demo
2026-08-09 17:05:47,3.57,,demo
2026-08-09 17:05:58,1.44,,demo
2026-08-09 17:06:10,1.34,,demo
2026-08-09 17:06:22,1.42,,demo
2026-08-09 17:06:39,2.07,,demo
2026-08-09 17:06:54,1.82,,demo
2026-08-09 17:07:02,1.02,,demo
2026-08-09 17:07:24,3.22,,demo
2026-08-09 17:07:41,2.02,,demo
2026-08-09 17:08:12,7.05,,demo
2026-08-09 17:08:27,1.70,,demo
2026-08-09 17:08:40,1.49,,demo
2026-08-09 17:09:33,43.93,,demo
2026-08-09 17:09:47,1.68,,demo
2026-08-09 17:10:02,1.69,,demo
2026-08-09 17:10:14,1.39,,demo
2026-08-09 17:10:23,1.10,,demo
2026-08-09 17:10:32,1.06,,demo
2026-08-09 17:10:42,1.16,,demo
2026-08-09 17:11:02,2.83,,demo
2026-08-09 17:11:16,1.50,,demo
2026-08-09 17:11:32,2.08,,demo
2026-08-09 17:11:48,2.03,,demo
2026-08-09 17:11:59,1.18,,demo
2026-08-09 17:12:13,1.74,,demo
2026-08-09 17:12:26,1.53,,demo
2026-08-09 17:12:36,1.22,,demo
2026-08-09 17:12:51,1.76,,demo
2026-08-09 17:13:05,1.66,,demo
2026-08-09 17:13:21,1.82,,demo
2026-08-09 17:13:32,1.33,,demo
2026-08-09 17:13:42,1.18,,demo
2026-08-09 17:13:53,1.32,,demo
2026-08-09 17:14:19,4.37,,demo
2026-08-09 17:14:48,5.65,,demo
2026-08-10 22:22:15,9.62,,demo
2026-08-10 22:22:37,3.15,,demo
2026-08-10 22:22:45,1.04,,demo
2026-08-10 22:22:56,1.20,,demo
2026-08-10 22:23:18,3.29,,demo
2026-08-10 22:23:27,1.10,,demo
2026-08-10 22:23:57,6.41,,demo
2026-08-10 22:24:12,1.72,,demo
2026-08-10 22:24:20,1.04,,demo
2026-08-10 22:24:31,1.26,,demo
2026-08-10 22:24:48,2.10,,demo
2026-08-10 22:25:05,2.05,,demo
2026-08-10 22:25:27,3.17,,demo
2026-08-10 22:25:47,2.81,,demo
2026-08-10 22:26:32,22.01,,demo
2026-08-10 22:26:57,3.84,,demo
2026-08-10 22:27:06,1.11,,demo
2026-08-10 22:27:16,1.18,,demo
2026-08-10 22:27:26,1.22,,demo
2026-08-10 22:28:10,20.18,,demo
2026-08-10 22:28:29,2.34,,demo
2026-08-10 22:28:50,3.01,,demo
2026-08-10 22:29:22,7.16,,demo
2026-08-10 22:30:03,16.44,,demo
2026-08-10 22:30:14,1.22,,demo
2026-08-10 22:30:45,7.12,,demo
2026-08-10 22:30:58,1.43,,demo
2026-08-10 22:31:06,1.02,,demo
2026-08-10 22:31:14,1.01,,demo
2026-08-10 22:31:22,1.00,,demo
2026-08-10 22:31:40,2.31,,demo
2026-08-10 22:32:26,22.76,,demo
2026-08-10 22:32:55,5.65,,demo
2026-08-10 22:33:11,2.00,,demo
2026-08-10 22:33:27,2.00,,demo
2026-08-10 22:33:46,2.36,,demo
2026-08-10 22:34:17,7.23,,demo
2026-08-10 22:34:31,1.55,,demo
2026-08-10 22:34:49,2.39,,demo
2026-08-10 22:35:02,1.50,,demo
2026-08-10 22:35:15,1.46,,demo
2026-08-10 22:35:25,1.18,,demo
2026-08-10 22:35:36,1.29,,demo
2026-08-10 22:35:49,1.51,,demo
2026-08-10 22:36:03,1.63,,demo
2026-08-10 22:36:13,1.21,,demo
2026-08-10 22:36:29,1.90,,demo
2026-08-10 22:36:39,1.21,,demo
2026-08-10 22:37:10,6.88,,demo
2026-08-10 22:37:35,3.94,,demo
2026-08-10 22:37:43,1.05,,demo
2026-08-10 22:38:01,2.16,,demo
2026-08-10 22:38:43,16.97,,demo
2026-08-10 22:38:54,1.34,,demo
2026-08-10 22:39:05,1.29,,demo
2026-08-10 22:39:17,1.31,,demo
2026-08-10 22:39:38,2.96,,demo
2026-08-10 22:40:15,11.04,,demo
2026-08-10 22:40:30,1.93,,demo
2026-08-10 22:40:39,1.03,,demo
2026-08-10 22:40:48,1.08,,demo
2026-08-10 22:40:56,1.04,,demo
2026-08-10 22:41:05,1.02,,demo
2026-08-10 22:41:14,1.07,,demo
2026-08-10 22:41:22,1.00,,demo
2026-08-10 22:41:41,2.65,,demo
2026-08-10 22:42:02,2.96,,demo
2026-08-10 22:42:17,1.74,,demo
2026-08-10 22:42:49,7.02,,demo
2026-08-10 22:43:05,2.04,,demo
2026-08-10 22:43:29,3.64,,demo
2026-08-10 22:43:44,1.86,,demo
2026-08-10 22:43:52,1.01,,demo
2026-08-10 22:44:21,5.43,,demo
2026-08-10 22:44:36,1.77,,demo
2026-08-10 22:44:44,1.06,,demo
2026-08-10 22:44:56,1.38,,demo
2026-08-10 22:45:08,1.37,,demo
2026-08-10 22:45:38,6.40,,demo
2026-08-10 22:45:47,1.03,,demo
2026-08-10 22:45:57,1.18,,demo
2026-08-10 22:46:26,5.83,,demo
2026-08-10 22:46:47,3.03,,demo
2026-08-10 22:47:05,2.19,,demo
2026-08-10 22:47:16,1.27,,demo
2026-08-10 22:47:42,4.62,,demo
2026-08-10 22:47:56,1.63,,demo
2026-08-10 22:48:12,1.93,,demo
2026-08-10 22:48:48,10.44,,demo
2026-08-10 22:49:00,1.35,,demo
2026-08-10 22:49:11,1.32,,demo
2026-08-10 22:49:35,3.58,,demo
2026-08-10 22:50:08,8.55,,demo
2026-08-10 22:50:43,9.32,,demo
2026-08-10 22:51:22,13.10,,demo
2026-08-10 22:51:37,1.66,,demo
2026-08-10 22:51:53,2.13,,demo
2026-08-10 22:52:11,2.18,,demo
2026-08-10 22:52:29,2.37,,demo
2026-08-10 22:52:52,3.43,,demo
2026-08-10 22:53:08,1.86,,demo
2026-08-10 22:53:25,2.14,,demo
2026-08-10 22:53:33,1.00,,demo
2026-08-10 22:53:41,1.00,,demo
2026-08-10 22:54:02,3.00,,demo
2026-08-10 22:54:32,6.47,,demo
2026-08-10 22:54:50,2.18,,demo
2026-08-10 22:55:30,14.16,,demo
2026-08-10 22:55:45,1.80,,demo
2026-08-10 22:55:58,1.55,,demo
2026-08-10 22:56:13,1.76,,demo
2026-08-10 22:56:29,1.95,,demo
2026-08-10 22:56:44,1.85,,demo
2026-08-10 22:56:56,1.30,,demo
2026-08-10 22:57:20,3.85,,demo
2026-08-10 22:57:29,1.12,,demo
2026-08-10 22:57:38,1.06,,demo
2026-08-10 22:57:54,2.02,,demo
2026-08-10 22:58:27,7.92,,demo
2026-08-10 22:58:48,2.96,,demo
2026-08-10 22:59:14,4.26,,demo
2026-08-10 22:59:23,1.08,,demo
2026-08-10 23:00:00,10.99,,demo
2026-08-10 23:00:13,1.62,,demo
2026-08-10 23:00:24,1.19,,demo
2026-08-10 23:00:41,2.26,,demo
2026-08-10 23:00:52,1.24,,demo
2026-08-10 23:02:07,253.07,,demo
2026-08-10 23:02:15,1.00,,demo
2026-08-10 23:02:28,1.60,,demo
2026-08-10 23:03:01,7.00,,demo
2026-08-10 23:03:16,1.94,,demo
2026-08-10 23:03:37,2.90,,demo
2026-08-10 23:03:50,1.51,,demo
2026-08-10 23:03:58,1.02,,demo
2026-08-10 23:04:22,3.74,,demo
2026-08-10 23:04:33,1.33,,demo
2026-08-10 23:04:45,1.40,,demo
2026-08-10 23:05:00,1.67,,demo
2026-08-10 23:05:31,7.19,,demo
2026-08-10 23:05:43,1.37,,demo
2026-08-10 23:05:55,1.42,,demo
2026-08-10 23:06:35,14.09,,demo
2026-08-10 23:07:03,5.14,,demo
2026-08-10 23:07:15,1.39,,demo
2026-08-10 23:07:33,2.33,,demo
2026-08-10 23:08:07,8.83,,demo
2026-08-10 23:08:24,2.16,,demo
2026-08-10 23:09:04,13.85,,demo
2026-08-10 23:09:14,1.21,,demo
2026-08-10 23:09:39,4.18,,demo
2026-08-10 23:10:09,5.77,,demo
2026-08-10 23:10:17,1.01,,demo
2026-08-10 23:10:40,3.48,,demo
2026-08-10 23:11:13,8.29,,demo
2026-08-10 23:11:35,3.09,,demo
2026-08-10 23:11:43,1.00,,demo
2026-08-10 23:12:05,3.34,,demo
2026-08-10 23:12:14,1.05,,demo
2026-08-10 23:12:24,1.19,,demo
2026-08-10 23:12:34,1.14,,demo
2026-08-10 23:13:13,14.06,,demo
2026-08-10 23:13:27,1.57,,demo
2026-08-10 23:14:22,49.08,,demo
2026-08-10 23:14:33,1.28,,demo
2026-08-10 23:14:49,1.85,,demo
2026-08-10 23:15:04,1.96,,demo
2026-08-10 23:15:19,1.67,,demo
2026-08-10 23:15:33,1.70,,demo
2026-08-10 23:16:26,41.20,,demo
2026-08-10 23:16:52,4.40,,demo
2026-08-10 23:17:48,55.53,,demo
2026-08-10 23:18:05,2.07,,demo
2026-08-10 23:18:23,2.22,,demo
2026-08-10 23:18:41,2.53,,demo
2026-08-10 23:18:50,1.08,,demo
2026-08-10 23:19:02,1.39,,demo
2026-08-10 23:19:25,3.31,,demo
2026-08-10 23:19:50,4.39,,demo
2026-08-10 23:20:22,6.96,,demo
2026-08-10 23:20:35,1.55,,demo
2026-08-10 23:20:58,3.36,,demo
2026-08-10 23:21:10,1.42,,demo
2026-08-10 23:21:27,2.23,,demo
2026-08-10 23:21:50,3.25,,demo
2026-08-10 23:22:18,5.58,,demo
2026-08-10 23:22:33,1.77,,demo
2026-08-10 23:22:48,1.69,,demo
2026-08-10 23:23:13,4.33,,demo
2026-08-10 23:23:36,3.29,,demo
2026-08-10 23:23:50,1.65,,demo
2026-08-10 23:24:14,3.85,,demo
2026-08-10 23:24:41,4.91,,demo
2026-08-10 23:25:13,7.13,,demo
2026-08-10 23:25:25,1.47,,demo
2026-08-10 23:25:36,1.30,,demo
2026-08-10 23:25:49,1.46,,demo
2026-08-10 23:26:03,1.71,,demo
2026-08-10 23:26:14,1.25,,demo
2026-08-10 23:26:31,2.15,,demo
2026-08-10 23:27:16,21.45,,demo
2026-08-10 23:27:28,1.31,,demo
2026-08-10 23:27:36,1.00,,demo
2026-08-10 23:28:04,5.40,,demo
2026-08-10 23:28:14,1.16,,demo
2026-08-10 23:28:27,1.58,,demo
2026-08-10 23:28:36,1.08,,demo
2026-08-10 23:29:04,5.15,,demo
2026-08-10 23:29:27,3.38,,demo
2026-08-10 23:29:35,1.08,,demo
2026-08-10 23:29:59,3.52,,demo
2026-08-10 23:30:10,1.30,,demo
2026-08-10 23:30:25,1.78,,demo
2026-08-10 23:30:35,1.24,,demo
2026-08-10 23:30:47,1.28,,demo
2026-08-10 23:31:12,4.16,,demo
2026-08-10 23:31:27,1.70,,demo
2026-08-10 23:31:37,1.22,,demo
2026-08-10 23:31:48,1.32,,demo
2026-08-10 23:31:59,1.33,,demo
2026-08-10 23:32:19,2.65,,demo
2026-08-10 23:32:52,7.69,,demo
2026-08-10 23:33:00,1.00,,demo
2026-08-10 23:34:36,1449.40,,demo
2026-08-10 23:34:54,2.58,,demo
2026-08-10 23:35:08,1.60,,demo
2026-08-10 23:35:21,1.49,,demo
2026-08-10 23:35:43,3.00,,demo
2026-08-10 23:35:50,1.02,,demo
2026-08-10 23:36:12,3.21,,demo
2026-08-10 23:36:55,17.45,,demo
2026-08-10 23:37:05,1.24,,demo
2026-08-10 23:37:13,1.00,,demo
2026-08-10 23:37:33,2.53,,demo
2026-08-10 23:37:47,1.60,,demo
2026-08-10 23:37:56,1.15,,demo
2026-08-10 23:38:09,1.53,,demo
2026-08-10 23:38:37,5.44,,demo
2026-08-10 23:38:51,1.58,,demo
2026-08-10 23:39:13,3.33,,demo
2026-08-10 23:39:29,1.90,,demo
2026-08-10 23:39:43,1.65,,demo
2026-08-10 23:39:57,1.61,,demo
2026-08-10 23:40:09,1.40,,demo
2026-08-10 23:40:21,1.44,,demo
2026-08-10 23:40:38,2.00,,demo
2026-08-10 23:41:10,7.55,,demo
2026-08-10 23:41:40,6.05,,demo
2026-08-10 23:41:49,1.10,,demo
2026-08-10 23:42:08,2.55,,demo
2026-08-10 23:42:19,1.22,,demo
2026-08-10 23:43:16,60.43,,demo
2026-08-10 23:43:46,6.27,,demo
2026-08-10 23:43:55,1.07,,demo
2026-08-10 23:44:12,2.06,,demo
2026-08-10 23:44:20,1.07,,demo
2026-08-10 23:44:55,8.87,,demo
2026-08-10 23:45:09,1.68,,demo
2026-08-10 23:45:17,1.01,,demo
2026-08-10 23:45:42,3.94,,demo
2026-08-10 23:46:35,45.23,,demo
2026-08-10 23:46:56,2.52,,demo
2026-08-10 23:47:13,2.44,,demo
2026-08-10 23:47:30,2.14,,demo
2026-08-10 23:48:02,6.85,,demo
2026-08-10 23:48:16,1.67,,demo
2026-08-10 23:48:37,3.07,,demo
2026-08-10 23:48:45,1.00,,demo
2026-08-10 23:48:54,1.09,,demo
2026-08-10 23:49:39,21.54,,demo
2026-08-10 23:49:53,1.54,,demo
2026-08-10 23:50:43,34.05,,demo
2026-08-10 23:50:56,1.58,,demo
2026-08-10 23:51:12,1.90,,demo
2026-08-10 23:51:26,1.56,,demo
2026-08-10 23:51:46,2.73,,demo
2026-08-11 13:36:18,5.38,,demo
2026-08-11 13:36:26,1.00,,demo
2026-08-11 13:36:42,1.90,,demo
2026-08-11 13:36:52,1.17,,demo
2026-08-11 13:37:06,1.75,,demo
2026-08-11 13:37:14,1.00,,demo
2026-08-11 13:37:26,1.35,,demo
2026-08-11 13:37:34,1.03,,demo
2026-08-11 13:37:44,1.10,,demo
2026-08-11 13:38:09,4.25,,demo
2026-08-11 13:38:18,1.09,,demo
2026-08-11 13:38:35,2.08,,demo
2026-08-11 13:39:06,6.67,,demo
2026-08-11 13:39:30,4.03,,demo
2026-08-11 13:39:44,1.57,,demo
2026-08-11 13:40:17,8.13,,demo
2026-08-11 13:40:25,1.00,,demo
2026-08-11 13:41:03,12.27,,demo
2026-08-11 13:41:14,1.24,,demo
2026-08-11 13:41:28,1.64,,demo
2026-08-11 13:41:37,1.06,,demo
2026-08-11 13:41:45,1.06,,demo
2026-08-11 13:42:02,2.09,,demo
2026-08-11 13:42:11,1.09,,demo
2026-08-11 13:42:32,2.93,,demo
2026-08-11 13:42:41,1.06,,demo
2026-08-11 13:42:59,2.36,,demo
2026-08-11 13:43:17,2.28,,demo
2026-08-11 13:43:41,3.78,,demo
2026-08-11 13:43:51,1.15,,demo
2026-08-11 13:44:01,1.21,,demo
2026-08-11 13:44:35,8.59,,demo
2026-08-11 13:44:49,1.66,,demo
2026-08-11 13:45:08,2.53,,demo
2026-08-11 13:45:39,6.40,,demo
2026-08-11 13:46:03,3.84,,demo
2026-08-11 13:46:12,1.08,,demo
2026-08-11 13:46:43,6.82,,demo
2026-08-11 13:46:55,1.40,,demo
2026-08-11 13:47:05,1.21,,demo
2026-08-11 13:47:14,1.06,,demo
2026-08-11 13:47:23,1.05,,demo
2026-08-11 13:47:45,3.21,,demo
2026-08-11 13:48:01,1.95,,demo
2026-08-11 13:48:09,1.00,,demo
2026-08-11 13:48:19,1.15,,demo
2026-08-11 13:48:31,1.48,,demo
2026-08-11 13:48:44,1.52,,demo
2026-08-11 13:49:00,1.91,,demo
2026-08-11 13:49:23,3.43,,demo
2026-08-11 13:49:43,3.18,,demo
2026-08-11 13:49:51,1.00,,demo
2026-08-11 13:50:27,10.15,,demo
2026-08-11 13:50:35,1.00,,demo
2026-08-11 13:50:44,1.13,,demo
2026-08-11 13:51:04,2.64,,demo
2026-08-11 13:51:45,15.05,,demo
2026-08-11 13:52:14,5.70,,demo
2026-08-11 13:52:48,8.76,,demo
2026-08-11 13:52:56,1.03,,demo
2026-08-11 13:53:12,1.90,,demo
2026-08-11 13:53:32,2.80,,demo
2026-08-11 13:54:01,5.41,,demo
2026-08-11 13:54:15,1.59,,demo
2026-08-11 13:54:46,7.15,,demo
2026-08-11 13:55:06,2.87,,demo
2026-08-11 13:55:23,1.97,,demo
2026-08-11 13:55:32,1.10,,demo
2026-08-11 13:55:43,1.35,,demo
2026-08-11 13:56:02,2.35,,demo
2026-08-11 13:56:16,1.69,,demo
2026-08-11 13:56:35,2.58,,demo
2026-08-11 13:56:49,1.60,,demo
2026-08-11 13:57:12,3.35,,demo
2026-08-11 13:57:31,2.53,,demo
2026-08-11 13:57:49,2.34,,demo
2026-08-11 13:58:17,5.11,,demo
2026-08-11 13:58:30,1.59,,demo
2026-08-11 13:59:09,12.79,,demo
2026-08-11 13:59:24,1.84,,demo
2026-08-11 13:59:36,1.34,,demo
2026-08-11 13:59:48,1.43,,demo
2026-08-11 14:00:19,6.59,,demo
2026-08-11 14:00:32,1.53,,demo
2026-08-11 14:01:13,15.44,,demo
2026-08-11 14:01:25,1.35,,demo
2026-08-11 14:01:34,1.13,,demo
2026-08-11 14:02:04,6.27,,demo
2026-08-11 14:02:14,1.20,,demo
2026-08-11 14:02:31,2.02,,demo
2026-08-11 14:03:06,9.69,,demo
2026-08-11 14:03:53,25.35,,demo
2026-08-11 14:04:03,1.23,,demo
2026-08-11 14:04:31,5.15,,demo
2026-08-11 14:04:40,1.10,,demo
2026-08-11 14:05:31,34.42,,demo
2026-08-11 14:05:58,4.97,,demo
2026-08-11 14:06:14,1.91,,demo
2026-08-11 14:06:23,1.12,,demo
2026-08-11 14:06:47,3.74,,demo
2026-08-11 14:06:55,1.01,,demo
2026-08-11 14:07:07,1.34,,demo
2026-08-11 14:07:37,6.40,,demo
2026-08-11 14:09:15,1763.39,,demo
2026-08-11 14:09:39,3.89,,demo
2026-08-11 14:10:12,7.88,,demo
2026-08-11 14:10:23,1.26,,demo
2026-08-11 14:10:38,1.80,,demo
2026-08-11 14:10:52,1.59,,demo
2026-08-11 14:11:10,2.39,,demo
2026-08-11 14:11:25,1.72,,demo
2026-08-11 14:11:47,3.17,,demo
2026-08-11 14:11:55,1.04,,demo
2026-08-11 14:12:27,7.25,,demo
2026-08-11 14:13:08,15.08,,demo
2026-08-11 14:13:44,10.81,,demo
2026-08-11 14:13:56,1.34,,demo
2026-08-11 14:14:07,1.32,,demo
2026-08-11 14:14:15,1.00,,demo
2026-08-11 14:14:34,2.38,,demo
2026-08-11 14:14:42,1.02,,demo
2026-08-11 14:14:56,1.65,,demo
2026-08-11 14:15:04,1.00,,demo
2026-08-11 14:15:14,1.21,,demo
2026-08-11 14:15:29,1.70,,demo
2026-08-11 14:15:51,3.30,,demo
2026-08-11 14:16:01,1.20,,demo
2026-08-11 14:16:12,1.21,,demo
2026-08-11 14:16:21,1.14,,demo
2026-08-11 14:16:45,3.80,,demo
2026-08-11 14:17:01,1.88,,demo
2026-08-11 14:17:09,1.00,,demo
2026-08-11 14:17:31,3.16,,demo
2026-08-11 14:17:53,3.18,,demo
2026-08-11 14:18:27,8.87,,demo
2026-08-11 14:18:49,3.14,,demo
2026-08-11 14:19:04,1.85,,demo
2026-08-11 14:19:17,1.54,,demo
2026-08-11 14:19:27,1.17,,demo
2026-08-11 14:19:37,1.14,,demo
2026-08-11 14:20:04,5.00,,demo
2026-08-11 14:20:48,20.34,,demo
2026-08-11 14:20:57,1.08,,demo
2026-08-11 14:21:13,1.83,,demo
2026-08-11 14:21:27,1.64,,demo
2026-08-11 14:21:38,1.11,,demo
2026-08-11 14:22:14,10.06,,demo
2026-08-11 14:22:34,2.79,,demo
2026-08-11 14:22:45,1.29,,demo
2026-08-11 14:23:23,11.89,,demo
2026-08-11 14:23:40,2.06,,demo
2026-08-11 14:23:53,1.56,,demo
2026-08-11 14:24:10,2.11,,demo
2026-08-11 14:24:41,6.55,,demo
2026-08-11 14:24:52,1.28,,demo
2026-08-11 14:25:21,6.00,,demo
2026-08-11 14:25:35,1.60,,demo
2026-08-11 14:25:53,2.13,,demo
2026-08-11 14:26:01,1.03,,demo
2026-08-11 14:26:22,3.17,,demo
2026-08-11 14:26:32,1.13,,demo
2026-08-11 14:26:40,1.00,,demo
2026-08-11 14:26:53,1.47,,demo
2026-08-11 14:27:08,1.83,,demo
2026-08-11 14:27:28,2.74,,demo
2026-08-11 14:27:44,1.95,,demo
2026-08-11 14:28:18,8.78,,demo
2026-08-11 14:28:32,1.59,,demo
2026-08-11 14:28:40,1.00,,demo
2026-08-11 14:29:05,4.02,,demo
2026-08-11 14:29:33,5.36,,demo
2026-08-11 14:30:01,5.58,,demo
2026-08-11 14:30:13,1.33,,demo
2026-08-11 14:30:37,3.97,,demo
2026-08-11 14:31:05,4.95,,demo
2026-08-11 14:31:13,1.00,,demo
2026-08-11 14:31:25,1.40,,demo
2026-08-11 14:31:34,1.08,,demo
2026-08-11 14:31:45,1.28,,demo
2026-08-11 14:31:56,1.32,,demo
2026-08-11 14:32:12,1.91,,demo
2026-08-11 14:32:39,4.96,,demo
2026-08-11 14:32:55,1.87,,demo
2026-08-11 14:33:11,1.94,,demo
2026-08-11 14:33:20,1.12,,demo
2026-08-11 14:33:43,3.53,,demo
2026-08-11 14:33:52,1.07,,demo
2026-08-11 14:34:03,1.26,,demo
2026-08-11 14:34:11,1.00,,demo
2026-08-11 14:34:27,1.89,,demo
2026-08-11 14:34:39,1.42,,demo
2026-08-11 14:34:47,1.03,,demo
2026-08-11 14:35:42,48.61,,demo
2026-08-11 14:35:57,1.71,,demo
2026-08-11 14:36:23,4.64,,demo
2026-08-11 14:36:34,1.28,,demo
2026-08-11 14:36:49,1.80,,demo
2026-08-11 14:37:19,6.15,,demo
2026-08-11 14:37:31,1.43,,demo
2026-08-11 14:37:49,2.72,,demo
2026-08-11 14:38:02,1.43,,demo
2026-08-11 14:38:17,1.87,,demo
2026-08-11 14:38:34,2.01,,demo
2026-08-11 14:38:42,1.06,,demo
2026-08-11 14:38:54,1.39,,demo
2026-08-11 14:39:05,1.24,,demo
2026-08-11 14:39:14,1.11,,demo
2026-08-11 14:39:46,7.25,,demo
2026-08-11 14:39:54,1.00,,demo
2026-08-11 14:40:09,1.69,,demo
2026-08-11 14:40:30,3.09,,demo
2026-08-11 14:40:46,1.90,,demo
2026-08-11 14:40:57,1.28,,demo
2026-08-11 14:41:18,2.95,,demo
2026-08-11 14:41:28,1.21,,demo
2026-08-11 14:41:48,2.76,,demo
2026-08-11 14:42:01,1.48,,demo
2026-08-11 14:42:14,1.55,,demo
2026-08-11 14:42:37,3.43,,demo
2026-08-11 14:42:46,1.09,,demo
2026-08-11 14:43:02,1.84,,demo
2026-08-11 14:43:43,15.54,,demo
2026-08-11 14:43:59,1.96,,demo
2026-08-11 14:44:24,4.01,,demo
2026-08-11 14:44:43,2.63,,demo
2026-08-11 14:45:23,13.67,,demo
2026-08-11 14:45:32,1.12,,demo
2026-08-11 14:45:41,1.12,,demo
2026-08-11 14:45:57,1.88,,demo
2026-08-11 14:46:11,1.61,,demo
2026-08-11 14:46:21,1.21,,demo
2026-08-11 14:46:40,2.24,,demo
2026-08-11 14:47:10,6.65,,demo
2026-08-11 14:47:32,3.26,,demo
2026-08-11 14:47:43,1.31,,demo
2026-08-11 14:47:58,1.75,,demo
2026-08-11 14:48:26,5.51,,demo
2026-08-11 14:48:49,3.28,,demo
2026-08-11 14:49:18,5.70,,demo
2026-08-11 14:49:26,1.01,,demo
2026-08-11 14:49:35,1.02,,demo
2026-08-11 14:50:04,5.96,,demo
2026-08-11 14:50:25,2.99,,demo
2026-08-11 14:50:45,2.53,,demo
2026-08-11 14:50:53,1.13,,demo
2026-08-11 14:51:28,9.23,,demo
2026-08-11 14:51:37,1.13,,demo
2026-08-11 14:51:47,1.00,,demo
2026-08-11 14:51:55,1.10,,demo
2026-08-11 14:52:07,1.39,,demo
2026-08-11 14:52:36,5.95,,demo
2026-08-11 14:52:56,2.14,,demo
2026-08-11 14:53:04,1.28,,demo
2026-08-11 14:53:34,5.95,,demo
2026-08-11 14:53:44,1.25,,demo
2026-08-11 14:54:10,4.38,,demo
2026-08-11 14:54:23,1.48,,demo
2026-08-11 14:54:48,3.96,,demo
2026-08-11 14:55:02,1.74,,demo
2026-08-11 14:55:22,2.72,,demo
2026-08-11 14:55:32,1.14,,demo
2026-08-11 14:55:40,1.02,,demo
2026-08-11 14:56:32,38.36,,demo
2026-08-11 14:56:42,1.16,,demo
2026-08-11 14:57:04,3.17,,demo
2026-08-11 14:57:18,1.64,,demo
2026-08-11 14:58:51,1193.52,,demo
2026-08-11 14:59:07,1.96,,demo
2026-08-11 14:59:39,7.35,,demo
2026-08-11 14:59:48,1.06,,demo
2026-08-11 15:00:06,2.21,,demo
2026-08-11 15:00:16,1.26,,demo
2026-08-11 15:00:24,1.02,,demo
2026-08-11 15:01:36,177.73,,demo
2026-08-11 15:01:45,1.10,,demo
2026-08-11 15:03:14,836.35,,demo
2026-08-11 15:03:28,1.65,,demo
2026-08-11 15:03:41,1.41,,demo
2026-08-11 15:03:57,2.05,,demo
2026-08-11 15:04:09,1.41,,demo
2026-08-11 15:04:31,3.26,,demo
2026-08-11 15:04:56,3.91,,demo
2026-08-11 15:05:19,3.53,,demo
2026-08-11 15:05:54,9.65,,demo
2026-08-11 15:06:06,1.32,,demo
2026-08-11 15:06:15,1.09,,demo
2026-08-11 15:07:20,119.85,,demo
2026-08-11 15:07:42,3.06,,demo
2026-08-11 15:07:59,2.12,,demo
2026-08-11 15:08:07,1.00,,demo
2026-08-11 15:08:16,1.08,,demo
2026-08-11 15:08:33,2.15,,demo
2026-08-11 15:08:45,1.36,,demo
2026-08-11 15:09:10,4.22,,demo
2026-08-11 15:09:49,13.60,,demo
2026-08-11 15:10:03,1.56,,demo
2026-08-11 15:10:13,1.18,,demo
2026-08-11 15:10:33,2.86,,demo
2026-08-11 15:11:19,23.60,,demo
2026-08-11 15:11:28,1.06,,demo
2026-08-11 15:11:36,1.00,,demo
2026-08-11 15:11:49,1.44,,demo
2026-08-11 15:12:05,1.97,,demo
2026-08-11 15:12:17,1.47,,demo
2026-08-11 15:12:27,1.13,,demo
2026-08-11 15:12:41,1.64,,demo
2026-08-11 15:13:26,22.22,,demo
2026-08-11 15:13:45,2.52,,demo
2026-08-11 15:14:15,6.25,,demo
2026-08-11 15:14:30,1.75,,demo
2026-08-11 15:14:56,4.59,,demo
2026-08-11 15:15:20,3.66,,demo
2026-08-11 15:15:44,3.95,,demo
2026-08-11 15:16:36,36.97,,demo
2026-08-11 15:16:51,1.88,,demo
2026-08-11 15:17:13,3.07,,demo
2026-08-11 15:17:28,1.83,,demo
2026-08-11 15:17:44,1.93,,demo
2026-08-11 15:17:56,1.39,,demo
2026-08-11 15:18:05,1.09,,demo
2026-08-11 15:18:19,1.65,,demo
2026-08-11 15:18:45,4.52,,demo
2026-08-11 15:19:12,4.65,,demo
2026-08-11 15:19:21,1.12,,demo
2026-08-11 15:19:35,1.68,,demo
2026-08-11 15:19:45,1.16,,demo
2026-08-11 15:20:07,3.02,,demo
2026-08-11 15:20:26,2.63,,demo
2026-08-11 15:20:59,7.59,,demo
2026-08-11 15:21:14,1.85,,demo
2026-08-11 15:21:51,11.11,,demo
2026-08-11 15:22:05,1.69,,demo
2026-08-11 15:22:29,3.65,,demo
2026-08-11 15:22:48,2.58,,demo
2026-08-11 15:23:09,2.87,,demo
2026-08-11 15:23:29,2.64,,demo
2026-08-11 15:23:41,1.44,,demo
2026-08-11 15:24:05,3.75,,demo
2026-08-11 15:24:14,1.12,,demo
2026-08-11 15:24:23,1.03,,demo
2026-08-11 15:24:32,1.03,,demo
2026-08-11 15:24:41,1.13,,demo
2026-08-11 15:24:49,1.02,,demo
2026-08-11 15:24:57,1.00,,demo
2026-08-11 15:25:29,7.31,,demo
2026-08-11 15:25:46,2.02,,demo
2026-08-11 15:25:58,1.45,,demo
2026-08-11 15:26:33,8.91,,demo
2026-08-11 15:26:54,2.85,,demo
2026-08-11 15:27:04,1.29,,demo
2026-08-11 15:27:36,7.23,,demo
2026-08-11 15:27:55,2.37,,demo
2026-08-11 15:28:03,1.04,,demo
2026-08-11 15:28:20,2.01,,demo
2026-08-11 15:28:35,1.86,,demo
2026-08-11 15:28:43,1.02,,demo
2026-08-11 15:29:02,2.37,,demo
2026-08-11 15:29:11,1.14,,demo
2026-08-11 15:29:22,1.27,,demo
2026-08-11 15:29:34,1.33,,demo
2026-08-11 15:29:55,3.03,,demo
2026-08-11 15:30:14,2.49,,demo
2026-08-11 15:30:31,2.07,,demo
2026-08-11 15:30:51,2.74,,demo
2026-08-11 15:30:59,1.00,,demo
2026-08-11 15:31:07,1.03,,demo
2026-08-11 15:31:18,1.16,,demo
2026-08-11 15:31:36,2.49,,demo
2026-08-11 15:32:07,6.88,,demo
2026-08-11 15:32:26,2.43,,demo
2026-08-11 15:32:47,2.92,,demo
2026-08-11 15:33:37,31.92,,demo
2026-08-11 15:33:53,1.97,,demo
2026-08-11 15:34:12,2.58,,demo
2026-08-11 15:34:24,1.40,,demo
2026-08-11 15:34:58,8.24,,demo
2026-08-11 15:35:06,1.00,,demo
2026-08-11 15:35:27,3.13,,demo
2026-08-11 15:35:57,5.86,,demo
2026-08-11 15:36:13,2.02,,demo
2026-08-11 15:36:24,1.23,,demo
2026-08-11 15:36:59,9.68,,demo
2026-08-11 15:37:15,1.88,,demo
2026-08-11 15:37:32,2.28,,demo
2026-08-11 15:38:01,5.66,,demo
2026-08-11 15:38:10,1.06,,demo
2026-08-11 15:38:19,1.13,,demo
2026-08-11 15:39:02,17.05,,demo
2026-08-11 15:39:14,1.44,,demo
2026-08-11 15:39:46,7.42,,demo
2026-08-11 15:39:57,1.28,,demo
2026-08-11 15:40:08,1.26,,demo
2026-08-11 15:40:17,1.12,,demo
2026-08-11 15:40:53,10.29,,demo
2026-08-11 15:41:40,24.82,,demo
2026-08-11 15:41:56,1.98,,demo
2026-08-11 15:42:09,1.43,,demo
2026-08-11 15:42:21,1.49,,demo
2026-08-11 15:42:30,1.08,,demo
2026-08-11 15:42:41,1.29,,demo
2026-08-11 15:42:57,1.86,,demo
2026-08-11 15:43:15,2.24,,demo
2026-08-11 15:43:24,1.16,,demo
2026-08-11 15:44:12,25.39,,demo
2026-08-11 15:44:34,3.52,,demo
2026-08-11 15:44:44,1.09,,demo
2026-08-11 15:45:11,4.99,,demo
2026-08-11 15:45:20,1.06,,demo
2026-08-11 15:45:31,1.31,,demo
2026-08-11 15:46:29,63.18,,demo
2026-08-11 15:46:43,1.76,,demo
2026-08-11 15:47:07,3.52,,demo
2026-08-11 15:47:17,1.21,,demo
2026-08-11 15:47:54,10.33,,demo
2026-08-11 15:48:04,1.29,,demo
2026-08-11 15:48:16,1.33,,demo
2026-08-11 15:48:29,1.60,,demo
2026-08-11 15:49:29,71.30,,demo
2026-08-11 15:49:48,2.45,,demo
2026-08-11 15:50:35,27.97,,demo
2026-08-11 15:51:08,7.58,,demo
2026-08-11 15:51:19,1.28,,demo
2026-08-11 15:51:36,2.19,,demo
2026-08-11 15:51:55,2.48,,demo
2026-08-11 15:52:07,1.38,,demo
2026-08-11 15:52:26,2.45,,demo
2026-08-11 15:52:34,1.03,,demo
2026-08-11 15:52:43,1.04,,demo
2026-08-11 15:53:26,19.42,,demo
2026-08-11 15:53:52,4.33,,demo
2026-08-11 15:54:25,8.20,,demo
2026-08-11 15:54:38,1.48,,demo
2026-08-11 15:54:52,1.61,,demo
2026-08-11 15:55:36,19.67,,demo
2026-08-11 15:56:20,21.45,,demo
2026-08-11 15:56:31,1.24,,demo
2026-08-11 15:56:49,2.28,,demo
2026-08-11 15:57:02,1.55,,demo
2026-08-11 15:58:07,111.52,,demo
2026-08-11 15:58:48,15.39,,demo
2026-08-11 15:59:00,1.45,,demo
2026-08-11 15:59:10,1.11,,demo
2026-08-11 15:59:21,1.32,,demo
2026-08-11 15:59:30,1.11,,demo
2026-08-11 15:59:50,2.52,,demo
2026-08-11 16:00:04,1.67,,demo
2026-08-11 16:00:29,4.33,,demo
2026-08-11 16:00:59,6.26,,demo
2026-08-11 16:01:33,8.61,,demo
2026-08-11 16:01:46,1.45,,demo
2026-08-11 16:01:54,1.03,,demo
2026-08-11 16:02:25,6.57,,demo
2026-08-11 16:02:40,1.91,,demo
2026-08-11 16:03:29,29.52,,demo
2026-08-11 16:03:49,2.73,,demo
2026-08-11 16:04:23,8.83,,demo
2026-08-11 16:04:57,8.13,,demo
2026-08-11 16:05:35,12.12,,demo
2026-08-11 16:05:52,2.12,,demo
2026-08-11 16:06:05,1.47,,demo
2026-08-11 16:06:31,4.80,,demo
2026-08-11 16:06:44,1.47,,demo
2026-08-11 16:06:54,1.16,,demo
2026-08-11 16:07:14,2.78,,demo
2026-08-11 16:08:04,32.36,,demo
2026-08-11 16:08:41,11.79,,demo
2026-08-11 16:08:56,1.71,,demo
2026-08-11 16:09:05,1.06,,demo
2026-08-11 16:09:23,2.29,,demo
2026-08-11 16:09:35,1.42,,demo
2026-08-11 16:09:56,2.95,,demo
2026-08-11 16:10:07,1.34,,demo
2026-08-11 16:10:18,1.18,,demo
2026-08-11 16:10:29,1.34,,demo
2026-08-11 16:10:41,1.42,,demo
2026-08-11 16:10:52,1.21,,demo
2026-08-11 16:11:06,1.71,,demo
2026-08-11 16:11:24,2.21,,demo
2026-08-11 16:11:41,2.09,,demo
2026-08-11 16:11:49,1.03,,demo
2026-08-11 16:12:38,31.48,,demo
2026-08-11 16:12:48,1.18,,demo
2026-08-11 16:12:57,1.01,,demo
2026-08-11 16:13:11,1.56,,demo
2026-08-11 16:13:27,2.12,,demo
2026-08-11 16:13:44,2.03,,demo
2026-08-11 16:14:02,2.33,,demo
2026-08-11 16:14:14,1.46,,demo
2026-08-11 16:14:26,1.30,,demo
2026-08-11 16:14:40,1.66,,demo
2026-08-11 16:15:05,4.15,,demo
2026-08-11 16:15:26,2.95,,demo
2026-08-11 16:15:39,1.47,,demo
2026-08-11 16:15:53,1.77,,demo
2026-08-11 16:16:39,22.27,,demo
2026-08-11 16:16:55,1.95,,demo
2026-08-11 16:17:24,6.03,,demo
2026-08-11 16:17:34,1.11,,demo
2026-08-11 16:17:52,2.28,,demo
2026-08-11 16:18:13,3.07,,demo
2026-08-11 16:18:39,4.52,,demo
2026-08-11 16:18:53,1.62,,demo
2026-08-11 16:19:02,1.07,,demo
2026-08-11 16:19:22,2.57,,demo
2026-08-11 16:19:41,2.65,,demo
2026-08-11 16:19:53,1.37,,demo
2026-08-11 16:20:06,1.54,,demo
2026-08-11 16:20:44,11.83,,demo
2026-08-11 16:20:56,1.43,,demo
2026-08-11 16:21:05,1.03,,demo
2026-08-11 16:21:23,2.34,,demo
2026-08-11 16:21:35,1.38,,demo
2026-08-11 16:21:50,1.91,,demo
2026-08-11 16:22:07,1.94,,demo
2026-08-11 16:22:22,1.83,,demo
2026-08-11 16:22:58,10.00,,demo
2026-08-11 16:23:05,1.01,,demo
2026-08-11 16:23:18,1.40,,demo
2026-08-11 16:23:27,1.11,,demo
2026-08-11 16:23:37,1.23,,demo
2026-08-11 16:23:53,1.88,,demo
2026-08-11 16:24:35,17.27,,demo
2026-08-11 16:24:55,2.67,,demo
2026-08-11 16:25:17,3.13,,demo
2026-08-11 16:26:08,34.05,,demo
2026-08-11 16:26:23,1.86,,demo
2026-08-11 16:27:00,11.37,,demo
2026-08-11 16:27:09,1.14,,demo
2026-08-11 16:27:22,1.40,,demo
2026-08-11 16:27:33,1.27,,demo
2026-08-11 16:27:41,1.00,,demo
2026-08-11 16:27:56,1.91,,demo
2026-08-11 16:28:28,7.48,,demo
2026-08-11 16:28:38,1.09,,demo
2026-08-11 16:29:33,52.14,,demo
2026-08-11 16:29:57,3.65,,demo
2026-08-11 16:30:19,3.22,,demo
2026-08-11 16:30:27,1.00,,demo
2026-08-11 16:30:52,4.13,,demo
2026-08-11 16:31:06,1.72,,demo
2026-08-11 16:31:32,4.20,,demo
2026-08-11 16:31:57,4.25,,demo
2026-08-11 16:32:07,1.21,,demo
2026-08-11 16:32:16,1.06,,demo
2026-08-11 16:32:26,1.19,,demo
2026-08-11 16:32:35,1.05,,demo
2026-08-11 16:32:54,2.46,,demo
2026-08-11 16:33:02,1.00,,demo
2026-08-11 16:33:15,1.48,,demo
2026-08-11 16:33:26,1.34,,demo
2026-08-11 16:33:34,1.00,,demo
2026-08-11 16:33:57,3.32,,demo
2026-08-11 16:34:09,1.39,,demo
2026-08-11 16:34:38,5.83,,demo
2026-08-11 16:34:55,2.12,,demo
2026-08-11 16:35:31,10.36,,demo
2026-08-11 16:36:06,9.65,,demo
2026-08-11 16:36:51,21.48,,demo
2026-08-11 16:37:12,2.90,,demo
2026-08-11 16:37:21,1.04,,demo
2026-08-11 16:37:34,1.52,,demo
2026-08-11 16:38:40,133.87,,demo
2026-08-11 16:38:52,1.36,,demo
2026-08-11 16:39:00,1.00,,demo
2026-08-11 16:39:16,1.87,,demo
2026-08-11 16:39:37,2.93,,demo
2026-08-11 16:40:20,18.80,,demo
2026-08-11 16:40:41,3.06,,demo
2026-08-11 16:40:57,1.92,,demo
2026-08-11 16:41:12,1.79,,demo
2026-08-11 16:41:20,1.00,,demo
2026-08-11 16:41:41,2.93,,demo
2026-08-11 16:41:54,1.52,,demo
2026-08-11 16:42:14,2.65,,demo
2026-08-11 16:42:41,4.78,,demo
2026-08-11 16:42:55,1.64,,demo
2026-08-11 16:43:07,1.37,,demo
2026-08-11 16:44:19,203.85,,demo
2026-08-11 16:45:34,273.68,,demo
2026-08-11 16:45:43,1.07,,demo
2026-08-11 16:46:41,66.12,,demo
2026-08-11 16:46:49,1.01,,demo
2026-08-11 16:47:02,1.40,,demo
2026-08-11 16:47:21,2.63,,demo
2026-08-11 16:47:36,1.82,,demo
2026-08-11 16:47:45,1.08,,demo
2026-08-11 16:48:06,3.01,,demo
2026-08-11 16:48:31,3.97,,demo
2026-08-11 16:49:41,170.88,,demo
2026-08-11 16:50:26,22.62,,demo
2026-08-11 16:50:35,1.10,,demo
2026-08-11 16:50:47,1.39,,demo
2026-08-11 16:51:14,4.65,,demo
2026-08-11 16:51:58,19.62,,demo
2026-08-11 16:52:18,2.70,,demo
2026-08-11 16:52:34,1.97,,demo
2026-08-11 16:52:42,1.00,,demo
2026-08-11 16:52:50,1.01,,demo
2026-08-11 16:53:09,2.52,,demo
2026-08-11 16:53:21,1.36,,demo
2026-08-11 16:54:10,31.71,,demo
2026-08-11 16:54:19,1.02,,demo
2026-08-11 16:54:33,1.64,,demo
2026-08-11 16:54:41,1.00,,demo
2026-08-11 16:55:18,11.30,,demo
2026-08-11 16:55:26,1.02,,demo
2026-08-11 16:55:42,1.84,,demo
2026-08-11 16:56:06,3.94,,demo
2026-08-11 16:56:37,6.91,,demo
2026-08-11 16:56:48,1.26,,demo
2026-08-11 16:57:08,2.73,,demo
2026-08-11 16:57:19,1.30,,demo
2026-08-11 16:57:42,3.47,,demo
2026-08-11 16:58:17,9.29,,demo
2026-08-11 16:58:35,2.32,,demo
2026-08-11 16:59:02,4.75,,demo
2026-08-11 16:59:24,3.18,,demo
2026-08-11 16:59:36,1.36,,demo
2026-08-11 16:59:53,2.07,,demo
2026-08-11 17:00:23,6.62,,demo
2026-08-11 17:00:31,1.00,,demo
2026-08-11 17:01:14,17.74,,demo
2026-08-11 17:01:25,1.31,,demo
2026-08-11 17:01:45,2.67,,demo
2026-08-11 17:02:05,2.81,,demo
2026-08-11 17:02:33,5.17,,demo
2026-08-11 17:02:46,1.42,,demo
2026-08-11 17:02:53,1.00,,demo
2026-08-11 17:03:04,1.20,,demo
2026-08-11 17:03:12,1.01,,demo
2026-08-11 17:03:28,2.00,,demo
2026-08-11 17:03:41,1.46,,demo
2026-08-11 17:03:49,1.01,,demo
2026-08-11 17:04:06,2.05,,demo
2026-08-11 17:04:16,1.20,,demo
2026-08-11 17:04:28,1.40,,demo
2026-08-11 17:04:42,1.69,,demo
2026-08-11 17:04:55,1.46,,demo
2026-08-11 17:05:20,4.23,,demo
2026-08-11 17:05:39,2.36,,demo
2026-08-11 17:05:47,1.07,,demo
2026-08-11 17:06:20,8.01,,demo
2026-08-11 17:06:30,1.16,,demo
2026-08-11 17:06:43,1.50,,demo
2026-08-11 17:06:52,1.08,,demo
2026-08-11 17:07:17,4.13,,demo
2026-08-11 17:07:48,6.54,,demo
2026-08-11 17:08:11,3.70,,demo
2026-08-11 17:08:42,6.28,,demo
2026-08-11 17:08:58,1.94,,demo
2026-08-11 17:09:07,1.13,,demo
2026-08-11 17:09:41,8.71,,demo
2026-08-11 17:09:50,1.06,,demo
2026-08-11 17:10:41,37.42,,demo
2026-08-11 17:10:51,1.18,,demo
2026-08-11 17:10:59,1.00,,demo
2026-08-11 17:11:14,1.75,,demo
2026-08-11 17:12:07,41.31,,demo
2026-08-11 17:12:28,2.92,,demo
2026-08-11 17:12:52,3.94,,demo
2026-08-11 17:13:03,1.29,,demo
2026-08-11 17:13:28,4.08,,demo
2026-08-11 17:14:10,16.10,,demo
2026-08-11 17:14:32,3.34,,demo
2026-08-11 17:14:48,1.94,,demo
2026-08-11 17:14:56,1.00,,demo
2026-08-11 17:15:06,1.20,,demo
2026-08-11 17:15:46,13.26,,demo
2026-08-11 17:15:54,1.06,,demo
2026-08-11 17:16:20,4.35,,demo
2026-08-11 17:16:38,2.25,,demo
2026-08-11 17:16:52,1.64,,demo
2026-08-11 17:17:12,2.86,,demo
2026-08-11 17:17:26,1.53,,demo
2026-08-11 17:17:59,8.43,,demo
2026-08-11 17:18:25,4.50,,demo
2026-08-11 17:18:43,2.17,,demo
2026-08-11 17:19:17,9.31,,demo
2026-08-11 17:19:27,1.12,,demo
2026-08-11 17:19:37,1.16,,demo
2026-08-11 17:19:55,2.41,,demo
2026-08-11 17:20:11,1.91,,demo
2026-08-11 17:20:39,5.36,,demo
2026-08-11 17:22:02,492.42,,demo
2026-08-11 17:22:15,1.49,,demo
2026-08-11 17:22:30,1.81,,demo
2026-08-11 17:22:43,1.50,,demo
2026-08-11 17:22:55,1.42,,demo
2026-08-11 17:23:35,14.71,,demo
2026-08-11 17:23:53,2.21,,demo
2026-08-11 17:24:22,5.47,,demo
2026-08-11 17:24:30,1.10,,demo
2026-08-11 17:24:59,5.51,,demo
2026-08-11 17:25:35,9.81,,demo
2026-08-11 17:25:43,1.02,,demo
2026-08-11 17:26:00,2.13,,demo
2026-08-11 17:26:30,6.47,,demo
2026-08-11 17:26:41,1.30,,demo
2026-08-11 17:26:53,1.34,,demo
2026-08-11 17:27:12,2.62,,demo
2026-08-11 17:27:23,1.17,,demo
2026-08-11 17:27:37,1.73,,demo
2026-08-11 17:27:51,1.68,,demo
2026-08-11 17:28:34,18.18,,demo
2026-08-11 17:28:54,2.58,,demo
2026-08-11 17:29:05,1.31,,demo
2026-08-11 17:29:22,2.18,,demo
2026-08-11 17:29:40,2.33,,demo
2026-08-11 17:30:38,63.01,,demo
2026-08-11 17:30:48,1.12,,demo
2026-08-11 17:30:57,1.13,,demo
2026-08-11 17:31:06,1.04,,demo
2026-08-11 17:31:17,1.35,,demo
2026-08-11 17:31:32,1.72,,demo
2026-08-11 17:31:40,1.00,,demo
2026-08-11 17:32:05,4.01,,demo
2026-08-11 17:32:19,1.69,,demo
2026-08-11 17:32:34,1.79,,demo
2026-08-11 17:32:47,1.47,,demo
2026-08-11 17:33:00,1.52,,demo
2026-08-11 17:33:28,5.43,,demo
2026-08-11 17:34:00,7.37,,demo
2026-08-11 17:34:11,1.24,,demo
2026-08-11 17:34:20,1.08,,demo
2026-08-11 17:34:28,1.00,,demo
2026-08-11 17:34:57,6.13,,demo
2026-08-11 17:35:08,1.19,,demo
2026-08-11 17:35:20,1.40,,demo
2026-08-11 17:35:30,1.16,,demo
2026-08-11 17:35:45,1.83,,demo
2026-08-11 17:35:59,1.68,,demo
2026-08-11 17:36:11,1.39,,demo
2026-08-11 17:36:31,2.63,,demo
2026-08-11 17:36:40,1.07,,demo
2026-08-11 17:36:49,1.10,,demo
2026-08-11 17:37:10,2.94,,demo
2026-08-11 17:37:24,1.70,,demo
2026-08-11 17:37:34,1.19,,demo
2026-08-11 17:37:54,2.74,,demo
2026-08-11 17:38:24,6.00,,demo
2026-08-11 17:38:36,1.31,,demo
2026-08-11 17:38:47,1.31,,demo
2026-08-11 17:38:56,1.14,,demo
2026-08-11 17:39:13,2.01,,demo
2026-08-11 17:39:50,11.24,,demo
2026-08-11 17:39:58,1.00,,demo
2026-08-11 17:40:12,1.63,,demo
2026-08-11 17:40:23,1.35,,demo
2026-08-11 17:40:35,1.37,,demo
2026-08-11 17:40:44,1.09,,demo
2026-08-11 17:41:15,6.11,,demo
2026-08-11 17:41:23,1.04,,demo
2026-08-11 17:41:41,2.47,,demo
2026-08-11 17:42:09,4.73,,demo
2026-08-11 17:42:37,5.56,,demo
2026-08-11 17:42:47,1.20,,demo
2026-08-11 17:43:14,3.57,,demo
2026-08-11 17:43:28,2.19,,demo
2026-08-11 17:43:40,1.40,,demo
2026-08-11 17:43:59,2.67,,demo
2026-08-11 17:44:51,38.96,,demo
2026-08-11 17:45:13,3.01,,demo
2026-08-11 17:45:23,1.19,,demo
2026-08-11 17:45:44,2.92,,demo
2026-08-11 17:46:00,1.97,,demo
2026-08-11 17:46:14,1.65,,demo
2026-08-11 17:46:40,4.36,,demo
2026-08-11 17:46:49,1.12,,demo
2026-08-11 17:47:24,9.11,,demo
2026-08-11 17:47:32,1.00,,demo
2026-08-11 17:47:41,1.13,,demo
2026-08-11 17:48:07,4.40,,demo
2026-08-11 20:23:25,1.31,,demo
2026-08-11 20:23:33,1.00,,demo
2026-08-11 20:24:04,6.78,,demo
2026-08-11 20:24:23,2.42,,demo
2026-08-11 20:24:35,1.45,,demo
2026-08-11 20:25:00,3.93,,demo
2026-08-11 20:25:19,2.51,,demo
2026-08-11 20:25:48,5.94,,demo
2026-08-11 20:26:06,2.20,,demo
2026-08-11 20:26:15,1.06,,demo
2026-08-11 20:26:34,2.40,,demo
2026-08-11 20:26:42,1.05,,demo
2026-08-11 20:26:50,1.00,,demo
2026-08-11 20:27:10,2.80,,demo
2026-08-11 20:27:24,1.68,,demo
2026-08-11 20:27:43,2.34,,demo
2026-08-11 20:27:55,1.38,,demo
2026-08-11 20:28:03,1.00,,demo
2026-08-11 20:28:17,1.75,,demo
2026-08-11 20:28:28,1.28,,demo
2026-08-11 20:28:39,1.23,,demo
2026-08-11 20:28:56,1.00,,demo
2026-08-11 20:29:26,2.00,,demo
2026-08-11 20:29:27,1.67,,demo
2026-08-11 20:29:37,1.09,,demo
2026-08-11 20:29:58,2.92,,demo
2026-08-11 20:30:11,1.45,,demo
2026-08-11 20:30:21,1.17,,demo
2026-08-11 20:30:45,3.72,,demo
2026-08-11 20:31:04,2.61,,demo
2026-08-11 20:31:27,3.55,,demo
2026-08-11 20:31:38,1.16,,demo
2026-08-11 20:32:01,3.63,,demo
2026-08-11 20:32:14,1.52,,demo
2026-08-11 20:32:22,1.00,,demo
2026-08-11 20:32:31,1.10,,demo
2026-08-11 20:32:51,2.65,,demo
2026-08-11 20:33:03,1.42,,demo
2026-08-11 20:33:14,1.28,,demo
2026-08-11 20:33:23,1.08,,demo
2026-08-11 20:33:52,5.64,,demo
2026-08-11 20:34:25,8.44,,demo
2026-08-11 20:34:38,1.52,,demo
2026-08-11 20:34:53,1.60,,demo
2026-08-11 20:35:12,2.64,,demo
2026-08-11 20:35:33,3.09,,demo
2026-08-11 20:35:43,1.12,,demo
2026-08-11 20:35:57,1.54,,demo
2026-08-11 20:36:38,16.33,,demo
2026-08-11 20:36:51,1.59,,demo
2026-08-11 20:37:48,56.64,,demo
2026-08-11 20:38:19,6.70,,demo
2026-08-11 20:38:38,2.70,,demo
2026-08-11 20:38:59,2.89,,demo
2026-08-11 20:39:08,1.00,,demo
2026-08-11 20:39:40,7.80,,demo
2026-08-11 20:39:48,1.03,,demo
2026-08-11 20:40:36,26.43,,demo
2026-08-11 20:41:08,7.59,,demo
2026-08-11 20:41:26,2.32,,demo
2026-08-11 20:41:43,1.87,,demo
2026-08-11 20:42:15,8.12,,demo
2026-08-11 20:42:34,2.41,,demo
2026-08-11 20:42:47,1.52,,demo
2026-08-11 20:43:06,2.64,,demo
2026-08-11 20:43:20,1.60,,demo
2026-08-11 20:43:47,4.63,,demo
2026-08-11 20:44:10,3.52,,demo
2026-08-11 20:44:27,2.11,,demo
2026-08-11 20:44:48,3.13,,demo
2026-08-11 20:45:03,1.69,,demo
2026-08-11 20:45:19,1.58,,demo
2026-08-11 20:45:36,2.61,,demo
2026-08-11 20:45:46,1.25,,demo
2026-08-11 20:46:09,3.29,,demo
2026-08-11 20:46:31,3.33,,demo
2026-08-11 20:46:41,1.05,,demo
2026-08-11 20:47:01,2.95,,demo
2026-08-11 20:47:18,2.07,,demo
2026-08-11 20:48:17,74.42,,demo
2026-08-11 20:48:44,4.59,,demo
2026-08-11 20:48:55,1.34,,demo
2026-08-11 20:49:20,3.92,,demo
2026-08-11 20:49:46,4.47,,demo
2026-08-11 20:50:10,3.73,,demo
2026-08-11 20:50:41,7.03,,demo
2026-08-11 20:51:00,2.46,,demo
2026-08-11 20:51:08,1.05,,demo
2026-08-11 20:51:42,8.58,,demo
2026-08-11 20:51:58,1.88,,demo
2026-08-11 20:52:14,1.90,,demo
2026-08-11 20:52:26,1.43,,demo
2026-08-11 20:52:41,1.85,,demo
2026-08-11 20:52:53,1.31,,demo
2026-08-11 20:53:09,1.95,,demo
2026-08-11 20:53:18,1.06,,demo
2026-08-11 20:53:26,1.00,,demo
2026-08-11 20:53:34,1.07,,demo
2026-08-11 20:53:43,1.04,,demo
2026-08-11 20:53:56,1.49,,demo
2026-08-11 20:55:11,273.16,,demo
2026-08-11 20:55:28,1.99,,demo
2026-08-11 20:55:42,1.64,,demo
2026-08-11 20:56:22,15.96,,demo
2026-08-11 20:56:31,1.06,,demo
2026-08-11 20:56:58,4.82,,demo
2026-08-11 20:57:20,3.09,,demo
2026-08-11 20:57:35,1.80,,demo
2026-08-11 20:57:44,1.13,,demo
2026-08-11 20:58:04,2.71,,demo
2026-08-11 20:58:30,4.20,,demo
2026-08-11 20:58:39,1.16,,demo
2026-08-11 20:59:11,7.24,,demo
2026-08-11 20:59:20,1.04,,demo
2026-08-11 20:59:57,11.88,,demo
2026-08-11 21:00:06,1.02,,demo
2026-08-11 21:00:16,1.23,,demo
2026-08-11 21:00:26,1.17,,demo
2026-08-11 21:00:40,1.60,,demo
2026-08-11 21:01:22,16.79,,demo
2026-08-11 21:01:30,1.02,,demo
2026-08-11 21:01:50,2.58,,demo
2026-08-11 21:02:02,1.52,,demo
2026-08-11 21:02:20,2.10,,demo
2026-08-11 21:02:42,3.37,,demo
2026-08-11 21:03:10,5.27,,demo
2026-08-11 21:03:31,2.90,,demo
2026-08-11 21:03:44,1.55,,demo
2026-08-11 21:04:24,14.60,,demo
2026-08-11 21:04:36,1.42,,demo
2026-08-11 21:04:56,2.55,,demo
2026-08-11 21:05:07,1.27,,demo
2026-08-11 21:05:24,2.09,,demo
2026-08-11 21:05:50,4.68,,demo
2026-08-11 21:06:01,1.28,,demo
2026-08-11 21:06:31,5.98,,demo
2026-08-11 21:06:52,2.99,,demo
2026-08-11 21:07:36,19.91,,demo
2026-08-11 21:07:48,1.39,,demo
2026-08-11 21:08:08,2.87,,demo
2026-08-11 21:08:22,1.56,,demo
2026-08-11 21:09:11,31.64,,demo
2026-08-11 21:09:22,1.21,,demo
2026-08-11 21:09:37,1.87,,demo
2026-08-11 21:09:46,1.11,,demo
2026-08-11 21:10:12,4.24,,demo
2026-08-11 21:10:22,1.16,,demo
2026-08-11 21:10:41,2.60,,demo
2026-08-11 21:10:55,1.66,,demo
2026-08-11 21:11:17,3.13,,demo
2026-08-11 21:11:39,3.29,,demo
2026-08-11 21:11:58,2.45,,demo
2026-08-11 21:12:12,1.60,,demo
2026-08-11 21:12:23,1.25,,demo
2026-08-11 21:12:41,2.45,,demo
2026-08-11 21:13:11,5.41,,demo
2026-08-11 21:13:20,1.24,,demo
2026-08-11 21:13:36,1.84,,demo
2026-08-11 21:13:47,1.29,,demo
2026-08-11 21:13:57,1.22,,demo
2026-08-11 21:14:07,1.10,,demo
2026-08-11 21:14:19,1.47,,demo
2026-08-11 21:14:27,1.00,,demo
2026-08-11 21:14:38,1.30,,demo
2026-08-11 21:14:59,2.95,,demo
2026-08-11 21:15:15,1.89,,demo
2026-08-11 21:15:25,1.20,,demo
2026-08-11 21:15:49,3.73,,demo
2026-08-11 21:15:59,1.13,,demo
2026-08-11 21:16:51,40.47,,demo
2026-08-11 21:17:12,2.86,,demo
2026-08-11 21:17:26,1.74,,demo
2026-08-11 21:17:47,2.88,,demo
2026-08-11 21:17:56,1.09,,demo
2026-08-11 21:18:12,2.00,,demo
2026-08-11 21:18:20,1.00,,demo
2026-08-11 21:18:36,1.85,,demo
2026-08-11 21:18:58,3.20,,demo
2026-08-11 21:19:08,1.19,,demo
2026-08-11 21:19:18,1.16,,demo
2026-08-11 21:19:42,3.99,,demo
2026-08-11 21:20:12,5.90,,demo
2026-08-11 21:20:26,1.66,,demo
2026-08-11 21:20:59,8.26,,demo
2026-08-11 21:21:07,1.00,,demo
2026-08-11 21:21:23,1.83,,demo
2026-08-11 21:21:48,4.22,,demo
2026-08-11 21:22:05,2.12,,demo
2026-08-11 21:22:20,1.85,,demo
2026-08-11 21:22:36,1.89,,demo
2026-08-11 21:22:47,1.25,,demo
2026-08-11 21:23:27,15.08,,demo
2026-08-11 21:23:39,1.34,,demo
2026-08-11 21:24:14,9.54,,demo
2026-08-11 21:24:27,1.56,,demo
2026-08-11 21:24:36,1.07,,demo
2026-08-11 21:25:02,4.33,,demo
2026-08-11 21:25:12,1.24,,demo
2026-08-11 21:25:37,3.81,,demo
2026-08-11 21:25:54,2.18,,demo
2026-08-11 21:26:10,1.89,,demo
2026-08-11 21:26:22,1.46,,demo
2026-08-11 21:26:52,5.91,,demo
2026-08-11 21:27:02,1.13,,demo
2026-08-11 21:27:31,6.17,,demo
2026-08-11 21:27:47,1.93,,demo
2026-08-11 21:28:07,2.67,,demo
2026-08-11 21:28:21,1.68,,demo
2026-08-11 21:28:44,3.57,,demo
2026-08-11 21:28:55,1.24,,demo
2026-08-11 21:29:12,2.14,,demo
2026-08-11 21:29:41,5.87,,demo
2026-08-11 21:29:55,1.66,,demo
2026-08-11 21:30:17,3.05,,demo
2026-08-11 21:30:34,2.15,,demo
2026-08-11 21:31:18,19.56,,demo
2026-08-11 21:31:26,1.01,,demo
2026-08-11 21:31:34,1.00,,demo
2026-08-11 21:31:46,1.41,,demo
2026-08-11 21:31:57,1.24,,demo
2026-08-11 21:32:25,5.58,,demo
2026-08-11 21:32:44,2.48,,demo
2026-08-11 21:33:03,2.46,,demo
2026-08-11 21:34:14,191.06,,demo
2026-08-11 21:34:32,2.19,,demo
2026-08-11 21:34:45,1.57,,demo
2026-08-11 21:35:00,1.69,,demo
2026-08-11 21:35:28,5.42,,demo
2026-08-11 21:35:59,6.68,,demo
2026-08-11 21:36:08,1.07,,demo
2026-08-11 21:36:20,1.43,,demo
2026-08-11 21:36:29,1.09,,demo
2026-08-11 21:36:41,1.45,,demo
2026-08-11 21:36:55,1.59,,demo
2026-08-11 21:37:29,8.62,,demo
2026-08-11 21:37:42,1.55,,demo
2026-08-11 21:37:57,1.72,,demo
2026-08-11 21:38:07,1.25,,demo
2026-08-11 21:38:17,1.16,,demo
2026-08-11 21:38:37,2.61,,demo
2026-08-11 21:38:49,1.44,,demo
2026-08-11 21:39:14,3.91,,demo
2026-08-11 21:39:34,2.83,,demo
2026-08-11 21:40:21,25.12,,demo
2026-08-11 21:41:00,13.54,,demo
2026-08-11 21:41:37,10.46,,demo
2026-08-11 21:41:48,1.36,,demo
2026-08-11 21:42:31,17.62,,demo
2026-08-11 21:42:40,1.09,,demo
2026-08-11 21:42:53,1.20,,demo
2026-08-11 21:43:03,1.58,,demo
2026-08-11 21:43:12,1.00,,demo
2026-08-11 21:43:30,1.76,,demo
2026-08-11 21:43:35,1.04,,demo
2026-08-11 21:43:46,1.24,,demo
2026-08-11 21:44:04,1.16,,demo
2026-08-11 21:44:32,10.57,,demo
2026-08-11 21:45:03,7.18,,demo
2026-08-11 21:45:15,1.40,,demo
2026-08-11 21:46:31,279.75,,demo
2026-08-11 21:47:01,6.19,,demo
2026-08-11 21:47:09,1.00,,demo
2026-08-11 21:47:30,3.00,,demo
2026-08-11 21:47:39,1.06,,demo
2026-08-11 21:48:16,11.10,,demo
2026-08-11 21:49:04,28.28,,demo
2026-08-11 21:49:15,1.30,,demo
2026-08-11 21:49:35,2.58,,demo
2026-08-11 21:49:44,1.08,,demo
2026-08-11 21:50:53,7.79,,demo
2026-08-11 21:51:12,2.59,,demo
2026-08-11 21:51:57,21.18,,demo
2026-08-11 21:52:06,1.09,,demo
2026-08-11 21:52:26,2.72,,demo
2026-08-11 21:52:34,1.00,,demo
2026-08-11 21:52:42,1.01,,demo
2026-08-11 21:52:54,1.33,,demo
2026-08-11 21:53:40,23.53,,demo
2026-08-11 21:54:23,18.49,,demo
2026-08-11 21:54:43,2.76,,demo
2026-08-11 21:55:00,2.09,,demo
2026-08-11 21:55:22,3.21,,demo
2026-08-11 21:55:36,1.66,,demo
2026-08-11 21:55:46,1.18,,demo
2026-08-11 21:55:55,1.05,,demo
2026-08-11 21:56:14,2.59,,demo
2026-08-11 21:56:22,1.00,,demo
2026-08-11 21:56:41,2.48,,demo
2026-08-11 21:56:52,1.24,,demo
2026-08-11 21:57:01,1.13,,demo
2026-08-11 21:57:15,1.61,,demo
2026-08-11 21:57:42,5.00,,demo
2026-08-11 21:57:59,2.09,,demo
2026-08-11 21:58:16,2.17,,demo
2026-08-11 21:59:07,33.97,,demo
2026-08-11 21:59:24,2.19,,demo
2026-08-11 21:59:41,2.07,,demo
2026-08-11 21:59:56,1.81,,demo
2026-08-11 22:00:08,1.36,,demo
2026-08-11 22:00:39,6.82,,demo
2026-08-11 22:01:00,2.84,,demo
2026-08-11 22:01:14,1.72,,demo
2026-08-11 22:01:57,17.03,,demo
2026-08-11 22:02:12,1.90,,demo
2026-08-11 22:02:21,1.09,,demo
2026-08-11 22:02:38,2.13,,demo
2026-08-11 22:02:49,1.25,,demo
2026-08-11 22:02:57,1.05,,demo
2026-08-11 22:03:12,1.67,,demo
2026-08-11 22:03:49,11.06,,demo
2026-08-11 22:04:20,7.01,,demo
2026-08-11 22:04:35,1.79,,demo
2026-08-11 22:04:58,3.38,,demo
2026-08-11 22:05:29,7.18,,demo
2026-08-11 22:05:40,1.21,,demo
2026-08-11 22:06:15,9.98,,demo
2026-08-11 22:06:25,1.10,,demo
2026-08-11 22:07:01,11.05,,demo
2026-08-11 22:07:23,3.01,,demo
2026-08-11 22:07:34,1.28,,demo
2026-08-11 22:07:47,1.56,,demo
2026-08-11 22:08:15,5.42,,demo
2026-08-11 22:08:28,1.43,,demo
2026-08-11 22:08:40,1.42,,demo
2026-08-11 22:08:49,1.13,,demo
2026-08-11 22:09:20,6.61,,demo
2026-08-11 22:09:43,3.36,,demo
2026-08-11 22:09:58,1.79,,demo
2026-08-11 22:10:10,1.42,,demo
2026-08-11 22:10:23,1.45,,demo
2026-08-11 22:10:37,1.65,,demo
2026-08-11 22:11:02,4.21,,demo
2026-08-11 22:11:22,2.69,,demo
2026-08-11 22:11:48,4.52,,demo
2026-08-11 22:12:00,1.36,,demo
2026-08-11 22:12:09,1.11,,demo
2026-08-11 22:12:23,1.69,,demo
2026-08-11 22:12:43,2.69,,demo
2026-08-11 22:13:18,9.42,,demo
2026-08-11 22:13:42,3.72,,demo
2026-08-11 22:13:53,1.25,,demo
2026-08-11 22:14:20,5.03,,demo
2026-08-11 22:14:40,2.75,,demo
2026-08-11 22:14:50,1.15,,demo
2026-08-11 22:15:25,9.65,,demo
2026-08-11 22:16:05,14.16,,demo
2026-08-11 22:16:15,1.16,,demo
2026-08-11 22:16:54,13.09,,demo
2026-08-11 22:17:08,1.72,,demo
2026-08-11 22:17:32,3.67,,demo
2026-08-11 22:17:46,1.60,,demo
2026-08-11 22:18:16,6.24,,demo
2026-08-11 22:18:28,1.40,,demo
2026-08-11 22:18:59,7.09,,demo
2026-08-11 22:19:20,2.95,,demo
2026-08-11 22:19:45,3.90,,demo
2026-08-11 22:19:54,1.10,,demo
2026-08-11 22:20:05,1.29,,demo
2026-08-11 22:20:19,1.58,,demo
2026-08-11 22:20:39,2.76,,demo
2026-08-11 22:21:06,5.03,,demo
2026-08-11 22:21:36,6.13,,demo
2026-08-11 22:22:34,63.41,,demo
2026-08-11 22:22:52,2.26,,demo
2026-08-11 22:23:24,7.31,,demo
2026-08-11 22:23:32,1.00,,demo
2026-08-11 22:23:49,2.22,,demo
2026-08-11 22:23:59,1.11,,demo
2026-08-11 22:24:10,1.28,,demo
2026-08-11 22:24:30,2.72,,demo
2026-08-11 22:24:55,4.12,,demo
2026-08-11 22:25:11,2.03,,demo
2026-08-11 22:25:23,1.36,,demo
2026-08-11 22:25:47,3.68,,demo
2026-08-11 22:26:09,3.21,,demo
2026-08-11 22:26:20,1.26,,demo
2026-08-11 22:26:38,2.45,,demo
2026-08-11 22:27:01,3.32,,demo
2026-08-11 22:27:11,1.21,,demo
2026-08-11 22:27:25,1.67,,demo
2026-08-11 22:27:38,1.51,,demo
2026-08-11 22:27:46,1.00,,demo
2026-08-11 22:28:02,1.84,,demo
2026-08-11 22:28:19,2.08,,demo
2026-08-11 22:28:49,6.53,,demo
2026-08-11 22:29:18,5.80,,demo
2026-08-11 22:29:44,4.23,,demo
2026-08-11 22:29:53,1.16,,demo
2026-08-11 22:30:02,1.03,,demo
2026-08-11 22:30:15,1.57,,demo
2026-08-11 22:30:28,1.45,,demo
2026-08-11 22:31:23,49.08,,demo
2026-08-11 22:31:34,1.34,,demo
2026-08-11 22:31:43,1.00,,demo
2026-08-11 22:32:58,277.66,,demo
2026-08-11 22:33:29,7.01,,demo
2026-08-11 22:33:47,2.35,,demo
2026-08-11 22:34:04,2.07,,demo
2026-08-11 22:34:16,1.39,,demo
2026-08-11 22:34:27,1.22,,demo
2026-08-11 22:34:43,2.01,,demo
2026-08-11 22:35:07,3.77,,demo
2026-08-11 22:35:17,1.16,,demo
2026-08-11 22:35:25,1.01,,demo
2026-08-11 22:36:00,9.60,,demo
2026-08-11 22:36:29,5.52,,demo
2026-08-11 22:37:07,12.62,,demo
2026-08-11 22:37:22,1.79,,demo
2026-08-11 22:37:42,2.67,,demo
2026-08-11 22:38:27,21.39,,demo
2026-08-11 22:38:48,3.01,,demo
2026-08-11 22:39:02,1.56,,demo
2026-08-11 22:39:13,1.34,,demo
2026-08-11 22:39:22,1.11,,demo
2026-08-11 22:39:34,1.30,,demo
2026-08-11 22:39:52,2.40,,demo
2026-08-11 22:40:29,11.36,,demo
2026-08-11 22:41:24,50.22,,demo
2026-08-11 22:41:40,1.88,,demo
2026-08-11 22:41:57,2.08,,demo
2026-08-11 22:42:06,1.10,,demo
2026-08-11 22:42:28,3.13,,demo
2026-08-11 22:42:50,3.37,,demo
2026-08-11 22:43:08,2.19,,demo
2026-08-11 22:43:45,11.82,,demo
2026-08-11 22:44:00,1.75,,demo
2026-08-11 22:44:08,1.00,,demo
2026-08-11 22:44:19,1.26,,demo
2026-08-11 22:44:33,1.58,,demo
2026-08-11 22:45:04,7.06,,demo
2026-08-11 22:45:22,2.33,,demo
2026-08-11 22:45:43,2.83,,demo
2026-08-11 22:45:57,1.71,,demo
2026-08-11 22:46:05,1.00,,demo
2026-08-11 22:47:00,50.39,,demo
2026-08-11 22:47:13,1.42,,demo
2026-08-11 22:47:22,1.12,,demo
2026-08-11 22:47:50,5.49,,demo
2026-08-11 22:48:05,1.78,,demo
2026-08-11 22:48:39,8.25,,demo
2026-08-11 22:49:29,34.40,,demo
2026-08-11 22:49:48,2.36,,demo
2026-08-11 22:50:09,3.07,,demo
2026-08-11 22:50:20,1.30,,demo
2026-08-11 22:50:36,1.84,,demo
2026-08-11 22:51:26,33.86,,demo
2026-08-11 22:51:38,1.34,,demo
2026-08-11 22:52:05,4.87,,demo
2026-08-11 22:52:13,1.03,,demo
2026-08-11 22:52:26,1.50,,demo
2026-08-11 22:52:56,6.29,,demo
2026-08-11 22:53:10,1.68,,demo
2026-08-11 22:53:23,1.48,,demo
2026-08-11 22:53:47,3.74,,demo
2026-08-11 22:53:57,1.18,,demo
2026-08-11 22:54:08,1.26,,demo
2026-08-11 22:54:17,1.14,,demo
2026-08-11 22:55:08,35.75,,demo
2026-08-11 22:55:24,1.86,,demo
2026-08-11 22:55:36,1.41,,demo
2026-08-11 22:56:07,6.82,,demo
2026-08-11 22:56:21,1.69,,demo
2026-08-11 22:56:30,1.04,,demo
2026-08-11 22:56:54,3.72,,demo
2026-08-11 22:57:48,47.18,,demo
2026-08-11 22:58:05,2.10,,demo
2026-08-11 22:58:28,3.58,,demo
2026-08-11 22:58:38,1.11,,demo
2026-08-11 22:58:54,1.88,,demo
2026-08-11 22:59:08,1.77,,demo
2026-08-11 22:59:52,19.20,,demo
2026-08-11 23:00:17,4.26,,demo
2026-08-11 23:00:25,1.02,,demo
2026-08-11 23:00:44,2.47,,demo
2026-08-11 23:00:52,1.00,,demo
2026-08-11 23:01:15,3.41,,demo
2026-08-11 23:01:28,1.45,,demo
2026-08-11 23:01:42,1.67,,demo
2026-08-11 23:01:53,1.36,,demo
2026-08-11 23:02:12,2.43,,demo
2026-08-11 23:02:37,4.03,,demo
2026-08-11 23:02:57,2.78,,demo
2026-08-11 23:03:13,1.97,,demo
2026-08-11 23:03:37,3.52,,demo
2026-08-11 23:03:57,2.88,,demo
2026-08-11 23:04:11,1.62,,demo
2026-08-11 23:04:37,4.23,,demo
2026-08-11 23:04:46,1.11,,demo
2026-08-11 23:05:29,18.52,,demo
2026-08-11 23:05:59,6.43,,demo
2026-08-11 23:06:09,1.19,,demo
2026-08-11 23:06:40,6.39,,demo
2026-08-11 23:06:57,2.08,,demo
2026-08-11 23:07:18,3.10,,demo
2026-08-11 23:07:31,1.49,,demo
2026-08-11 23:07:50,2.43,,demo
2026-08-11 23:08:03,1.58,,demo
2026-08-11 23:08:12,1.03,,demo
2026-08-11 23:08:25,1.53,,demo
2026-08-11 23:08:43,2.25,,demo
2026-08-11 23:09:27,21.50,,demo
2026-08-11 23:09:40,1.42,,demo
2026-08-11 23:10:02,3.15,,demo
2026-08-11 23:10:11,1.11,,demo
2026-08-11 23:10:19,1.00,,demo
2026-08-11 23:11:08,30.59,,demo
2026-08-11 23:11:17,1.11,,demo
2026-08-11 23:11:29,1.40,,demo
2026-08-11 23:11:40,1.20,,demo
2026-08-11 23:11:56,1.99,,demo
2026-08-11 23:12:06,1.22,,demo
2026-08-11 23:12:39,7.85,,demo
2026-08-11 23:13:09,6.34,,demo
2026-08-11 23:13:32,3.51,,demo
2026-08-11 23:13:58,4.51,,demo
2026-08-11 23:14:07,1.00,,demo
2026-08-11 23:14:28,3.13,,demo
2026-08-11 23:14:53,4.12,,demo
2026-08-11 23:15:11,2.34,,demo
2026-08-11 23:15:20,1.00,,demo
2026-08-11 23:15:47,5.11,,demo
2026-08-11 23:15:58,1.23,,demo
2026-08-11 23:16:14,2.05,,demo
2026-08-11 23:16:48,8.59,,demo
2026-08-11 23:16:58,1.18,,demo
2026-08-11 23:17:23,4.11,,demo
2026-08-11 23:17:39,1.84,,demo
2026-08-11 23:17:49,1.19,,demo
2026-08-11 23:18:27,12.75,,demo
2026-08-11 23:18:46,2.37,,demo
2026-08-11 23:18:54,1.00,,demo
2026-08-11 23:19:04,1.23,,demo
2026-08-11 23:19:19,1.69,,demo
2026-08-11 23:19:28,1.00,,demo
2026-08-11 23:20:39,207.19,,demo
2026-08-11 23:20:52,1.43,,demo
2026-08-11 23:21:10,2.55,,demo
2026-08-11 23:21:29,2.51,,demo
2026-08-11 23:21:53,3.59,,demo
2026-08-11 23:22:31,12.41,,demo
2026-08-11 23:22:50,2.42,,demo
2026-08-11 23:23:04,1.53,,demo
2026-08-11 23:23:31,5.23,,demo
2026-08-11 23:23:44,1.62,,demo
2026-08-11 23:23:53,1.02,,demo
2026-08-11 23:24:02,1.12,,demo
2026-08-11 23:24:19,2.15,,demo
2026-08-11 23:24:28,1.05,,demo
2026-08-11 23:24:43,1.82,,demo
2026-08-11 23:25:19,9.86,,demo
2026-08-11 23:25:36,2.14,,demo
2026-08-11 23:26:30,46.85,,demo
2026-08-11 23:27:14,19.34,,demo
2026-08-11 23:27:22,1.00,,demo
2026-08-11 23:27:39,2.13,,demo
2026-08-11 23:27:57,2.23,,demo
2026-08-11 23:28:08,1.33,,demo
2026-08-11 23:28:23,1.81,,demo
2026-08-11 23:28:46,3.54,,demo
2026-08-11 23:29:02,1.85,,demo
2026-08-11 23:29:13,1.33,,demo
2026-08-11 23:29:38,4.00,,demo
2026-08-11 23:29:57,2.50,,demo
2026-08-11 23:30:14,2.15,,demo
2026-08-11 23:30:36,3.26,,demo
2026-08-11 23:30:52,1.81,,demo
2026-08-11 23:31:05,1.63,,demo
2026-08-11 23:31:22,2.00,,demo
2026-08-11 23:31:44,3.21,,demo
2026-08-11 23:32:07,3.46,,demo
2026-08-11 23:33:08,85.94,,demo
2026-08-11 23:33:28,2.63,,demo
2026-08-11 23:33:46,2.36,,demo
2026-08-11 23:34:03,1.96,,demo
2026-08-11 23:34:20,2.14,,demo
2026-08-11 23:34:32,1.45,,demo
2026-08-11 23:34:49,2.06,,demo
2026-08-11 23:35:01,1.41,,demo
2026-08-11 23:35:46,21.64,,demo
2026-08-11 23:35:54,1.03,,demo
2026-08-11 23:36:25,6.70,,demo
2026-08-11 23:36:35,1.17,,demo
2026-08-11 23:36:48,1.53,,demo
2026-08-11 23:36:56,1.02,,demo
2026-08-11 23:37:25,5.63,,demo
2026-08-11 23:37:51,4.39,,demo
2026-08-11 23:38:00,1.08,,demo
2026-08-11 23:38:32,7.65,,demo
2026-08-11 23:38:43,1.28,,demo
2026-08-11 23:39:14,6.31,,demo
2026-08-11 23:39:26,1.40,,demo
2026-08-11 23:40:04,12.15,,demo
2026-08-11 23:40:21,2.15,,demo
2026-08-11 23:40:40,2.48,,demo
2026-08-11 23:40:58,2.32,,demo
2026-08-11 23:41:06,1.02,,demo
2026-08-11 23:41:22,1.88,,demo
2026-08-11 23:41:36,1.70,,demo
2026-08-11 23:41:47,1.22,,demo
2026-08-11 23:41:56,1.14,,demo
2026-08-11 23:42:06,1.19,,demo
2026-08-11 23:42:15,1.08,,demo
2026-08-11 23:42:25,1.15,,demo
2026-08-11 23:42:38,1.49,,demo
2026-08-11 23:42:55,2.20,,demo
2026-08-11 23:43:40,19.91,,demo
2026-08-11 23:43:47,1.00,,demo
2026-08-11 23:44:19,7.28,,demo
2026-08-11 23:44:47,5.33,,demo
2026-08-11 23:45:19,7.00,,demo
2026-08-11 23:45:44,4.17,,demo
2026-08-11 23:46:01,2.16,,demo
2026-08-11 23:46:11,1.18,,demo
2026-08-11 23:46:37,4.55,,demo
2026-08-11 23:47:02,4.02,,demo
2026-08-11 23:47:27,4.12,,demo
2026-08-11 23:47:55,5.22,,demo
2026-08-11 23:48:08,1.45,,demo
2026-08-11 23:48:30,3.44,,demo
2026-08-11 23:49:18,26.17,,demo
2026-08-11 23:49:31,1.60,,demo
2026-08-11 23:49:42,1.24,,demo
2026-08-11 23:49:54,1.46,,demo
2026-08-11 23:50:12,2.24,,demo
2026-08-11 23:50:58,22.65,,demo
2026-08-11 23:51:06,1.03,,demo
2026-08-11 23:51:16,1.20,,demo
2026-08-11 23:51:30,1.57,,demo
2026-08-11 23:51:43,1.59,,demo
2026-08-11 23:51:56,1.42,,demo
2026-08-11 23:52:17,3.12,,demo
2026-08-11 23:52:29,1.36,,demo
2026-08-11 23:52:47,2.24,,demo
2026-08-11 23:52:56,1.07,,demo
2026-08-11 23:54:05,171.86,,demo
2026-08-11 23:54:28,3.30,,demo
2026-08-11 23:54:52,3.80,,demo
2026-08-11 23:55:01,1.09,,demo
2026-08-11 23:55:19,2.31,,demo
2026-08-11 23:55:38,2.39,,demo
2026-08-11 23:56:07,5.69,,demo
2026-08-11 23:56:17,1.19,,demo
2026-08-11 23:56:27,1.20,,demo
2026-08-11 23:56:44,2.20,,demo
2026-08-11 23:56:58,1.59,,demo
2026-08-11 23:57:30,7.26,,demo
2026-08-11 23:57:47,2.06,,demo
2026-08-11 23:58:20,8.15,,demo
2026-08-11 23:58:39,2.53,,demo
2026-08-11 23:59:07,5.21,,demo
2026-08-11 23:59:27,2.67,,demo
2026-08-11 23:59:41,1.58,,demo
2026-08-11 23:59:52,1.37,,demo
2026-08-12 00:00:25,8.28,,demo
2026-08-12 00:00:36,1.26,,demo
2026-08-12 00:01:06,5.82,,demo
2026-08-12 00:01:15,1.13,,demo
2026-08-12 00:01:26,1.27,,demo
2026-08-12 00:01:46,2.73,,demo
2026-08-12 00:01:58,1.42,,demo
2026-08-12 00:02:10,1.35,,demo
2026-08-12 00:02:24,1.63,,demo
2026-08-12 00:02:51,5.11,,demo
2026-08-12 00:03:13,3.25,,demo
2026-08-12 00:03:54,14.70,,demo
2026-08-12 00:04:11,2.09,,demo
2026-08-12 00:04:35,4.08,,demo
2026-08-12 00:04:48,1.40,,demo
2026-08-12 00:04:59,1.38,,demo
2026-08-12 00:05:09,1.00,,demo
2026-08-12 00:05:25,2.26,,demo
2026-08-12 00:05:34,1.00,,demo
2026-08-12 00:05:46,1.51,,demo
2026-08-12 00:07:17,947.86,,demo
2026-08-12 00:07:36,2.59,,demo
2026-08-12 00:07:44,1.00,,demo
2026-08-12 00:07:55,1.23,,demo
2026-08-12 00:08:12,2.17,,demo
2026-08-12 00:08:25,1.51,,demo
2026-08-12 00:08:37,1.35,,demo
2026-08-12 00:09:03,4.51,,demo
2026-08-12 00:09:11,1.04,,demo
2026-08-12 00:09:22,1.24,,demo
2026-08-12 00:09:55,7.92,,demo
2026-08-12 00:10:35,14.66,,demo
2026-08-12 00:10:56,3.06,,demo
2026-08-12 00:11:24,5.05,,demo
2026-08-12 00:11:38,1.72,,demo
2026-08-12 00:11:54,1.88,,demo
2026-08-12 00:12:08,1.58,,demo
2026-08-12 00:12:29,3.15,,demo
2026-08-12 00:13:03,8.17,,demo
2026-08-12 00:13:22,2.63,,demo
2026-08-12 00:13:33,1.21,,demo
2026-08-12 00:13:42,1.10,,demo
2026-08-12 00:14:08,4.50,,demo
2026-08-12 00:14:26,2.25,,demo
2026-08-12 00:14:38,1.29,,demo
2026-08-12 00:15:22,22.80,,demo
2026-08-12 00:15:31,1.08,,demo
2026-08-12 00:16:15,19.66,,demo
2026-08-12 00:16:31,1.93,,demo
2026-08-12 00:16:39,1.03,,demo
2026-08-12 00:17:05,4.13,,demo
2026-08-12 00:17:30,4.15,,demo
2026-08-12 00:18:08,12.33,,demo
2026-08-12 00:18:26,2.26,,demo
2026-08-12 00:18:49,3.57,,demo
2026-08-12 00:19:00,1.28,,demo
2026-08-12 00:19:27,4.70,,demo
2026-08-12 00:19:36,1.09,,demo
2026-08-12 00:19:57,2.89,,demo
2026-08-12 00:20:23,4.16,,demo
2026-08-12 00:20:59,11.72,,demo
2026-08-12 00:21:29,5.99,,demo
2026-08-12 00:21:41,1.47,,demo
2026-08-12 00:21:57,1.91,,demo
2026-08-12 00:22:22,4.18,,demo
2026-08-12 00:22:32,1.09,,demo
2026-08-12 00:22:41,1.15,,demo
2026-08-12 00:22:52,1.29,,demo
2026-08-12 00:23:11,2.40,,demo
2026-08-12 00:23:22,1.33,,demo
2026-08-12 00:23:38,1.93,,demo
2026-08-12 00:24:05,4.87,,demo
2026-08-12 00:24:32,4.67,,demo
2026-08-12 00:24:45,1.36,,demo
2026-08-12 00:24:57,1.60,,demo
2026-08-12 00:25:10,1.48,,demo
2026-08-12 00:25:18,1.00,,demo
2026-08-12 00:25:36,2.40,,demo
2026-08-12 00:25:44,1.00,,demo
2026-08-12 00:25:53,1.05,,demo
2026-08-12 00:26:32,13.10,,demo
2026-08-12 00:26:48,1.94,,demo
2026-08-12 00:26:59,1.28,,demo
2026-08-12 00:27:11,1.33,,demo
2026-08-12 00:27:19,1.00,,demo
2026-08-12 00:27:36,2.25,,demo
2026-08-12 00:27:48,1.40,,demo
2026-08-12 00:28:13,3.54,,demo
2026-08-12 00:28:42,6.25,,demo
2026-08-12 00:28:53,1.30,,demo
2026-08-12 00:29:02,1.13,,demo
2026-08-12 00:29:20,2.18,,demo
2026-08-12 00:29:38,2.23,,demo
2026-08-12 00:29:46,1.07,,demo
2026-08-12 00:30:05,2.50,,demo
2026-08-12 00:30:18,1.40,,demo
2026-08-12 00:30:27,1.15,,demo
2026-08-12 00:30:40,1.46,,demo
2026-08-12 00:30:53,1.56,,demo
2026-08-12 00:31:08,1.58,,demo
2026-08-12 00:31:16,1.00,,demo
2026-08-12 00:32:04,29.75,,demo
2026-08-12 00:32:43,13.26,,demo
2026-08-12 00:32:59,1.99,,demo
2026-08-12 00:33:24,4.15,,demo
2026-08-12 00:33:33,1.05,,demo
2026-08-12 00:33:47,1.69,,demo
2026-08-12 00:34:10,3.40,,demo
2026-08-12 00:34:27,2.08,,demo
2026-08-12 00:34:50,3.21,,demo
2026-08-12 00:35:23,8.62,,demo
2026-08-12 00:35:32,1.10,,demo
2026-08-12 00:35:55,3.41,,demo
2026-08-12 00:36:08,1.59,,demo
2026-08-12 00:36:21,1.54,,demo
2026-08-12 00:36:44,3.35,,demo
2026-08-12 00:36:52,1.00,,demo
2026-08-12 00:37:18,4.57,,demo
2026-08-12 00:38:11,40.47,,demo
2026-08-12 00:38:56,22.82,,demo
2026-08-12 00:40:11,262.10,,demo
2026-08-12 00:40:30,2.44,,demo
2026-08-12 00:40:42,1.46,,demo
2026-08-12 00:41:21,12.99,,demo
2026-08-12 00:41:35,1.65,,demo
2026-08-12 00:41:51,1.91,,demo
2026-08-12 00:42:03,1.33,,demo
2026-08-12 00:43:05,95.11,,demo
2026-08-12 00:43:24,2.53,,demo
2026-08-12 00:43:39,1.61,,demo
2026-08-12 00:43:54,1.89,,demo
2026-08-12 00:44:08,1.72,,demo
2026-08-12 00:44:17,1.06,,demo
2026-08-12 00:44:38,2.99,,demo
2026-08-12 00:44:55,2.09,,demo
2026-08-12 00:45:04,1.09,,demo
2026-08-12 00:45:26,3.07,,demo
2026-08-12 00:45:40,1.67,,demo
2026-08-12 00:46:02,3.22,,demo
2026-08-12 00:46:15,1.46,,demo
2026-08-12 00:46:40,4.40,,demo
2026-08-12 00:46:55,1.79,,demo
2026-08-12 00:47:08,1.41,,demo
2026-08-12 00:47:28,2.76,,demo
2026-08-12 00:47:43,1.80,,demo
2026-08-12 00:47:54,1.27,,demo
2026-08-12 00:48:15,3.05,,demo
2026-08-12 00:48:25,1.12,,demo
2026-08-12 00:48:33,1.00,,demo
2026-08-12 00:48:48,1.83,,demo
2026-08-12 00:49:00,1.44,,demo
2026-08-12 00:49:16,1.87,,demo
2026-08-12 00:50:05,31.58,,demo
2026-08-12 00:50:17,1.32,,demo
2026-08-12 00:50:47,6.54,,demo
2026-08-12 00:50:57,1.11,,demo
2026-08-12 00:51:05,1.00,,demo
2026-08-12 00:51:17,1.38,,demo
2026-08-12 00:51:38,2.87,,demo
2026-08-12 00:51:45,1.00,,demo
2026-08-12 00:51:55,1.14,,demo
2026-08-12 00:52:08,1.45,,demo
2026-08-12 00:52:23,1.82,,demo
2026-08-12 00:52:41,2.24,,demo
2026-08-12 00:52:56,1.91,,demo
2026-08-12 00:53:05,1.08,,demo
2026-08-12 00:53:27,3.22,,demo
2026-08-12 00:53:38,1.24,,demo
2026-08-12 00:53:57,2.35,,demo
2026-08-12 00:54:47,36.68,,demo
2026-08-12 00:55:12,4.05,,demo
2026-08-12 00:56:05,41.16,,demo
2026-08-12 00:56:22,2.04,,demo
2026-08-12 00:56:55,8.43,,demo
2026-08-12 00:57:11,1.86,,demo
2026-08-12 00:57:33,3.38,,demo
2026-08-12 00:57:55,3.10,,demo
2026-08-12 00:58:13,2.26,,demo
2026-08-12 00:58:22,1.09,,demo
2026-08-12 00:58:36,1.68,,demo
2026-08-12 00:58:49,1.51,,demo
2026-08-12 00:58:59,1.13,,demo
2026-08-12 00:59:43,21.73,,demo
2026-08-12 00:59:55,1.29,,demo
2026-08-12 01:00:12,2.05,,demo
2026-08-12 01:00:21,1.17,,demo
2026-08-12 01:00:43,3.10,,demo
2026-08-12 01:00:52,1.13,,demo
2026-08-12 01:01:01,1.02,,demo
2026-08-12 01:01:25,3.87,,demo
2026-08-12 01:01:35,1.20,,demo
2026-08-12 01:01:56,2.90,,demo
2026-08-12 01:02:36,14.29,,demo
2026-08-12 01:02:56,2.77,,demo
2026-08-12 01:03:18,2.98,,demo
2026-08-12 01:03:51,8.14,,demo
2026-08-12 01:03:59,1.00,,demo
2026-08-12 01:04:17,2.39,,demo
2026-08-12 01:04:44,4.87,,demo
2026-08-12 01:04:57,1.55,,demo
2026-08-12 01:05:07,1.11,,demo
2026-08-12 01:05:23,1.99,,demo
2026-08-12 01:05:38,1.71,,demo
2026-08-12 01:05:51,1.55,,demo
2026-08-12 01:06:53,90.51,,demo
2026-08-12 01:07:01,1.04,,demo
2026-08-12 01:07:26,3.86,,demo
2026-08-12 01:07:44,2.46,,demo
2026-08-12 01:07:53,1.07,,demo
2026-08-12 01:08:09,1.88,,demo
2026-08-12 01:08:17,1.00,,demo
2026-08-12 01:08:29,1.35,,demo
2026-08-12 01:08:37,1.00,,demo
2026-08-12 01:08:56,2.47,,demo
2026-08-12 01:09:08,1.45,,demo
2026-08-12 01:09:43,9.00,,demo
2026-08-12 01:09:56,1.62,,demo
2026-08-12 01:10:11,1.69,,demo
2026-08-12 01:10:25,1.64,,demo
2026-08-12 01:11:02,11.04,,demo
2026-08-12 01:11:13,1.38,,demo
2026-08-12 01:11:41,4.96,,demo
2026-08-12 01:11:49,1.00,,demo
2026-08-12 01:12:20,6.76,,demo
2026-08-12 01:12:29,1.11,,demo
2026-08-12 01:12:50,2.88,,demo
2026-08-12 01:13:30,14.71,,demo
2026-08-12 01:13:52,3.33,,demo
2026-08-12 01:14:28,10.26,,demo
2026-08-12 01:14:37,1.00,,demo
2026-08-12 01:14:45,1.00,,demo
2026-08-12 01:14:56,1.34,,demo
2026-08-12 01:15:24,5.12,,demo
2026-08-12 01:15:56,7.21,,demo
2026-08-12 01:16:04,1.00,,demo
2026-08-12 01:16:21,1.95,,demo
2026-08-12 01:16:51,6.71,,demo
2026-08-12 01:17:15,3.78,,demo
2026-08-12 01:17:28,1.52,,demo
2026-08-12 01:17:39,1.33,,demo
2026-08-12 01:17:47,1.00,,demo
2026-08-12 01:18:22,9.33,,demo
2026-08-12 01:18:32,1.19,,demo
2026-08-12 01:19:07,9.75,,demo
2026-08-12 01:19:28,2.85,,demo
2026-08-12 01:19:37,1.08,,demo
2026-08-12 01:20:04,4.75,,demo
2026-08-12 01:20:28,3.45,,demo
2026-08-12 01:20:36,1.12,,demo
2026-08-12 01:20:47,1.27,,demo
2026-08-12 01:21:11,3.93,,demo
2026-08-12 01:21:21,1.15,,demo
2026-08-12 01:21:30,1.09,,demo
2026-08-12 01:21:40,1.20,,demo
2026-08-12 01:21:56,1.85,,demo
2026-08-12 01:22:18,3.20,,demo
2026-08-12 01:22:28,1.16,,demo
2026-08-12 01:22:36,1.04,,demo
2026-08-12 01:22:52,1.94,,demo
2026-08-12 01:23:03,1.22,,demo
2026-08-12 01:23:19,2.05,,demo
2026-08-12 01:23:27,1.00,,demo
2026-08-12 01:24:08,15.54,,demo
2026-08-12 01:24:19,1.30,,demo
2026-08-12 01:24:37,2.29,,demo
2026-08-12 01:24:51,1.64,,demo
2026-08-12 01:25:09,2.07,,demo
2026-08-12 01:25:17,1.06,,demo
2026-08-12 01:25:27,1.16,,demo
2026-08-12 01:25:39,1.41,,demo
2026-08-12 01:25:52,1.49,,demo
2026-08-12 01:26:06,1.72,,demo
2026-08-12 01:26:59,39.87,,demo
2026-08-12 01:27:08,1.11,,demo
2026-08-12 01:27:29,3.00,,demo
2026-08-12 01:27:42,1.49,,demo
2026-08-12 01:27:50,1.00,,demo
2026-08-12 01:28:00,1.15,,demo
2026-08-12 01:28:38,11.95,,demo
2026-08-12 01:28:58,2.84,,demo
2026-08-12 01:29:19,2.77,,demo
2026-08-12 01:29:28,1.10,,demo
2026-08-12 01:30:04,11.03,,demo
2026-08-12 01:30:15,1.21,,demo
2026-08-12 01:30:26,1.33,,demo
2026-08-12 01:30:45,2.39,,demo
2026-08-12 01:31:05,2.72,,demo
2026-08-12 01:31:17,1.39,,demo
2026-08-12 01:31:44,5.11,,demo
2026-08-12 01:31:52,1.00,,demo
2026-08-12 01:32:01,1.08,,demo
2026-08-12 01:32:11,1.11,,demo
2026-08-12 01:32:25,1.74,,demo
2026-08-12 01:32:43,2.33,,demo
2026-08-12 01:33:38,47.24,,demo
2026-08-12 01:33:55,2.09,,demo
2026-08-12 01:34:29,8.02,,demo
2026-08-12 01:34:42,1.73,,demo
2026-08-12 01:35:12,6.23,,demo
2026-08-12 01:35:25,1.49,,demo
2026-08-12 01:35:34,1.05,,demo
2026-08-12 01:35:57,3.50,,demo
2026-08-12 01:36:16,2.47,,demo
2026-08-12 01:36:24,1.00,,demo
2026-08-12 01:36:55,7.08,,demo
2026-08-12 01:37:22,4.78,,demo
2026-08-12 01:37:32,1.18,,demo
2026-08-12 01:37:44,1.43,,demo
2026-08-12 01:38:14,6.23,,demo
2026-08-12 01:38:23,1.00,,demo
2026-08-12 01:38:48,4.07,,demo
2026-08-12 01:38:58,1.25,,demo
2026-08-12 01:39:06,1.01,,demo
2026-08-12 01:39:28,3.08,,demo
2026-08-12 01:39:39,1.26,,demo
2026-08-12 01:40:03,4.06,,demo
2026-08-12 01:40:50,24.30,,demo
2026-08-12 01:41:17,4.92,,demo
2026-08-12 01:41:29,1.26,,demo
2026-08-12 01:41:39,1.30,,demo
2026-08-12 01:41:50,1.31,,demo
2026-08-12 01:42:25,9.51,,demo
2026-08-12 01:42:42,2.01,,demo
2026-08-12 01:43:08,4.39,,demo
2026-08-12 01:43:24,2.11,,demo
2026-08-12 01:43:43,2.47,,demo
2026-08-12 01:43:58,1.77,,demo
2026-08-12 01:44:25,4.84,,demo
2026-08-12 01:44:42,2.06,,demo
2026-08-12 01:45:06,3.74,,demo
2026-08-12 01:45:17,1.25,,demo
2026-08-12 01:45:26,1.17,,demo
2026-08-12 01:45:55,5.42,,demo
2026-08-12 01:46:04,1.15,,demo
2026-08-12 01:46:21,2.00,,demo
2026-08-12 01:46:31,1.17,,demo
2026-08-12 01:46:45,1.58,,demo
2026-08-12 01:47:09,4.14,,demo
2026-08-12 01:47:21,1.38,,demo
2026-08-12 01:47:40,2.51,,demo
2026-08-12 01:47:51,1.24,,demo
2026-08-12 01:48:00,1.08,,demo
2026-08-12 01:48:49,28.80,,demo
2026-08-12 01:48:57,1.03,,demo
2026-08-12 01:49:07,1.22,,demo
2026-08-12 01:49:25,2.29,,demo
2026-08-12 01:49:38,1.50,,demo
2026-08-12 01:50:04,4.32,,demo
2026-08-12 01:50:18,1.66,,demo
2026-08-12 01:50:33,1.88,,demo
2026-08-12 01:51:06,8.06,,demo
2026-08-12 01:51:22,1.87,,demo
2026-08-12 01:51:51,5.84,,demo
2026-08-12 01:52:39,26.63,,demo
2026-08-12 01:52:56,2.17,,demo
2026-08-12 01:53:18,3.24,,demo
2026-08-12 01:53:38,2.76,,demo
2026-08-12 01:53:59,2.99,,demo
2026-08-12 01:54:26,4.50,,demo
2026-08-12 01:54:50,3.69,,demo
2026-08-12 01:55:04,1.77,,demo
2026-08-12 01:55:18,1.65,,demo
2026-08-12 01:55:48,5.88,,demo
2026-08-12 01:56:07,2.51,,demo
2026-08-12 01:56:18,1.15,,demo
2026-08-12 01:56:25,1.08,,demo
2026-08-12 01:56:37,1.39,,demo
2026-08-12 01:58:19,2556.82,,demo
2026-08-12 01:58:40,2.72,,demo
2026-08-12 01:58:56,1.85,,demo
2026-08-12 01:59:13,2.24,,demo
2026-08-12 01:59:33,2.86,,demo
2026-08-12 02:00:09,8.88,,demo
2026-08-12 02:00:31,3.53,,demo
2026-08-12 02:00:52,2.95,,demo
2026-08-12 02:01:15,3.59,,demo
2026-08-12 02:01:23,1.00,,demo
2026-08-12 02:01:44,2.80,,demo
2026-08-12 02:01:59,1.93,,demo
2026-08-12 02:02:32,7.55,,demo
2026-08-12 02:02:51,2.47,,demo
2026-08-12 02:03:01,1.18,,demo
2026-08-12 02:03:10,1.07,,demo
2026-08-12 02:03:23,1.46,,demo
2026-08-12 02:03:35,1.50,,demo
2026-08-12 02:03:43,1.00,,demo
2026-08-12 02:03:51,1.00,,demo
2026-08-12 02:04:23,7.22,,demo
2026-08-12 02:04:49,4.52,,demo
2026-08-12 02:05:01,1.33,,demo
2026-08-12 02:05:20,2.54,,demo
2026-08-12 02:05:41,2.92,,demo
2026-08-12 02:05:59,2.44,,demo
2026-08-12 02:06:21,3.09,,demo
2026-08-12 02:06:37,1.89,,demo
2026-08-12 02:07:24,26.53,,demo
2026-08-12 02:07:36,1.42,,demo
2026-08-12 02:07:48,1.34,,demo
2026-08-12 02:08:01,1.55,,demo
2026-08-12 02:08:38,10.73,,demo
2026-08-12 02:09:15,11.08,,demo
2026-08-12 02:09:41,4.69,,demo
2026-08-12 02:09:52,1.25,,demo
2026-08-12 02:10:09,2.14,,demo
2026-08-12 02:11:09,74.22,,demo
2026-08-12 02:11:19,1.17,,demo
2026-08-12 02:11:32,1.56,,demo
2026-08-12 02:11:46,1.64,,demo
2026-08-12 02:12:11,4.12,,demo
2026-08-12 02:12:36,4.13,,demo
2026-08-12 02:13:02,4.29,,demo
2026-08-12 02:13:23,2.88,,demo
2026-08-12 02:13:33,1.20,,demo
2026-08-12 02:14:01,5.49,,demo
2026-08-12 02:14:12,1.22,,demo
2026-08-12 02:14:54,16.89,,demo
2026-08-12 02:15:17,3.52,,demo
2026-08-12 02:15:25,1.03,,demo
2026-08-12 02:15:41,1.86,,demo
2026-08-12 02:16:17,10.34,,demo
2026-08-12 02:16:33,1.96,,demo
2026-08-12 02:16:45,1.48,,demo
2026-08-12 02:17:05,2.67,,demo
2026-08-12 02:17:15,1.12,,demo
2026-08-12 02:18:30,266.20,,demo
2026-08-12 02:18:57,4.97,,demo
2026-08-12 02:19:19,3.09,,demo
2026-08-12 02:19:34,1.87,,demo
2026-08-12 02:19:44,1.20,,demo
2026-08-12 02:20:23,12.33,,demo
2026-08-12 02:21:11,29.37,,demo
2026-08-12 02:21:26,1.77,,demo
2026-08-12 02:21:34,1.00,,demo
2026-08-12 02:21:57,3.45,,demo
2026-08-12 02:22:11,1.59,,demo
2026-08-12 02:22:21,1.18,,demo
2026-08-12 02:22:32,1.34,,demo
2026-08-12 02:22:46,1.61,,demo
2026-08-12 02:22:56,1.21,,demo
2026-08-12 02:23:43,24.78,,demo
2026-08-12 02:24:03,2.66,,demo
2026-08-12 02:24:15,1.43,,demo
2026-08-12 02:24:30,1.79,,demo
2026-08-12 02:24:38,1.00,,demo
2026-08-12 02:25:04,4.38,,demo
2026-08-12 02:25:19,1.76,,demo
2026-08-12 02:25:39,2.87,,demo
2026-08-12 02:26:03,3.66,,demo
2026-08-12 02:26:17,1.64,,demo
2026-08-12 02:26:37,2.78,,demo
2026-08-12 02:26:52,1.81,,demo
2026-08-12 02:27:07,1.74,,demo
2026-08-12 02:27:30,3.52,,demo
2026-08-12 02:27:43,1.47,,demo
2026-08-12 02:27:54,1.24,,demo
2026-08-12 02:28:03,1.11,,demo
2026-08-12 02:28:39,10.82,,demo
2026-08-12 02:28:55,1.93,,demo
2026-08-12 02:29:34,12.37,,demo
2026-08-12 02:29:46,1.48,,demo
2026-08-12 02:30:26,14.15,,demo
2026-08-12 02:30:36,1.20,,demo
2026-08-12 02:30:54,2.14,,demo
2026-08-12 02:31:32,12.74,,demo
2026-08-12 02:31:43,1.22,,demo
2026-08-12 02:32:00,2.25,,demo
2026-08-12 02:32:12,1.36,,demo
2026-08-12 02:32:22,1.19,,demo
2026-08-12 02:32:31,1.02,,demo
2026-08-12 02:33:14,18.88,,demo
2026-08-12 02:33:23,1.08,,demo
2026-08-12 02:34:01,11.95,,demo
2026-08-12 02:34:09,1.04,,demo
2026-08-12 02:34:32,3.57,,demo
2026-08-12 02:35:00,4.88,,demo
2026-08-12 02:35:21,3.02,,demo
2026-08-12 02:35:52,6.90,,demo
2026-08-12 02:36:11,2.46,,demo
2026-08-12 02:36:20,1.09,,demo
2026-08-12 02:36:29,1.12,,demo
2026-08-12 02:36:44,1.70,,demo
2026-08-12 02:36:55,1.35,,demo
2026-08-12 02:37:25,6.23,,demo
2026-08-12 02:37:36,1.17,,demo
2026-08-12 02:37:53,2.18,,demo
2026-08-12 02:38:10,2.23,,demo
2026-08-12 02:38:28,2.12,,demo
2026-08-12 02:39:41,226.14,,demo
2026-08-12 02:39:58,2.23,,demo
2026-08-12 02:40:07,1.07,,demo
2026-08-12 02:40:33,4.39,,demo
2026-08-12 02:40:43,1.15,,demo
2026-08-12 02:41:02,2.64,,demo
2026-08-12 02:41:20,2.14,,demo
2026-08-12 02:41:32,1.46,,demo
2026-08-12 02:41:44,1.41,,demo
2026-08-12 02:42:13,5.60,,demo
2026-08-12 02:43:00,25.42,,demo
2026-08-12 02:43:15,1.84,,demo
2026-08-12 02:43:27,1.34,,demo
2026-08-12 02:43:38,1.32,,demo
2026-08-12 02:44:09,6.83,,demo
2026-08-12 02:44:34,4.05,,demo
2026-08-12 02:44:58,3.75,,demo
2026-08-12 02:45:13,1.82,,demo
2026-08-12 02:45:54,15.14,,demo
2026-08-12 02:46:02,1.00,,demo
2026-08-12 02:46:17,1.73,,demo
2026-08-12 02:46:40,3.59,,demo
2026-08-12 02:47:53,221.07,,demo
2026-08-12 02:48:05,1.43,,demo
2026-08-12 02:48:22,2.16,,demo
2026-08-12 02:48:31,1.06,,demo
2026-08-12 02:48:56,3.98,,demo
2026-08-12 02:49:04,1.02,,demo
2026-08-12 02:49:18,1.67,,demo
2026-08-12 02:49:39,2.97,,demo
2026-08-12 02:50:04,3.52,,demo
2026-08-12 02:50:42,13.32,,demo
2026-08-12 02:51:03,2.99,,demo
2026-08-12 02:51:11,1.05,,demo
2026-08-12 02:51:38,4.42,,demo
2026-08-12 02:51:48,1.27,,demo
2026-08-12 02:52:02,1.66,,demo
2026-08-12 02:52:15,1.53,,demo
2026-08-12 02:52:25,1.17,,demo
2026-08-12 02:52:46,2.89,,demo
2026-08-12 02:52:55,1.04,,demo
2026-08-12 02:53:21,4.56,,demo
2026-08-12 02:53:35,1.74,,demo
2026-08-12 02:53:49,1.58,,demo
2026-08-12 02:53:59,1.16,,demo
2026-08-12 02:54:17,2.36,,demo
2026-08-12 02:54:40,3.55,,demo
2026-08-12 02:54:56,1.86,,demo
2026-08-12 02:55:10,1.69,,demo
2026-08-12 02:55:24,1.47,,demo
2026-08-12 02:55:32,1.10,,demo
2026-08-12 02:55:44,1.43,,demo
2026-08-12 02:55:55,1.21,,demo
2026-08-12 02:56:22,4.91,,demo
2026-08-12 02:57:32,176.68,,demo
2026-08-12 02:57:46,1.67,,demo
2026-08-12 02:58:08,3.23,,demo
2026-08-12 02:58:24,1.83,,demo
2026-08-12 02:58:44,2.73,,demo
2026-08-12 02:58:57,1.48,,demo
2026-08-12 02:59:09,1.47,,demo
2026-08-12 02:59:33,3.57,,demo
2026-08-12 03:00:00,5.21,,demo
2026-08-12 03:00:29,5.39,,demo
2026-08-12 03:00:40,1.34,,demo
2026-08-12 03:00:53,1.44,,demo
2026-08-12 03:01:02,1.10,,demo
2026-08-12 03:01:11,1.08,,demo
2026-08-12 03:01:47,10.11,,demo
2026-08-12 03:02:01,1.68,,demo
2026-08-12 03:02:27,4.57,,demo
2026-08-12 03:02:42,1.78,,demo
2026-08-12 03:02:58,1.97,,demo
2026-08-12 03:03:12,1.59,,demo
2026-08-12 03:03:21,1.12,,demo
2026-08-12 03:03:38,2.09,,demo
2026-08-12 03:03:50,1.37,,demo
2026-08-12 03:04:01,1.25,,demo
2026-08-12 03:04:12,1.38,,demo
2026-08-12 03:04:24,1.39,,demo
2026-08-12 03:04:44,2.56,,demo
2026-08-12 03:04:52,1.01,,demo
2026-08-12 03:05:14,3.15,,demo
2026-08-12 03:05:22,1.05,,demo
2026-08-12 03:05:32,1.16,,demo
2026-08-12 03:05:42,1.16,,demo
2026-08-12 03:06:33,37.04,,demo
2026-08-12 03:07:12,13.38,,demo
2026-08-12 03:07:40,5.18,,demo
2026-08-12 03:07:52,1.31,,demo
2026-08-12 03:08:01,1.16,,demo
2026-08-12 03:08:17,1.79,,demo
2026-08-12 03:09:07,33.89,,demo
2026-08-12 03:09:42,9.27,,demo
2026-08-12 03:10:28,22.80,,demo
2026-08-12 03:11:28,73.73,,demo
2026-08-12 03:11:37,1.16,,demo
2026-08-12 03:11:54,2.24,,demo
2026-08-12 03:12:10,1.90,,demo
2026-08-12 03:12:45,9.37,,demo
2026-08-12 03:12:54,1.07,,demo
2026-08-12 03:13:14,2.68,,demo
2026-08-12 03:14:12,64.11,,demo
2026-08-12 03:14:22,1.11,,demo
2026-08-12 03:14:30,1.06,,demo
2026-08-12 03:14:48,2.26,,demo
2026-08-12 03:15:15,5.04,,demo
2026-08-12 03:15:26,1.33,,demo
2026-08-12 03:15:35,1.00,,demo
2026-08-12 03:16:19,20.54,,demo
2026-08-12 03:16:27,1.00,,demo
2026-08-12 03:16:40,1.53,,demo
2026-08-12 03:16:57,2.08,,demo
2026-08-12 03:17:07,1.20,,demo
2026-08-12 03:17:24,2.10,,demo
2026-08-12 03:17:33,1.06,,demo
2026-08-12 03:17:43,1.22,,demo
2026-08-12 03:17:56,1.42,,demo
2026-08-12 03:18:50,48.67,,demo
2026-08-12 03:19:16,4.40,,demo
2026-08-12 03:19:47,7.19,,demo
2026-08-12 03:19:59,1.37,,demo
2026-08-12 03:20:07,1.00,,demo
2026-08-12 03:20:28,2.91,,demo
2026-08-12 03:21:16,27.11,,demo
2026-08-12 03:22:10,45.51,,demo
2026-08-12 03:22:29,2.59,,demo
2026-08-12 03:22:40,1.26,,demo
2026-08-12 03:22:49,1.09,,demo
2026-08-12 03:23:09,2.74,,demo
2026-08-12 03:23:31,3.11,,demo
2026-08-12 03:23:42,1.32,,demo
2026-08-12 03:23:59,2.01,,demo
2026-08-12 03:24:08,1.00,,demo
2026-08-12 03:24:25,2.39,,demo
2026-08-12 03:24:58,8.00,,demo
2026-08-12 03:25:10,1.37,,demo
2026-08-12 03:25:26,1.91,,demo
2026-08-12 03:25:42,1.96,,demo
2026-08-12 03:25:58,1.88,,demo
2026-08-12 03:26:29,6.81,,demo
2026-08-12 03:26:57,5.65,,demo
2026-08-12 03:27:08,1.25,,demo
2026-08-12 03:27:37,5.52,,demo
2026-08-12 03:27:48,1.31,,demo
2026-08-12 03:27:56,1.03,,demo
2026-08-12 03:28:04,1.01,,demo
2026-08-12 03:28:31,4.76,,demo
2026-08-12 03:29:03,7.04,,demo
2026-08-12 03:29:15,1.38,,demo
2026-08-12 03:29:23,1.05,,demo
2026-08-12 03:29:36,1.40,,demo
2026-08-12 03:29:45,1.18,,demo
2026-08-12 03:30:23,11.26,,demo
2026-08-12 03:30:36,1.52,,demo
2026-08-12 03:30:49,1.60,,demo
2026-08-12 03:31:29,14.21,,demo
2026-08-12 03:31:43,1.64,,demo
2026-08-12 03:32:21,11.96,,demo
2026-08-12 03:32:35,1.58,,demo
2026-08-12 03:32:46,1.35,,demo
2026-08-12 03:32:55,1.09,,demo
2026-08-12 03:33:45,33.40,,demo
2026-08-12 03:33:54,1.02,,demo
2026-08-12 03:34:17,3.56,,demo
2026-08-12 03:34:25,1.00,,demo
2026-08-12 03:34:39,1.66,,demo
2026-08-12 03:35:00,3.00,,demo
2026-08-12 03:35:27,4.67,,demo
2026-08-12 03:35:51,3.90,,demo
2026-08-12 03:36:24,7.92,,demo
2026-08-12 03:37:34,175.53,,demo
2026-08-12 03:37:45,1.11,,demo
2026-08-12 03:38:35,37.15,,demo
2026-08-12 03:39:05,6.49,,demo
2026-08-12 03:39:49,18.93,,demo
2026-08-12 03:40:15,4.60,,demo
2026-08-12 03:40:42,4.94,,demo
2026-08-12 03:41:21,13.33,,demo
2026-08-12 03:41:55,8.42,,demo
2026-08-12 03:42:11,1.83,,demo
2026-08-12 03:42:23,1.43,,demo
2026-08-12 03:42:36,1.55,,demo
2026-08-12 03:43:02,4.33,,demo
2026-08-12 03:43:17,1.82,,demo
2026-08-12 03:43:28,1.29,,demo
2026-08-12 03:43:38,1.15,,demo
2026-08-12 03:44:17,14.19,,demo
2026-08-12 03:44:39,2.96,,demo
2026-08-12 03:44:59,2.71,,demo
2026-08-12 03:45:23,3.92,,demo
2026-08-12 03:45:57,8.60,,demo
2026-08-12 03:46:26,5.82,,demo
2026-08-12 03:46:38,1.39,,demo
2026-08-12 03:46:50,1.39,,demo
2026-08-12 03:46:58,1.03,,demo
2026-08-12 03:47:22,3.60,,demo
2026-08-12 03:47:31,1.06,,demo
2026-08-12 03:47:45,1.75,,demo
2026-08-12 03:47:58,1.41,,demo
2026-08-12 03:48:12,1.68,,demo
2026-08-12 03:48:38,4.65,,demo
2026-08-12 03:48:56,2.16,,demo
2026-08-12 03:49:27,6.69,,demo
2026-08-12 03:49:36,1.07,,demo
2026-08-12 03:50:14,13.15,,demo
2026-08-12 03:50:31,2.14,,demo
2026-08-12 03:50:48,2.06,,demo
2026-08-12 03:50:59,1.27,,demo
2026-08-12 03:51:28,4.98,,demo
2026-08-12 03:52:51,572.49,,demo
2026-08-12 03:53:02,1.28,,demo
2026-08-12 03:53:10,1.04,,demo
2026-08-12 03:53:58,26.61,,demo
2026-08-12 03:54:14,1.95,,demo
2026-08-12 03:54:22,1.01,,demo
2026-08-12 03:54:30,1.00,,demo
2026-08-12 03:54:52,3.22,,demo
2026-08-12 03:55:44,37.93,,demo
2026-08-12 03:56:48,110.50,,demo
2026-08-12 03:57:11,3.33,,demo
2026-08-12 03:57:20,1.09,,demo
2026-08-12 03:57:48,5.49,,demo
2026-08-12 03:58:17,5.61,,demo
2026-08-12 03:58:27,1.23,,demo
2026-08-12 03:58:36,1.00,,demo
2026-08-12 03:58:44,1.06,,demo
2026-08-12 03:58:54,1.11,,demo
2026-08-12 03:59:39,21.72,,demo
2026-08-12 03:59:47,1.00,,demo
2026-08-12 04:00:13,4.01,,demo
2026-08-12 04:00:44,7.97,,demo
2026-08-12 04:00:54,1.11,,demo
2026-08-12 04:01:08,1.54,,demo
2026-08-12 04:01:23,1.92,,demo
2026-08-12 04:02:24,83.36,,demo
2026-08-12 04:02:37,1.50,,demo
2026-08-12 04:02:54,2.23,,demo
2026-08-12 04:03:04,1.06,,demo
2026-08-12 04:03:20,2.10,,demo
2026-08-12 04:03:41,2.81,,demo
2026-08-12 04:04:20,13.71,,demo
2026-08-12 04:04:29,1.06,,demo
2026-08-12 04:04:45,1.99,,demo
2026-08-12 04:04:54,1.07,,demo
2026-08-12 04:05:04,1.18,,demo
2026-08-12 04:05:28,3.72,,demo
2026-08-12 04:06:15,25.54,,demo
2026-08-12 04:06:40,4.16,,demo
2026-08-12 04:06:57,2.22,,demo
2026-08-12 04:07:32,9.02,,demo
2026-08-12 04:07:57,4.04,,demo
2026-08-12 04:08:17,2.63,,demo
2026-08-12 04:08:33,2.04,,demo
2026-08-12 04:09:06,7.04,,demo
2026-08-12 04:09:15,1.20,,demo
2026-08-12 04:09:54,14.12,,demo
2026-08-12 04:10:16,3.19,,demo
2026-08-12 04:11:00,18.72,,demo
2026-08-12 04:11:28,5.17,,demo
2026-08-12 04:11:56,5.53,,demo
2026-08-12 04:12:06,1.16,,demo
2026-08-12 04:12:14,1.00,,demo
2026-08-12 04:12:32,2.32,,demo
2026-08-12 04:12:43,1.29,,demo
2026-08-12 04:13:11,5.07,,demo
2026-08-12 04:13:27,1.97,,demo
2026-08-12 04:13:41,1.65,,demo
2026-08-12 04:14:06,4.18,,demo
2026-08-12 04:14:27,2.96,,demo
2026-08-12 04:15:14,26.28,,demo
2026-08-12 04:15:32,2.21,,demo
2026-08-12 04:15:41,1.07,,demo
2026-08-12 04:15:53,1.30,,demo
2026-08-12 04:16:04,1.39,,demo
2026-08-12 04:16:20,1.89,,demo
2026-08-12 04:16:28,1.05,,demo
2026-08-12 04:17:09,13.63,,demo
2026-08-12 04:17:18,1.23,,demo
2026-08-12 04:17:40,3.12,,demo
2026-08-12 04:18:01,2.90,,demo
2026-08-12 04:18:18,2.09,,demo
2026-08-12 04:18:28,1.17,,demo
2026-08-12 04:18:50,3.29,,demo
2026-08-12 04:19:24,8.49,,demo
2026-08-12 04:19:38,1.60,,demo
2026-08-12 04:20:10,7.98,,demo
2026-08-12 04:20:30,2.69,,demo
2026-08-12 04:20:51,2.88,,demo
2026-08-12 04:21:35,19.44,,demo
2026-08-12 04:21:46,1.37,,demo
2026-08-12 04:21:57,1.18,,demo
2026-08-12 04:23:20,532.14,,demo
2026-08-12 04:23:33,1.50,,demo
2026-08-12 04:23:53,2.67,,demo
2026-08-12 04:24:05,1.46,,demo
2026-08-12 04:24:14,1.11,,demo
2026-08-12 04:24:41,4.55,,demo
2026-08-12 04:25:13,6.74,,demo
2026-08-12 04:25:28,1.96,,demo
2026-08-12 04:26:36,148.24,,demo
2026-08-12 04:27:03,5.14,,demo
2026-08-12 04:27:34,6.71,,demo
2026-08-12 04:27:49,1.78,,demo
2026-08-12 04:27:58,1.08,,demo
2026-08-12 04:28:13,1.68,,demo
2026-08-12 04:28:22,1.11,,demo
2026-08-12 04:28:30,1.01,,demo
2026-08-12 04:28:56,4.38,,demo
2026-08-12 04:29:10,1.57,,demo
2026-08-12 04:29:31,3.06,,demo
2026-08-12 04:29:55,3.90,,demo
2026-08-12 04:30:17,3.24,,demo
2026-08-12 04:31:03,19.27,,demo
2026-08-12 04:31:10,1.08,,demo
2026-08-12 04:31:19,1.14,,demo
2026-08-12 04:31:44,3.88,,demo
2026-08-12 04:31:59,1.66,,demo
2026-08-12 04:32:32,8.97,,demo
2026-08-12 04:33:30,61.11,,demo
2026-08-12 04:33:38,1.05,,demo
2026-08-12 04:34:15,10.94,,demo
2026-08-12 04:34:33,2.17,,demo
2026-08-12 04:34:49,2.02,,demo
2026-08-12 04:35:06,1.94,,demo
2026-08-12 04:35:53,29.24,,demo
2026-08-12 04:36:05,1.34,,demo
2026-08-12 04:36:31,4.33,,demo
2026-08-12 04:36:42,1.34,,demo
2026-08-12 04:36:50,1.02,,demo
2026-08-12 04:37:17,4.51,,demo
2026-08-12 04:37:43,4.47,,demo
2026-08-12 04:37:51,1.03,,demo
2026-08-12 04:38:17,3.95,,demo
2026-08-12 04:38:37,3.05,,demo
2026-08-12 04:38:45,1.05,,demo
2026-08-12 04:39:00,1.56,,demo
2026-08-12 04:39:14,1.82,,demo
2026-08-12 04:39:41,4.70,,demo
2026-08-12 04:40:02,3.10,,demo
2026-08-12 04:40:25,3.49,,demo
2026-08-12 04:40:39,1.56,,demo
2026-08-12 04:40:53,1.39,,demo
2026-08-12 04:41:22,6.94,,demo
2026-08-12 04:41:35,1.50,,demo
2026-08-12 04:41:47,1.44,,demo
2026-08-12 04:41:56,1.00,,demo
2026-08-12 04:42:05,1.13,,demo
2026-08-12 04:42:18,1.54,,demo
2026-08-12 04:42:37,2.44,,demo
2026-08-12 04:42:58,2.86,,demo
2026-08-12 04:43:29,7.34,,demo
2026-08-12 04:43:57,5.22,,demo
2026-08-12 04:44:14,2.08,,demo
2026-08-12 04:44:29,1.49,,demo
2026-08-12 04:45:02,8.44,,demo
2026-08-12 04:45:10,1.09,,demo
2026-08-12 04:45:23,1.51,,demo
2026-08-12 04:45:47,3.92,,demo
2026-08-12 04:46:03,1.78,,demo
2026-08-12 04:46:25,3.37,,demo
2026-08-12 04:46:38,1.50,,demo
2026-08-12 04:46:55,2.24,,demo
2026-08-12 04:47:22,4.68,,demo
2026-08-12 04:47:30,1.00,,demo
2026-08-12 04:47:46,1.93,,demo
2026-08-12 04:47:59,1.49,,demo
2026-08-12 04:48:12,1.57,,demo
2026-08-12 04:48:35,3.43,,demo
2026-08-12 04:48:43,1.00,,demo
2026-08-12 04:48:53,1.15,,demo
2026-08-12 04:49:04,1.17,,demo
2026-08-12 04:49:34,6.75,,demo
2026-08-12 04:50:30,52.78,,demo
2026-08-12 04:50:57,5.26,,demo
2026-08-12 04:51:07,1.15,,demo
2026-08-12 04:51:26,2.56,,demo
2026-08-12 04:51:42,1.77,,demo
2026-08-12 04:52:19,12.34,,demo
2026-08-12 04:52:58,12.49,,demo
2026-08-12 04:53:16,2.07,,demo
2026-08-12 04:53:25,1.23,,demo
2026-08-12 04:53:39,1.46,,demo
2026-08-12 04:54:18,15.24,,demo
2026-08-12 04:54:39,2.90,,demo
2026-08-12 04:55:05,4.26,,demo
2026-08-12 04:55:34,5.84,,demo
2026-08-12 04:55:44,1.19,,demo
2026-08-12 04:56:13,5.60,,demo
2026-08-12 04:56:37,3.79,,demo
2026-08-12 04:56:47,1.26,,demo
2026-08-12 04:57:01,1.39,,demo
2026-08-12 04:57:14,1.74,,demo
2026-08-12 04:57:51,10.49,,demo
2026-08-12 04:58:21,6.04,,demo
2026-08-12 04:58:29,1.04,,demo
2026-08-12 04:58:38,1.12,,demo
2026-08-12 04:59:03,4.28,,demo
2026-08-12 04:59:15,1.38,,demo
2026-08-12 04:59:32,2.09,,demo
2026-08-12 04:59:56,3.31,,demo
2026-08-12 05:00:05,1.25,,demo
2026-08-12 05:00:14,1.02,,demo
2026-08-12 05:00:30,1.98,,demo
2026-08-12 05:00:46,1.93,,demo
2026-08-12 05:01:21,8.22,,demo
2026-08-12 05:01:35,1.85,,demo
2026-08-12 05:01:50,1.87,,demo
2026-08-12 05:02:36,23.73,,demo
2026-08-12 05:02:56,2.26,,demo
2026-08-12 05:03:21,4.99,,demo
2026-08-12 05:03:46,4.18,,demo
2026-08-12 05:03:59,1.47,,demo
2026-08-12 05:04:32,6.82,,demo
2026-08-12 05:04:43,1.46,,demo
2026-08-12 05:04:52,1.09,,demo
2026-08-12 05:05:18,4.60,,demo
2026-08-12 05:05:44,3.99,,demo
2026-08-12 05:06:12,5.50,,demo
2026-08-12 05:07:00,29.06,,demo
2026-08-12 05:07:14,1.57,,demo
2026-08-12 05:07:56,18.38,,demo
2026-08-12 05:08:44,28.00,,demo
2026-08-12 05:08:52,1.00,,demo
2026-08-12 05:09:17,3.76,,demo
2026-08-12 05:09:42,4.47,,demo
2026-08-12 05:10:10,5.02,,demo
2026-08-12 05:10:29,2.54,,demo
2026-08-12 05:10:58,5.97,,demo
2026-08-12 05:11:24,4.14,,demo
2026-08-12 05:12:04,14.68,,demo
2026-08-12 05:12:15,1.32,,demo
2026-08-12 05:12:24,1.10,,demo
2026-08-12 05:12:44,2.61,,demo
2026-08-12 05:13:00,1.94,,demo
2026-08-12 05:13:11,1.27,,demo
2026-08-12 05:14:00,32.16,,demo
2026-08-12 05:14:26,4.34,,demo
2026-08-12 05:14:41,1.74,,demo
2026-08-12 05:15:25,18.36,,demo
2026-08-12 05:15:34,1.21,,demo
2026-08-12 05:15:43,1.06,,demo
2026-08-12 05:16:12,5.79,,demo
2026-08-12 05:17:14,93.30,,demo
2026-08-12 05:17:27,1.48,,demo
2026-08-12 05:17:50,3.32,,demo
2026-08-12 05:17:59,1.14,,demo
2026-08-12 05:18:32,7.69,,demo
2026-08-12 05:18:44,1.39,,demo
2026-08-12 05:19:00,2.04,,demo
2026-08-12 05:19:12,1.32,,demo
2026-08-12 05:19:28,1.93,,demo
2026-08-12 05:19:37,1.14,,demo
2026-08-12 05:19:51,1.62,,demo
2026-08-12 05:20:09,2.28,,demo
2026-08-12 05:20:17,1.00,,demo
2026-08-12 05:20:44,4.21,,demo
2026-08-12 05:21:02,2.61,,demo
2026-08-12 05:21:12,1.21,,demo
2026-08-12 05:21:43,6.44,,demo
2026-08-12 05:21:51,1.00,,demo
2026-08-12 05:22:14,3.41,,demo
2026-08-12 05:22:34,2.82,,demo
2026-08-12 05:22:47,1.49,,demo
2026-08-12 05:23:00,1.55,,demo
2026-08-12 05:23:35,9.37,,demo
2026-08-12 05:24:12,10.66,,demo
2026-08-12 05:24:42,5.63,,demo
2026-08-12 05:24:49,1.01,,demo
2026-08-12 05:25:10,3.08,,demo
2026-08-12 05:25:40,6.15,,demo
2026-08-12 05:25:56,1.85,,demo
2026-08-12 05:26:08,1.48,,demo
2026-08-12 05:26:21,1.49,,demo
2026-08-12 05:26:31,1.13,,demo
2026-08-12 05:26:45,1.58,,demo
2026-08-12 05:27:06,3.30,,demo
2026-08-12 05:27:19,1.45,,demo
2026-08-12 05:27:35,2.02,,demo
2026-08-12 05:27:52,2.10,,demo
2026-08-12 05:28:04,1.38,,demo
2026-08-12 05:29:07,91.94,,demo
2026-08-12 05:29:36,5.97,,demo
2026-08-12 05:29:45,1.10,,demo
2026-08-12 05:30:01,1.72,,demo
2026-08-12 05:30:14,1.64,,demo
2026-08-12 05:30:26,1.12,,demo
2026-08-12 05:31:31,147.51,,demo
2026-08-12 05:31:44,1.46,,demo
2026-08-12 05:31:55,1.19,,demo
2026-08-12 05:32:03,1.13,,demo
2026-08-12 05:32:53,32.12,,demo
2026-08-12 05:33:02,1.10,,demo
2026-08-12 05:33:19,1.94,,demo
2026-08-12 05:33:43,3.94,,demo
2026-08-12 05:33:58,1.80,,demo
2026-08-12 05:34:18,2.57,,demo
2026-08-12 05:34:33,1.79,,demo
2026-08-12 05:34:53,2.73,,demo
2026-08-12 05:35:10,1.95,,demo
2026-08-12 05:35:32,3.64,,demo
2026-08-12 05:36:14,16.66,,demo
2026-08-12 05:36:24,1.19,,demo
2026-08-12 05:36:33,1.07,,demo
2026-08-12 05:36:47,1.68,,demo
2026-08-12 05:36:55,1.00,,demo
2026-08-12 05:37:15,2.72,,demo
2026-08-12 05:37:34,2.33,,demo
2026-08-12 05:37:43,1.09,,demo
2026-08-12 05:37:58,1.89,,demo
2026-08-12 05:38:14,1.85,,demo
2026-08-12 05:38:33,2.49,,demo
2026-08-12 05:38:46,1.55,,demo
2026-08-12 05:39:09,2.99,,demo
2026-08-12 05:39:16,1.13,,demo
2026-08-12 05:39:29,1.41,,demo
2026-08-12 05:39:48,2.40,,demo
2026-08-12 05:40:03,1.94,,demo
2026-08-12 05:40:29,4.39,,demo
2026-08-12 05:40:50,2.90,,demo
2026-08-12 05:41:01,1.28,,demo
2026-08-12 05:41:12,1.28,,demo
2026-08-12 05:41:23,1.23,,demo
2026-08-12 05:41:32,1.18,,demo
2026-08-12 05:41:48,1.94,,demo
2026-08-12 05:42:25,11.16,,demo
2026-08-12 05:42:33,1.00,,demo
2026-08-12 05:43:02,5.31,,demo
2026-08-12 05:43:10,1.00,,demo
2026-08-12 05:43:23,1.53,,demo
2026-08-12 05:43:32,1.09,,demo
2026-08-12 05:43:49,2.11,,demo
2026-08-12 05:44:43,46.89,,demo
2026-08-12 05:45:06,3.36,,demo
2026-08-12 05:45:22,2.06,,demo
2026-08-12 05:45:43,2.80,,demo
2026-08-12 05:46:07,3.83,,demo
2026-08-12 05:46:15,1.00,,demo
2026-08-12 05:46:46,6.75,,demo
2026-08-12 05:46:56,1.18,,demo
2026-08-12 05:47:07,1.34,,demo
2026-08-12 05:47:27,2.71,,demo
2026-08-12 05:47:37,1.14,,demo
2026-08-12 05:47:57,2.53,,demo
2026-08-12 05:48:14,1.96,,demo
2026-08-12 05:48:24,1.41,,demo
2026-08-12 05:48:57,7.89,,demo
2026-08-12 05:49:11,1.55,,demo
2026-08-12 05:49:19,1.00,,demo
2026-08-12 05:49:28,1.04,,demo
2026-08-12 05:49:40,1.48,,demo
2026-08-12 05:49:55,1.74,,demo
2026-08-12 05:50:12,2.23,,demo
2026-08-12 05:50:28,1.61,,demo
2026-08-12 05:50:40,1.58,,demo
2026-08-12 05:50:53,1.57,,demo
2026-08-12 05:51:10,2.10,,demo
2026-08-12 05:51:23,1.51,,demo
2026-08-12 05:51:36,1.52,,demo
2026-08-12 05:51:51,1.57,,demo
2026-08-12 05:52:19,5.23,,demo
2026-08-12 05:52:27,1.17,,demo
2026-08-12 05:52:40,1.48,,demo
2026-08-12 05:52:58,2.27,,demo
2026-08-12 05:53:10,1.35,,demo
2026-08-12 05:54:02,41.37,,demo
2026-08-12 05:54:25,3.48,,demo
2026-08-12 05:54:51,4.52,,demo
2026-08-12 05:55:01,1.13,,demo
2026-08-12 05:55:11,1.23,,demo
2026-08-12 05:55:19,1.00,,demo
2026-08-12 05:55:41,3.02,,demo
2026-08-12 05:55:50,1.15,,demo
2026-08-12 05:56:07,2.08,,demo
2026-08-12 05:56:23,1.93,,demo
2026-08-12 05:56:32,1.02,,demo
2026-08-12 05:56:46,1.76,,demo
2026-08-12 05:57:37,30.75,,demo
2026-08-12 05:57:47,1.36,,demo
2026-08-12 05:58:19,7.03,,demo
2026-08-12 05:58:45,4.39,,demo
2026-08-12 05:59:01,2.04,,demo
2026-08-12 05:59:38,10.79,,demo
2026-08-12 05:59:49,1.32,,demo
2026-08-12 06:00:07,2.20,,demo
2026-08-12 06:00:26,2.63,,demo
2026-08-12 06:00:36,1.15,,demo
2026-08-12 06:00:59,3.64,,demo
2026-08-12 06:01:43,20.09,,demo
2026-08-12 06:01:58,1.67,,demo
2026-08-12 06:02:22,3.81,,demo
2026-08-12 06:02:46,3.92,,demo
2026-08-12 06:02:55,1.08,,demo
2026-08-12 06:03:05,1.21,,demo
2026-08-12 06:03:21,1.88,,demo
2026-08-12 06:03:32,1.29,,demo
2026-08-12 06:03:43,1.23,,demo
2026-08-12 06:04:05,3.44,,demo
2026-08-12 06:04:25,2.67,,demo
2026-08-12 06:04:34,1.00,,demo
2026-08-12 06:04:44,1.04,,demo
2026-08-12 06:05:17,9.73,,demo
2026-08-12 06:05:25,1.01,,demo
2026-08-12 06:05:42,2.01,,demo
2026-08-12 06:05:50,1.00,,demo
2026-08-12 06:05:59,1.05,,demo
2026-08-12 06:07:23,602.93,,demo
2026-08-12 06:07:42,2.15,,demo
2026-08-12 06:08:21,13.26,,demo
2026-08-12 06:08:32,1.48,,demo
2026-08-12 06:08:47,1.76,,demo
2026-08-12 06:09:32,21.21,,demo
2026-08-12 06:09:50,2.25,,demo
2026-08-12 06:10:05,1.85,,demo
2026-08-12 06:10:17,1.37,,demo
2026-08-12 06:10:37,2.74,,demo
2026-08-12 06:11:43,126.41,,demo
2026-08-12 06:12:20,10.02,,demo
2026-08-12 06:12:32,1.49,,demo
2026-08-12 06:12:43,1.32,,demo
2026-08-12 06:12:56,1.58,,demo
2026-08-12 06:13:07,1.15,,demo
2026-08-12 06:13:24,2.35,,demo
2026-08-12 06:13:38,1.64,,demo
2026-08-12 06:13:52,1.62,,demo
2026-08-12 06:14:03,1.22,,demo
2026-08-12 06:14:11,1.00,,demo
2026-08-12 06:14:27,2.02,,demo
2026-08-12 06:14:57,5.97,,demo
2026-08-12 06:15:15,2.22,,demo
2026-08-12 06:15:36,3.25,,demo
2026-08-12 06:15:54,2.20,,demo
2026-08-12 06:16:05,1.30,,demo
2026-08-12 06:16:13,1.00,,demo
2026-08-12 06:16:33,2.66,,demo
2026-08-12 06:17:14,15.36,,demo
2026-08-12 06:17:24,1.24,,demo
2026-08-12 06:17:48,3.78,,demo
2026-08-12 06:18:15,4.50,,demo
2026-08-12 06:18:43,4.97,,demo
2026-08-12 06:18:50,1.01,,demo
2026-08-12 06:19:18,5.50,,demo
2026-08-12 06:19:47,5.53,,demo
2026-08-12 06:20:15,4.99,,demo
2026-08-12 06:20:41,4.67,,demo
2026-08-12 06:20:54,1.60,,demo
2026-08-12 06:21:03,1.07,,demo
2026-08-12 06:21:13,1.12,,demo
2026-08-12 06:21:51,11.13,,demo
2026-08-12 06:21:58,1.07,,demo
2026-08-12 06:22:14,1.66,,demo
2026-08-12 06:22:33,2.76,,demo
2026-08-12 06:22:48,1.75,,demo
2026-08-12 06:22:56,1.08,,demo
2026-08-12 06:23:31,9.53,,demo
2026-08-12 06:23:41,1.12,,demo
2026-08-12 06:23:54,1.49,,demo
2026-08-12 06:24:13,2.62,,demo
2026-08-12 06:24:22,1.06,,demo
2026-08-12 06:24:31,1.10,,demo
2026-08-12 06:25:15,17.54,,demo
2026-08-12 06:25:27,1.61,,demo
2026-08-12 06:25:36,1.04,,demo
2026-08-12 06:25:55,2.49,,demo
2026-08-12 06:26:04,1.14,,demo
2026-08-12 06:26:13,1.04,,demo
2026-08-12 06:26:28,1.71,,demo
2026-08-12 06:26:36,1.03,,demo
2026-08-12 06:27:12,10.26,,demo
2026-08-12 06:27:21,1.13,,demo
2026-08-12 06:27:45,3.40,,demo
2026-08-12 06:28:50,127.29,,demo
2026-08-12 06:29:17,4.62,,demo
2026-08-12 06:29:34,1.96,,demo
2026-08-12 06:29:45,1.38,,demo
2026-08-12 06:30:08,3.28,,demo
2026-08-12 06:30:44,11.06,,demo
2026-08-12 06:30:59,1.83,,demo
2026-08-12 06:31:11,1.36,,demo
2026-08-12 06:31:26,1.78,,demo
2026-08-12 06:31:34,1.02,,demo
2026-08-12 06:31:43,1.08,,demo
2026-08-12 06:32:07,3.62,,demo
2026-08-12 06:32:42,10.00,,demo
2026-08-12 06:33:15,8.22,,demo
2026-08-12 06:33:30,1.58,,demo
2026-08-12 06:33:47,2.28,,demo
2026-08-12 06:34:24,11.58,,demo
2026-08-12 06:34:36,1.30,,demo
2026-08-12 06:35:24,24.80,,demo
2026-08-12 06:35:41,2.47,,demo
2026-08-12 06:35:54,1.48,,demo
2026-08-12 06:36:19,4.21,,demo
2026-08-12 06:36:47,5.25,,demo
2026-08-12 06:36:58,1.30,,demo
2026-08-12 06:37:35,10.63,,demo
2026-08-12 06:37:54,2.51,,demo
2026-08-12 06:38:07,1.50,,demo
2026-08-12 06:38:31,3.75,,demo
2026-08-12 06:38:48,2.14,,demo
2026-08-12 06:38:59,1.25,,demo
2026-08-12 06:39:24,4.25,,demo
2026-08-12 06:39:36,1.37,,demo
2026-08-12 06:39:52,1.83,,demo
2026-08-12 06:40:11,2.70,,demo
2026-08-12 06:40:21,1.21,,demo
2026-08-12 06:40:45,3.69,,demo
2026-08-12 06:41:05,2.72,,demo
2026-08-12 06:41:22,2.22,,demo
2026-08-12 06:41:32,1.10,,demo
2026-08-12 06:42:07,8.23,,demo
2026-08-12 06:43:21,293.47,,demo
2026-08-12 06:43:39,1.92,,demo
2026-08-12 06:43:55,2.04,,demo
2026-08-12 06:44:06,1.47,,demo
2026-08-12 06:44:41,8.34,,demo
2026-08-12 06:44:55,1.82,,demo
2026-08-12 06:45:07,1.38,,demo
2026-08-12 06:45:17,1.15,,demo
2026-08-12 06:45:30,1.57,,demo
2026-08-12 06:45:43,1.44,,demo
2026-08-12 06:46:03,2.69,,demo
2026-08-12 06:46:23,2.94,,demo
2026-08-12 06:47:12,30.52,,demo
2026-08-12 06:48:05,39.52,,demo
2026-08-12 06:48:17,1.48,,demo
2026-08-12 06:48:41,3.68,,demo
2026-08-12 06:49:06,4.25,,demo
2026-08-12 06:49:16,1.17,,demo
2026-08-12 06:49:38,3.25,,demo
2026-08-12 06:49:59,2.73,,demo
2026-08-12 06:50:19,2.81,,demo
2026-08-12 06:50:49,6.34,,demo
2026-08-12 06:51:03,1.41,,demo
2026-08-12 06:51:26,3.92,,demo
2026-08-12 06:51:51,4.09,,demo
2026-08-12 06:52:04,1.48,,demo
2026-08-12 06:52:16,1.45,,demo
2026-08-12 06:52:29,1.32,,demo
2026-08-12 06:52:37,1.10,,demo
2026-08-12 06:52:57,2.69,,demo
2026-08-12 06:53:06,1.18,,demo
2026-08-12 06:53:50,18.81,,demo
2026-08-12 06:53:58,1.02,,demo
2026-08-12 06:54:08,1.15,,demo
2026-08-12 06:54:28,2.77,,demo
2026-08-12 06:54:44,1.70,,demo
2026-08-12 06:55:00,2.03,,demo
2026-08-12 06:55:17,1.89,,demo
2026-08-12 06:55:33,1.93,,demo
2026-08-12 06:56:07,11.10,,demo
2026-08-12 06:56:46,12.71,,demo
2026-08-12 06:57:06,2.67,,demo
2026-08-12 06:57:17,1.21,,demo
2026-08-12 06:57:35,2.39,,demo
2026-08-12 06:57:45,1.22,,demo
2026-08-12 06:58:20,9.30,,demo
2026-08-12 06:58:33,1.55,,demo
2026-08-12 06:58:42,1.10,,demo
2026-08-12 06:58:51,1.09,,demo
2026-08-12 06:59:12,2.74,,demo
2026-08-12 06:59:43,6.97,,demo
2026-08-12 06:59:55,1.33,,demo
2026-08-12 07:00:13,2.13,,demo
2026-08-12 07:00:43,7.08,,demo
2026-08-12 07:00:51,1.00,,demo
2026-08-12 07:01:36,20.91,,demo
2026-08-12 07:01:46,1.26,,demo
2026-08-12 07:02:10,3.58,,demo
2026-08-12 07:02:21,1.11,,demo
2026-08-12 07:02:56,10.84,,demo
2026-08-12 07:03:06,1.22,,demo
2026-08-12 07:03:35,5.21,,demo
2026-08-12 07:04:32,60.92,,demo
2026-08-12 07:04:52,2.76,,demo
2026-08-12 07:05:07,1.75,,demo
2026-08-12 07:05:47,14.13,,demo
2026-08-12 07:06:02,1.84,,demo
2026-08-12 07:06:21,2.44,,demo
2026-08-12 07:06:30,1.13,,demo
2026-08-12 07:06:52,3.09,,demo
2026-08-12 07:07:18,4.58,,demo
2026-08-12 07:07:26,1.00,,demo
2026-08-12 07:07:49,3.56,,demo
2026-08-12 07:08:06,1.90,,demo
2026-08-12 07:08:30,3.98,,demo
2026-08-12 07:08:41,1.06,,demo
2026-08-12 07:08:49,1.26,,demo
2026-08-12 07:09:04,1.69,,demo
2026-08-12 07:09:12,1.00,,demo
2026-08-12 07:09:27,1.65,,demo
2026-08-12 07:09:59,8.07,,demo
2026-08-12 07:10:13,1.54,,demo
2026-08-12 07:10:54,16.06,,demo
2026-08-12 07:11:08,1.72,,demo
2026-08-12 07:11:38,6.46,,demo
2026-08-12 07:11:47,1.01,,demo
2026-08-12 07:12:01,1.62,,demo
2026-08-12 07:12:09,1.08,,demo
2026-08-12 07:12:43,8.51,,demo
2026-08-12 07:13:07,3.88,,demo
2026-08-12 07:13:39,7.27,,demo
2026-08-12 07:13:57,2.30,,demo
2026-08-12 07:14:13,1.89,,demo
2026-08-12 07:14:22,1.09,,demo
2026-08-12 07:14:35,1.37,,demo
2026-08-12 07:14:46,1.48,,demo
2026-08-12 07:14:58,1.38,,demo
2026-08-12 07:15:07,1.05,,demo
2026-08-12 07:15:22,1.70,,demo
2026-08-12 07:15:35,1.57,,demo
2026-08-12 07:15:47,1.42,,demo
2026-08-12 07:15:55,1.00,,demo
2026-08-12 07:16:06,1.31,,demo
2026-08-12 07:16:15,1.07,,demo
2026-08-12 07:16:30,1.74,,demo
2026-08-12 07:16:45,1.78,,demo
2026-08-12 07:17:29,19.44,,demo
2026-08-12 07:17:38,1.09,,demo
2026-08-12 07:17:47,1.16,,demo
2026-08-12 07:18:12,3.75,,demo
2026-08-12 07:18:27,1.82,,demo
2026-08-12 07:18:54,5.03,,demo
2026-08-12 07:19:23,4.71,,demo
2026-08-12 07:19:34,1.51,,demo
2026-08-12 07:20:19,21.62,,demo
2026-08-12 07:20:28,1.14,,demo
2026-08-12 07:21:09,15.36,,demo
2026-08-12 07:21:18,1.08,,demo
2026-08-12 07:21:28,1.16,,demo
2026-08-12 07:21:43,1.75,,demo
2026-08-12 07:22:12,5.84,,demo
2026-08-12 07:22:23,1.27,,demo
2026-08-12 07:22:35,1.34,,demo
2026-08-12 07:22:52,2.12,,demo
2026-08-12 07:23:16,3.98,,demo
2026-08-12 07:23:27,1.27,,demo
2026-08-12 07:23:44,1.80,,demo
2026-08-12 07:23:52,1.14,,demo
2026-08-12 07:24:21,5.74,,demo
2026-08-12 07:24:36,1.50,,demo
2026-08-12 07:24:57,3.53,,demo
2026-08-12 07:25:32,8.95,,demo
2026-08-12 07:25:51,2.59,,demo
2026-08-12 07:26:10,2.57,,demo
2026-08-12 07:26:25,1.66,,demo
2026-08-12 07:26:38,1.61,,demo
2026-08-12 07:26:51,1.51,,demo
2026-08-12 07:27:15,3.46,,demo
2026-08-12 07:27:23,1.13,,demo
2026-08-12 07:28:07,19.43,,demo
2026-08-12 07:28:15,1.00,,demo
2026-08-12 07:28:35,2.68,,demo
2026-08-12 07:28:45,1.17,,demo
2026-08-12 07:29:02,2.24,,demo
2026-08-12 07:29:19,2.09,,demo
2026-08-12 07:29:33,1.58,,demo
2026-08-12 07:29:50,2.01,,demo
2026-08-12 07:30:22,7.67,,demo
2026-08-12 07:30:42,2.89,,demo
2026-08-12 07:30:54,1.14,,demo
2026-08-12 07:31:18,4.41,,demo
2026-08-12 07:31:32,1.59,,demo
2026-08-12 07:31:43,1.08,,demo
2026-08-12 07:32:04,3.73,,demo
2026-08-12 07:32:17,1.51,,demo
2026-08-12 07:32:34,1.78,,demo
2026-08-12 07:32:43,1.24,,demo
2026-08-12 07:32:59,1.98,,demo
2026-08-12 07:33:26,4.57,,demo
2026-08-12 07:33:56,6.33,,demo
2026-08-12 07:34:07,1.30,,demo
2026-08-12 07:34:19,1.35,,demo
2026-08-12 07:35:01,18.19,,demo
2026-08-12 07:35:38,10.90,,demo
2026-08-12 07:35:49,1.28,,demo
2026-08-12 07:35:57,1.00,,demo
2026-08-12 07:36:05,1.01,,demo
2026-08-12 07:36:40,8.35,,demo
2026-08-12 07:36:50,1.33,,demo
2026-08-12 07:37:10,2.57,,demo
2026-08-12 07:37:22,1.48,,demo
2026-08-12 07:37:31,1.08,,demo
2026-08-12 07:37:42,1.12,,demo
2026-08-12 07:37:59,2.35,,demo
2026-08-12 07:38:07,1.04,,demo
2026-08-12 07:38:28,2.78,,demo
2026-08-12 07:38:44,2.02,,demo
2026-08-12 07:39:11,4.18,,demo
2026-08-12 07:39:29,2.70,,demo
2026-08-12 07:40:02,7.47,,demo
2026-08-12 07:40:12,1.23,,demo
2026-08-12 07:40:37,4.23,,demo
2026-08-12 07:40:51,1.52,,demo
2026-08-12 07:41:04,1.54,,demo
2026-08-12 07:41:28,3.87,,demo
2026-08-12 07:41:42,1.62,,demo
2026-08-12 07:42:04,3.31,,demo
2026-08-12 07:42:23,2.45,,demo
2026-08-12 07:42:38,1.82,,demo
2026-08-12 07:43:02,3.84,,demo
2026-08-12 07:43:53,35.45,,demo
2026-08-12 07:44:16,3.28,,demo
2026-08-12 07:44:34,2.29,,demo
2026-08-12 07:44:51,2.21,,demo
2026-08-12 07:45:23,7.56,,demo
2026-08-12 07:45:43,2.60,,demo
2026-08-12 07:46:00,1.83,,demo
2026-08-12 07:46:07,1.06,,demo
2026-08-12 07:46:23,1.62,,demo
2026-08-12 07:46:34,1.52,,demo
2026-08-12 07:47:10,10.58,,demo
2026-08-12 07:47:45,9.11,,demo
2026-08-12 07:48:16,6.97,,demo
2026-08-12 07:48:43,4.66,,demo
2026-08-12 07:48:56,1.60,,demo
2026-08-12 07:49:17,2.84,,demo
2026-08-12 07:49:36,2.47,,demo
2026-08-12 07:49:46,1.25,,demo
2026-08-12 07:49:55,1.09,,demo
2026-08-12 07:50:19,3.68,,demo
2026-08-12 07:50:27,1.00,,demo
2026-08-12 07:51:04,11.23,,demo
2026-08-12 07:51:13,1.03,,demo
2026-08-12 07:51:27,1.63,,demo
2026-08-12 07:51:45,2.40,,demo
2026-08-12 07:51:54,1.11,,demo
2026-08-12 07:52:13,2.40,,demo
2026-08-12 07:52:26,1.46,,demo
2026-08-12 07:52:35,1.04,,demo
2026-08-12 07:52:56,3.19,,demo
2026-08-12 07:53:10,1.34,,demo
2026-08-12 07:53:22,1.68,,demo
2026-08-12 07:54:18,53.10,,demo
2026-08-12 07:54:32,1.40,,demo
2026-08-12 07:54:59,5.74,,demo
2026-08-12 07:55:07,1.00,,demo
2026-08-12 07:55:50,19.56,,demo
2026-08-12 07:56:14,3.47,,demo
2026-08-12 07:56:58,20.24,,demo
2026-08-12 07:57:09,1.28,,demo
2026-08-12 07:57:41,7.80,,demo
2026-08-12 07:57:55,1.62,,demo
2026-08-12 07:58:34,11.65,,demo
2026-08-12 07:58:54,3.02,,demo
2026-08-12 07:59:20,4.45,,demo
2026-08-12 07:59:31,1.32,,demo
2026-08-12 08:00:52,419.52,,demo
2026-08-12 08:01:10,2.33,,demo
2026-08-12 08:01:22,1.36,,demo
2026-08-12 08:01:51,6.09,,demo
2026-08-12 08:02:39,26.43,,demo
2026-08-12 08:02:50,1.31,,demo
2026-08-12 08:03:07,2.05,,demo
2026-08-12 08:03:29,3.43,,demo
2026-08-12 08:03:45,1.81,,demo
2026-08-12 08:03:53,1.05,,demo
2026-08-12 08:05:07,234.11,,demo
2026-08-12 08:05:22,1.81,,demo
2026-08-12 08:05:52,6.19,,demo
2026-08-12 08:06:16,3.65,,demo
2026-08-12 08:07:12,57.77,,demo
2026-08-12 08:07:42,6.44,,demo
2026-08-12 08:07:51,1.03,,demo
2026-08-12 08:08:45,46.38,,demo
2026-08-12 08:09:06,3.04,,demo
2026-08-12 08:09:35,5.52,,demo
2026-08-12 08:09:59,3.89,,demo
2026-08-12 08:10:07,1.00,,demo
2026-08-12 08:10:19,1.35,,demo
2026-08-12 08:11:04,22.66,,demo
2026-08-12 08:11:27,3.29,,demo
2026-08-12 08:11:40,1.53,,demo
2026-08-12 08:11:49,1.07,,demo
2026-08-12 08:12:10,2.93,,demo
2026-08-12 08:12:23,1.62,,demo
2026-08-12 08:12:55,6.85,,demo
2026-08-12 08:13:24,5.10,,demo
2026-08-12 08:13:31,1.03,,demo
2026-08-12 08:13:45,1.67,,demo
2026-08-12 08:14:01,1.92,,demo
2026-08-12 08:14:11,1.24,,demo
2026-08-12 08:14:41,5.41,,demo
2026-08-12 08:14:52,1.45,,demo
2026-08-12 08:15:06,1.47,,demo
2026-08-12 08:15:27,3.17,,demo
2026-08-12 08:16:22,51.14,,demo
2026-08-12 08:16:32,1.19,,demo
2026-08-12 08:16:45,1.55,,demo
2026-08-12 08:16:59,1.57,,demo
2026-08-12 08:17:10,1.33,,demo
2026-08-12 08:17:23,1.54,,demo
2026-08-12 08:17:39,1.80,,demo
2026-08-12 08:17:48,1.15,,demo
2026-08-12 08:18:11,3.30,,demo
2026-08-12 08:18:21,1.19,,demo
2026-08-12 08:18:46,4.21,,demo
2026-08-12 08:18:59,1.52,,demo
2026-08-12 08:19:14,1.64,,demo
2026-08-12 08:19:30,2.16,,demo
2026-08-12 08:19:41,1.26,,demo
2026-08-12 08:19:49,1.02,,demo
2026-08-12 08:20:09,2.59,,demo
2026-08-12 08:20:25,1.93,,demo
2026-08-12 08:20:56,6.93,,demo
2026-08-12 08:21:11,1.57,,demo
2026-08-12 08:21:20,1.26,,demo
2026-08-12 08:21:34,1.66,,demo
2026-08-12 08:22:51,275.53,,demo
2026-08-12 08:22:59,1.07,,demo
2026-08-12 08:23:15,2.06,,demo
2026-08-12 08:23:36,2.77,,demo
2026-08-12 08:23:51,1.60,,demo
2026-08-12 08:24:02,1.50,,demo
2026-08-12 08:24:23,2.91,,demo
2026-08-12 08:24:38,1.70,,demo
2026-08-12 08:24:48,1.20,,demo
2026-08-12 08:24:56,1.02,,demo
2026-08-12 08:25:37,15.07,,demo
2026-08-12 08:25:45,1.03,,demo
2026-08-12 08:26:33,28.63,,demo
2026-08-12 08:26:42,1.03,,demo
2026-08-12 08:26:57,1.84,,demo
2026-08-12 08:27:05,1.00,,demo
2026-08-12 08:27:17,1.43,,demo
2026-08-12 08:27:30,1.45,,demo
2026-08-12 08:28:00,7.33,,demo
2026-08-12 08:29:11,186.78,,demo
2026-08-12 08:29:30,2.50,,demo
2026-08-12 08:29:41,1.27,,demo
2026-08-12 08:29:50,1.11,,demo
2026-08-12 08:30:24,8.54,,demo
2026-08-12 08:30:49,4.16,,demo
2026-08-12 08:31:33,20.52,,demo
2026-08-12 08:31:48,1.70,,demo
2026-08-12 08:31:56,1.02,,demo
2026-08-12 08:32:08,1.46,,demo
2026-08-12 08:33:22,222.52,,demo
2026-08-12 08:33:48,4.31,,demo
2026-08-12 08:34:16,5.55,,demo
2026-08-12 08:34:38,3.29,,demo
2026-08-12 08:34:59,2.40,,demo
2026-08-12 08:35:17,2.93,,demo
2026-08-12 08:35:27,1.12,,demo
2026-08-12 08:35:35,1.01,,demo
2026-08-12 08:35:48,1.55,,demo
2026-08-12 08:35:58,1.17,,demo
2026-08-12 08:36:20,3.25,,demo
2026-08-12 08:36:45,3.94,,demo
2026-08-12 08:37:11,4.42,,demo
2026-08-12 08:37:19,1.01,,demo
2026-08-12 08:37:29,1.21,,demo
2026-08-12 08:37:47,2.21,,demo
2026-08-12 08:38:30,19.57,,demo
2026-08-12 08:38:50,2.58,,demo
2026-08-12 08:39:35,21.31,,demo
2026-08-12 08:40:14,13.26,,demo
2026-08-12 08:40:49,9.13,,demo
2026-08-12 08:40:56,1.00,,demo
2026-08-12 08:41:18,3.25,,demo
2026-08-12 08:41:29,1.24,,demo
2026-08-12 08:41:37,1.03,,demo
2026-08-12 08:41:46,1.05,,demo
2026-08-12 08:42:27,13.80,,demo
2026-08-12 08:42:40,1.72,,demo
2026-08-12 08:42:51,1.17,,demo
2026-08-12 08:43:09,2.43,,demo
2026-08-12 08:43:21,1.39,,demo
2026-08-12 08:43:31,1.21,,demo
2026-08-12 08:43:58,4.09,,demo
2026-08-12 08:44:36,12.01,,demo
2026-08-12 08:44:53,2.16,,demo
2026-08-12 08:45:21,4.96,,demo
2026-08-12 08:45:44,3.77,,demo
2026-08-12 08:46:03,2.32,,demo
2026-08-12 08:46:11,1.00,,demo
2026-08-12 08:46:42,7.13,,demo
2026-08-12 08:46:51,1.01,,demo
2026-08-12 08:47:04,1.62,,demo
2026-08-12 08:47:18,1.64,,demo
2026-08-12 08:47:37,2.47,,demo
2026-08-12 08:47:47,1.21,,demo
2026-08-12 08:48:00,1.42,,demo
2026-08-12 08:48:57,60.66,,demo
2026-08-12 08:49:08,1.27,,demo
2026-08-12 08:50:00,38.43,,demo
2026-08-12 08:50:25,4.15,,demo
2026-08-12 08:50:41,2.01,,demo
2026-08-12 08:50:50,1.07,,demo
2026-08-12 08:51:04,1.62,,demo
2026-08-12 08:51:23,2.42,,demo
2026-08-12 08:51:43,2.71,,demo
2026-08-12 08:52:09,4.62,,demo
2026-08-12 08:52:46,10.97,,demo
2026-08-12 08:53:31,22.12,,demo
2026-08-12 08:53:54,3.42,,demo
2026-08-12 08:54:25,6.96,,demo
2026-08-12 08:55:02,11.06,,demo
2026-08-12 08:55:28,3.57,,demo
2026-08-12 08:55:51,4.34,,demo
2026-08-12 08:56:20,5.83,,demo
2026-08-12 08:56:35,1.76,,demo
2026-08-12 08:56:50,1.83,,demo
2026-08-12 08:57:18,5.22,,demo
2026-08-12 08:58:20,91.33,,demo
2026-08-12 08:58:44,3.73,,demo
2026-08-12 08:59:02,2.35,,demo
2026-08-12 08:59:12,1.15,,demo
2026-08-12 08:59:43,6.67,,demo
2026-08-12 08:59:52,1.06,,demo
2026-08-12 09:00:10,2.34,,demo
2026-08-12 09:00:50,14.07,,demo
2026-08-12 09:01:06,2.00,,demo
2026-08-12 09:01:15,1.06,,demo
2026-08-12 09:01:29,1.66,,demo
2026-08-12 09:01:49,2.62,,demo
2026-08-12 09:01:59,1.24,,demo
2026-08-12 09:02:37,12.06,,demo
2026-08-12 09:02:51,1.62,,demo
2026-08-12 09:03:11,2.73,,demo
2026-08-12 09:03:30,2.22,,demo
2026-08-12 09:03:49,2.87,,demo
2026-08-12 09:04:00,1.28,,demo
2026-08-12 09:04:30,6.26,,demo
2026-08-12 09:04:43,1.42,,demo
2026-08-12 09:05:11,5.34,,demo
2026-08-12 09:05:21,1.17,,demo
2026-08-12 09:05:46,4.34,,demo
2026-08-12 09:05:57,1.22,,demo
2026-08-12 09:06:22,4.31,,demo
2026-08-12 09:06:35,1.23,,demo
2026-08-12 09:06:50,2.10,,demo
2026-08-12 09:07:11,3.02,,demo
2026-08-12 09:07:23,1.38,,demo
2026-08-12 09:07:55,7.69,,demo
2026-08-12 09:08:12,1.96,,demo
2026-08-12 09:08:27,1.78,,demo
2026-08-12 09:09:04,11.80,,demo
2026-08-12 09:09:27,3.45,,demo
2026-08-12 09:09:40,1.47,,demo
2026-08-12 09:10:00,2.81,,demo
2026-08-12 09:10:19,2.40,,demo
2026-08-12 09:10:49,6.20,,demo
2026-08-12 09:11:05,2.06,,demo
2026-08-12 09:11:50,20.60,,demo
2026-08-12 09:11:59,1.14,,demo
2026-08-12 09:12:18,2.44,,demo
2026-08-12 09:13:24,95.80,,demo
2026-08-12 09:13:50,5.38,,demo
2026-08-12 09:15:03,248.63,,demo
2026-08-12 09:15:23,2.50,,demo
2026-08-12 09:15:43,2.75,,demo
2026-08-12 09:16:05,3.19,,demo
2026-08-12 09:16:52,26.22,,demo
2026-08-12 09:17:02,1.19,,demo
2026-08-12 09:17:16,1.59,,demo
2026-08-12 09:17:42,4.80,,demo
2026-08-12 09:18:04,3.13,,demo
2026-08-12 09:18:24,2.77,,demo
2026-08-12 09:18:43,2.39,,demo
2026-08-12 09:19:15,7.53,,demo
2026-08-12 09:19:33,2.18,,demo
2026-08-12 09:19:42,1.14,,demo
2026-08-12 09:19:54,1.21,,demo
2026-08-12 09:20:06,1.56,,demo
2026-08-12 09:20:31,4.02,,demo
2026-08-12 09:20:40,1.11,,demo
2026-08-12 09:21:06,4.56,,demo
2026-08-12 09:21:15,1.00,,demo
2026-08-12 09:21:46,5.90,,demo
2026-08-12 09:22:07,3.52,,demo
2026-08-12 09:22:21,1.73,,demo
2026-08-12 09:23:11,32.72,,demo
2026-08-12 09:23:38,5.01,,demo
2026-08-12 09:23:50,1.05,,demo
2026-08-12 09:24:03,1.88,,demo
2026-08-12 09:24:22,2.44,,demo
2026-08-12 09:25:15,45.03,,demo
2026-08-12 09:25:38,3.36,,demo
2026-08-12 09:25:54,1.76,,demo
2026-08-12 09:26:12,2.66,,demo
2026-08-12 09:26:36,3.68,,demo
2026-08-12 09:26:47,1.32,,demo
2026-08-12 09:26:58,1.27,,demo
2026-08-12 09:27:41,18.01,,demo
2026-08-12 09:28:02,2.89,,demo
2026-08-12 09:28:18,2.01,,demo
2026-08-12 09:28:26,1.00,,demo
2026-08-12 09:28:45,2.54,,demo
2026-08-12 09:29:00,1.69,,demo
2026-08-12 09:29:11,1.35,,demo
2026-08-12 09:29:21,1.12,,demo
2026-08-12 09:29:37,1.91,,demo
2026-08-12 09:29:57,2.75,,demo
2026-08-12 09:30:15,2.25,,demo
2026-08-12 09:31:45,942.59,,demo
2026-08-12 09:31:58,1.54,,demo
2026-08-12 09:32:18,2.58,,demo
2026-08-12 09:32:45,5.24,,demo
2026-08-12 09:33:38,36.99,,demo
2026-08-12 09:34:08,6.92,,demo
2026-08-12 09:34:55,21.19,,demo
2026-08-12 09:35:05,1.41,,demo
2026-08-12 09:35:24,2.64,,demo
2026-08-12 09:35:39,1.65,,demo
2026-08-12 09:35:48,1.15,,demo
2026-08-12 09:36:03,1.80,,demo
2026-08-12 09:36:19,1.84,,demo
2026-08-12 09:37:12,41.84,,demo
2026-08-12 09:37:24,1.42,,demo
2026-08-12 09:37:32,1.00,,demo
2026-08-12 09:37:57,4.10,,demo
2026-08-12 09:38:14,2.19,,demo
2026-08-12 09:38:28,1.58,,demo
2026-08-12 09:38:46,2.32,,demo
2026-08-12 09:39:01,1.77,,demo
2026-08-12 09:39:14,1.49,,demo
2026-08-12 09:39:51,11.01,,demo
2026-08-12 09:40:02,1.33,,demo
2026-08-12 09:40:22,2.69,,demo
2026-08-12 09:40:37,1.81,,demo
2026-08-12 09:40:52,1.74,,demo
2026-08-12 09:41:14,3.22,,demo
2026-08-12 09:41:23,1.08,,demo
2026-08-12 09:41:48,4.05,,demo
2026-08-12 09:42:23,9.60,,demo
2026-08-12 09:42:33,1.05,,demo
2026-08-12 09:42:48,1.99,,demo
2026-08-12 09:43:03,1.79,,demo
2026-08-12 09:43:49,23.37,,demo
2026-08-12 09:44:00,1.33,,demo
2026-08-12 09:44:32,6.20,,demo
2026-08-12 09:44:52,3.32,,demo
2026-08-12 09:45:13,2.87,,demo
2026-08-12 09:45:22,1.03,,demo
2026-08-12 09:45:30,1.03,,demo
2026-08-12 09:45:48,2.29,,demo
2026-08-12 09:47:06,332.08,,demo
2026-08-12 09:47:17,1.37,,demo
2026-08-12 09:47:31,1.61,,demo
2026-08-12 09:47:46,1.74,,demo
2026-08-12 09:48:06,2.73,,demo
2026-08-12 09:48:28,3.12,,demo
2026-08-12 09:48:48,2.72,,demo
2026-08-12 09:49:04,1.96,,demo
2026-08-12 09:49:21,2.22,,demo
2026-08-12 09:49:48,4.65,,demo
2026-08-12 09:50:14,4.46,,demo
2026-08-12 09:50:32,2.34,,demo
2026-08-12 09:50:57,4.05,,demo
2026-08-12 09:51:17,2.70,,demo
2026-08-12 09:51:35,2.29,,demo
2026-08-12 09:51:47,1.37,,demo
2026-08-12 09:51:56,1.09,,demo
2026-08-12 09:52:07,1.29,,demo
2026-08-12 09:52:24,2.21,,demo
2026-08-12 09:52:50,4.21,,demo
2026-08-12 09:53:02,1.47,,demo
2026-08-12 09:53:35,8.19,,demo
2026-08-12 09:54:02,4.58,,demo
2026-08-12 09:54:21,2.33,,demo
2026-08-12 09:54:44,3.94,,demo
2026-08-12 09:54:58,1.62,,demo
2026-08-12 09:55:34,9.62,,demo
2026-08-12 09:55:45,1.32,,demo
2026-08-12 09:56:25,14.80,,demo
2026-08-12 09:57:04,13.20,,demo
2026-08-12 09:57:16,1.34,,demo
2026-08-12 09:57:40,3.89,,demo
2026-08-12 09:58:09,5.64,,demo
2026-08-12 09:58:19,1.16,,demo
2026-08-12 09:58:59,14.91,,demo
2026-08-12 09:59:30,6.43,,demo
2026-08-12 09:59:53,3.68,,demo
2026-08-12 10:00:19,4.44,,demo
2026-08-12 10:00:47,5.37,,demo
2026-08-12 10:01:27,14.30,,demo
2026-08-12 10:01:42,1.74,,demo
2026-08-12 10:02:12,6.14,,demo
2026-08-12 10:02:38,4.54,,demo
2026-08-12 10:03:04,4.36,,demo
2026-08-12 10:03:25,2.98,,demo
2026-08-12 10:03:37,1.36,,demo
2026-08-12 10:04:12,9.87,,demo
2026-08-12 10:04:20,1.01,,demo
2026-08-12 10:04:35,1.72,,demo
2026-08-12 10:04:56,3.03,,demo
2026-08-12 10:05:08,1.36,,demo
2026-08-12 10:05:21,1.55,,demo
2026-08-12 10:05:53,7.01,,demo
2026-08-12 10:06:01,1.03,,demo
2026-08-12 10:06:12,1.24,,demo
2026-08-12 10:06:23,1.32,,demo
2026-08-12 10:06:35,1.46,,demo
2026-08-12 10:06:46,1.26,,demo
2026-08-12 10:07:42,51.74,,demo
2026-08-12 10:08:24,14.78,,demo
2026-08-12 10:08:33,1.25,,demo
2026-08-12 10:09:13,14.28,,demo
2026-08-12 10:09:27,1.61,,demo
2026-08-12 10:09:38,1.35,,demo
2026-08-12 10:10:03,4.07,,demo
2026-08-12 10:10:26,3.51,,demo
2026-08-12 10:10:40,1.61,,demo
2026-08-12 10:11:15,9.26,,demo
2026-08-12 10:11:39,3.82,,demo
2026-08-12 10:11:48,1.00,,demo
2026-08-12 10:12:00,1.58,,demo
2026-08-12 10:12:41,15.55,,demo
2026-08-12 10:14:02,421.27,,demo
2026-08-12 10:14:20,2.28,,demo
2026-08-12 10:14:36,1.90,,demo
2026-08-12 10:15:04,5.53,,demo
2026-08-12 10:15:19,1.77,,demo
2026-08-12 10:15:27,1.00,,demo
2026-08-12 10:15:53,4.49,,demo
2026-08-12 10:16:03,1.14,,demo
2026-08-12 10:16:16,1.49,,demo
2026-08-12 10:16:29,1.58,,demo
2026-08-12 10:16:37,1.01,,demo
2026-08-12 10:17:05,5.02,,demo
2026-08-12 10:17:26,3.08,,demo
2026-08-12 10:17:43,2.13,,demo
2026-08-12 10:18:05,3.27,,demo
2026-08-12 10:18:35,5.92,,demo
2026-08-12 10:18:43,1.00,,demo
2026-08-12 10:19:05,3.18,,demo
2026-08-12 10:19:26,2.87,,demo
2026-08-12 10:19:36,1.21,,demo
2026-08-12 10:19:51,1.83,,demo
2026-08-12 10:20:29,12.39,,demo
2026-08-12 10:20:53,3.68,,demo
2026-08-12 10:21:13,2.60,,demo
2026-08-12 10:21:30,2.13,,demo
2026-08-12 10:21:38,1.04,,demo
2026-08-12 10:22:06,5.09,,demo
2026-08-12 10:22:16,1.17,,demo
2026-08-12 10:23:12,54.07,,demo
2026-08-12 10:23:29,2.21,,demo
2026-08-12 10:23:47,2.36,,demo
2026-08-12 10:24:33,22.60,,demo
2026-08-12 10:24:46,1.51,,demo
2026-08-12 10:25:17,6.71,,demo
2026-08-12 10:25:25,1.00,,demo
2026-08-12 10:25:41,1.89,,demo
2026-08-12 10:26:01,2.88,,demo
2026-08-12 10:26:13,1.31,,demo
2026-08-12 10:26:23,1.18,,demo
2026-08-12 10:26:40,2.18,,demo
2026-08-12 10:26:51,1.28,,demo
2026-08-12 10:27:10,2.45,,demo
2026-08-12 10:27:51,15.47,,demo
2026-08-12 10:28:09,2.31,,demo
2026-08-12 10:28:18,1.10,,demo
2026-08-12 10:28:34,1.90,,demo
2026-08-12 10:28:46,1.45,,demo
2026-08-12 10:29:11,3.96,,demo
2026-08-12 10:29:40,5.80,,demo
2026-08-12 10:29:52,1.45,,demo
2026-08-12 10:30:02,1.10,,demo
2026-08-12 10:30:30,5.64,,demo
2026-08-12 10:30:45,1.80,,demo
2026-08-12 10:31:41,51.56,,demo
2026-08-12 10:31:50,1.06,,demo
2026-08-12 10:32:04,1.63,,demo
2026-08-12 10:32:18,1.68,,demo
2026-08-12 10:32:26,1.00,,demo
2026-08-12 10:32:52,4.59,,demo
2026-08-12 10:33:44,38.26,,demo
2026-08-12 10:33:55,1.11,,demo
2026-08-12 10:34:04,1.30,,demo
2026-08-12 10:34:20,1.88,,demo
2026-08-12 10:34:39,2.57,,demo
2026-08-12 10:34:52,1.43,,demo
2026-08-12 10:35:02,1.18,,demo
2026-08-12 10:35:12,1.19,,demo
2026-08-12 10:35:29,2.11,,demo
2026-08-12 10:35:37,1.04,,demo
2026-08-12 10:36:06,5.47,,demo
2026-08-12 10:36:23,2.16,,demo
2026-08-12 10:37:11,28.40,,demo
2026-08-12 10:37:33,3.06,,demo
2026-08-12 10:38:02,5.70,,demo
2026-08-12 10:38:10,1.08,,demo
2026-08-12 10:38:24,1.61,,demo
2026-08-12 10:38:34,1.17,,demo
2026-08-12 10:38:44,1.15,,demo
2026-08-12 10:39:00,1.98,,demo
2026-08-12 10:39:12,1.42,,demo
2026-08-12 10:39:21,1.07,,demo
2026-08-12 10:39:35,1.29,,demo
2026-08-12 10:39:53,2.88,,demo
2026-08-12 10:40:02,1.00,,demo
2026-08-12 10:40:09,1.00,,demo
2026-08-12 10:40:31,2.74,,demo
2026-08-12 10:40:52,3.49,,demo
2026-08-12 10:41:25,7.97,,demo
2026-08-12 10:41:41,1.86,,demo
2026-08-12 10:42:08,5.01,,demo
2026-08-12 10:42:18,1.15,,demo
2026-08-12 10:42:42,3.80,,demo
2026-08-12 10:43:26,19.30,,demo
2026-08-12 10:43:40,1.76,,demo
2026-08-12 10:43:49,1.07,,demo
2026-08-12 10:44:29,13.61,,demo
2026-08-12 10:44:45,1.53,,demo
2026-08-12 10:44:57,1.87,,demo
2026-08-12 10:45:08,1.22,,demo
2026-08-12 10:45:57,30.46,,demo
2026-08-12 10:46:14,2.21,,demo
2026-08-12 10:46:47,7.67,,demo
2026-08-12 10:46:57,1.22,,demo
2026-08-12 10:47:09,1.38,,demo
2026-08-12 10:47:35,4.63,,demo
2026-08-12 10:48:03,4.96,,demo
2026-08-12 10:48:26,3.55,,demo
2026-08-12 10:48:49,2.81,,demo
2026-08-12 10:49:13,4.72,,demo
2026-08-12 10:49:30,2.15,,demo
2026-08-12 10:49:40,1.14,,demo
2026-08-12 10:50:00,2.86,,demo
2026-08-12 10:50:12,1.35,,demo
2026-08-12 10:50:26,1.63,,demo
2026-08-12 10:50:39,1.24,,demo
2026-08-12 10:50:47,1.21,,demo
2026-08-12 10:51:02,1.77,,demo
2026-08-12 10:51:13,1.32,,demo
2026-08-12 10:51:37,3.86,,demo
2026-08-12 10:51:59,2.98,,demo
2026-08-12 10:52:29,6.73,,demo
2026-08-12 10:53:04,9.13,,demo
2026-08-12 10:53:16,1.43,,demo
2026-08-12 10:53:37,2.97,,demo
2026-08-12 10:53:59,2.95,,demo
2026-08-12 10:54:11,1.37,,demo
2026-08-12 10:54:22,1.39,,demo
2026-08-12 10:55:24,87.66,,demo
2026-08-12 10:55:40,1.78,,demo
2026-08-12 10:55:56,2.18,,demo
2026-08-12 10:56:25,5.36,,demo
2026-08-12 10:56:36,1.35,,demo
2026-08-12 10:56:50,1.56,,demo
2026-08-12 10:57:19,6.15,,demo
2026-08-12 10:57:43,3.54,,demo
2026-08-12 10:58:01,2.00,,demo
2026-08-12 10:58:18,2.42,,demo
2026-08-12 10:58:29,1.34,,demo
2026-08-12 10:58:41,1.40,,demo
2026-08-12 10:59:18,11.31,,demo
2026-08-12 10:59:34,1.92,,demo
2026-08-12 11:00:08,8.23,,demo
2026-08-12 11:00:33,4.30,,demo
2026-08-12 11:01:00,4.73,,demo
2026-08-12 11:01:30,6.62,,demo
2026-08-12 11:01:50,2.26,,demo
2026-08-12 11:02:17,5.81,,demo
2026-08-12 11:02:31,1.38,,demo
2026-08-12 11:02:38,1.07,,demo
2026-08-12 11:02:52,1.59,,demo
2026-08-12 11:03:23,7.03,,demo
2026-08-12 11:03:34,1.27,,demo
2026-08-12 11:03:55,2.97,,demo
2026-08-12 11:04:12,2.09,,demo
2026-08-12 11:04:33,2.87,,demo
2026-08-12 11:04:49,1.98,,demo
2026-08-12 11:05:01,1.37,,demo
2026-08-12 11:05:22,3.06,,demo
2026-08-12 11:05:42,1.99,,demo
2026-08-12 11:06:02,3.48,,demo
2026-08-12 11:06:12,1.20,,demo
2026-08-12 11:06:27,1.86,,demo
2026-08-12 11:06:39,1.41,,demo
2026-08-12 11:06:52,1.46,,demo
2026-08-12 11:07:06,1.63,,demo
2026-08-12 11:07:19,1.52,,demo
2026-08-12 11:07:34,1.73,,demo
2026-08-12 11:07:44,1.18,,demo
2026-08-12 11:08:05,3.09,,demo
2026-08-12 11:08:27,3.25,,demo
2026-08-12 11:08:37,1.18,,demo
2026-08-12 11:08:48,1.27,,demo
2026-08-12 11:09:19,6.46,,demo
2026-08-12 11:09:35,1.98,,demo
2026-08-12 11:09:43,1.00,,demo
2026-08-12 11:09:58,1.83,,demo
2026-08-12 11:10:11,1.42,,demo
2026-08-12 11:10:19,1.06,,demo
2026-08-12 11:10:39,2.69,,demo
2026-08-12 11:10:55,1.59,,demo
2026-08-12 11:11:07,1.64,,demo
2026-08-12 11:11:17,1.19,,demo
2026-08-12 11:11:52,7.91,,demo
2026-08-12 11:12:07,2.24,,demo
2026-08-12 11:12:16,1.00,,demo
2026-08-12 11:12:35,2.66,,demo
2026-08-12 11:12:44,1.08,,demo
2026-08-12 11:12:57,1.51,,demo
2026-08-12 11:13:30,7.79,,demo
2026-08-12 11:14:05,9.67,,demo
2026-08-12 11:14:27,3.18,,demo
2026-08-12 11:14:43,1.91,,demo
2026-08-12 11:14:54,1.26,,demo
2026-08-12 11:15:08,1.69,,demo
2026-08-12 11:16:59,5480.00,,demo
2026-08-12 11:17:11,1.32,,demo
2026-08-12 11:17:27,1.93,,demo
2026-08-12 11:17:46,2.29,,demo
2026-08-12 11:18:16,7.18,,demo
2026-08-12 11:18:28,1.28,,demo
2026-08-12 11:18:38,1.26,,demo
2026-08-12 11:19:00,3.16,,demo
2026-08-12 11:19:19,2.46,,demo
2026-08-12 11:19:27,1.00,,demo
2026-08-12 11:19:49,3.19,,demo
2026-08-12 11:20:03,1.67,,demo
2026-08-12 11:20:16,1.47,,demo
2026-08-12 11:20:52,9.97,,demo
2026-08-12 11:21:08,2.07,,demo
2026-08-12 11:21:22,1.45,,demo
2026-08-12 11:21:30,1.00,,demo
2026-08-12 11:21:47,2.42,,demo
2026-08-12 11:21:59,1.35,,demo
2026-08-12 11:22:11,1.43,,demo
2026-08-12 11:22:39,5.02,,demo
2026-08-12 11:23:00,3.02,,demo
2026-08-12 11:24:05,114.36,,demo
2026-08-12 11:24:25,2.80,,demo
2026-08-12 11:25:07,16.98,,demo
2026-08-12 11:25:44,10.34,,demo
2026-08-12 11:26:01,2.24,,demo
2026-08-12 11:26:19,2.19,,demo
2026-08-12 11:26:37,2.34,,demo
2026-08-12 11:26:51,1.71,,demo
2026-08-12 11:27:13,3.09,,demo
2026-08-12 11:27:30,2.11,,demo
2026-08-12 11:27:40,1.20,,demo
2026-08-12 11:28:12,7.49,,demo
2026-08-12 11:28:26,1.62,,demo
2026-08-12 11:28:36,1.11,,demo
2026-08-12 11:29:01,4.18,,demo
2026-08-12 11:29:21,2.85,,demo
2026-08-12 11:29:47,4.17,,demo
2026-08-12 11:30:00,1.62,,demo
2026-08-12 11:30:21,2.86,,demo
2026-08-12 11:30:45,3.48,,demo
2026-08-12 11:30:54,1.24,,demo
2026-08-12 11:31:41,23.83,,demo
2026-08-12 11:32:05,3.86,,demo
2026-08-12 11:32:29,3.87,,demo
2026-08-12 11:32:45,1.90,,demo
2026-08-12 11:33:10,4.11,,demo
2026-08-12 11:33:29,2.50,,demo
2026-08-12 11:34:05,10.66,,demo
2026-08-12 11:34:17,1.39,,demo
2026-08-12 11:34:35,1.74,,demo
2026-08-12 11:35:01,5.76,,demo
2026-08-12 11:35:10,1.04,,demo
2026-08-12 11:35:23,1.61,,demo
2026-08-12 11:35:47,3.60,,demo
2026-08-12 11:36:10,3.68,,demo
2026-08-12 11:36:27,2.11,,demo
2026-08-12 11:36:58,6.66,,demo
2026-08-12 11:37:14,1.86,,demo
2026-08-12 11:37:28,1.63,,demo
2026-08-12 11:37:38,1.22,,demo
2026-08-12 11:38:22,16.75,,demo
2026-08-12 11:39:00,14.05,,demo
2026-08-12 11:39:25,4.08,,demo
2026-08-12 11:39:36,1.27,,demo
2026-08-12 11:40:04,5.36,,demo
2026-08-12 11:40:38,9.00,,demo
2026-08-12 11:40:54,1.84,,demo
2026-08-12 11:41:03,1.11,,demo
2026-08-12 11:41:48,22.56,,demo
2026-08-12 11:42:03,1.79,,demo
2026-08-12 11:42:17,1.57,,demo
2026-08-12 11:42:50,7.99,,demo
2026-08-12 11:42:58,1.00,,demo
2026-08-12 11:43:16,2.32,,demo
2026-08-12 11:43:24,1.00,,demo
2026-08-12 11:43:36,1.45,,demo
2026-08-12 11:43:47,1.28,,demo
2026-08-12 11:44:01,1.58,,demo
2026-08-12 11:44:20,2.25,,demo
2026-08-12 11:44:29,1.27,,demo
2026-08-12 11:44:39,1.14,,demo
2026-08-12 11:45:01,3.29,,demo
2026-08-12 11:45:14,1.40,,demo
2026-08-12 11:45:44,6.72,,demo
2026-08-12 11:46:07,3.31,,demo
2026-08-12 11:46:27,2.51,,demo
2026-08-12 11:46:36,1.21,,demo
2026-08-12 11:46:46,1.14,,demo
2026-08-12 11:48:01,249.31,,demo
2026-08-12 11:48:28,5.18,,demo
2026-08-12 11:48:46,2.17,,demo
2026-08-12 11:48:56,1.23,,demo
2026-08-12 11:49:09,1.48,,demo
2026-08-12 11:49:25,2.04,,demo
2026-08-12 11:49:38,1.51,,demo
2026-08-12 11:50:12,8.85,,demo
2026-08-12 11:50:21,1.07,,demo
2026-08-12 11:50:46,4.06,,demo
2026-08-12 11:51:04,2.22,,demo
2026-08-12 11:51:24,2.64,,demo
2026-08-12 11:52:37,233.00,,demo
2026-08-12 11:53:14,10.95,,demo
2026-08-12 11:53:31,2.27,,demo
2026-08-12 11:53:49,2.17,,demo
2026-08-12 11:54:00,1.33,,demo
2026-08-12 11:54:20,2.60,,demo
2026-08-12 11:54:33,1.58,,demo
2026-08-12 11:54:41,1.00,,demo
2026-08-12 11:54:52,1.25,,demo
2026-08-12 11:55:31,13.36,,demo
2026-08-12 11:55:47,1.97,,demo
2026-08-12 11:55:56,1.05,,demo
2026-08-12 11:56:07,1.29,,demo
2026-08-12 11:56:26,2.44,,demo
2026-08-12 11:56:34,1.05,,demo
2026-08-12 11:56:46,1.35,,demo
2026-08-12 11:57:03,2.09,,demo
2026-08-12 11:57:13,1.10,,demo
2026-08-12 11:57:37,4.01,,demo
2026-08-12 11:57:57,2.67,,demo
2026-08-12 11:58:12,1.91,,demo
2026-08-12 11:58:43,6.33,,demo
2026-08-12 11:58:59,1.75,,demo
2026-08-12 11:59:10,1.52,,demo
2026-08-12 11:59:43,6.40,,demo
2026-08-12 12:00:18,11.84,,demo
2026-08-12 12:00:33,1.35,,demo
2026-08-12 12:00:38,1.00,,demo
2026-08-12 12:00:55,2.13,,demo
2026-08-12 12:01:39,20.54,,demo
2026-08-12 12:02:21,15.56,,demo
2026-08-12 12:03:11,35.45,,demo
2026-08-12 12:03:36,4.07,,demo
2026-08-12 12:03:47,1.25,,demo
2026-08-12 12:03:55,1.03,,demo
2026-08-12 12:04:26,6.79,,demo
2026-08-12 12:04:45,2.34,,demo
2026-08-12 12:05:10,4.30,,demo
2026-08-12 12:05:23,1.21,,demo
2026-08-12 12:05:34,1.59,,demo
2026-08-12 12:06:13,11.23,,demo
2026-08-12 12:06:20,1.04,,demo
2026-08-12 12:06:45,4.40,,demo
2026-08-12 12:07:26,15.79,,demo
2026-08-12 12:07:35,1.05,,demo
2026-08-12 12:07:45,1.21,,demo
2026-08-12 12:08:04,2.30,,demo
2026-08-12 12:08:25,2.58,,demo
2026-08-12 12:08:45,3.30,,demo
2026-08-12 12:08:55,1.13,,demo
2026-08-12 12:09:08,1.56,,demo
2026-08-12 12:09:31,3.55,,demo
2026-08-12 12:09:47,1.95,,demo
2026-08-12 12:10:41,44.24,,demo
2026-08-12 12:10:56,1.79,,demo
2026-08-12 12:11:05,1.09,,demo
2026-08-12 12:11:25,2.65,,demo
2026-08-12 12:11:34,1.14,,demo
2026-08-12 12:11:55,2.92,,demo
2026-08-12 12:12:22,4.56,,demo
2026-08-12 12:12:46,3.97,,demo
2026-08-12 12:13:04,2.30,,demo
2026-08-12 12:13:30,4.31,,demo
2026-08-12 12:13:41,1.35,,demo
2026-08-12 12:14:22,12.70,,demo
2026-08-12 12:14:40,2.78,,demo
2026-08-12 12:15:13,8.13,,demo
2026-08-12 12:15:23,1.03,,demo
2026-08-12 12:15:32,1.14,,demo
2026-08-12 12:16:23,38.39,,demo
2026-08-12 12:16:33,1.11,,demo
2026-08-12 12:17:06,8.72,,demo
2026-08-12 12:17:15,1.03,,demo
2026-08-12 12:17:37,3.10,,demo
2026-08-12 12:18:11,9.32,,demo
2026-08-12 12:18:36,3.87,,demo
2026-08-12 12:18:55,2.57,,demo
2026-08-12 12:19:39,19.92,,demo
2026-08-12 12:19:50,1.29,,demo
2026-08-12 12:20:23,8.38,,demo
2026-08-12 12:20:47,3.60,,demo
2026-08-12 12:20:55,1.01,,demo
2026-08-12 12:21:42,24.66,,demo
2026-08-12 12:21:54,1.52,,demo
2026-08-12 12:22:19,3.01,,demo
2026-08-12 12:22:25,1.00,,demo
2026-08-12 12:22:40,1.94,,demo
2026-08-12 12:22:48,1.00,,demo
2026-08-12 12:23:02,1.71,,demo
2026-08-12 12:23:11,1.00,,demo
2026-08-12 12:23:18,1.01,,demo
2026-08-12 12:23:41,3.25,,demo
2026-08-12 12:23:52,1.35,,demo
2026-08-12 12:24:13,2.77,,demo
2026-08-12 12:24:26,1.60,,demo
2026-08-12 12:24:52,4.30,,demo
2026-08-12 12:25:16,3.99,,demo
2026-08-12 12:25:47,6.75,,demo
2026-08-12 12:26:14,4.61,,demo
2026-08-12 12:27:08,46.12,,demo
2026-08-12 12:27:29,2.78,,demo
2026-08-12 12:27:48,2.70,,demo
2026-08-12 12:28:15,3.75,,demo
2026-08-12 12:28:28,1.91,,demo
2026-08-12 12:28:40,1.35,,demo
2026-08-12 12:28:53,1.53,,demo
2026-08-12 12:29:36,18.56,,demo
2026-08-12 12:29:47,1.28,,demo
2026-08-12 12:30:00,1.61,,demo
2026-08-12 12:30:18,2.30,,demo
2026-08-12 12:30:33,1.70,,demo
2026-08-12 12:30:41,1.02,,demo
2026-08-12 12:30:49,1.02,,demo
2026-08-12 12:31:02,1.46,,demo
2026-08-12 12:31:18,2.01,,demo
2026-08-12 12:31:39,2.73,,demo
2026-08-12 12:31:50,1.40,,demo
2026-08-12 12:32:52,84.76,,demo
2026-08-12 12:33:03,1.25,,demo
2026-08-12 12:33:12,1.17,,demo
2026-08-12 12:33:29,1.94,,demo
2026-08-12 12:33:55,4.53,,demo
2026-08-12 12:34:49,45.61,,demo
2026-08-12 12:35:06,2.27,,demo
2026-08-12 12:35:39,8.00,,demo
2026-08-12 12:35:52,1.43,,demo
2026-08-12 12:36:04,1.36,,demo
2026-08-12 12:36:28,4.00,,demo
2026-08-12 12:36:41,1.16,,demo
2026-08-12 12:37:09,5.53,,demo
2026-08-12 12:37:25,2.44,,demo
2026-08-12 12:37:59,8.89,,demo
2026-08-12 12:38:17,2.13,,demo
2026-08-12 12:38:28,1.38,,demo
2026-08-12 12:38:41,1.39,,demo
2026-08-12 12:38:57,2.11,,demo
2026-08-12 12:39:15,2.20,,demo
2026-08-12 12:39:27,1.45,,demo
2026-08-12 12:39:36,1.00,,demo
2026-08-12 12:39:54,2.30,,demo
2026-08-12 12:40:10,2.00,,demo
2026-08-12 12:40:57,26.06,,demo
2026-08-12 12:41:16,2.57,,demo
2026-08-12 12:41:34,2.29,,demo
2026-08-12 12:41:43,1.06,,demo
2026-08-12 12:42:03,2.59,,demo
2026-08-12 12:42:19,1.69,,demo
2026-08-12 12:42:44,4.81,,demo
2026-08-12 12:42:58,1.63,,demo
2026-08-12 12:43:19,2.95,,demo
2026-08-12 12:43:35,1.97,,demo
2026-08-12 12:43:48,1.52,,demo
2026-08-12 12:44:03,1.73,,demo
2026-08-12 12:44:29,4.69,,demo
2026-08-12 12:44:44,1.72,,demo
2026-08-12 12:44:57,1.51,,demo
2026-08-12 12:45:10,1.56,,demo
2026-08-12 12:45:19,1.10,,demo
2026-08-12 12:45:40,2.92,,demo
2026-08-12 12:45:52,1.39,,demo
2026-08-12 12:46:02,1.14,,demo
2026-08-12 12:46:16,1.72,,demo
2026-08-12 12:46:36,2.56,,demo
2026-08-12 12:47:04,5.42,,demo
2026-08-12 12:47:12,1.00,,demo
2026-08-12 12:47:46,8.81,,demo
2026-08-12 12:48:05,2.46,,demo
2026-08-12 12:48:36,6.85,,demo
2026-08-12 12:48:49,1.55,,demo
2026-08-12 12:49:04,1.77,,demo
2026-08-12 12:49:22,2.18,,demo
2026-08-12 12:50:05,19.09,,demo
2026-08-12 12:50:20,1.87,,demo
2026-08-12 12:50:34,1.52,,demo
2026-08-12 12:50:48,1.73,,demo
2026-08-12 12:50:58,1.20,,demo
2026-08-12 12:51:37,12.98,,demo
2026-08-12 12:51:48,1.20,,demo
2026-08-12 12:52:17,6.13,,demo
2026-08-12 12:52:31,1.56,,demo
2026-08-12 12:52:48,2.20,,demo
2026-08-12 12:53:08,2.73,,demo
2026-08-12 12:53:16,1.00,,demo
2026-08-12 12:53:28,1.31,,demo
2026-08-12 12:53:48,2.82,,demo
2026-08-12 12:54:07,2.52,,demo
2026-08-12 12:54:18,1.28,,demo
2026-08-12 12:54:39,2.89,,demo
2026-08-12 12:55:13,8.63,,demo
2026-08-12 12:55:39,4.35,,demo
2026-08-12 12:55:47,1.03,,demo
2026-08-12 12:55:59,1.45,,demo
2026-08-12 12:56:10,1.28,,demo
2026-08-12 12:56:20,1.12,,demo
2026-08-12 12:57:01,15.69,,demo
2026-08-12 12:57:09,1.00,,demo
2026-08-12 12:57:21,1.45,,demo
2026-08-12 12:57:36,1.71,,demo
2026-08-12 12:57:45,1.12,,demo
2026-08-12 12:58:25,14.72,,demo
2026-08-12 12:58:35,1.10,,demo
2026-08-12 12:58:47,1.44,,demo
2026-08-12 12:59:03,1.84,,demo
2026-08-12 12:59:13,1.22,,demo
2026-08-12 12:59:42,5.69,,demo
2026-08-12 12:59:51,1.14,,demo
2026-08-12 13:00:15,3.58,,demo
2026-08-12 13:01:11,56.93,,demo
2026-08-12 13:01:27,1.92,,demo
2026-08-12 13:01:37,1.17,,demo
2026-08-12 13:02:15,12.14,,demo
2026-08-12 13:02:51,9.99,,demo
2026-08-12 13:02:59,1.05,,demo
2026-08-12 13:03:12,1.49,,demo
2026-08-12 13:03:34,3.24,,demo
2026-08-12 13:04:14,10.64,,demo
2026-08-12 13:04:47,10.19,,demo
2026-08-12 13:05:03,1.94,,demo
2026-08-12 13:05:28,4.31,,demo
2026-08-12 13:05:42,1.57,,demo
2026-08-12 13:05:54,1.40,,demo
2026-08-12 13:06:07,1.60,,demo
2026-08-12 13:06:19,1.31,,demo
2026-08-12 13:06:40,2.99,,demo
2026-08-12 13:06:49,1.11,,demo
2026-08-12 13:08:10,412.42,,demo
2026-08-12 13:08:38,5.49,,demo
2026-08-12 13:09:14,10.21,,demo
2026-08-12 13:09:53,9.60,,demo
2026-08-12 13:09:59,1.12,,demo
2026-08-12 13:10:10,1.13,,demo
2026-08-12 13:10:24,1.91,,demo
2026-08-12 13:10:39,1.75,,demo
2026-08-12 13:11:24,22.88,,demo
2026-08-12 13:11:58,8.28,,demo
2026-08-12 13:12:08,1.18,,demo
2026-08-12 13:12:21,1.51,,demo
2026-08-12 13:12:32,1.30,,demo
2026-08-12 13:12:44,1.43,,demo
2026-08-12 13:12:53,1.10,,demo
2026-08-12 13:13:04,1.28,,demo
2026-08-12 13:13:30,4.29,,demo
2026-08-12 13:13:39,1.05,,demo
2026-08-12 13:13:48,1.15,,demo
2026-08-12 13:14:00,1.35,,demo
2026-08-12 13:14:10,1.21,,demo
2026-08-12 13:14:20,1.15,,demo
2026-08-12 13:14:31,1.29,,demo
2026-08-12 13:14:58,4.73,,demo
2026-08-12 13:15:24,4.45,,demo
2026-08-12 13:15:34,1.23,,demo
2026-08-12 13:15:58,3.50,,demo
2026-08-12 13:16:12,1.70,,demo
2026-08-12 13:16:32,2.86,,demo
2026-08-12 13:17:13,15.31,,demo
2026-08-12 13:17:36,3.31,,demo
2026-08-12 13:17:51,1.88,,demo
2026-08-12 13:18:04,1.54,,demo
2026-08-12 13:18:25,2.91,,demo
2026-08-12 13:18:58,7.71,,demo
2026-08-12 13:19:13,1.79,,demo
2026-08-12 13:19:29,2.08,,demo
2026-08-12 13:19:38,1.00,,demo
2026-08-12 13:19:48,1.27,,demo
2026-08-12 13:19:59,1.21,,demo
2026-08-12 13:20:27,5.57,,demo
2026-08-12 13:20:42,1.77,,demo
2026-08-12 13:20:59,2.09,,demo
2026-08-12 13:21:10,1.29,,demo
2026-08-12 13:21:22,1.37,,demo
2026-08-12 13:21:41,2.56,,demo
2026-08-12 13:22:05,3.69,,demo
2026-08-12 13:22:16,1.25,,demo
2026-08-12 13:22:35,2.58,,demo
2026-08-12 13:22:59,3.60,,demo
2026-08-12 13:23:10,1.28,,demo
2026-08-12 13:23:40,6.21,,demo
2026-08-12 13:23:51,1.30,,demo
2026-08-12 13:23:59,1.00,,demo
2026-08-12 13:24:40,11.26,,demo
2026-08-12 13:25:20,19.93,,demo
2026-08-12 13:25:31,1.27,,demo
2026-08-12 13:25:41,1.16,,demo
2026-08-12 13:26:00,2.57,,demo
2026-08-12 13:26:08,1.00,,demo
2026-08-12 13:26:20,1.39,,demo
2026-08-12 13:26:41,2.86,,demo
2026-08-12 13:27:04,3.12,,demo
2026-08-12 13:27:16,1.60,,demo
2026-08-12 13:27:30,1.63,,demo
2026-08-12 13:27:51,3.03,,demo
2026-08-12 13:28:05,1.59,,demo
2026-08-12 13:28:30,4.02,,demo
2026-08-12 13:28:40,1.24,,demo
2026-08-12 13:29:02,3.16,,demo
2026-08-12 13:29:12,1.20,,demo
2026-08-12 13:30:00,28.00,,demo
2026-08-12 13:30:29,5.69,,demo
2026-08-12 13:30:59,6.24,,demo
2026-08-12 13:31:15,1.86,,demo
2026-08-12 13:31:23,1.00,,demo
2026-08-12 13:31:44,2.88,,demo
2026-08-12 13:31:56,1.44,,demo
2026-08-12 13:33:25,619.95,,demo
2026-08-12 13:33:50,4.81,,demo
2026-08-12 13:34:02,1.71,,demo
2026-08-12 13:34:13,1.20,,demo
2026-08-12 13:34:36,3.58,,demo
2026-08-12 13:35:00,3.84,,demo
2026-08-12 13:35:19,2.44,,demo
2026-08-12 13:35:36,2.14,,demo
2026-08-12 13:35:45,1.08,,demo
2026-08-12 13:35:55,1.04,,demo
2026-08-12 13:36:27,8.27,,demo
2026-08-12 13:36:51,3.84,,demo
2026-08-12 13:37:10,2.45,,demo
2026-08-12 13:37:25,1.77,,demo
2026-08-12 13:38:01,10.58,,demo
2026-08-12 13:38:14,1.50,,demo
2026-08-12 13:38:38,3.91,,demo
2026-08-12 13:39:10,6.94,,demo
2026-08-12 13:39:24,1.68,,demo
2026-08-12 13:39:55,6.95,,demo
2026-08-12 13:40:05,1.12,,demo
2026-08-12 13:40:14,1.09,,demo
2026-08-12 13:40:34,2.66,,demo
2026-08-12 13:40:59,3.08,,demo
2026-08-12 13:41:10,1.73,,demo
2026-08-12 13:41:25,1.83,,demo
2026-08-12 13:41:35,1.20,,demo
2026-08-12 13:41:47,1.35,,demo
2026-08-12 13:42:04,2.09,,demo
2026-08-12 13:42:27,3.38,,demo
2026-08-12 13:42:58,6.94,,demo
2026-08-12 13:43:19,3.11,,demo
2026-08-12 13:43:45,4.41,,demo
2026-08-12 13:44:26,15.56,,demo
2026-08-12 13:45:07,15.23,,demo
2026-08-12 13:45:29,3.01,,demo
2026-08-12 13:45:48,2.72,,demo
2026-08-12 13:45:58,1.14,,demo
2026-08-12 13:46:11,1.49,,demo
2026-08-12 13:46:21,1.18,,demo
2026-08-12 13:46:29,1.00,,demo
2026-08-12 13:46:38,1.12,,demo
2026-08-12 13:47:06,5.21,,demo
2026-08-12 13:47:17,1.30,,demo
2026-08-12 13:47:28,1.23,,demo
2026-08-12 13:48:06,10.90,,demo
2026-08-12 13:48:15,1.26,,demo
2026-08-12 13:48:38,3.42,,demo
2026-08-12 13:49:12,9.06,,demo
2026-08-12 13:50:00,26.92,,demo
2026-08-12 13:50:10,1.13,,demo
2026-08-12 13:50:29,2.60,,demo
2026-08-12 13:50:57,5.15,,demo
2026-08-12 13:51:07,1.24,,demo
2026-08-12 13:51:52,21.33,,demo
2026-08-12 13:52:00,1.03,,demo
2026-08-12 13:52:24,3.54,,demo
2026-08-12 13:52:33,1.12,,demo
2026-08-12 13:53:00,4.69,,demo
2026-08-12 13:53:38,11.58,,demo
2026-08-12 13:54:10,8.17,,demo
2026-08-12 13:54:24,1.60,,demo
2026-08-12 13:55:01,9.62,,demo
2026-08-12 13:55:25,4.56,,demo
2026-08-12 13:55:39,1.64,,demo
2026-08-12 13:55:52,1.51,,demo
2026-08-12 13:56:04,1.41,,demo
2026-08-12 13:56:21,2.09,,demo
2026-08-12 13:56:29,1.00,,demo
2026-08-12 13:56:51,2.97,,demo
2026-08-12 13:57:19,5.65,,demo
2026-08-12 13:58:11,38.65,,demo
2026-08-12 13:58:36,4.13,,demo
2026-08-12 13:58:46,1.17,,demo
2026-08-12 13:59:03,2.11,,demo
2026-08-12 13:59:31,3.88,,demo
2026-08-12 13:59:38,1.19,,demo
2026-08-12 13:59:47,1.13,,demo
2026-08-12 13:59:56,1.10,,demo
2026-08-12 14:00:09,1.50,,demo
2026-08-12 14:00:18,1.03,,demo
2026-08-12 14:01:00,13.76,,demo
2026-08-12 14:01:24,4.66,,demo
2026-08-12 14:01:39,1.65,,demo
2026-08-12 14:01:55,2.13,,demo
2026-08-12 14:02:11,2.03,,demo
2026-08-12 14:02:51,14.02,,demo
2026-08-12 14:03:08,2.15,,demo
2026-08-12 14:03:18,1.18,,demo
2026-08-12 14:03:36,2.32,,demo
2026-08-12 14:03:46,1.17,,demo
2026-08-12 14:04:03,1.58,,demo
2026-08-12 14:04:22,3.16,,demo
2026-08-12 14:04:33,1.32,,demo
2026-08-12 14:04:50,2.10,,demo
2026-08-12 14:05:21,6.82,,demo
2026-08-12 14:05:36,1.81,,demo
2026-08-12 14:05:52,1.89,,demo
2026-08-12 14:06:18,4.39,,demo
2026-08-12 14:07:07,30.07,,demo
2026-08-12 14:07:27,2.83,,demo
2026-08-12 14:07:43,1.95,,demo
2026-08-12 14:08:08,4.12,,demo
2026-08-12 14:08:20,1.42,,demo
2026-08-12 14:09:15,48.47,,demo
2026-08-12 14:09:35,2.69,,demo
2026-08-12 14:10:00,4.01,,demo
2026-08-12 14:10:17,2.17,,demo
2026-08-12 14:10:28,1.34,,demo
2026-08-12 14:11:06,11.65,,demo
2026-08-12 14:11:23,2.07,,demo
2026-08-12 14:11:59,10.57,,demo
2026-08-12 14:12:13,1.58,,demo
2026-08-12 14:12:34,2.93,,demo
2026-08-12 14:12:50,1.94,,demo
2026-08-12 14:13:05,1.83,,demo
2026-08-12 14:13:18,1.47,,demo
2026-08-12 14:13:31,1.54,,demo
2026-08-12 14:14:05,8.72,,demo
2026-08-12 14:14:15,1.17,,demo
2026-08-12 14:14:29,1.65,,demo
2026-08-12 14:14:40,1.28,,demo
2026-08-12 14:15:26,24.78,,demo
2026-08-12 14:15:49,3.46,,demo
2026-08-12 14:16:13,3.86,,demo
2026-08-12 14:16:33,2.54,,demo
2026-08-12 14:17:06,8.03,,demo
2026-08-12 14:17:20,1.67,,demo
2026-08-12 14:17:36,1.99,,demo
2026-08-12 14:17:57,2.99,,demo
2026-08-12 14:18:09,1.32,,demo
2026-08-12 14:18:18,1.12,,demo
2026-08-12 14:18:33,1.38,,demo
2026-08-12 14:18:50,2.79,,demo
2026-08-12 14:19:16,4.39,,demo
2026-08-12 14:19:24,1.00,,demo
2026-08-12 14:19:51,4.78,,demo
2026-08-12 14:20:01,1.22,,demo
2026-08-12 14:20:13,1.38,,demo
2026-08-12 14:20:32,2.37,,demo
2026-08-12 14:20:42,1.26,,demo
2026-08-12 14:21:02,2.53,,demo
2026-08-12 14:21:46,19.94,,demo
2026-08-12 14:22:14,5.36,,demo
2026-08-12 14:22:25,1.30,,demo
2026-08-12 14:22:36,1.30,,demo
2026-08-12 14:23:19,18.55,,demo
2026-08-12 14:23:33,1.59,,demo
2026-08-12 14:24:02,5.94,,demo
2026-08-12 14:24:52,22.67,,demo
2026-08-12 14:25:15,3.95,,demo
2026-08-12 14:25:21,1.05,,demo
2026-08-12 14:25:34,1.33,,demo
2026-08-12 14:25:41,1.04,,demo
2026-08-12 14:25:58,2.16,,demo
2026-08-12 14:26:20,3.28,,demo
2026-08-12 14:26:36,1.84,,demo
2026-08-12 14:26:55,2.48,,demo
2026-08-12 14:27:06,1.29,,demo
2026-08-12 14:27:20,1.66,,demo
2026-08-12 14:27:50,6.14,,demo
2026-08-12 14:28:00,1.19,,demo
2026-08-12 14:28:46,23.84,,demo
2026-08-12 14:29:06,2.79,,demo
2026-08-12 14:29:16,1.11,,demo
2026-08-12 14:29:34,2.40,,demo
2026-08-12 14:29:45,1.26,,demo
2026-08-12 14:30:03,2.24,,demo
2026-08-12 14:30:12,1.15,,demo
2026-08-12 14:30:23,1.24,,demo
2026-08-12 14:31:08,21.41,,demo
2026-08-12 14:31:29,2.89,,demo
2026-08-12 14:31:44,1.82,,demo
2026-08-12 14:31:56,1.36,,demo
2026-08-12 14:32:19,3.62,,demo
2026-08-12 14:32:55,10.29,,demo
2026-08-12 14:33:04,1.03,,demo
2026-08-12 14:33:45,15.73,,demo
2026-08-12 14:33:58,1.54,,demo
2026-08-12 14:34:19,2.95,,demo
2026-08-12 14:34:31,1.45,,demo
2026-08-12 14:34:44,1.52,,demo
2026-08-12 14:34:54,1.11,,demo
2026-08-12 14:35:22,5.49,,demo
2026-08-12 14:36:10,29.09,,demo
2026-08-12 14:36:19,1.03,,demo
2026-08-12 14:36:30,1.09,,demo
2026-08-12 14:36:38,1.20,,demo
2026-08-12 14:37:02,3.83,,demo
2026-08-12 14:37:12,1.08,,demo
2026-08-12 14:37:32,2.83,,demo
2026-08-12 14:37:45,1.56,,demo
2026-08-12 14:38:02,2.06,,demo
2026-08-12 14:38:11,1.09,,demo
2026-08-12 14:38:22,1.30,,demo
2026-08-12 14:38:37,1.77,,demo
2026-08-12 14:39:13,10.13,,demo
2026-08-12 14:39:28,1.74,,demo
2026-08-12 14:39:43,1.84,,demo
2026-08-12 14:39:55,1.39,,demo
2026-08-12 14:40:09,1.61,,demo
2026-08-12 14:40:17,1.02,,demo
2026-08-12 14:40:27,1.13,,demo
2026-08-12 14:40:43,2.04,,demo
2026-08-12 14:40:56,1.52,,demo
2026-08-12 14:41:12,1.96,,demo
2026-08-12 14:41:45,7.69,,demo
2026-08-12 14:42:08,3.41,,demo
2026-08-12 14:42:25,2.19,,demo
2026-08-12 14:42:35,1.18,,demo
2026-08-12 14:42:49,1.67,,demo
2026-08-12 14:43:04,1.72,,demo
2026-08-12 14:43:35,6.63,,demo
2026-08-12 14:44:30,53.11,,demo
2026-08-12 14:44:42,1.32,,demo
2026-08-12 14:44:54,1.44,,demo
2026-08-12 14:45:02,1.00,,demo
2026-08-12 14:45:15,1.46,,demo
2026-08-12 14:45:23,1.06,,demo
2026-08-12 14:45:38,1.75,,demo
2026-08-12 14:46:04,4.29,,demo
2026-08-12 14:46:34,5.88,,demo
2026-08-12 14:46:52,2.54,,demo
2026-08-12 14:47:08,1.89,,demo
2026-08-12 14:47:19,1.23,,demo
2026-08-12 14:47:37,2.54,,demo
2026-08-12 14:47:53,1.82,,demo
2026-08-12 14:48:01,1.03,,demo
2026-08-12 14:48:16,1.69,,demo
2026-08-12 14:48:31,1.77,,demo
2026-08-12 14:48:45,1.70,,demo
2026-08-12 14:49:22,10.93,,demo
2026-08-12 14:49:51,5.84,,demo
2026-08-12 14:50:03,1.42,,demo
2026-08-12 14:50:27,3.56,,demo
2026-08-12 14:50:41,1.67,,demo
2026-08-12 14:51:03,3.40,,demo
2026-08-12 14:51:15,1.35,,demo
2026-08-12 14:51:49,8.72,,demo
2026-08-12 14:52:24,9.20,,demo
2026-08-12 14:52:38,1.70,,demo
2026-08-12 14:53:02,3.61,,demo
2026-08-12 14:53:12,1.10,,demo
2026-08-12 14:53:36,4.06,,demo
2026-08-12 14:53:53,2.14,,demo
2026-08-12 14:54:05,1.39,,demo
2026-08-12 14:54:25,2.69,,demo
2026-08-12 14:55:06,15.12,,demo
2026-08-12 14:55:29,3.74,,demo
2026-08-12 14:55:54,4.18,,demo
2026-08-12 14:56:24,6.26,,demo
2026-08-12 14:56:45,2.87,,demo
2026-08-12 14:57:10,3.14,,demo
2026-08-12 14:57:19,1.12,,demo
2026-08-12 14:57:26,1.12,,demo
2026-08-12 14:57:38,1.46,,demo
2026-08-12 14:57:50,1.40,,demo
2026-08-12 14:58:02,1.38,,demo
2026-08-12 14:58:12,1.17,,demo
2026-08-12 14:58:21,1.09,,demo
2026-08-12 14:58:38,2.12,,demo
2026-08-12 14:58:49,1.30,,demo
2026-08-12 14:59:02,1.41,,demo
2026-08-12 14:59:17,1.74,,demo
2026-08-12 14:59:25,1.09,,demo
2026-08-12 15:00:12,25.49,,demo
2026-08-12 15:00:26,1.62,,demo
2026-08-12 15:00:52,4.23,,demo
2026-08-12 15:01:08,2.06,,demo
2026-08-12 15:01:36,5.17,,demo
2026-08-12 15:01:53,2.12,,demo
2026-08-12 15:02:15,3.19,,demo
2026-08-12 15:02:36,3.07,,demo
2026-08-12 15:02:47,1.23,,demo
2026-08-12 15:03:10,3.46,,demo
2026-08-12 15:03:36,4.34,,demo
2026-08-12 15:04:04,5.36,,demo
2026-08-12 15:04:15,1.30,,demo
2026-08-12 15:04:27,1.39,,demo
2026-08-12 15:04:36,1.10,,demo
2026-08-12 15:05:30,47.03,,demo
2026-08-12 15:05:41,1.24,,demo
2026-08-12 15:05:59,2.24,,demo
2026-08-12 15:06:26,4.85,,demo
2026-08-12 15:07:23,51.52,,demo
2026-08-12 15:07:33,1.36,,demo
2026-08-12 15:08:06,8.25,,demo
2026-08-12 15:08:37,6.81,,demo
2026-08-12 15:08:47,1.14,,demo
2026-08-12 15:08:57,1.20,,demo
2026-08-12 15:09:13,1.89,,demo
2026-08-12 15:09:38,4.27,,demo
2026-08-12 15:09:50,1.32,,demo
2026-08-12 15:11:10,422.57,,demo
2026-08-12 15:11:32,3.03,,demo
2026-08-12 15:11:50,2.41,,demo
2026-08-12 15:12:52,83.91,,demo
2026-08-12 15:12:59,1.01,,demo
2026-08-12 15:13:31,6.98,,demo
2026-08-12 15:13:41,1.17,,demo
2026-08-12 15:14:04,3.47,,demo
2026-08-12 15:14:19,1.85,,demo
2026-08-12 15:14:38,2.49,,demo
2026-08-12 15:15:04,4.42,,demo
2026-08-12 15:15:14,1.19,,demo
2026-08-12 15:15:25,1.28,,demo
2026-08-12 15:15:38,1.52,,demo
2026-08-12 15:16:01,3.48,,demo
2026-08-12 15:16:17,1.20,,demo
2026-08-12 15:16:21,1.16,,demo
2026-08-12 15:16:35,1.07,,demo
2026-08-12 15:16:46,1.92,,demo
2026-08-12 15:17:04,2.31,,demo
2026-08-12 15:17:15,1.30,,demo
2026-08-12 15:17:59,20.36,,demo
2026-08-12 15:18:16,2.10,,demo
2026-08-12 15:18:28,1.12,,demo
2026-08-12 15:18:50,3.99,,demo
2026-08-12 15:19:02,1.37,,demo
2026-08-12 15:19:30,5.11,,demo
2026-08-12 15:19:40,1.20,,demo
2026-08-12 15:19:52,1.44,,demo
2026-08-12 15:20:14,3.64,,demo
2026-08-12 15:20:23,1.07,,demo
2026-08-12 15:20:40,2.08,,demo
2026-08-12 15:21:08,5.23,,demo
2026-08-12 15:21:23,1.87,,demo
2026-08-12 15:21:36,1.48,,demo
2026-08-12 15:21:47,1.31,,demo
2026-08-12 15:22:34,25.97,,demo
2026-08-12 15:22:43,1.09,,demo
2026-08-12 15:23:08,4.09,,demo
2026-08-12 15:24:05,56.55,,demo
2026-08-12 15:24:21,2.02,,demo
2026-08-12 15:24:37,1.33,,demo
2026-08-12 15:24:58,4.25,,demo
2026-08-12 15:25:14,1.91,,demo
2026-08-12 15:25:37,3.41,,demo
2026-08-12 15:25:53,1.91,,demo
2026-08-12 15:26:06,1.21,,demo
2026-08-12 15:26:25,3.40,,demo
2026-08-12 15:27:13,27.44,,demo
2026-08-12 15:27:38,4.18,,demo
2026-08-12 15:28:22,12.17,,demo
2026-08-12 15:28:26,1.15,,demo
2026-08-12 15:28:35,1.11,,demo
2026-08-12 15:29:12,10.71,,demo
2026-08-12 15:29:26,1.66,,demo
2026-08-12 15:29:35,1.09,,demo
2026-08-12 15:30:43,65.40,,demo
2026-08-12 15:30:43,1.00,,demo
2026-08-12 15:31:18,7.15,,demo
2026-08-12 15:31:29,1.07,,demo
2026-08-12 15:31:36,1.67,,demo
2026-08-12 15:31:44,1.00,,demo
2026-08-12 15:31:58,1.45,,demo
2026-08-12 15:32:58,38.61,,demo
2026-08-12 15:34:30,43.54,,demo
2026-08-12 15:34:30,1.25,,demo
2026-08-12 15:34:30,2.20,,demo
2026-08-12 15:34:30,1.30,,demo
2026-08-12 15:34:36,1.80,,demo
2026-08-12 15:34:53,1.29,,demo
2026-08-12 15:35:03,1.86,,demo
2026-08-12 15:36:48,1.13,,demo
2026-08-12 15:36:48,2.22,,demo
2026-08-12 15:36:48,1.37,,demo
2026-08-12 15:36:48,2.42,,demo
2026-08-12 15:36:48,1.33,,demo
2026-08-12 15:36:48,1.50,,demo
2026-08-12 15:37:32,129.99,,demo
2026-08-12 15:37:57,4.26,,demo
2026-08-12 15:38:47,33.33,,demo
2026-08-12 15:39:00,1.53,,demo
2026-08-12 15:39:10,1.23,,demo
2026-08-12 15:39:23,1.42,,demo
2026-08-12 15:39:34,1.36,,demo
2026-08-12 15:39:46,1.35,,demo
2026-08-12 15:40:29,18.62,,demo
2026-08-12 15:40:43,1.61,,demo
2026-08-12 15:41:56,220.80,,demo
2026-08-12 15:42:09,1.50,,demo
2026-08-12 15:42:18,1.15,,demo
2026-08-12 15:42:41,3.35,,demo
2026-08-12 15:42:49,1.01,,demo
2026-08-12 15:43:02,1.19,,demo
2026-08-12 15:43:11,1.38,,demo
2026-08-12 15:43:48,10.94,,demo
2026-08-12 15:43:59,1.30,,demo
2026-08-12 15:44:09,1.24,,demo
2026-08-12 15:44:35,4.28,,demo
2026-08-12 15:45:06,6.97,,demo
2026-08-12 15:45:18,1.01,,demo
2026-08-12 15:45:45,6.50,,demo
2026-08-12 15:46:03,2.33,,demo
2026-08-12 15:46:18,1.76,,demo
2026-08-12 15:46:45,4.70,,demo
2026-08-12 15:47:12,4.87,,demo
2026-08-12 15:47:23,1.00,,demo
2026-08-12 15:47:29,1.06,,demo
2026-08-12 15:48:08,9.72,,demo
2026-08-12 15:48:12,1.04,,demo
2026-08-12 15:48:24,1.29,,demo
2026-08-12 15:48:35,1.21,,demo
2026-08-12 15:48:47,1.57,,demo
2026-08-12 15:49:08,2.85,,demo
2026-08-12 15:49:22,1.57,,demo
2026-08-12 15:49:34,1.46,,demo
2026-08-12 15:49:50,1.10,,demo
2026-08-12 15:50:18,9.59,,demo
2026-08-12 15:50:30,1.31,,demo
2026-08-12 15:50:43,1.62,,demo
2026-08-12 15:50:58,1.72,,demo
2026-08-12 15:51:08,1.23,,demo
2026-08-12 15:51:20,1.33,,demo
2026-08-12 15:51:45,4.13,,demo
2026-08-12 15:51:55,1.06,,demo
2026-08-12 15:52:04,1.01,,demo
2026-08-12 15:52:52,27.66,,demo
2026-08-12 15:53:06,1.66,,demo
2026-08-12 15:53:20,1.67,,demo
2026-08-12 15:53:36,1.89,,demo
2026-08-12 15:53:52,2.01,,demo
2026-08-12 15:54:09,1.92,,demo
2026-08-12 15:54:20,1.32,,demo
2026-08-12 15:54:35,1.91,,demo
2026-08-12 15:54:48,1.49,,demo
2026-08-12 15:55:00,1.36,,demo
2026-08-12 15:55:34,8.97,,demo
2026-08-12 15:56:10,10.11,,demo
2026-08-12 15:56:41,6.82,,demo
2026-08-12 15:56:55,1.67,,demo
2026-08-12 15:57:20,4.08,,demo
2026-08-12 15:58:00,13.68,,demo
2026-08-12 15:58:56,44.78,,demo
2026-08-12 15:59:04,1.23,,demo
2026-08-12 15:59:16,1.43,,demo
2026-08-12 15:59:26,1.05,,demo
2026-08-12 15:59:58,7.89,,demo
2026-08-12 16:00:09,1.05,,demo
2026-08-12 16:00:38,7.10,,demo
2026-08-12 16:00:50,1.35,,demo
2026-08-12 16:01:05,1.86,,demo
2026-08-12 16:01:16,1.13,,demo
2026-08-12 16:01:46,7.36,,demo
2026-08-12 16:01:59,1.32,,demo
2026-08-12 16:02:22,3.81,,demo
2026-08-12 16:03:31,1.10,,demo
2026-08-12 16:03:48,2.38,,demo
2026-08-12 16:03:59,1.19,,demo
2026-08-12 16:04:26,4.89,,demo
2026-08-12 16:04:37,1.27,,demo
2026-08-12 16:05:08,6.96,,demo
2026-08-12 16:05:20,1.39,,demo
2026-08-12 16:05:56,10.29,,demo
2026-08-12 16:06:13,1.07,,demo
2026-08-12 16:06:40,4.72,,demo
2026-08-12 16:07:02,3.17,,demo
2026-08-12 16:07:29,5.10,,demo
2026-08-12 16:07:45,1.79,,demo
2026-08-12 16:08:01,2.03,,demo
2026-08-12 16:08:21,2.90,,demo
2026-08-12 16:08:30,1.02,,demo
2026-08-12 16:09:39,167.42,,demo
2026-08-12 16:09:57,2.19,,demo
2026-08-12 16:10:10,1.61,,demo
2026-08-12 16:10:35,3.99,,demo
2026-08-12 16:10:48,1.51,,demo
2026-08-12 16:10:56,1.05,,demo
2026-08-12 16:11:25,5.57,,demo
2026-08-12 16:11:43,1.16,,demo
2026-08-12 16:11:44,1.03,,demo
2026-08-12 16:12:45,86.90,,demo
2026-08-12 16:12:57,1.37,,demo
2026-08-12 16:13:14,2.13,,demo
2026-08-12 16:13:36,3.04,,demo
2026-08-12 16:13:54,1.07,,demo
2026-08-12 16:13:56,1.38,,demo
2026-08-12 16:14:10,1.63,,demo
2026-08-12 16:14:28,1.21,,demo
2026-08-12 16:14:53,7.77,,demo
2026-08-12 16:15:26,8.45,,demo
2026-08-12 16:15:45,1.00,,demo
2026-08-12 16:16:05,6.33,,demo
2026-08-12 16:16:22,1.98,,demo
2026-08-12 16:16:39,2.30,,demo
2026-08-12 16:17:48,158.10,,demo
2026-08-12 16:18:13,4.11,,demo
2026-08-12 16:18:26,1.51,,demo
2026-08-12 16:18:46,2.77,,demo
2026-08-12 16:19:33,17.23,,demo
2026-08-12 16:19:50,3.13,,demo
2026-08-12 16:20:15,4.04,,demo
2026-08-12 16:20:25,1.23,,demo
2026-08-12 16:20:40,1.04,,demo
2026-08-12 16:20:47,1.48,,demo
2026-08-12 16:21:00,1.58,,demo
2026-08-12 16:21:17,1.35,,demo
2026-08-12 16:21:22,1.22,,demo
2026-08-12 16:21:43,2.86,,demo
2026-08-12 16:22:12,5.53,,demo
2026-08-12 16:22:25,1.56,,demo
2026-08-12 16:22:47,3.41,,demo
2026-08-12 16:23:03,1.97,,demo
2026-08-12 16:23:27,3.76,,demo
2026-08-12 16:24:52,589.55,,demo
2026-08-12 16:25:11,1.00,,demo
2026-08-12 16:25:13,1.50,,demo
2026-08-12 16:25:22,1.04,,demo
2026-08-12 16:25:38,1.19,,demo
2026-08-12 16:25:49,2.03,,demo
2026-08-12 16:26:05,1.47,,demo
2026-08-12 16:26:11,1.15,,demo
2026-08-12 16:26:29,2.42,,demo
2026-08-12 16:26:44,1.11,,demo
2026-08-12 16:26:49,1.19,,demo
2026-08-12 16:26:58,1.13,,demo
2026-08-12 16:27:14,1.87,,demo
2026-08-12 16:27:56,16.90,,demo
2026-08-12 16:28:33,11.79,,demo
2026-08-12 16:28:54,2.33,,demo
2026-08-12 16:29:00,1.00,,demo
2026-08-12 16:29:21,2.97,,demo
2026-08-12 16:29:38,2.04,,demo
2026-08-12 16:29:51,1.63,,demo
2026-08-12 16:30:08,1.13,,demo
2026-08-12 16:30:09,1.01,,demo
2026-08-12 16:30:28,2.44,,demo
2026-08-12 16:30:46,1.08,,demo
2026-08-12 16:30:57,2.75,,demo
2026-08-12 16:31:05,1.00,,demo
2026-08-12 16:31:23,1.05,,demo
2026-08-12 16:31:51,5.86,,demo
2026-08-12 16:32:15,3.66,,demo
2026-08-12 16:32:45,6.60,,demo
2026-08-12 16:33:06,2.94,,demo
2026-08-12 16:33:34,5.47,,demo
2026-08-12 16:33:45,1.24,,demo
2026-08-12 16:33:54,1.00,,demo
2026-08-12 16:34:02,1.08,,demo
2026-08-12 16:34:27,1.67,,demo
2026-08-12 16:34:54,10.91,,demo
2026-08-12 16:35:20,4.07,,demo
2026-08-12 16:35:50,4.41,,demo
2026-08-12 16:36:09,4.13,,demo
2026-08-12 16:36:22,1.43,,demo
2026-08-12 16:37:21,77.86,,demo
2026-08-12 16:37:38,2.09,,demo
2026-08-12 16:38:02,3.74,,demo
2026-08-12 16:38:21,2.52,,demo
2026-08-12 16:38:33,1.39,,demo
2026-08-12 16:38:45,1.29,,demo
2026-08-12 16:39:04,1.10,,demo
2026-08-12 16:39:10,2.03,,demo
2026-08-12 16:39:19,1.13,,demo
2026-08-12 16:39:42,3.20,,demo
2026-08-12 16:40:06,3.37,,demo
2026-08-12 16:40:24,1.97,,demo
2026-08-12 16:41:02,16.98,,demo
2026-08-12 16:41:18,1.69,,demo
2026-08-12 16:41:44,4.96,,demo
2026-08-12 16:41:54,1.21,,demo
2026-08-12 16:42:25,6.83,,demo
2026-08-12 16:42:44,2.36,,demo
2026-08-12 16:43:20,4.66,,demo
2026-08-12 16:43:26,1.94,,demo
2026-08-12 16:43:37,1.13,,demo
2026-08-12 16:44:05,5.82,,demo
2026-08-12 16:44:29,1.39,,demo
2026-08-12 16:44:38,2.81,,demo
2026-08-12 16:44:46,1.05,,demo
2026-08-12 16:45:21,9.29,,demo
2026-08-12 16:45:35,1.70,,demo
2026-08-12 16:45:48,1.57,,demo
2026-08-12 16:46:02,1.61,,demo
2026-08-12 16:46:31,5.20,,demo
2026-08-12 16:46:51,2.99,,demo
2026-08-12 16:47:22,4.96,,demo
2026-08-12 16:47:28,1.11,,demo
2026-08-12 16:47:45,2.08,,demo
2026-08-12 16:48:15,6.38,,demo
2026-08-12 16:48:35,1.09,,demo
2026-08-12 16:48:45,2.89,,demo
2026-08-12 16:49:02,2.12,,demo
2026-08-12 16:49:21,2.43,,demo
2026-08-12 16:49:40,1.36,,demo
2026-08-12 16:49:57,2.05,,demo
2026-08-12 16:50:11,1.58,,demo
2026-08-12 16:50:35,1.65,,demo
2026-08-12 16:50:35,1.03,,demo
2026-08-12 16:50:42,1.05,,demo
2026-08-12 16:50:50,1.01,,demo
2026-08-12 16:51:08,2.35,,demo
2026-08-12 16:51:29,2.71,,demo
2026-08-12 16:51:38,1.01,,demo
2026-08-12 16:51:45,1.09,,demo
2026-08-12 16:51:54,1.01,,demo
2026-08-12 16:52:03,1.07,,demo
2026-08-12 16:52:25,1.52,,demo
2026-08-12 16:52:25,1.11,,demo
2026-08-12 16:52:33,1.08,,demo
2026-08-12 16:52:46,1.40,,demo
2026-08-12 16:52:59,1.55,,demo
2026-08-12 16:53:20,2.01,,demo
2026-08-12 16:54:37,414.35,,demo
2026-08-12 16:55:00,3.54,,demo
2026-08-12 16:55:08,1.04,,demo
2026-08-12 16:55:16,1.08,,demo
2026-08-12 16:56:04,12.27,,demo
2026-08-12 16:56:22,5.13,,demo
2026-08-12 16:56:36,1.53,,demo
2026-08-12 16:56:48,1.48,,demo
2026-08-12 16:57:14,4.30,,demo
2026-08-12 16:57:27,1.61,,demo
2026-08-12 16:58:26,36.67,,demo
2026-08-12 16:58:45,1.53,,demo
2026-08-12 16:59:13,16.11,,demo
2026-08-12 16:59:23,1.16,,demo
2026-08-12 16:59:36,1.52,,demo
2026-08-12 17:00:04,1.61,,demo
2026-08-12 17:00:04,1.33,,demo
2026-08-12 17:00:27,4.18,,demo
2026-08-12 17:01:09,17.82,,demo
2026-08-12 17:01:40,6.17,,demo
2026-08-12 17:01:48,1.08,,demo
2026-08-12 17:01:58,1.14,,demo
2026-08-12 17:02:46,9.44,,demo
2026-08-12 17:02:46,1.00,,demo
2026-08-12 17:02:54,1.33,,demo
2026-08-12 17:03:28,10.52,,demo
2026-08-12 17:03:55,4.84,,demo
2026-08-12 17:04:25,1.01,,demo
2026-08-12 17:04:40,2.00,,demo
2026-08-12 17:05:07,4.64,,demo
2026-08-12 17:05:15,1.01,,demo
2026-08-12 17:05:37,2.99,,demo
2026-08-12 17:06:10,3.60,,demo
2026-08-12 17:06:14,1.62,,demo
2026-08-12 17:06:29,1.85,,demo
2026-08-12 17:06:37,1.00,,demo
2026-08-12 17:06:51,1.40,,demo
2026-08-12 17:07:23,2.24,,demo
2026-08-12 17:07:23,1.20,,demo
2026-08-12 17:07:29,1.10,,demo
2026-08-12 17:07:39,1.37,,demo
2026-08-12 17:07:50,1.45,,demo
2026-08-12 17:08:09,2.52,,demo
2026-08-12 17:08:35,1.24,,demo
2026-08-12 17:08:44,1.02,,demo
2026-08-12 17:09:06,3.27,,demo
2026-08-12 17:09:34,3.61,,demo
2026-08-12 17:09:52,1.45,,demo
2026-08-12 17:10:06,3.83,,demo
2026-08-12 17:10:33,4.29,,demo
2026-08-12 17:10:55,3.51,,demo
2026-08-12 17:11:06,1.32,,demo
2026-08-12 17:11:25,1.64,,demo
2026-08-12 17:11:31,1.28,,demo
2026-08-12 17:11:40,1.10,,demo
2026-08-12 17:12:20,12.10,,demo
2026-08-12 17:12:52,2.80,,demo
2026-08-12 17:13:42,94.45,,demo
2026-08-12 17:15:02,145.93,,demo
2026-08-12 17:15:02,1.46,,demo
2026-08-12 17:15:16,1.73,,demo
2026-08-12 17:15:30,1.62,,demo
2026-08-12 17:16:31,36.90,,demo
2026-08-12 17:16:31,1.00,,demo
2026-08-12 17:16:38,1.02,,demo
2026-08-12 17:16:56,2.05,,demo
2026-08-12 17:17:10,1.80,,demo
2026-08-12 17:17:29,2.58,,demo
2026-08-12 17:17:38,1.00,,demo
2026-08-12 17:17:58,2.78,,demo
2026-08-12 17:18:09,1.37,,demo
2026-08-12 17:18:59,33.55,,demo
2026-08-12 17:19:17,2.12,,demo
2026-08-12 17:19:24,1.00,,demo
2026-08-12 17:19:50,1.61,,demo
2026-08-12 17:19:54,1.49,,demo
2026-08-12 17:20:06,1.27,,demo
2026-08-12 17:20:26,3.47,,demo
2026-08-12 17:20:51,3.86,,demo
2026-08-12 17:21:25,10.11,,demo
2026-08-12 17:21:50,3.50,,demo
2026-08-12 17:22:00,1.14,,demo
2026-08-12 17:22:06,1.00,,demo
2026-08-12 17:22:28,3.28,,demo
2026-08-12 17:22:56,2.13,,demo
2026-08-12 17:23:21,4.25,,demo
2026-08-12 17:23:33,1.26,,demo
2026-08-12 17:23:48,1.87,,demo
2026-08-12 17:23:59,1.02,,demo
2026-08-12 17:24:21,2.55,,demo
2026-08-12 17:24:47,6.99,,demo
2026-08-12 17:24:59,1.36,,demo
2026-08-12 17:25:33,8.68,,demo
2026-08-12 17:25:57,1.52,,demo
2026-08-12 17:26:19,7.76,,demo
2026-08-12 17:26:32,1.49,,demo
2026-08-12 17:26:49,2.26,,demo
2026-08-12 17:27:03,1.60,,demo
2026-08-12 17:27:45,4.47,,demo
2026-08-12 17:27:45,1.17,,demo
2026-08-12 17:28:07,5.48,,demo
2026-08-12 17:28:18,1.21,,demo
2026-08-12 17:28:37,2.51,,demo
2026-08-12 17:29:01,4.04,,demo
2026-08-12 17:29:31,1.62,,demo
2026-08-12 17:29:31,1.10,,demo
2026-08-12 17:29:48,3.62,,demo
2026-08-12 17:30:17,5.35,,demo
2026-08-12 17:30:31,1.77,,demo
2026-08-12 17:31:12,4.75,,demo
2026-08-12 17:31:12,1.06,,demo
2026-08-12 17:31:43,5.29,,demo
2026-08-12 17:31:54,2.40,,demo
2026-08-12 17:32:28,3.50,,demo
2026-08-12 17:33:36,384.66,,demo
2026-08-12 17:33:58,1.24,,demo
2026-08-12 17:34:02,1.72,,demo
2026-08-12 17:34:17,1.04,,demo
2026-08-12 17:34:46,3.11,,demo
2026-08-12 17:34:51,2.86,,demo
2026-08-12 17:35:12,1.65,,demo
2026-08-12 17:35:22,1.81,,demo
2026-08-12 17:35:53,5.08,,demo
2026-08-12 17:36:29,3.06,,demo
2026-08-12 17:36:32,3.00,,demo
2026-08-12 17:36:45,1.58,,demo
2026-08-12 17:38:01,84.73,,demo
2026-08-12 17:38:50,12.51,,demo
2026-08-12 17:38:50,1.29,,demo
2026-08-12 17:39:01,1.85,,demo
2026-08-12 17:39:23,7.40,,demo
2026-08-12 17:39:42,2.64,,demo
2026-08-12 17:40:03,1.25,,demo
2026-08-12 17:40:06,1.45,,demo
2026-08-12 17:40:44,2.29,,demo
2026-08-12 17:40:55,5.18,,demo
2026-08-12 17:41:17,4.33,,demo
2026-08-12 17:41:41,3.63,,demo
2026-08-12 17:42:29,6.44,,demo
2026-08-12 17:42:45,8.02,,demo
2026-08-12 17:43:25,8.76,,demo
2026-08-12 17:43:37,1.13,,demo
2026-08-12 17:43:48,2.61,,demo
2026-08-12 17:43:57,1.13,,demo
2026-08-12 17:44:19,1.37,,demo
2026-08-12 17:44:21,1.50,,demo
2026-08-12 17:45:07,20.01,,demo
2026-08-12 17:45:15,1.14,,demo
2026-08-12 17:45:54,12.16,,demo
2026-08-12 17:46:26,2.83,,demo
2026-08-12 17:46:35,1.51,,demo
2026-08-12 17:46:35,1.10,,demo
2026-08-12 17:46:45,1.10,,demo
2026-08-12 17:47:00,1.57,,demo
2026-08-12 17:47:27,2.33,,demo
2026-08-12 17:47:30,2.20,,demo
2026-08-12 17:47:50,1.83,,demo
2026-08-12 17:47:54,1.02,,demo
2026-08-12 17:48:07,1.68,,demo
2026-08-12 17:48:19,1.42,,demo
2026-08-12 17:48:31,1.38,,demo
2026-08-12 17:49:09,11.31,,demo
2026-08-12 17:49:22,1.55,,demo
2026-08-12 17:49:31,1.11,,demo
2026-08-12 17:49:49,2.18,,demo
2026-08-12 17:50:38,30.94,,demo
2026-08-12 17:50:54,1.00,,demo
2026-08-12 17:51:12,4.53,,demo
2026-08-12 17:51:37,4.01,,demo
2026-08-12 17:51:51,1.44,,demo
2026-08-12 17:52:04,1.75,,demo
2026-08-12 17:52:18,1.59,,demo
2026-08-12 17:53:05,10.75,,demo
2026-08-12 17:53:05,1.29,,demo
2026-08-12 17:53:13,1.00,,demo
2026-08-12 17:53:30,1.00,,demo
2026-08-12 17:53:40,2.44,,demo
2026-08-12 17:53:58,1.25,,demo
2026-08-12 17:54:09,2.44,,demo
2026-08-12 17:54:44,9.13,,demo
2026-08-12 17:54:52,1.00,,demo
2026-08-12 17:55:30,11.59,,demo
2026-08-12 17:55:54,3.85,,demo
2026-08-12 17:56:09,1.83,,demo
2026-08-12 17:56:32,3.50,,demo
2026-08-12 17:56:48,1.93,,demo
2026-08-12 17:57:08,1.00,,demo
2026-08-12 17:57:11,1.78,,demo
2026-08-12 17:57:51,9.92,,demo
2026-08-12 17:58:15,5.33,,demo
2026-08-12 17:58:50,9.49,,demo
2026-08-12 17:59:01,1.30,,demo
2026-08-12 17:59:14,1.44,,demo
2026-08-12 17:59:31,2.13,,demo
2026-08-12 18:00:12,15.94,,demo
2026-08-12 18:00:28,1.92,,demo
2026-08-12 18:00:38,1.19,,demo
2026-08-12 18:01:00,3.21,,demo
2026-08-12 18:01:21,3.02,,demo
2026-08-12 18:01:39,2.43,,demo
2026-08-12 18:01:50,1.02,,demo
2026-08-12 18:02:04,1.97,,demo
2026-08-12 18:02:13,1.08,,demo
2026-08-12 18:02:33,2.80,,demo
2026-08-12 18:03:18,21.93,,demo
2026-08-12 18:03:29,1.24,,demo
2026-08-12 18:03:57,5.24,,demo
2026-08-12 18:04:06,1.11,,demo
2026-08-12 18:04:26,2.69,,demo
2026-08-12 18:04:37,1.31,,demo
2026-08-12 18:05:11,8.41,,demo
2026-08-12 18:06:16,114.49,,demo
2026-08-12 18:06:43,4.67,,demo
2026-08-12 18:07:42,72.64,,demo
2026-08-12 18:08:09,4.83,,demo
2026-08-12 18:08:18,1.07,,demo
2026-08-12 18:08:31,1.53,,demo
2026-08-12 18:08:41,1.00,,demo
2026-08-12 18:09:10,6.82,,demo
2026-08-12 18:09:35,3.97,,demo
2026-08-12 18:09:53,2.45,,demo
2026-08-12 18:10:04,1.19,,demo
2026-08-12 18:10:25,2.98,,demo
2026-08-12 18:10:52,3.44,,demo
2026-08-12 18:11:04,1.42,,demo
2026-08-12 18:11:21,2.20,,demo
2026-08-12 18:11:30,1.04,,demo
2026-08-12 18:11:44,1.69,,demo
2026-08-12 18:12:01,2.02,,demo
2026-08-12 18:12:11,1.18,,demo
2026-08-12 18:12:27,2.07,,demo
2026-08-12 18:12:56,5.37,,demo
2026-08-12 18:13:11,1.76,,demo
2026-08-12 18:14:05,46.62,,demo
2026-08-12 18:14:33,5.57,,demo
2026-08-12 18:15:06,7.57,,demo
2026-08-12 18:15:28,3.36,,demo
2026-08-12 18:15:52,3.81,,demo
2026-08-12 18:16:04,1.38,,demo
2026-08-12 18:16:23,2.52,,demo
2026-08-12 18:16:31,1.00,,demo
2026-08-12 18:16:44,1.53,,demo
2026-08-12 18:16:58,1.64,,demo
2026-08-12 18:17:12,1.66,,demo
2026-08-12 18:18:39,659.64,,demo
2026-08-12 18:19:10,7.43,,demo
2026-08-12 18:19:28,2.15,,demo
2026-08-12 18:19:38,1.19,,demo
2026-08-12 18:20:24,22.88,,demo
2026-08-12 18:20:37,1.55,,demo
2026-08-12 18:20:47,1.06,,demo
2026-08-12 18:21:03,2.08,,demo
2026-08-12 18:21:22,2.44,,demo
2026-08-12 18:21:30,1.04,,demo
2026-08-12 18:21:41,1.31,,demo
2026-08-12 18:21:52,1.34,,demo
2026-08-12 18:22:02,1.13,,demo
2026-08-12 18:22:35,8.04,,demo
2026-08-12 18:22:47,1.35,,demo
2026-08-12 18:23:02,1.85,,demo
2026-08-12 18:23:22,2.65,,demo
2026-08-12 18:23:38,1.95,,demo
2026-08-12 18:23:46,1.03,,demo
2026-08-12 18:24:33,25.60,,demo
2026-08-12 18:24:45,1.38,,demo
2026-08-12 18:25:03,2.27,,demo
2026-08-12 18:25:14,1.23,,demo
2026-08-12 18:25:40,4.69,,demo
2026-08-12 18:26:00,2.78,,demo
2026-08-12 18:26:30,6.23,,demo
2026-08-12 18:26:48,2.18,,demo
2026-08-12 18:27:05,2.08,,demo
2026-08-12 18:27:22,2.26,,demo
2026-08-12 18:27:35,1.39,,demo
2026-08-12 18:27:55,2.78,,demo
2026-08-12 18:28:03,1.00,,demo
2026-08-12 18:28:25,3.31,,demo
2026-08-12 18:29:14,29.18,,demo
2026-08-12 18:29:28,1.72,,demo
2026-08-12 18:29:38,1.20,,demo
2026-08-12 18:29:47,1.00,,demo
2026-08-12 18:30:02,1.90,,demo
2026-08-12 18:30:13,1.02,,demo
2026-08-12 18:30:28,2.18,,demo
2026-08-12 18:30:54,4.63,,demo
2026-08-12 18:31:04,1.13,,demo
2026-08-12 18:31:18,1.63,,demo
2026-08-12 18:31:27,1.04,,demo
2026-08-12 18:31:42,1.88,,demo
2026-08-12 18:32:22,14.35,,demo
2026-08-12 18:32:33,1.26,,demo
2026-08-12 18:32:43,1.17,,demo
2026-08-12 18:33:04,3.15,,demo
2026-08-12 18:33:45,15.28,,demo
2026-08-12 18:33:57,1.29,,demo
2026-08-12 18:34:24,5.05,,demo
2026-08-12 18:34:44,2.81,,demo
2026-08-12 18:35:15,6.40,,demo
2026-08-12 18:35:28,1.59,,demo
2026-08-12 18:35:54,4.39,,demo
2026-08-12 18:36:03,1.08,,demo
2026-08-12 18:36:28,4.16,,demo
2026-08-12 18:36:55,4.88,,demo
2026-08-12 18:37:07,1.33,,demo
2026-08-12 18:37:25,2.47,,demo
2026-08-12 18:37:44,2.33,,demo
2026-08-12 18:38:09,4.08,,demo
2026-08-12 18:38:42,8.31,,demo
2026-08-12 18:38:57,1.75,,demo
2026-08-12 18:39:19,3.25,,demo
2026-08-12 18:39:29,1.15,,demo
2026-08-12 18:39:41,1.33,,demo
2026-08-12 18:40:04,3.86,,demo
2026-08-12 18:40:14,1.01,,demo
2026-08-12 18:40:21,1.03,,demo
2026-08-12 18:40:34,1.00,,demo
2026-08-12 18:40:50,3.04,,demo
2026-08-12 18:41:17,4.67,,demo
2026-08-12 18:41:39,3.31,,demo
2026-08-12 18:41:50,1.27,,demo
2026-08-12 18:42:16,4.28,,demo
2026-08-12 18:42:44,5.18,,demo
2026-08-12 18:43:13,6.17,,demo
2026-08-12 18:43:24,1.01,,demo
2026-08-12 18:43:58,10.52,,demo
2026-08-12 18:44:16,2.41,,demo
2026-08-12 18:44:33,2.02,,demo
2026-08-12 18:44:45,1.05,,demo
2026-08-12 18:44:57,1.78,,demo
2026-08-12 18:45:08,1.32,,demo
2026-08-12 18:45:19,1.29,,demo
2026-08-12 18:45:30,1.29,,demo
2026-08-12 18:45:49,2.60,,demo
2026-08-12 18:46:07,2.19,,demo
2026-08-12 18:46:17,1.21,,demo
2026-08-12 18:46:25,1.00,,demo
2026-08-12 18:46:54,5.53,,demo
2026-08-12 18:47:13,2.52,,demo
2026-08-12 18:47:23,1.17,,demo
2026-08-12 18:48:24,69.09,,demo
2026-08-12 18:48:44,3.29,,demo
2026-08-12 18:48:56,1.42,,demo
2026-08-12 18:49:14,2.19,,demo
2026-08-12 18:49:37,3.39,,demo
2026-08-12 18:50:29,42.19,,demo
2026-08-12 18:50:43,1.54,,demo
2026-08-12 18:51:34,28.04,,demo
2026-08-12 18:51:43,1.45,,demo
2026-08-12 18:52:06,3.53,,demo
2026-08-12 18:52:27,2.89,,demo
2026-08-12 18:52:39,1.36,,demo
2026-08-12 18:52:54,1.75,,demo
2026-08-12 18:53:05,1.36,,demo
2026-08-12 18:53:22,2.05,,demo
2026-08-12 18:53:37,1.41,,demo
2026-08-12 18:53:46,1.37,,demo
2026-08-12 18:53:59,1.19,,demo
2026-08-12 18:54:08,1.39,,demo
2026-08-12 18:54:25,2.13,,demo
2026-08-12 18:55:31,126.02,,demo
2026-08-12 18:55:45,1.56,,demo
2026-08-12 18:56:19,9.10,,demo
2026-08-12 18:56:36,2.08,,demo
2026-08-12 18:56:52,1.94,,demo
2026-08-12 18:57:09,2.19,,demo
2026-08-12 18:57:29,2.62,,demo
2026-08-12 18:57:52,3.64,,demo
2026-08-12 18:58:07,1.65,,demo
2026-08-12 18:58:48,16.94,,demo
2026-08-12 18:59:03,1.73,,demo
2026-08-12 18:59:21,2.32,,demo
2026-08-12 18:59:41,2.57,,demo
2026-08-12 18:59:58,2.14,,demo
2026-08-12 19:00:12,1.70,,demo
2026-08-12 19:00:28,1.98,,demo
2026-08-12 19:00:42,1.62,,demo
2026-08-12 19:00:58,1.95,,demo
2026-08-12 19:01:07,1.00,,demo
2026-08-12 19:01:18,1.39,,demo
2026-08-12 19:01:36,2.29,,demo
2026-08-12 19:02:05,5.54,,demo
2026-08-12 19:02:21,1.95,,demo
2026-08-12 19:02:35,1.61,,demo
2026-08-12 19:02:59,3.86,,demo
2026-08-12 19:03:16,2.18,,demo
2026-08-12 19:04:06,33.74,,demo
2026-08-12 19:04:34,5.22,,demo
2026-08-12 19:04:44,1.02,,demo
2026-08-12 19:04:54,1.34,,demo
2026-08-12 19:05:10,1.88,,demo
2026-08-12 19:05:25,1.74,,demo
2026-08-12 19:05:33,1.00,,demo
2026-08-12 19:05:48,1.93,,demo
2026-08-12 19:06:03,1.70,,demo
2026-08-12 19:06:15,1.35,,demo
2026-08-12 19:07:07,40.57,,demo
2026-08-12 19:08:21,246.22,,demo
2026-08-12 19:08:35,1.62,,demo
2026-08-12 19:08:53,2.24,,demo
2026-08-12 19:09:05,1.41,,demo
2026-08-12 19:09:28,3.43,,demo
2026-08-12 19:09:54,4.70,,demo
2026-08-12 19:10:05,1.21,,demo
2026-08-12 19:10:17,1.43,,demo
2026-08-12 19:10:26,1.13,,demo
2026-08-12 19:11:14,26.93,,demo
2026-08-12 19:11:27,1.47,,demo
2026-08-12 19:11:36,1.12,,demo
2026-08-12 19:11:45,1.11,,demo
2026-08-12 19:12:06,2.80,,demo
2026-08-12 19:12:33,5.09,,demo
2026-08-12 19:12:58,4.08,,demo
2026-08-12 19:13:06,1.00,,demo
2026-08-12 19:13:32,4.56,,demo
2026-08-12 19:13:56,3.63,,demo
2026-08-12 19:14:12,1.96,,demo
2026-08-12 19:14:26,1.67,,demo
2026-08-12 19:15:03,10.67,,demo
2026-08-12 19:15:15,1.37,,demo
2026-08-12 19:15:33,2.36,,demo
2026-08-12 19:15:48,1.77,,demo
2026-08-12 19:16:08,2.71,,demo
2026-08-12 19:16:18,1.22,,demo
2026-08-12 19:16:35,2.14,,demo
2026-08-12 19:17:02,4.66,,demo
2026-08-12 19:17:11,1.13,,demo
2026-08-12 19:17:20,1.03,,demo
2026-08-12 19:18:39,369.62,,demo
2026-08-12 19:18:53,1.71,,demo
2026-08-12 19:19:08,1.76,,demo
2026-08-12 19:19:22,1.66,,demo
2026-08-12 19:19:31,1.04,,demo
2026-08-12 19:19:42,1.25,,demo
2026-08-12 19:19:50,1.01,,demo
2026-08-12 19:20:04,1.77,,demo
2026-08-12 19:20:29,4.00,,demo
2026-08-12 19:20:45,1.90,,demo
2026-08-12 19:21:02,2.11,,demo
2026-08-12 19:21:44,17.47,,demo
2026-08-12 19:21:54,1.15,,demo
2026-08-12 19:22:03,1.06,,demo
2026-08-12 19:22:44,15.14,,demo
2026-08-12 19:23:03,2.61,,demo
2026-08-12 19:23:14,1.26,,demo
2026-08-12 19:24:12,63.39,,demo
2026-08-12 19:25:48,1593.20,,demo
2026-08-12 19:25:57,1.04,,demo
2026-08-12 19:26:16,2.62,,demo
2026-08-12 19:26:46,5.84,,demo
2026-08-12 19:26:54,1.00,,demo
2026-08-12 19:27:03,1.08,,demo
2026-08-12 19:27:11,1.07,,demo
2026-08-12 19:27:23,1.37,,demo
2026-08-12 19:27:40,2.01,,demo
2026-08-12 19:28:01,3.05,,demo
2026-08-12 19:28:13,1.43,,demo
2026-08-12 19:28:25,1.15,,demo
2026-08-12 19:28:32,1.08,,demo
2026-08-12 19:28:47,1.64,,demo
2026-08-12 19:28:59,1.45,,demo
2026-08-12 19:29:10,1.02,,demo
2026-08-12 19:29:26,2.53,,demo
2026-08-12 19:29:53,4.79,,demo
2026-08-12 19:30:19,4.75,,demo
2026-08-12 19:30:28,1.02,,demo
2026-08-12 19:30:38,1.21,,demo
2026-08-12 19:31:02,3.58,,demo
2026-08-12 19:31:11,1.06,,demo
2026-08-12 19:31:19,1.08,,demo
2026-08-12 19:31:31,1.09,,demo
2026-08-12 19:31:45,2.11,,demo
2026-08-12 19:32:18,7.97,,demo
2026-08-12 19:33:10,39.25,,demo
2026-08-12 19:33:45,6.41,,demo
2026-08-12 19:33:55,1.66,,demo
2026-08-12 19:34:20,4.01,,demo
2026-08-12 19:34:34,1.72,,demo
2026-08-12 19:34:49,1.83,,demo
2026-08-12 19:34:59,1.16,,demo
2026-08-12 19:35:07,1.03,,demo
2026-08-12 19:35:35,4.98,,demo
2026-08-12 19:36:07,7.41,,demo
2026-08-12 19:36:17,1.12,,demo
2026-08-12 19:36:24,1.01,,demo
2026-08-12 19:36:36,1.31,,demo
2026-08-12 19:37:08,8.54,,demo
2026-08-12 19:37:23,1.83,,demo
2026-08-12 19:37:40,2.04,,demo
2026-08-12 19:37:54,1.81,,demo
2026-08-12 19:38:26,6.02,,demo
2026-08-12 19:38:40,1.87,,demo
2026-08-12 19:39:02,3.24,,demo
2026-08-12 19:39:37,9.69,,demo
2026-08-12 19:39:54,2.05,,demo
2026-08-12 19:40:05,1.23,,demo
2026-08-12 19:40:16,1.38,,demo
2026-08-12 19:40:38,2.61,,demo
2026-08-12 19:40:46,1.26,,demo
2026-08-12 19:41:04,2.14,,demo
2026-08-12 19:41:24,2.64,,demo
2026-08-12 19:41:32,1.08,,demo
2026-08-12 19:41:54,3.24,,demo
2026-08-12 19:42:09,1.68,,demo
2026-08-12 19:42:26,2.10,,demo
2026-08-12 19:42:59,7.94,,demo
2026-08-12 19:43:13,1.65,,demo
2026-08-12 19:44:04,36.24,,demo
2026-08-12 19:44:20,1.93,,demo
2026-08-12 19:44:54,9.10,,demo
2026-08-12 19:45:04,1.16,,demo
2026-08-12 19:45:21,2.13,,demo
2026-08-12 19:45:31,1.17,,demo
2026-08-12 19:46:34,96.89,,demo
2026-08-12 19:47:18,19.79,,demo
2026-08-12 19:47:34,2.00,,demo
2026-08-12 19:47:46,1.39,,demo
2026-08-12 19:47:59,1.52,,demo
2026-08-12 19:48:09,1.10,,demo
2026-08-12 19:48:27,2.36,,demo
2026-08-12 19:48:52,3.57,,demo
2026-08-12 19:49:14,3.73,,demo
2026-08-12 19:49:38,3.69,,demo
2026-08-12 19:50:00,3.45,,demo
2026-08-12 19:50:17,1.98,,demo
2026-08-12 19:50:33,1.92,,demo
2026-08-12 19:50:44,1.32,,demo
2026-08-12 19:51:22,11.87,,demo
2026-08-12 19:51:40,2.40,,demo
2026-08-12 19:51:58,2.26,,demo
2026-08-12 19:52:31,7.85,,demo
2026-08-12 19:52:54,3.64,,demo
2026-08-12 19:53:11,2.09,,demo
2026-08-12 19:53:21,1.14,,demo
2026-08-12 19:53:31,1.14,,demo
2026-08-12 19:53:41,1.26,,demo
2026-08-12 19:54:24,18.73,,demo
2026-08-12 19:55:10,23.61,,demo
2026-08-12 19:55:22,1.37,,demo
2026-08-12 19:55:33,1.26,,demo
2026-08-12 19:55:59,4.32,,demo
2026-08-12 19:56:16,2.21,,demo
2026-08-12 19:56:25,1.00,,demo
2026-08-12 19:56:44,2.68,,demo
2026-08-12 19:57:07,3.44,,demo
2026-08-12 19:57:23,1.99,,demo
2026-08-12 19:57:51,4.97,,demo
2026-08-12 19:58:01,1.26,,demo
2026-08-12 19:58:18,1.97,,demo
2026-08-12 19:58:28,1.19,,demo
2026-08-12 19:58:44,2.00,,demo
2026-08-12 19:58:52,1.04,,demo
2026-08-12 19:59:01,1.00,,demo
2026-08-12 19:59:27,4.51,,demo
2026-08-12 19:59:39,1.44,,demo
2026-08-12 20:00:00,2.90,,demo
2026-08-12 20:00:12,1.37,,demo
2026-08-12 20:00:25,1.58,,demo
2026-08-12 20:00:38,1.47,,demo
2026-08-12 20:01:09,6.62,,demo
2026-08-12 20:01:18,1.11,,demo
2026-08-12 20:01:54,10.60,,demo
2026-08-12 20:02:05,1.22,,demo
2026-08-12 20:02:16,1.33,,demo
2026-08-12 20:02:31,1.71,,demo
2026-08-12 20:02:52,1.89,,demo
2026-08-12 20:02:57,1.27,,demo
2026-08-12 20:03:12,1.74,,demo
2026-08-12 20:03:22,1.15,,demo
2026-08-12 20:03:38,2.04,,demo
2026-08-12 20:04:21,14.75,,demo
2026-08-12 20:04:31,1.43,,demo
2026-08-12 20:04:44,1.48,,demo
2026-08-12 20:05:03,2.54,,demo
2026-08-12 20:05:12,1.09,,demo
2026-08-12 20:05:49,11.39,,demo
2026-08-12 20:06:09,2.74,,demo
2026-08-12 20:06:33,3.89,,demo
2026-08-12 20:07:08,8.54,,demo
2026-08-12 20:07:26,2.36,,demo
2026-08-12 20:07:41,1.80,,demo
2026-08-12 20:07:55,1.65,,demo
2026-08-12 20:08:20,3.67,,demo
2026-08-12 20:08:36,1.52,,demo
2026-08-12 20:08:59,4.27,,demo
2026-08-12 20:09:07,1.04,,demo
2026-08-12 20:09:23,1.80,,demo
2026-08-12 20:09:45,3.44,,demo
2026-08-12 20:10:04,2.35,,demo
2026-08-12 20:10:28,3.80,,demo
2026-08-12 20:10:50,2.62,,demo
2026-08-12 20:11:19,7.23,,demo
2026-08-12 20:11:33,1.41,,demo
2026-08-12 20:11:43,1.39,,demo
2026-08-12 20:12:19,6.77,,demo
2026-08-12 20:12:24,1.13,,demo
2026-08-12 20:12:49,3.97,,demo
2026-08-12 20:13:15,4.53,,demo
2026-08-12 20:13:27,1.41,,demo
2026-08-12 20:14:29,69.90,,demo
2026-08-12 20:14:52,3.44,,demo
2026-08-12 20:15:00,1.31,,demo
2026-08-12 20:15:31,6.65,,demo
2026-08-12 20:15:42,1.29,,demo
2026-08-12 20:15:57,1.78,,demo
2026-08-12 20:16:20,3.48,,demo
2026-08-12 20:16:36,1.37,,demo
2026-08-12 20:16:40,1.07,,demo
2026-08-12 20:17:03,2.14,,demo
2026-08-12 20:17:07,1.16,,demo
2026-08-12 20:17:28,2.98,,demo
2026-08-12 20:17:39,1.12,,demo
2026-08-12 20:17:55,2.18,,demo
2026-08-12 20:18:08,1.44,,demo
2026-08-12 20:18:16,1.00,,demo
2026-08-12 20:18:52,10.62,,demo
2026-08-12 20:19:31,12.02,,demo
2026-08-12 20:19:48,2.22,,demo
2026-08-12 20:20:20,7.67,,demo
2026-08-12 20:20:38,2.25,,demo
2026-08-12 20:20:53,1.31,,demo
2026-08-12 20:21:01,1.11,,demo
2026-08-12 20:21:09,1.23,,demo
2026-08-12 20:21:30,2.90,,demo
2026-08-12 20:21:53,3.45,,demo
2026-08-12 20:22:18,4.08,,demo
2026-08-12 20:22:26,1.03,,demo
2026-08-12 20:23:11,18.97,,demo
2026-08-12 20:23:33,3.65,,demo
2026-08-12 20:24:06,8.06,,demo
2026-08-12 20:24:23,2.17,,demo
2026-08-12 20:24:48,3.86,,demo
2026-08-12 20:25:10,3.16,,demo
2026-08-12 20:25:29,1.88,,demo
2026-08-12 20:25:33,1.00,,demo
2026-08-12 20:25:46,1.55,,demo
2026-08-12 20:25:55,1.03,,demo
2026-08-12 20:26:14,2.20,,demo
2026-08-12 20:26:28,1.97,,demo
2026-08-12 20:26:47,2.39,,demo
2026-08-12 20:27:02,1.57,,demo
2026-08-12 20:27:11,1.20,,demo
2026-08-12 20:27:53,17.87,,demo
2026-08-12 20:28:17,3.56,,demo
2026-08-12 20:28:29,1.38,,demo
2026-08-12 20:28:37,1.00,,demo
2026-08-12 20:28:49,1.43,,demo
2026-08-12 20:29:07,1.82,,demo
2026-08-12 20:29:15,1.24,,demo
2026-08-12 20:29:37,3.22,,demo
2026-08-12 20:29:51,1.69,,demo
2026-08-12 20:30:39,24.41,,demo
2026-08-12 20:30:46,1.00,,demo
2026-08-12 20:30:57,1.23,,demo
2026-08-12 20:31:04,1.00,,demo
2026-08-12 20:31:25,2.34,,demo
2026-08-12 20:32:24,75.77,,demo
2026-08-12 20:32:32,1.15,,demo
2026-08-12 20:33:00,4.43,,demo
2026-08-12 20:33:16,2.28,,demo
2026-08-12 20:33:33,2.15,,demo
2026-08-12 20:33:58,4.16,,demo
2026-08-12 20:34:21,3.44,,demo
2026-08-12 20:34:38,1.43,,demo
2026-08-12 20:35:18,15.21,,demo
2026-08-12 20:35:40,2.79,,demo
2026-08-12 20:35:45,1.21,,demo
2026-08-12 20:35:58,1.26,,demo
2026-08-12 20:36:10,1.73,,demo
2026-08-12 20:36:41,6.59,,demo
2026-08-12 20:37:20,13.78,,demo
2026-08-12 20:37:46,4.32,,demo
2026-08-12 20:38:05,2.31,,demo
2026-08-12 20:38:53,29.68,,demo
2026-08-12 20:39:23,6.31,,demo
2026-08-12 20:39:42,2.18,,demo
2026-08-12 20:39:50,1.13,,demo
2026-08-12 20:40:00,1.07,,demo
2026-08-12 20:40:47,29.49,,demo
2026-08-12 20:41:05,1.87,,demo
2026-08-12 20:41:29,4.37,,demo
2026-08-12 20:41:38,1.10,,demo
2026-08-12 20:42:23,16.14,,demo
2026-08-12 20:42:31,1.36,,demo
2026-08-12 20:42:52,3.01,,demo
2026-08-12 20:43:26,5.29,,demo
2026-08-12 20:43:29,1.10,,demo
2026-08-12 20:43:50,2.33,,demo
2026-08-12 20:44:00,1.44,,demo
2026-08-12 20:44:18,2.24,,demo
2026-08-12 20:44:38,2.80,,demo
2026-08-12 20:44:49,1.20,,demo
2026-08-12 20:45:36,17.62,,demo
2026-08-12 20:45:39,1.00,,demo
2026-08-12 20:45:52,1.34,,demo
2026-08-12 20:46:04,1.55,,demo
2026-08-12 20:46:19,1.84,,demo
2026-08-12 20:46:53,8.56,,demo
2026-08-12 20:47:11,2.22,,demo
2026-08-12 20:47:20,1.11,,demo
2026-08-12 20:47:35,1.81,,demo
2026-08-12 20:47:57,3.15,,demo
2026-08-12 20:48:16,2.06,,demo
2026-08-12 20:48:27,1.68,,demo
2026-08-12 20:48:39,1.26,,demo
2026-08-12 20:48:48,1.11,,demo
2026-08-12 20:49:03,1.15,,demo
2026-08-12 20:49:12,1.67,,demo
2026-08-12 20:49:28,1.48,,demo
2026-08-12 20:50:05,11.09,,demo
2026-08-12 20:50:31,5.96,,demo
2026-08-12 20:51:03,7.54,,demo
2026-08-12 20:51:14,1.04,,demo
2026-08-12 20:51:55,11.66,,demo
2026-08-12 20:51:59,1.22,,demo
2026-08-12 20:52:39,13.41,,demo
2026-08-12 20:53:06,4.99,,demo
2026-08-12 20:53:34,3.85,,demo
2026-08-12 20:53:55,3.22,,demo
2026-08-12 20:54:30,11.57,,demo
2026-08-12 20:54:44,1.71,,demo
2026-08-12 20:55:15,6.53,,demo
2026-08-12 20:55:27,1.05,,demo
2026-08-12 20:55:46,2.19,,demo
2026-08-12 20:55:59,2.40,,demo
2026-08-12 20:56:13,1.56,,demo
2026-08-12 20:56:42,5.92,,demo
2026-08-12 20:56:54,1.04,,demo
2026-08-12 20:57:36,14.34,,demo
2026-08-12 20:57:41,1.24,,demo
2026-08-12 20:58:04,3.44,,demo
2026-08-12 20:58:21,1.52,,demo
2026-08-12 20:58:38,2.87,,demo
2026-08-12 20:59:07,5.44,,demo
2026-08-12 20:59:14,1.01,,demo
2026-08-12 20:59:25,1.20,,demo
2026-08-12 20:59:33,1.07,,demo
2026-08-12 20:59:47,1.37,,demo
2026-08-12 20:59:53,1.00,,demo
2026-08-12 21:00:29,10.22,,demo
2026-08-12 21:01:19,32.93,,demo
2026-08-12 21:01:37,2.26,,demo
2026-08-12 21:01:49,1.40,,demo
2026-08-12 21:02:03,1.63,,demo
2026-08-12 21:02:28,3.23,,demo
2026-08-12 21:02:39,1.67,,demo
2026-08-12 21:03:00,2.81,,demo
2026-08-12 21:03:11,1.31,,demo
2026-08-12 21:03:19,1.01,,demo
2026-08-12 21:03:39,2.30,,demo
2026-08-12 21:04:22,22.63,,demo
2026-08-12 21:04:35,1.42,,demo
2026-08-12 21:04:46,1.33,,demo
2026-08-12 21:05:00,1.61,,demo
2026-08-12 21:05:38,11.87,,demo
2026-08-12 21:05:57,2.64,,demo
2026-08-12 21:06:06,1.00,,demo
2026-08-12 21:06:15,1.04,,demo
2026-08-12 21:07:00,23.23,,demo
2026-08-12 21:07:42,17.80,,demo
2026-08-12 21:08:08,4.24,,demo
2026-08-12 21:08:30,1.97,,demo
2026-08-12 21:08:32,1.05,,demo
2026-08-12 21:08:42,1.09,,demo
2026-08-12 21:08:55,1.54,,demo
2026-08-12 21:09:13,1.66,,demo
2026-08-12 21:09:24,1.77,,demo
2026-08-12 21:09:41,1.63,,demo
2026-08-12 21:09:53,1.78,,demo
2026-08-12 21:10:06,1.62,,demo
2026-08-12 21:10:16,1.08,,demo
2026-08-12 21:10:25,1.17,,demo
2026-08-12 21:10:41,1.50,,demo
2026-08-12 21:10:53,1.75,,demo
2026-08-12 21:11:03,1.15,,demo
2026-08-12 21:11:19,1.93,,demo
2026-08-12 21:11:28,1.11,,demo
2026-08-12 21:11:47,2.56,,demo
2026-08-12 21:12:03,1.36,,demo
2026-08-12 21:12:26,4.49,,demo
2026-08-12 21:12:39,1.57,,demo
2026-08-12 21:12:54,1.82,,demo
2026-08-12 21:13:29,7.88,,demo
2026-08-12 21:14:23,57.92,,demo
2026-08-12 21:14:34,1.31,,demo
2026-08-12 21:14:46,1.38,,demo
2026-08-12 21:15:16,4.30,,demo
2026-08-12 21:15:38,4.18,,demo
2026-08-12 21:15:45,1.00,,demo
2026-08-12 21:16:12,4.21,,demo
2026-08-12 21:16:21,1.22,,demo
2026-08-12 21:16:32,1.00,,demo
2026-08-12 21:16:39,1.17,,demo
2026-08-12 21:17:22,18.38,,demo
2026-08-12 21:17:46,2.80,,demo
2026-08-12 21:17:57,1.75,,demo
2026-08-12 21:18:09,1.35,,demo
2026-08-12 21:18:20,1.30,,demo
2026-08-12 21:18:52,4.84,,demo
2026-08-12 21:19:16,2.82,,demo
2026-08-12 21:19:19,1.32,,demo
2026-08-12 21:19:29,1.23,,demo
2026-08-12 21:19:52,3.30,,demo
2026-08-12 21:20:04,1.33,,demo
2026-08-12 21:20:12,1.13,,demo
2026-08-12 21:20:28,1.83,,demo
2026-08-12 21:20:51,3.10,,demo
2026-08-12 21:21:34,20.97,,demo
2026-08-12 21:21:42,1.01,,demo
2026-08-12 21:21:57,1.77,,demo
2026-08-12 21:22:11,1.63,,demo
2026-08-12 21:22:40,6.06,,demo
2026-08-12 21:23:00,2.53,,demo
2026-08-12 21:23:23,2.12,,demo
2026-08-12 21:23:27,1.22,,demo
2026-08-12 21:23:37,1.18,,demo
2026-08-12 21:23:49,1.09,,demo
2026-08-12 21:24:15,5.47,,demo
2026-08-12 21:24:37,2.89,,demo
2026-08-12 21:24:46,1.19,,demo
2026-08-12 21:25:21,9.62,,demo
2026-08-12 21:25:42,2.37,,demo
2026-08-12 21:26:07,4.21,,demo
2026-08-12 21:26:16,1.32,,demo
2026-08-12 21:26:46,6.32,,demo
2026-08-12 21:27:00,1.65,,demo
2026-08-12 21:27:12,1.35,,demo
2026-08-12 21:27:36,3.78,,demo
2026-08-12 21:27:44,1.05,,demo
2026-08-12 21:27:55,1.18,,demo
2026-08-12 21:28:12,2.19,,demo
2026-08-12 21:28:22,1.09,,demo
2026-08-12 21:28:33,1.40,,demo
2026-08-12 21:28:45,1.11,,demo
2026-08-12 21:29:40,63.66,,demo
2026-08-12 21:29:55,1.80,,demo
2026-08-12 21:30:12,2.13,,demo
2026-08-12 21:30:21,1.10,,demo
2026-08-12 21:30:53,6.34,,demo
2026-08-12 21:31:00,1.00,,demo
2026-08-12 21:31:19,2.66,,demo
2026-08-12 21:31:42,3.42,,demo
2026-08-12 21:32:08,4.37,,demo
2026-08-12 21:32:28,2.08,,demo
2026-08-12 21:32:37,1.38,,demo
2026-08-12 21:33:08,7.19,,demo
2026-08-12 21:33:21,1.51,,demo
2026-08-12 21:33:38,2.08,,demo
2026-08-12 21:34:15,9.33,,demo
2026-08-12 21:34:33,1.66,,demo
2026-08-12 21:34:41,1.22,,demo
2026-08-12 21:34:54,2.05,,demo
2026-08-12 21:35:16,3.05,,demo
2026-08-12 21:35:28,1.37,,demo
2026-08-12 21:35:44,1.98,,demo
2026-08-12 21:35:55,1.21,,demo
2026-08-12 21:36:18,3.71,,demo
2026-08-12 21:36:55,11.66,,demo
2026-08-12 21:37:42,19.67,,demo
2026-08-12 21:38:05,4.21,,demo
2026-08-12 21:38:29,4.00,,demo
2026-08-12 21:39:01,6.99,,demo
2026-08-12 21:39:13,1.52,,demo
2026-08-12 21:39:22,1.00,,demo
2026-08-12 21:39:32,1.08,,demo
2026-08-12 21:39:40,1.18,,demo
2026-08-12 21:40:03,3.37,,demo
2026-08-12 21:40:50,25.65,,demo
2026-08-12 21:40:59,1.07,,demo
2026-08-12 21:41:48,29.22,,demo
2026-08-12 21:42:12,3.84,,demo
2026-08-12 21:42:20,1.06,,demo
2026-08-12 21:42:34,1.56,,demo
2026-08-12 21:43:02,5.57,,demo
2026-08-12 21:43:13,1.22,,demo
2026-08-12 21:43:26,1.54,,demo
2026-08-12 21:43:49,3.41,,demo
2026-08-12 21:44:13,2.51,,demo
2026-08-12 21:44:20,1.37,,demo
2026-08-12 21:44:51,6.90,,demo
2026-08-12 21:45:02,1.04,,demo
2026-08-12 21:45:26,4.47,,demo
2026-08-12 21:45:51,3.35,,demo
2026-08-12 21:46:05,2.11,,demo
2026-08-12 21:46:33,3.62,,demo
2026-08-12 21:46:36,1.00,,demo
2026-08-12 21:47:21,20.34,,demo
2026-08-12 21:47:52,2.60,,demo
2026-08-12 21:48:16,10.20,,demo
2026-08-12 21:48:25,1.13,,demo
2026-08-12 21:49:00,8.88,,demo
2026-08-12 21:49:17,1.48,,demo
2026-08-12 21:50:00,21.27,,demo
2026-08-12 21:50:05,1.00,,demo
2026-08-12 21:50:32,4.87,,demo
2026-08-12 21:50:41,1.10,,demo
2026-08-12 21:50:54,1.00,,demo
2026-08-12 21:50:59,1.10,,demo
2026-08-12 21:51:17,2.19,,demo
2026-08-12 21:51:44,5.13,,demo
2026-08-12 21:52:11,3.03,,demo
2026-08-12 21:52:41,9.49,,demo
2026-08-12 21:52:49,1.03,,demo
2026-08-12 21:53:04,1.37,,demo
2026-08-12 21:53:13,1.44,,demo
2026-08-12 21:53:28,1.73,,demo
2026-08-12 21:53:51,3.55,,demo
2026-08-12 21:54:24,8.01,,demo
2026-08-12 21:54:41,1.49,,demo
2026-08-12 21:54:47,1.18,,demo
2026-08-12 21:54:55,1.01,,demo
2026-08-12 21:55:05,1.17,,demo
2026-08-12 21:55:16,1.26,,demo
2026-08-12 21:55:35,2.50,,demo
2026-08-12 21:55:46,1.29,,demo
2026-08-12 21:55:57,1.29,,demo
2026-08-12 21:56:12,1.84,,demo
2026-08-12 21:56:27,1.74,,demo
2026-08-12 21:56:43,1.92,,demo
2026-08-12 21:57:23,13.89,,demo
2026-08-12 21:57:49,3.89,,demo
2026-08-12 21:58:15,4.51,,demo
2026-08-12 21:58:39,4.18,,demo
2026-08-12 21:58:57,2.48,,demo
2026-08-12 21:59:05,1.00,,demo
2026-08-12 21:59:14,1.00,,demo
2026-08-12 21:59:31,2.25,,demo
2026-08-12 21:59:47,1.95,,demo
2026-08-12 22:00:00,1.45,,demo
2026-08-12 22:00:13,1.02,,demo
2026-08-12 22:00:17,1.10,,demo
2026-08-12 22:00:47,6.37,,demo
2026-08-12 22:01:10,1.93,,demo
2026-08-12 22:01:23,2.73,,demo
2026-08-12 22:01:39,1.58,,demo
2026-08-12 22:01:47,1.06,,demo
2026-08-12 22:02:06,2.87,,demo
2026-08-12 22:02:18,1.34,,demo
2026-08-12 22:02:29,1.29,,demo
2026-08-12 22:02:42,1.48,,demo
2026-08-12 22:03:18,10.70,,demo
2026-08-12 22:03:33,1.78,,demo
2026-08-12 22:04:11,12.26,,demo
2026-08-12 22:04:30,2.44,,demo
2026-08-12 22:04:39,1.07,,demo
2026-08-12 22:04:50,1.37,,demo
2026-08-12 22:05:12,3.04,,demo
2026-08-12 22:05:26,1.63,,demo
2026-08-12 22:06:12,24.31,,demo
2026-08-12 22:06:23,1.30,,demo
2026-08-12 22:07:00,10.87,,demo
2026-08-12 22:07:16,1.55,,demo
2026-08-12 22:07:25,1.32,,demo
2026-08-12 22:07:47,2.35,,demo
2026-08-12 22:08:13,6.45,,demo
2026-08-12 22:08:39,3.51,,demo
2026-08-12 22:08:53,2.05,,demo
2026-08-12 22:09:12,2.40,,demo
2026-08-12 22:09:22,1.20,,demo
2026-08-12 22:09:55,7.80,,demo
2026-08-12 22:10:14,2.46,,demo
2026-08-12 22:10:41,4.72,,demo
2026-08-12 22:10:48,1.00,,demo
2026-08-12 22:10:59,1.25,,demo
2026-08-12 22:11:27,5.40,,demo
2026-08-12 22:11:40,1.45,,demo
2026-08-12 22:12:14,8.55,,demo
2026-08-12 22:12:28,1.71,,demo
2026-08-12 22:12:55,4.70,,demo
2026-08-12 22:13:09,1.82,,demo
2026-08-12 22:13:35,4.11,,demo
2026-08-12 22:13:52,1.90,,demo
2026-08-12 22:14:02,1.33,,demo
2026-08-12 22:14:27,2.06,,demo
2026-08-12 22:14:31,1.48,,demo
2026-08-12 22:14:46,1.73,,demo
2026-08-12 22:14:56,1.12,,demo
2026-08-12 22:15:10,1.72,,demo
2026-08-12 22:15:28,2.22,,demo
2026-08-12 22:15:42,1.80,,demo
2026-08-12 22:16:25,17.83,,demo
2026-08-12 22:17:00,9.20,,demo
2026-08-12 22:17:30,6.38,,demo
2026-08-12 22:18:09,8.98,,demo
2026-08-12 22:18:32,3.73,,demo
2026-08-12 22:18:39,1.21,,demo
2026-08-12 22:18:52,1.48,,demo
2026-08-12 22:19:08,1.72,,demo
2026-08-12 22:19:45,13.18,,demo
2026-08-12 22:19:55,1.21,,demo
2026-08-12 22:20:14,2.54,,demo
2026-08-12 22:20:28,1.64,,demo
2026-08-12 22:20:44,1.50,,demo
2026-08-12 22:20:53,1.37,,demo
2026-08-12 22:21:16,2.45,,demo
2026-08-12 22:21:47,6.63,,demo
2026-08-12 22:21:57,1.75,,demo
2026-08-12 22:22:37,14.49,,demo
2026-08-12 22:22:59,2.23,,demo
2026-08-12 22:23:17,3.10,,demo
2026-08-12 22:23:47,6.65,,demo
2026-08-12 22:24:46,36.17,,demo
2026-08-12 22:24:52,1.50,,demo
2026-08-12 22:25:19,4.04,,demo
2026-08-12 22:25:27,1.31,,demo
2026-08-12 22:25:59,3.27,,demo
2026-08-12 22:26:09,2.71,,demo
2026-08-12 22:26:19,1.17,,demo
2026-08-12 22:26:40,2.73,,demo
2026-08-12 22:27:12,3.70,,demo
2026-08-12 22:27:27,3.71,,demo
2026-08-12 22:27:35,1.00,,demo
2026-08-12 22:27:52,2.15,,demo
2026-08-12 22:28:20,3.94,,demo
2026-08-12 22:28:52,7.98,,demo
2026-08-12 22:29:02,1.43,,demo
2026-08-12 22:29:16,1.67,,demo
2026-08-12 22:29:47,6.43,,demo
2026-08-12 22:30:12,4.16,,demo
2026-08-12 22:30:20,1.04,,demo
2026-08-12 22:31:12,22.54,,demo
2026-08-12 22:31:45,7.44,,demo
2026-08-12 22:31:43,7.44,,demo
2026-08-12 22:32:11,7.55,,demo
2026-08-12 22:32:19,1.08,,demo
2026-08-12 22:32:55,10.09,,demo
2026-08-12 22:33:22,4.67,,demo
2026-08-12 22:34:16,46.86,,demo
2026-08-12 22:34:45,5.91,,demo
2026-08-12 22:35:32,26.39,,demo
2026-08-12 22:35:53,2.08,,demo
2026-08-12 22:36:00,1.29,,demo
2026-08-12 22:36:14,1.51,,demo
2026-08-12 22:36:36,3.46,,demo
2026-08-12 22:36:52,2.02,,demo
2026-08-12 22:37:23,6.46,,demo
2026-08-12 22:38:37,252.46,,demo
2026-08-12 22:38:47,1.17,,demo
2026-08-12 22:39:18,4.68,,demo
2026-08-12 22:39:22,1.05,,demo
2026-08-12 22:39:31,1.00,,demo
2026-08-12 22:40:01,6.03,,demo
2026-08-12 22:40:17,1.67,,demo
2026-08-12 22:41:04,23.26,,demo
2026-08-12 22:41:50,33.09,,demo
2026-08-12 22:42:34,16.45,,demo
2026-08-12 22:42:57,3.98,,demo
2026-08-12 22:43:09,1.37,,demo
2026-08-12 22:43:24,1.91,,demo
2026-08-12 22:43:34,1.10,,demo
2026-08-12 22:43:45,1.38,,demo
2026-08-12 22:43:59,1.49,,demo
2026-08-12 22:44:08,1.10,,demo
2026-08-12 22:44:16,1.04,,demo
2026-08-12 22:44:28,1.14,,demo
2026-08-12 22:44:34,1.00,,demo
2026-08-12 22:44:42,1.00,,demo
2026-08-12 22:44:56,1.73,,demo
2026-08-12 22:45:05,1.11,,demo
2026-08-12 22:46:21,172.11,,demo
2026-08-12 22:47:15,71.97,,demo
2026-08-12 22:47:30,1.70,,demo
2026-08-12 22:47:39,1.18,,demo
2026-08-12 22:48:05,4.60,,demo
2026-08-12 22:48:21,1.78,,demo
2026-08-12 22:48:31,1.23,,demo
2026-08-12 22:48:58,3.15,,demo
2026-08-12 22:49:13,2.63,,demo
2026-08-12 22:49:27,1.74,,demo
2026-08-12 22:49:47,2.45,,demo
2026-08-12 22:50:34,26.79,,demo
2026-08-12 22:50:43,1.11,,demo
2026-08-12 22:51:14,4.43,,demo
2026-08-12 22:51:21,1.40,,demo
2026-08-12 22:51:38,2.23,,demo
2026-08-12 22:51:59,2.09,,demo
2026-08-12 22:52:03,1.01,,demo
2026-08-12 22:52:48,20.75,,demo
2026-08-12 22:53:18,3.80,,demo
2026-08-12 22:53:23,1.27,,demo
2026-08-12 22:53:36,1.30,,demo
2026-08-12 22:53:59,3.00,,demo
2026-08-12 22:54:23,5.22,,demo
2026-08-12 22:55:07,19.14,,demo
2026-08-12 22:55:15,1.05,,demo
2026-08-12 22:55:28,1.27,,demo
2026-08-12 22:55:35,1.05,,demo
2026-08-12 22:55:43,1.04,,demo
2026-08-12 22:56:03,2.67,,demo
2026-08-12 22:56:15,1.06,,demo
2026-08-12 22:56:25,1.55,,demo
2026-08-12 22:56:38,1.23,,demo
2026-08-12 22:57:03,5.04,,demo
2026-08-12 22:57:19,1.86,,demo
2026-08-12 22:57:48,6.17,,demo
2026-08-12 22:58:20,4.29,,demo
2026-08-12 22:58:26,1.44,,demo
2026-08-12 22:58:39,1.09,,demo
2026-08-12 22:59:24,29.42,,demo
2026-08-12 22:59:47,2.22,,demo
2026-08-12 23:00:13,6.99,,demo
2026-08-12 23:00:24,1.29,,demo
2026-08-12 23:00:38,1.62,,demo
2026-08-12 23:00:47,1.06,,demo
2026-08-12 23:01:09,3.15,,demo
2026-08-12 23:01:26,2.11,,demo
2026-08-12 23:02:01,10.24,,demo
2026-08-12 23:02:25,3.61,,demo
2026-08-12 23:02:52,5.11,,demo
2026-08-12 23:03:48,54.13,,demo
2026-08-12 23:04:22,6.84,,demo
2026-08-12 23:05:00,14.65,,demo
2026-08-12 23:05:10,1.19,,demo
2026-08-12 23:05:23,1.48,,demo
2026-08-12 23:05:39,1.98,,demo
2026-08-12 23:05:53,1.71,,demo
2026-08-12 23:06:11,2.28,,demo
2026-08-12 23:06:38,4.49,,demo
2026-08-12 23:07:03,4.30,,demo
2026-08-12 23:07:17,1.49,,demo
2026-08-12 23:07:42,4.05,,demo
2026-08-12 23:08:31,30.24,,demo
2026-08-12 23:08:47,2.11,,demo
2026-08-12 23:08:58,1.28,,demo
2026-08-12 23:09:13,1.00,,demo
2026-08-12 23:09:19,1.54,,demo
2026-08-12 23:09:35,1.86,,demo
2026-08-12 23:09:55,1.66,,demo
2026-08-12 23:10:09,2.82,,demo
2026-08-12 23:10:24,1.07,,demo
2026-08-12 23:10:47,4.28,,demo
2026-08-12 23:10:58,1.74,,demo
2026-08-12 23:11:16,2.31,,demo
2026-08-12 23:11:24,1.00,,demo
2026-08-12 23:11:46,3.02,,demo
2026-08-12 23:12:03,2.32,,demo
2026-08-12 23:12:32,3.02,,demo
2026-08-12 23:12:36,1.25,,demo
2026-08-12 23:12:48,1.46,,demo
2026-08-12 23:13:03,1.35,,demo
2026-08-12 23:13:11,1.30,,demo
2026-08-12 23:13:27,1.95,,demo
2026-08-12 23:13:52,2.48,,demo
2026-08-12 23:14:01,1.86,,demo
2026-08-12 23:14:37,8.96,,demo
2026-08-12 23:14:55,2.57,,demo
2026-08-12 23:15:07,1.09,,demo
2026-08-12 23:15:49,20.85,,demo
2026-08-12 23:16:15,4.82,,demo
2026-08-12 23:16:39,3.58,,demo
2026-08-12 23:17:11,6.81,,demo
2026-08-12 23:17:19,1.00,,demo
2026-08-12 23:17:56,12.57,,demo
2026-08-12 23:19:02,119.80,,demo
2026-08-12 23:19:11,1.07,,demo
2026-08-12 23:19:36,4.13,,demo
2026-08-12 23:20:05,5.07,,demo
2026-08-12 23:20:14,1.23,,demo
2026-08-12 23:20:34,2.85,,demo
2026-08-12 23:20:54,2.59,,demo
2026-08-12 23:21:04,1.18,,demo
2026-08-12 23:21:29,2.73,,demo
2026-08-12 23:21:35,1.25,,demo
2026-08-12 23:21:43,1.03,,demo
2026-08-12 23:21:54,1.30,,demo
2026-08-12 23:22:02,1.00,,demo
2026-08-12 23:22:27,2.53,,demo
2026-08-12 23:22:32,1.28,,demo
2026-08-12 23:23:00,5.19,,demo
2026-08-12 23:23:21,1.68,,demo
2026-08-12 23:23:23,1.03,,demo
2026-08-12 23:23:39,1.95,,demo
2026-08-12 23:24:10,6.68,,demo
2026-08-12 23:24:28,2.29,,demo
2026-08-12 23:24:43,1.84,,demo
2026-08-12 23:25:07,3.71,,demo
2026-08-12 23:25:19,1.39,,demo
2026-08-12 23:25:50,6.50,,demo
2026-08-12 23:26:03,1.63,,demo
2026-08-12 23:26:35,3.74,,demo
2026-08-12 23:26:43,1.78,,demo
2026-08-12 23:27:13,6.77,,demo
2026-08-12 23:27:22,1.13,,demo
2026-08-12 23:28:00,11.40,,demo
2026-08-12 23:28:21,2.86,,demo
2026-08-12 23:28:37,2.10,,demo
2026-08-12 23:28:50,1.54,,demo
2026-08-12 23:29:04,1.62,,demo
2026-08-12 23:29:29,3.90,,demo
2026-08-12 23:29:42,1.00,,demo
2026-08-12 23:29:56,2.59,,demo
2026-08-12 23:30:08,1.29,,demo
2026-08-12 23:30:25,2.15,,demo
2026-08-12 23:30:38,1.12,,demo
2026-08-12 23:30:50,2.02,,demo
2026-08-12 23:31:02,1.05,,demo
2026-08-12 23:31:38,12.54,,demo
2026-08-12 23:31:57,2.57,,demo
2026-08-12 23:32:11,1.62,,demo
2026-08-12 23:32:55,20.18,,demo
2026-08-12 23:33:15,1.50,,demo
2026-08-12 23:33:16,1.00,,demo
2026-08-12 23:33:40,2.56,,demo
2026-08-12 23:33:54,2.56,,demo
2026-08-12 23:34:07,1.04,,demo
2026-08-12 23:34:11,1.01,,demo
2026-08-12 23:34:52,10.60,,demo
2026-08-12 23:35:01,1.63,,demo
2026-08-12 23:35:11,1.18,,demo
2026-08-12 23:35:21,1.02,,demo
2026-08-12 23:35:48,5.28,,demo
2026-08-12 23:36:05,2.21,,demo
2026-08-12 23:36:37,4.54,,demo
2026-08-12 23:37:00,2.89,,demo
2026-08-12 23:37:20,4.43,,demo
2026-08-12 23:37:44,4.08,,demo
2026-08-12 23:38:03,2.68,,demo
2026-08-12 23:38:29,4.70,,demo
2026-08-12 23:38:38,1.01,,demo
2026-08-12 23:38:56,2.46,,demo
2026-08-12 23:39:15,1.54,,demo
2026-08-12 23:39:18,1.05,,demo
2026-08-12 23:39:33,1.73,,demo
2026-08-12 23:39:49,1.44,,demo
2026-08-12 23:40:41,53.35,,demo
2026-08-12 23:41:00,2.50,,demo
2026-08-12 23:41:11,1.32,,demo
2026-08-12 23:41:43,5.60,,demo
2026-08-12 23:41:48,1.00,,demo
2026-08-12 23:42:01,1.49,,demo
2026-08-12 23:42:42,15.41,,demo
2026-08-12 23:43:00,1.36,,demo
2026-08-12 23:43:23,3.14,,demo
2026-08-12 23:43:37,3.23,,demo
2026-08-12 23:44:39,82.95,,demo
2026-08-12 23:45:17,12.74,,demo
2026-08-12 23:45:38,2.90,,demo
2026-08-12 23:45:51,1.61,,demo
2026-08-12 23:46:12,1.91,,demo
2026-08-12 23:46:40,7.75,,demo
2026-08-12 23:47:12,7.82,,demo
2026-08-12 23:47:27,1.48,,demo
2026-08-12 23:47:35,1.15,,demo
2026-08-12 23:47:48,1.08,,demo
2026-08-12 23:48:03,2.41,,demo
2026-08-12 23:48:38,9.31,,demo
2026-08-12 23:48:46,1.00,,demo
2026-08-12 23:49:25,5.11,,demo
2026-08-12 23:49:27,1.54,,demo
2026-08-12 23:49:52,2.76,,demo
2026-08-12 23:50:02,1.80,,demo
2026-08-12 23:50:34,4.07,,demo
2026-08-12 23:50:43,2.04,,demo
2026-08-12 23:50:58,1.78,,demo
2026-08-12 23:51:08,1.18,,demo
2026-08-12 23:52:06,30.91,,demo
2026-08-12 23:52:08,1.30,,demo
2026-08-12 23:52:24,1.70,,demo
2026-08-12 23:52:33,1.00,,demo
2026-08-12 23:53:23,38.99,,demo
2026-08-12 23:53:45,1.66,,demo
2026-08-12 23:54:06,4.36,,demo
2026-08-12 23:54:57,48.75,,demo
2026-08-12 23:55:09,1.37,,demo
2026-08-12 23:55:29,1.80,,demo
2026-08-12 23:55:35,1.21,,demo
2026-08-12 23:56:10,9.65,,demo
2026-08-12 23:56:39,6.07,,demo
2026-08-12 23:56:56,1.12,,demo
2026-08-12 23:57:22,5.57,,demo
2026-08-12 23:57:50,7.41,,demo
2026-08-12 23:58:01,1.27,,demo
2026-08-12 23:58:28,5.13,,demo
2026-08-12 23:58:44,1.36,,demo
2026-08-12 23:58:52,1.34,,demo
2026-08-12 23:59:10,2.42,,demo
2026-08-12 23:59:18,1.03,,demo
2026-08-12 23:59:32,1.49,,demo
2026-08-13 00:00:05,7.77,,demo
2026-08-13 00:00:19,1.72,,demo
2026-08-13 00:00:52,5.71,,demo
2026-08-13 00:00:57,1.12,,demo
2026-08-13 00:01:05,1.00,,demo
2026-08-13 00:01:27,3.03,,demo
2026-08-13 00:02:12,12.84,,demo
2026-08-13 00:02:20,1.82,,demo
2026-08-13 00:02:29,1.01,,demo
2026-08-13 00:02:42,1.53,,demo
2026-08-13 00:02:54,1.40,,demo
2026-08-13 00:03:09,1.00,,demo
2026-08-13 00:03:28,4.20,,demo
2026-08-13 00:03:55,4.92,,demo
2026-08-13 00:04:30,10.30,,demo
2026-08-13 00:04:52,3.19,,demo
2026-08-13 00:05:03,1.29,,demo
2026-08-13 00:05:25,3.01,,demo
2026-08-13 00:05:40,1.28,,demo
2026-08-13 00:05:49,1.49,,demo
2026-08-13 00:05:57,1.05,,demo
2026-08-13 00:06:32,6.44,,demo
2026-08-13 00:06:36,1.02,,demo
2026-08-13 00:07:21,20.23,,demo
2026-08-13 00:08:00,14.07,,demo
2026-08-13 00:08:31,6.82,,demo
2026-08-13 00:08:54,2.02,,demo
2026-08-13 00:08:57,1.16,,demo
2026-08-13 00:09:24,2.64,,demo
2026-08-13 00:09:34,2.15,,demo
2026-08-13 00:09:51,1.27,,demo
2026-08-13 00:10:20,9.99,,demo
2026-08-13 00:10:41,2.43,,demo
2026-08-13 00:10:58,2.50,,demo
2026-08-13 00:11:18,2.66,,demo
2026-08-13 00:11:50,7.45,,demo
2026-08-13 00:12:56,70.95,,demo
2026-08-13 00:13:23,3.93,,demo
2026-08-13 00:14:08,47.12,,demo
2026-08-13 00:14:36,5.23,,demo
2026-08-13 00:14:49,1.57,,demo
2026-08-13 00:15:01,1.33,,demo
2026-08-13 00:15:11,1.19,,demo
2026-08-13 00:15:23,1.43,,demo
2026-08-13 00:15:42,2.34,,demo
2026-08-13 00:15:52,1.25,,demo
2026-08-13 00:16:09,2.03,,demo
2026-08-13 00:16:29,1.68,,demo
2026-08-13 00:16:39,1.97,,demo
2026-08-13 00:16:57,1.88,,demo
2026-08-13 00:17:14,2.55,,demo
2026-08-13 00:17:36,3.37,,demo
2026-08-13 00:17:50,1.50,,demo
2026-08-13 00:18:07,2.18,,demo
2026-08-13 00:18:15,1.01,,demo
2026-08-13 00:18:51,9.98,,demo
2026-08-13 00:19:09,1.75,,demo
2026-08-13 00:19:25,2.69,,demo
2026-08-13 00:20:31,169.56,,demo
2026-08-13 00:20:39,1.03,,demo
2026-08-13 00:21:00,1.80,,demo
2026-08-13 00:21:09,1.63,,demo
2026-08-13 00:21:30,2.86,,demo
2026-08-13 00:21:42,1.48,,demo
2026-08-13 00:21:51,1.13,,demo
2026-08-13 00:22:11,2.55,,demo
2026-08-13 00:22:26,1.88,,demo
2026-08-13 00:22:40,1.13,,demo
2026-08-13 00:22:54,2.33,,demo
2026-08-13 00:23:14,2.64,,demo
2026-08-13 00:23:50,10.54,,demo
2026-08-13 00:24:11,2.99,,demo
2026-08-13 00:24:19,1.00,,demo
2026-08-13 00:24:43,3.69,,demo
2026-08-13 00:25:02,2.02,,demo
2026-08-13 00:25:10,1.28,,demo
2026-08-13 00:25:55,20.28,,demo
2026-08-13 00:26:37,17.81,,demo
2026-08-13 00:26:49,1.38,,demo
2026-08-13 00:27:14,4.13,,demo
2026-08-13 00:27:43,5.84,,demo
2026-08-13 00:27:54,1.32,,demo
2026-08-13 00:28:18,3.62,,demo
2026-08-13 00:28:36,1.23,,demo
2026-08-13 00:28:57,3.54,,demo
2026-08-13 00:29:41,21.80,,demo
2026-08-13 00:29:50,1.61,,demo
2026-08-13 00:30:13,1.75,,demo
2026-08-13 00:30:27,3.10,,demo
2026-08-13 00:30:45,2.27,,demo
2026-08-13 00:30:54,1.14,,demo
2026-08-13 00:31:53,35.06,,demo
2026-08-13 00:32:38,21.33,,demo
2026-08-13 00:32:51,2.94,,demo
2026-08-13 00:33:06,1.77,,demo
2026-08-13 00:33:23,2.16,,demo
2026-08-13 00:33:53,6.28,,demo
2026-08-13 00:34:33,10.73,,demo
2026-08-13 00:34:42,1.38,,demo
2026-08-13 00:35:05,1.85,,demo
2026-08-13 00:35:36,12.79,,demo
2026-08-13 00:35:57,1.38,,demo
2026-08-13 00:36:03,1.82,,demo
2026-08-13 00:36:12,1.06,,demo
2026-08-13 00:36:34,3.29,,demo
2026-08-13 00:36:51,2.11,,demo
2026-08-13 00:37:16,2.04,,demo
2026-08-13 00:37:37,3.48,,demo
2026-08-13 00:37:46,1.96,,demo
2026-08-13 00:38:28,10.64,,demo
2026-08-13 00:38:43,2.80,,demo
2026-08-13 00:39:02,1.25,,demo
2026-08-13 00:39:04,1.19,,demo
2026-08-13 00:39:34,6.39,,demo
2026-08-13 00:39:52,2.12,,demo
2026-08-13 00:40:20,5.35,,demo
2026-08-13 00:40:49,2.87,,demo
2026-08-13 00:41:14,6.25,,demo
2026-08-13 00:41:19,1.08,,demo
2026-08-13 00:41:32,1.45,,demo
2026-08-13 00:41:45,1.52,,demo
2026-08-13 00:42:05,2.70,,demo
2026-08-13 00:42:22,1.44,,demo
2026-08-13 00:42:37,2.61,,demo
2026-08-13 00:42:52,1.14,,demo
2026-08-13 00:43:05,2.46,,demo
2026-08-13 00:44:07,77.12,,demo
2026-08-13 00:44:17,1.30,,demo
2026-08-13 00:44:28,1.31,,demo
2026-08-13 00:45:07,6.62,,demo
2026-08-13 00:45:28,5.93,,demo
2026-08-13 00:45:38,1.16,,demo
2026-08-13 00:45:51,1.02,,demo
2026-08-13 00:46:13,2.31,,demo
2026-08-13 00:46:16,1.42,,demo
2026-08-13 00:46:31,1.62,,demo
2026-08-13 00:47:11,12.42,,demo
2026-08-13 00:47:21,1.38,,demo
2026-08-13 00:47:53,7.68,,demo
2026-08-13 00:48:02,1.11,,demo
2026-08-13 00:48:18,1.36,,demo
2026-08-13 00:48:46,7.26,,demo
2026-08-13 00:49:11,4.16,,demo
2026-08-13 00:49:20,1.11,,demo
2026-08-13 00:49:48,5.32,,demo
2026-08-13 00:50:09,2.87,,demo
2026-08-13 00:50:56,17.45,,demo
2026-08-13 00:51:22,3.34,,demo
2026-08-13 00:51:54,14.40,,demo
2026-08-13 00:52:03,1.08,,demo
2026-08-13 00:52:24,1.04,,demo
2026-08-13 00:52:45,6.95,,demo
2026-08-13 00:53:00,1.79,,demo
2026-08-13 00:53:16,1.33,,demo
2026-08-13 00:53:52,4.77,,demo
2026-08-13 00:54:02,3.68,,demo
2026-08-13 00:54:21,2.03,,demo
2026-08-13 00:54:59,15.25,,demo
2026-08-13 00:55:07,1.00,,demo
2026-08-13 00:55:24,1.01,,demo
2026-08-13 00:55:26,1.17,,demo
2026-08-13 00:55:51,2.70,,demo
2026-08-13 00:55:59,1.59,,demo
2026-08-13 00:56:07,1.00,,demo
2026-08-13 00:56:30,3.63,,demo
2026-08-13 00:56:58,4.59,,demo
2026-08-13 00:57:06,1.15,,demo
2026-08-13 00:57:33,4.28,,demo
2026-08-13 00:58:03,5.34,,demo
2026-08-13 00:58:13,1.57,,demo
2026-08-13 00:58:37,2.87,,demo
2026-08-13 00:58:53,2.47,,demo
2026-08-13 00:59:11,1.48,,demo
2026-08-13 01:00:00,46.55,,demo
2026-08-13 01:00:26,4.63,,demo
2026-08-13 01:01:06,14.30,,demo
2026-08-13 01:01:19,1.36,,demo
2026-08-13 01:01:28,1.23,,demo
2026-08-13 01:02:05,10.63,,demo
2026-08-13 01:02:36,3.60,,demo
2026-08-13 01:02:40,1.28,,demo
2026-08-13 01:02:50,1.19,,demo
2026-08-13 01:03:05,1.66,,demo
2026-08-13 01:03:36,3.72,,demo
2026-08-13 01:03:46,2.50,,demo
2026-08-13 01:03:55,1.00,,demo
2026-08-13 01:04:11,2.02,,demo
2026-08-13 01:04:23,1.17,,demo
2026-08-13 01:04:42,1.32,,demo
2026-08-13 01:04:46,1.60,,demo
2026-08-13 01:05:00,1.25,,demo
2026-08-13 01:05:05,1.00,,demo
2026-08-13 01:05:42,11.09,,demo
2026-08-13 01:06:23,15.34,,demo
2026-08-13 01:06:31,1.05,,demo
2026-08-13 01:06:40,1.08,,demo
2026-08-13 01:06:50,1.20,,demo
2026-08-13 01:07:31,15.36,,demo
2026-08-13 01:07:48,2.07,,demo
2026-08-13 01:08:12,3.93,,demo
2026-08-13 01:08:23,1.17,,demo
2026-08-13 01:08:33,1.22,,demo
2026-08-13 01:08:41,1.03,,demo
2026-08-13 01:08:50,1.05,,demo
2026-08-13 01:09:04,1.00,,demo
2026-08-13 01:09:40,7.32,,demo
2026-08-13 01:09:54,3.93,,demo
2026-08-13 01:10:18,1.50,,demo
2026-08-13 01:10:26,2.50,,demo
2026-08-13 01:10:38,1.33,,demo
2026-08-13 01:10:49,1.34,,demo
2026-08-13 01:11:06,1.87,,demo
2026-08-13 01:11:23,2.39,,demo
2026-08-13 01:11:43,2.73,,demo
2026-08-13 01:12:01,2.12,,demo
2026-08-13 01:12:15,1.07,,demo
2026-08-13 01:12:18,1.09,,demo
2026-08-13 01:12:35,2.19,,demo
2026-08-13 01:12:46,1.13,,demo
2026-08-13 01:12:57,1.31,,demo
2026-08-13 01:13:24,4.38,,demo
2026-08-13 01:13:40,2.24,,demo
2026-08-13 01:13:56,1.50,,demo
2026-08-13 01:14:02,1.12,,demo
2026-08-13 01:14:13,1.34,,demo
2026-08-13 01:14:22,1.03,,demo
2026-08-13 01:14:47,2.22,,demo
2026-08-13 01:14:50,1.21,,demo
2026-08-13 01:15:01,1.33,,demo
2026-08-13 01:15:10,1.00,,demo
2026-08-13 01:15:21,1.31,,demo
2026-08-13 01:15:41,2.84,,demo
2026-08-13 01:15:54,1.52,,demo
2026-08-13 01:16:15,1.75,,demo
2026-08-13 01:16:30,2.82,,demo
2026-08-13 01:16:39,1.08,,demo
2026-08-13 01:17:00,3.22,,demo
2026-08-13 01:17:17,1.55,,demo
2026-08-13 01:17:29,1.76,,demo
2026-08-13 01:18:06,11.20,,demo
2026-08-13 01:18:16,1.25,,demo
2026-08-13 01:18:52,5.63,,demo
2026-08-13 01:18:54,1.05,,demo
2026-08-13 01:19:05,1.33,,demo
2026-08-13 01:19:26,2.81,,demo
2026-08-13 01:19:37,1.32,,demo
2026-08-13 01:20:01,3.91,,demo
2026-08-13 01:20:19,1.46,,demo
2026-08-13 01:20:27,1.53,,demo
2026-08-13 01:20:57,4.11,,demo
2026-08-13 01:21:13,2.85,,demo
2026-08-13 01:21:35,1.71,,demo
2026-08-13 01:21:39,1.31,,demo
2026-08-13 01:22:21,11.19,,demo
2026-08-13 01:22:45,3.76,,demo
2026-08-13 01:23:10,2.96,,demo
2026-08-13 01:23:41,14.88,,demo
2026-08-13 01:24:04,2.20,,demo
2026-08-13 01:24:31,7.12,,demo
2026-08-13 01:25:03,4.49,,demo
2026-08-13 01:25:08,1.34,,demo
2026-08-13 01:25:36,5.03,,demo
2026-08-13 01:25:45,1.17,,demo
2026-08-13 01:25:58,1.55,,demo
2026-08-13 01:26:28,6.31,,demo
2026-08-13 01:26:56,4.78,,demo
2026-08-13 01:27:15,2.60,,demo
2026-08-13 01:27:45,6.52,,demo
2026-08-13 01:28:18,3.60,,demo
2026-08-13 01:28:30,3.02,,demo
2026-08-13 01:29:00,6.22,,demo
2026-08-13 01:29:11,1.25,,demo
2026-08-13 01:29:43,3.08,,demo
2026-08-13 01:29:55,3.29,,demo
2026-08-13 01:30:25,3.16,,demo
2026-08-13 01:30:34,2.23,,demo
2026-08-13 01:31:19,3.84,,demo
2026-08-13 01:31:19,1.17,,demo
2026-08-13 01:31:01,3.84,,demo
2026-08-13 01:31:10,1.17,,demo
2026-08-13 01:31:51,15.64,,demo
2026-08-13 01:31:58,1.07,,demo
2026-08-13 01:32:13,1.72,,demo
2026-08-13 01:32:22,1.09,,demo
2026-08-13 01:33:11,15.75,,demo
2026-08-13 01:33:23,2.55,,demo
2026-08-13 01:33:54,1.00,,demo
2026-08-13 01:34:09,1.92,,demo
2026-08-13 01:34:24,1.82,,demo
2026-08-13 01:35:19,33.82,,demo
2026-08-13 01:35:54,9.09,,demo
2026-08-13 01:36:00,1.32,,demo
2026-08-13 01:36:11,1.32,,demo
2026-08-13 01:38:03,44.95,,demo
2026-08-13 01:38:03,2.12,,demo
2026-08-13 01:38:03,4.70,,demo
2026-08-13 01:38:25,4.35,,demo
2026-08-13 01:38:31,2.00,,demo
2026-08-13 01:39:04,4.35,,demo
2026-08-13 01:39:07,1.23,,demo
2026-08-13 01:39:37,6.26,,demo
2026-08-13 01:39:47,1.11,,demo
2026-08-13 01:40:00,1.57,,demo
2026-08-13 01:40:23,1.69,,demo
2026-08-13 01:40:25,1.30,,demo
2026-08-13 01:41:01,9.61,,demo
2026-08-13 01:41:10,1.18,,demo
2026-08-13 01:41:40,6.08,,demo
2026-08-13 01:42:07,4.90,,demo
2026-08-13 01:42:21,1.61,,demo
2026-08-13 01:42:32,1.23,,demo
2026-08-13 01:43:11,9.90,,demo
2026-08-13 01:43:21,1.67,,demo
2026-08-13 01:43:45,3.76,,demo
2026-08-13 01:44:14,4.80,,demo
2026-08-13 01:44:23,1.24,,demo
2026-08-13 01:44:31,1.01,,demo
2026-08-13 01:45:34,50.73,,demo
2026-08-13 01:45:42,1.89,,demo
2026-08-13 01:46:03,1.46,,demo
2026-08-13 01:46:15,2.90,,demo
2026-08-13 01:46:31,1.62,,demo
2026-08-13 01:46:49,2.68,,demo
2026-08-13 01:47:05,1.96,,demo
2026-08-13 01:47:14,1.00,,demo
2026-08-13 01:47:44,6.92,,demo
2026-08-13 01:48:06,3.24,,demo
2026-08-13 01:48:19,1.46,,demo
2026-08-13 01:48:31,1.36,,demo
2026-08-13 01:48:51,2.70,,demo
2026-08-13 01:49:10,1.41,,demo
2026-08-13 01:49:13,1.21,,demo
2026-08-13 01:49:49,9.68,,demo
2026-08-13 01:50:10,1.43,,demo
2026-08-13 01:50:13,1.44,,demo
2026-08-13 01:51:03,15.72,,demo
2026-08-13 01:51:09,1.74,,demo
2026-08-13 01:51:33,2.73,,demo
2026-08-13 01:51:39,1.22,,demo
2026-08-13 01:52:05,3.77,,demo
2026-08-13 01:52:34,2.81,,demo
2026-08-13 01:53:10,24.00,,demo
2026-08-13 01:53:28,2.29,,demo
2026-08-13 01:53:38,1.13,,demo
2026-08-13 01:53:53,1.19,,demo
2026-08-13 01:54:10,3.24,,demo
2026-08-13 01:54:20,1.00,,demo
2026-08-13 01:55:09,24.27,,demo
2026-08-13 01:55:16,1.45,,demo
2026-08-13 01:55:38,1.80,,demo
2026-08-13 01:55:42,1.24,,demo
2026-08-13 01:55:53,1.28,,demo
2026-08-13 01:56:17,2.85,,demo
2026-08-13 01:56:31,1.85,,demo
2026-08-13 01:56:50,1.51,,demo
2026-08-13 01:57:28,18.81,,demo
2026-08-13 01:57:45,2.14,,demo
2026-08-13 01:58:16,4.78,,demo
2026-08-13 01:58:24,1.45,,demo
2026-08-13 01:58:32,1.00,,demo
2026-08-13 01:58:41,1.10,,demo
2026-08-13 01:58:58,2.00,,demo
2026-08-13 01:59:20,1.89,,demo
2026-08-13 02:00:08,44.69,,demo
2026-08-13 02:00:35,4.72,,demo
2026-08-13 02:00:51,2.19,,demo
2026-08-13 02:01:15,3.76,,demo
2026-08-13 02:01:51,9.52,,demo
2026-08-13 02:02:12,3.27,,demo
2026-08-13 02:02:36,2.29,,demo
2026-08-13 02:02:41,1.22,,demo
2026-08-13 02:02:56,1.89,,demo
2026-08-13 02:03:14,2.15,,demo
2026-08-13 02:03:41,2.71,,demo
2026-08-13 02:04:05,3.54,,demo
2026-08-13 02:04:30,5.62,,demo
2026-08-13 02:04:39,1.59,,demo
2026-08-13 02:04:49,1.16,,demo
2026-08-13 02:05:53,77.75,,demo
2026-08-13 02:05:59,1.13,,demo
2026-08-13 02:06:12,1.50,,demo
2026-08-13 02:06:25,1.09,,demo
2026-08-13 02:06:29,1.01,,demo
2026-08-13 02:07:05,10.07,,demo
2026-08-13 02:07:20,1.12,,demo
2026-08-13 02:07:42,5.20,,demo
2026-08-13 02:07:51,1.12,,demo
2026-08-13 02:08:03,1.33,,demo
2026-08-13 02:08:19,1.84,,demo
2026-08-13 02:08:48,6.10,,demo
2026-08-13 02:09:18,5.34,,demo
2026-08-13 02:10:12,53.18,,demo
2026-08-13 02:10:22,1.20,,demo
2026-08-13 02:10:46,2.49,,demo
2026-08-13 02:10:49,1.00,,demo
2026-08-13 02:11:39,21.47,,demo
2026-08-13 02:12:14,14.89,,demo
2026-08-13 02:12:25,1.28,,demo
2026-08-13 02:13:06,11.02,,demo
2026-08-13 02:13:36,8.62,,demo
2026-08-13 02:13:54,2.31,,demo
2026-08-13 02:14:05,1.03,,demo
2026-08-13 02:14:19,1.94,,demo
2026-08-13 02:14:28,1.13,,demo
2026-08-13 02:14:49,2.96,,demo
2026-08-13 02:15:12,1.69,,demo
2026-08-13 02:15:13,1.14,,demo
2026-08-13 02:15:23,1.13,,demo
2026-08-13 02:15:35,1.41,,demo
2026-08-13 02:15:48,1.36,,demo
2026-08-13 02:16:18,7.26,,demo
2026-08-13 02:16:47,2.33,,demo
2026-08-13 02:16:49,1.39,,demo
2026-08-13 02:17:18,5.76,,demo
2026-08-13 02:17:47,3.60,,demo
2026-08-13 02:17:53,1.34,,demo
2026-08-13 02:18:01,1.00,,demo
2026-08-13 02:18:26,1.66,,demo
2026-08-13 02:18:48,4.08,,demo
2026-08-13 02:19:01,2.87,,demo
2026-08-13 02:19:09,1.00,,demo
2026-08-13 02:19:19,1.16,,demo
2026-08-13 02:19:27,1.07,,demo
2026-08-13 02:19:54,4.86,,demo
2026-08-13 02:20:02,1.04,,demo
2026-08-13 02:20:14,1.55,,demo
2026-08-13 02:20:51,10.00,,demo
2026-08-13 02:21:05,1.90,,demo
2026-08-13 02:21:38,7.54,,demo
2026-08-13 02:21:46,1.00,,demo
2026-08-13 02:23:09,509.89,,demo
2026-08-13 02:23:23,1.74,,demo
2026-08-13 02:23:40,1.75,,demo
2026-08-13 02:24:15,11.63,,demo
2026-08-13 02:24:50,9.57,,demo
2026-08-13 02:25:11,1.78,,demo
2026-08-13 02:26:03,60.31,,demo
2026-08-13 02:26:14,1.38,,demo
2026-08-13 02:26:39,2.79,,demo
2026-08-13 02:26:46,1.32,,demo
2026-08-13 02:27:12,2.02,,demo
2026-08-13 02:27:17,1.64,,demo
2026-08-13 02:27:31,1.69,,demo
2026-08-13 02:28:21,31.04,,demo
2026-08-13 02:28:32,1.35,,demo
2026-08-13 02:28:44,1.01,,demo
2026-08-13 02:29:19,12.70,,demo
2026-08-13 02:29:31,1.39,,demo
2026-08-13 02:29:44,1.58,,demo
2026-08-13 02:30:43,70.02,,demo
2026-08-13 02:31:30,23.41,,demo
2026-08-13 02:31:46,2.04,,demo
2026-08-13 02:32:41,51.69,,demo
2026-08-13 02:33:00,1.69,,demo
2026-08-13 02:33:11,1.85,,demo
2026-08-13 02:33:30,1.65,,demo
2026-08-13 02:33:43,2.42,,demo
2026-08-13 02:34:05,1.81,,demo
2026-08-13 02:34:44,23.27,,demo
2026-08-13 02:35:00,1.83,,demo
2026-08-13 02:35:10,1.24,,demo
2026-08-13 02:35:29,2.00,,demo
2026-08-13 02:35:43,2.01,,demo
2026-08-13 02:36:04,1.50,,demo
2026-08-13 02:36:05,1.14,,demo
2026-08-13 02:36:37,5.85,,demo
2026-08-13 02:36:46,1.13,,demo
2026-08-13 02:36:57,1.24,,demo
2026-08-13 02:37:14,1.85,,demo
2026-08-13 02:37:23,1.23,,demo
2026-08-13 02:37:32,1.00,,demo
2026-08-13 02:38:12,14.18,,demo
2026-08-13 02:38:26,1.73,,demo
2026-08-13 02:38:51,1.88,,demo
2026-08-13 02:38:53,1.28,,demo
2026-08-13 02:39:39,25.49,,demo
2026-08-13 02:40:23,17.61,,demo
2026-08-13 02:40:58,10.64,,demo
2026-08-13 02:41:48,17.22,,demo
2026-08-13 02:41:49,1.07,,demo
2026-08-13 02:42:20,2.62,,demo
2026-08-13 02:42:21,1.35,,demo
2026-08-13 02:42:56,10.15,,demo
2026-08-13 02:43:20,2.32,,demo
2026-08-13 02:43:24,1.11,,demo
2026-08-13 02:43:34,1.22,,demo
2026-08-13 02:43:57,1.96,,demo
2026-08-13 02:43:59,1.00,,demo
2026-08-13 02:44:18,2.72,,demo
2026-08-13 02:44:53,9.48,,demo
2026-08-13 02:45:10,2.01,,demo
2026-08-13 02:45:30,1.58,,demo
2026-08-13 02:45:41,2.28,,demo
2026-08-13 02:45:50,1.05,,demo
2026-08-13 02:46:09,1.02,,demo
2026-08-13 02:46:30,4.61,,demo
2026-08-13 02:46:35,1.24,,demo
2026-08-13 02:46:45,1.15,,demo
2026-08-13 02:46:55,1.26,,demo
2026-08-13 02:47:09,1.00,,demo
2026-08-13 02:47:18,1.71,,demo
2026-08-13 02:47:27,1.04,,demo
2026-08-13 02:47:47,2.59,,demo
2026-08-13 02:47:54,1.00,,demo
2026-08-13 02:48:07,1.54,,demo
2026-08-13 02:48:23,1.55,,demo
2026-08-13 02:48:36,1.80,,demo
2026-08-13 02:49:00,1.68,,demo
2026-08-13 02:49:03,1.54,,demo
2026-08-13 02:49:20,1.95,,demo
2026-08-13 02:49:35,1.83,,demo
2026-08-13 02:49:58,2.80,,demo
2026-08-13 02:50:26,1.15,,demo
2026-08-13 02:50:51,3.39,,demo
2026-08-13 02:50:56,1.01,,demo
2026-08-13 02:51:06,1.14,,demo
2026-08-13 02:51:30,2.09,,demo
2026-08-13 02:52:19,24.87,,demo
2026-08-13 02:53:19,160.41,,demo
2026-08-13 02:53:38,1.84,,demo
2026-08-13 02:53:49,1.80,,demo
2026-08-13 02:54:17,5.39,,demo
2026-08-13 02:54:27,1.19,,demo
2026-08-13 02:54:47,2.72,,demo
2026-08-13 02:55:05,2.23,,demo
2026-08-13 02:55:21,1.25,,demo
2026-08-13 02:55:32,2.00,,demo
2026-08-13 02:55:54,1.59,,demo
2026-08-13 02:56:20,4.10,,demo
2026-08-13 02:56:45,5.78,,demo
2026-08-13 02:56:55,1.78,,demo
2026-08-13 02:57:03,1.03,,demo
2026-08-13 02:57:22,1.16,,demo
2026-08-13 02:57:26,1.56,,demo
2026-08-13 02:57:35,1.07,,demo
2026-08-13 02:57:47,1.41,,demo
2026-08-13 02:58:04,1.40,,demo
2026-08-13 02:58:21,3.04,,demo
2026-08-13 02:59:36,268.86,,demo
2026-08-13 02:59:59,2.62,,demo
2026-08-13 03:00:09,1.59,,demo
2026-08-13 03:00:18,1.05,,demo
2026-08-13 03:00:35,1.00,,demo
2026-08-13 03:00:35,1.13,,demo
2026-08-13 03:00:55,2.57,,demo
2026-08-13 03:01:07,1.41,,demo
2026-08-13 03:01:22,1.78,,demo
2026-08-13 03:01:32,1.20,,demo
2026-08-13 03:01:44,1.29,,demo
2026-08-13 03:01:52,1.10,,demo
2026-08-13 03:02:21,2.76,,demo
2026-08-13 03:02:46,4.40,,demo
2026-08-13 03:03:45,135.19,,demo
2026-08-13 03:04:09,2.95,,demo
2026-08-13 03:04:19,1.48,,demo
2026-08-13 03:05:09,19.82,,demo
2026-08-13 03:05:16,1.50,,demo
2026-08-13 03:05:42,4.25,,demo
2026-08-13 03:05:52,1.30,,demo
2026-08-13 03:06:01,1.00,,demo
2026-08-13 03:06:27,4.62,,demo
2026-08-13 03:06:36,1.12,,demo
2026-08-13 03:06:58,3.09,,demo
2026-08-13 03:07:15,2.10,,demo
2026-08-13 03:07:33,1.45,,demo
2026-08-13 03:07:45,2.18,,demo
2026-08-13 03:08:03,1.55,,demo
2026-08-13 03:08:09,1.28,,demo
2026-08-13 03:08:26,2.24,,demo
2026-08-13 03:09:03,6.44,,demo
2026-08-13 03:09:32,5.57,,demo
2026-08-13 03:09:37,1.32,,demo
2026-08-13 03:10:03,3.82,,demo
2026-08-13 03:10:13,1.33,,demo
2026-08-13 03:10:49,10.36,,demo
2026-08-13 03:11:09,2.63,,demo
2026-08-13 03:11:35,2.78,,demo
2026-08-13 03:11:50,2.91,,demo
2026-08-13 03:12:43,45.93,,demo
2026-08-13 03:12:54,1.24,,demo
2026-08-13 03:13:10,1.39,,demo
2026-08-13 03:13:41,4.73,,demo
2026-08-13 03:13:41,1.03,,demo
2026-08-13 03:14:20,13.19,,demo
2026-08-13 03:14:44,2.05,,demo
2026-08-13 03:14:46,1.05,,demo
2026-08-13 03:14:59,1.50,,demo
2026-08-13 03:15:20,2.87,,demo
2026-08-13 03:15:27,1.00,,demo
2026-08-13 03:15:55,4.71,,demo
2026-08-13 03:16:31,11.00,,demo
2026-08-13 03:16:57,2.32,,demo
2026-08-13 03:17:01,1.40,,demo
2026-08-13 03:17:09,1.01,,demo
2026-08-13 03:17:36,3.41,,demo
2026-08-13 03:17:42,1.21,,demo
2026-08-13 03:18:18,10.47,,demo
2026-08-13 03:18:39,2.78,,demo
2026-08-13 03:18:59,2.90,,demo
2026-08-13 03:19:12,1.52,,demo
2026-08-13 03:19:25,1.52,,demo
2026-08-13 03:20:14,12.94,,demo
2026-08-13 03:20:28,3.73,,demo
2026-08-13 03:20:39,1.28,,demo
2026-08-13 03:20:48,1.12,,demo
2026-08-13 03:21:16,3.20,,demo
2026-08-13 03:21:27,1.97,,demo
2026-08-13 03:21:49,1.63,,demo
2026-08-13 03:21:55,1.76,,demo
2026-08-13 03:22:17,2.07,,demo
2026-08-13 03:22:25,1.55,,demo
2026-08-13 03:22:52,2.28,,demo
2026-08-13 03:22:55,1.33,,demo
2026-08-13 03:23:27,7.70,,demo
2026-08-13 03:23:36,1.11,,demo
2026-08-13 03:23:47,1.19,,demo
2026-08-13 03:24:02,1.71,,demo
2026-08-13 03:24:16,1.81,,demo
2026-08-13 03:24:40,1.66,,demo
2026-08-13 03:24:53,3.54,,demo
2026-08-13 03:25:14,2.95,,demo
2026-08-13 03:25:36,2.10,,demo
2026-08-13 03:25:40,1.05,,demo
2026-08-13 03:25:49,1.06,,demo
2026-08-13 03:26:12,2.47,,demo
2026-08-13 03:26:30,3.13,,demo
2026-08-13 03:26:40,1.00,,demo
2026-08-13 03:27:12,9.30,,demo
2026-08-13 03:27:21,1.01,,demo
2026-08-13 03:27:33,1.52,,demo
2026-08-13 03:27:55,3.07,,demo
2026-08-13 03:28:19,1.03,,demo
2026-08-13 03:28:31,1.48,,demo
2026-08-13 03:29:05,9.08,,demo
2026-08-13 03:29:26,2.69,,demo
2026-08-13 03:29:34,1.03,,demo
2026-08-13 03:29:45,1.28,,demo
2026-08-13 03:30:12,5.15,,demo
2026-08-13 03:30:41,5.39,,demo
2026-08-13 03:30:52,1.31,,demo
2026-08-13 03:31:12,1.38,,demo
2026-08-13 03:31:14,1.18,,demo
2026-08-13 03:31:27,1.51,,demo
2026-08-13 03:31:57,6.04,,demo
2026-08-13 03:32:26,5.94,,demo
2026-08-13 03:32:36,1.21,,demo
2026-08-13 03:32:45,1.10,,demo
2026-08-13 03:33:26,6.88,,demo
2026-08-13 03:33:27,1.22,,demo
2026-08-13 03:33:57,4.25,,demo
2026-08-13 03:34:06,1.50,,demo
2026-08-13 03:34:15,1.08,,demo
2026-08-13 03:34:34,2.57,,demo
2026-08-13 03:34:45,1.30,,demo
2026-08-13 03:35:11,2.81,,demo
2026-08-13 03:35:16,1.24,,demo
2026-08-13 03:35:46,4.37,,demo
2026-08-13 03:35:52,1.24,,demo
2026-08-13 03:36:21,4.94,,demo
2026-08-13 03:36:30,1.27,,demo
2026-08-13 03:37:26,23.17,,demo
2026-08-13 03:37:40,3.67,,demo
2026-08-13 03:38:07,4.89,,demo
2026-08-13 03:38:29,2.72,,demo
2026-08-13 03:38:36,1.12,,demo
2026-08-13 03:38:47,1.26,,demo
2026-08-13 03:39:19,7.20,,demo
2026-08-13 03:39:29,1.15,,demo
2026-08-13 03:40:15,25.13,,demo
2026-08-13 03:40:26,1.25,,demo
2026-08-13 03:40:37,1.30,,demo
2026-08-13 03:40:52,1.11,,demo
2026-08-13 03:41:22,5.42,,demo
2026-08-13 03:41:26,1.25,,demo
2026-08-13 03:41:34,1.03,,demo
2026-08-13 03:42:03,5.94,,demo
2026-08-13 03:42:18,1.72,,demo
2026-08-13 03:42:40,3.07,,demo
2026-08-13 03:42:53,1.50,,demo
2026-08-13 03:43:13,1.88,,demo
2026-08-13 03:43:20,1.40,,demo
2026-08-13 03:43:33,1.52,,demo
2026-08-13 03:43:50,1.00,,demo
2026-08-13 03:44:23,4.37,,demo
2026-08-13 03:44:26,1.27,,demo
2026-08-13 03:44:35,1.08,,demo
2026-08-13 03:45:10,10.08,,demo
2026-08-13 03:45:25,1.64,,demo
2026-08-13 03:45:56,6.96,,demo
2026-08-13 03:46:24,1.24,,demo
2026-08-13 03:46:33,1.15,,demo
2026-08-13 03:46:41,1.00,,demo
2026-08-13 03:47:12,6.73,,demo
2026-08-13 03:47:49,10.58,,demo
2026-08-13 03:47:59,1.21,,demo
2026-08-13 03:48:09,1.18,,demo
2026-08-13 03:48:25,1.02,,demo
2026-08-13 03:48:33,1.98,,demo
2026-08-13 03:49:27,16.64,,demo
2026-08-13 03:49:29,1.66,,demo
2026-08-13 03:50:00,2.61,,demo
2026-08-13 03:50:03,1.71,,demo
2026-08-13 03:50:18,1.67,,demo
2026-08-13 03:50:48,6.46,,demo
2026-08-13 03:51:01,1.59,,demo
2026-08-13 03:51:15,1.53,,demo
2026-08-13 03:51:33,2.33,,demo
2026-08-13 03:52:08,9.94,,demo
2026-08-13 03:52:55,10.75,,demo
2026-08-13 03:53:08,3.55,,demo
2026-08-13 03:53:59,36.25,,demo
2026-08-13 03:54:07,1.00,,demo
2026-08-13 03:54:34,1.01,,demo
2026-08-13 03:54:54,2.99,,demo
2026-08-13 03:55:59,111.22,,demo
2026-08-13 03:56:26,3.99,,demo
2026-08-13 03:56:41,1.96,,demo
2026-08-13 03:56:48,1.03,,demo
2026-08-13 03:57:06,1.65,,demo
2026-08-13 03:57:10,1.04,,demo
2026-08-13 03:57:24,1.51,,demo
2026-08-13 03:57:44,1.47,,demo
2026-08-13 03:57:50,1.57,,demo
2026-08-13 03:58:22,5.04,,demo
2026-08-13 03:58:26,1.08,,demo
2026-08-13 03:58:42,1.96,,demo
2026-08-13 03:59:03,2.73,,demo
2026-08-13 03:59:35,7.32,,demo
2026-08-13 04:00:06,6.44,,demo
2026-08-13 04:00:37,6.42,,demo
2026-08-13 04:00:48,1.52,,demo
2026-08-13 04:01:01,1.50,,demo
2026-08-13 04:01:17,1.04,,demo
2026-08-13 04:01:20,1.22,,demo
2026-08-13 04:01:35,1.76,,demo
2026-08-13 04:01:54,2.30,,demo
2026-08-13 04:02:03,1.24,,demo
2026-08-13 04:02:17,1.59,,demo
2026-08-13 04:02:33,1.09,,demo
2026-08-13 04:02:40,1.64,,demo
2026-08-13 04:02:51,1.24,,demo
2026-08-13 04:03:07,1.27,,demo
2026-08-13 04:03:12,1.18,,demo
2026-08-13 04:03:44,4.43,,demo
2026-08-13 04:03:48,1.23,,demo
2026-08-13 04:04:18,2.37,,demo
2026-08-13 04:04:31,4.04,,demo
2026-08-13 04:05:14,10.17,,demo
2026-08-13 04:05:51,19.63,,demo
2026-08-13 04:06:16,1.74,,demo
2026-08-13 04:06:18,1.39,,demo
2026-08-13 04:06:32,1.76,,demo
2026-08-13 04:07:04,6.85,,demo
2026-08-13 04:07:32,5.31,,demo
2026-08-13 04:07:40,1.03,,demo
2026-08-13 04:07:53,1.57,,demo
2026-08-13 04:08:09,1.01,,demo
2026-08-13 04:08:44,17.37,,demo
2026-08-13 04:09:20,9.92,,demo
2026-08-13 04:09:42,1.30,,demo
2026-08-13 04:10:08,11.43,,demo
2026-08-13 04:10:17,1.07,,demo
2026-08-13 04:10:29,1.39,,demo
2026-08-13 04:10:47,2.43,,demo
2026-08-13 04:11:17,2.89,,demo
2026-08-13 04:11:44,8.35,,demo
2026-08-13 04:11:51,1.11,,demo
2026-08-13 04:12:02,1.25,,demo
2026-08-13 04:12:22,1.70,,demo
2026-08-13 04:13:12,49.10,,demo
2026-08-13 04:13:21,1.20,,demo
2026-08-13 04:13:30,1.00,,demo
2026-08-13 04:14:25,50.16,,demo
2026-08-13 04:14:40,1.83,,demo
2026-08-13 04:15:13,4.05,,demo
2026-08-13 04:15:25,2.77,,demo
2026-08-13 04:15:49,3.68,,demo
2026-08-13 04:16:07,2.51,,demo
2026-08-13 04:16:29,1.79,,demo
2026-08-13 04:16:33,1.22,,demo
2026-08-13 04:16:47,1.64,,demo
2026-08-13 04:17:05,1.10,,demo
2026-08-13 04:17:53,54.13,,demo
2026-08-13 04:18:06,1.63,,demo
2026-08-13 04:18:14,1.03,,demo
2026-08-13 04:18:30,1.78,,demo
2026-08-13 04:18:43,1.57,,demo
2026-08-13 04:19:03,2.50,,demo
2026-08-13 04:19:17,1.83,,demo
2026-08-13 04:19:29,1.40,,demo
2026-08-13 04:19:49,2.62,,demo
2026-08-13 04:20:06,2.10,,demo
2026-08-13 04:20:51,8.80,,demo
2026-08-13 04:20:51,1.25,,demo
2026-08-13 04:21:03,1.43,,demo
2026-08-13 04:21:11,1.00,,demo
2026-08-13 04:21:30,2.48,,demo
2026-08-13 04:22:14,9.30,,demo
2026-08-13 04:22:14,1.08,,demo
2026-08-13 04:22:25,1.32,,demo
2026-08-13 04:22:37,1.36,,demo
2026-08-13 04:22:58,3.16,,demo
2026-08-13 04:23:10,1.32,,demo
2026-08-13 04:23:41,3.21,,demo
2026-08-13 04:23:53,2.87,,demo
2026-08-13 04:24:25,3.98,,demo
2026-08-13 04:24:28,1.22,,demo
2026-08-13 04:24:38,1.15,,demo
2026-08-13 04:24:49,1.38,,demo
2026-08-13 04:25:03,1.05,,demo
2026-08-13 04:25:10,1.44,,demo
2026-08-13 04:25:23,1.52,,demo
2026-08-13 04:25:47,2.09,,demo
2026-08-13 04:25:52,1.32,,demo
2026-08-13 04:26:18,4.39,,demo
2026-08-13 04:26:29,1.04,,demo
2026-08-13 04:26:36,1.23,,demo
2026-08-13 04:26:47,1.23,,demo
2026-08-13 04:26:55,1.03,,demo
2026-08-13 04:27:15,1.35,,demo
2026-08-13 04:27:16,1.06,,demo
2026-08-13 04:27:26,1.25,,demo
2026-08-13 04:27:53,4.81,,demo
2026-08-13 04:28:04,1.21,,demo
2026-08-13 04:28:33,4.19,,demo
2026-08-13 04:28:56,4.78,,demo
2026-08-13 04:29:14,1.24,,demo
2026-08-13 04:29:40,8.78,,demo
2026-08-13 04:30:00,2.51,,demo
2026-08-13 04:30:17,1.48,,demo
2026-08-13 04:30:32,2.69,,demo
2026-08-13 04:30:58,1.80,,demo
2026-08-13 04:31:03,1.82,,demo
2026-08-13 04:31:37,8.23,,demo
2026-08-13 04:31:58,3.18,,demo
2026-08-13 04:32:22,2.07,,demo
2026-08-13 04:32:38,3.43,,demo
2026-08-13 04:32:47,1.13,,demo
2026-08-13 04:33:10,3.45,,demo
2026-08-13 04:33:32,2.31,,demo
2026-08-13 04:33:48,2.79,,demo
2026-08-13 04:34:12,1.75,,demo
2026-08-13 04:34:21,2.32,,demo
2026-08-13 04:34:56,9.78,,demo
2026-08-13 04:35:09,1.42,,demo
2026-08-13 04:35:35,2.61,,demo
2026-08-13 04:35:46,2.30,,demo
2026-08-13 04:35:58,1.32,,demo
2026-08-13 04:36:15,1.43,,demo
2026-08-13 04:36:29,2.44,,demo
2026-08-13 04:37:04,9.61,,demo
2026-08-13 04:37:21,2.14,,demo
2026-08-13 04:37:51,3.10,,demo
2026-08-13 04:38:14,7.04,,demo
2026-08-13 04:38:38,1.82,,demo
2026-08-13 04:38:51,3.22,,demo
2026-08-13 04:39:23,6.78,,demo
2026-08-13 04:39:49,4.57,,demo
2026-08-13 04:40:08,1.67,,demo
2026-08-13 04:40:18,1.78,,demo
2026-08-13 04:40:49,5.69,,demo
2026-08-13 04:40:57,1.20,,demo
2026-08-13 04:41:36,3.35,,demo
2026-08-13 04:41:36,1.01,,demo
2026-08-13 04:41:37,1.10,,demo
2026-08-13 04:41:46,1.11,,demo
2026-08-13 04:42:06,2.66,,demo
2026-08-13 04:42:29,3.47,,demo
2026-08-13 04:42:46,2.03,,demo
2026-08-13 04:42:56,1.26,,demo
2026-08-13 04:43:16,2.46,,demo
2026-08-13 04:43:39,3.74,,demo
2026-08-13 04:43:53,1.05,,demo
2026-08-13 04:44:21,6.44,,demo
2026-08-13 04:44:41,3.52,,demo
2026-08-13 04:44:49,1.00,,demo
2026-08-13 04:45:09,2.65,,demo
2026-08-13 04:45:18,1.10,,demo
2026-08-13 04:45:26,1.03,,demo
2026-08-13 04:46:16,31.89,,demo
2026-08-13 04:46:31,1.78,,demo
2026-08-13 04:46:43,1.32,,demo
2026-08-13 04:46:56,1.37,,demo
2026-08-13 04:47:06,1.33,,demo
2026-08-13 04:47:14,1.05,,demo
2026-08-13 04:47:37,3.18,,demo
2026-08-13 04:48:05,2.67,,demo
2026-08-13 04:48:36,14.05,,demo
2026-08-13 04:48:55,2.37,,demo
2026-08-13 04:49:02,1.00,,demo
2026-08-13 04:49:12,1.14,,demo
2026-08-13 04:49:20,1.03,,demo
2026-08-13 04:49:35,1.04,,demo
2026-08-13 04:49:44,1.76,,demo
2026-08-13 04:50:15,4.89,,demo
2026-08-13 04:50:19,1.00,,demo
2026-08-13 04:50:31,1.46,,demo
2026-08-13 04:50:51,1.06,,demo
2026-08-13 04:50:55,1.73,,demo
2026-08-13 04:51:07,1.47,,demo
2026-08-13 04:51:29,1.34,,demo
2026-08-13 04:51:37,2.25,,demo
2026-08-13 04:51:49,1.43,,demo
2026-08-13 04:52:15,4.66,,demo
2026-08-13 04:52:50,5.76,,demo
2026-08-13 04:52:55,1.20,,demo
2026-08-13 04:53:54,70.70,,demo
2026-08-13 04:54:35,16.31,,demo
2026-08-13 04:54:51,1.20,,demo
2026-08-13 04:55:37,38.49,,demo
2026-08-13 04:55:54,1.96,,demo
2026-08-13 04:56:09,1.35,,demo
2026-08-13 04:56:16,1.21,,demo
2026-08-13 04:56:25,1.17,,demo
2026-08-13 04:56:56,6.59,,demo
2026-08-13 04:57:24,3.17,,demo
2026-08-13 04:57:42,3.92,,demo
2026-08-13 04:57:56,1.60,,demo
2026-08-13 04:58:30,8.93,,demo
2026-08-13 04:58:59,5.51,,demo
2026-08-13 04:59:17,2.24,,demo
2026-08-13 04:59:35,2.27,,demo
2026-08-13 04:59:43,1.03,,demo
2026-08-13 05:00:11,4.26,,demo
2026-08-13 05:00:17,1.00,,demo
2026-08-13 05:00:50,3.33,,demo
2026-08-13 05:00:53,1.66,,demo
2026-08-13 05:01:03,1.18,,demo
2026-08-13 05:01:13,1.17,,demo
2026-08-13 05:01:27,1.23,,demo
2026-08-13 05:01:33,1.10,,demo
2026-08-13 05:01:44,1.36,,demo
2026-08-13 05:02:10,3.21,,demo
2026-08-13 05:02:33,4.66,,demo
2026-08-13 05:02:53,1.22,,demo
2026-08-13 05:02:58,1.77,,demo
2026-08-13 05:03:23,2.74,,demo
2026-08-13 05:03:26,1.00,,demo
2026-08-13 05:03:45,2.43,,demo
2026-08-13 05:04:02,1.61,,demo
2026-08-13 05:04:26,4.85,,demo
2026-08-13 05:04:45,1.28,,demo
2026-08-13 05:04:58,3.09,,demo
2026-08-13 05:05:26,2.79,,demo
2026-08-13 05:05:39,2.84,,demo
2026-08-13 05:05:48,1.09,,demo
2026-08-13 05:06:04,1.88,,demo
2026-08-13 05:06:53,11.76,,demo
2026-08-13 05:07:27,23.23,,demo
2026-08-13 05:07:39,1.01,,demo
2026-08-13 05:07:47,1.34,,demo
2026-08-13 05:08:03,2.02,,demo
2026-08-13 05:08:22,2.30,,demo
2026-08-13 05:09:08,12.99,,demo
2026-08-13 05:09:22,3.08,,demo
2026-08-13 05:09:52,6.12,,demo
2026-08-13 05:10:02,1.25,,demo
2026-08-13 05:10:25,1.89,,demo
2026-08-13 05:10:30,1.37,,demo
2026-08-13 05:10:42,1.44,,demo
2026-08-13 05:10:59,1.32,,demo
2026-08-13 05:11:04,1.25,,demo
2026-08-13 05:11:14,1.21,,demo
2026-08-13 05:11:32,1.68,,demo
2026-08-13 05:12:08,13.43,,demo
2026-08-13 05:12:26,2.34,,demo
2026-08-13 05:12:42,1.95,,demo
2026-08-13 05:12:59,1.38,,demo
2026-08-13 05:13:04,1.16,,demo
2026-08-13 05:14:16,175.79,,demo
2026-08-13 05:15:03,15.03,,demo
2026-08-13 05:15:13,2.42,,demo
2026-08-13 05:15:41,5.10,,demo
2026-08-13 05:16:01,2.83,,demo
2026-08-13 05:16:19,1.43,,demo
2026-08-13 05:16:39,4.35,,demo
2026-08-13 05:16:56,1.12,,demo
2026-08-13 05:16:58,1.10,,demo
2026-08-13 05:17:25,1.91,,demo
2026-08-13 05:17:37,3.44,,demo
2026-08-13 05:17:48,1.26,,demo
2026-08-13 05:18:02,1.59,,demo
2026-08-13 05:18:35,6.60,,demo
2026-08-13 05:18:43,1.33,,demo
2026-08-13 05:19:00,2.16,,demo
2026-08-13 05:19:26,4.31,,demo
2026-08-13 05:19:40,1.56,,demo
2026-08-13 05:20:01,3.13,,demo
2026-08-13 05:20:16,1.76,,demo
2026-08-13 05:20:59,15.68,,demo
2026-08-13 05:21:23,4.28,,demo
2026-08-13 05:21:39,1.96,,demo
2026-08-13 05:22:20,6.31,,demo
2026-08-13 05:22:32,3.22,,demo
2026-08-13 05:22:42,1.28,,demo
2026-08-13 05:22:59,1.10,,demo
2026-08-13 05:23:43,22.07,,demo
2026-08-13 05:24:03,4.91,,demo
2026-08-13 05:24:18,1.28,,demo
2026-08-13 05:24:38,2.54,,demo
2026-08-13 05:24:46,1.48,,demo
2026-08-13 05:25:57,125.55,,demo
2026-08-13 05:26:13,2.88,,demo
2026-08-13 05:26:36,1.78,,demo
2026-08-13 05:26:44,1.96,,demo
2026-08-13 05:26:59,1.75,,demo
2026-08-13 05:27:13,1.72,,demo
2026-08-13 05:27:22,1.05,,demo
2026-08-13 05:28:30,127.90,,demo
2026-08-13 05:29:14,12.66,,demo
2026-08-13 05:29:31,3.73,,demo
2026-08-13 05:29:40,1.10,,demo
2026-08-13 05:29:56,1.91,,demo
2026-08-13 05:30:16,2.64,,demo
2026-08-13 05:30:32,1.24,,demo
2026-08-13 05:31:02,9.70,,demo
2026-08-13 05:31:15,1.58,,demo
2026-08-13 05:31:40,4.21,,demo
2026-08-13 05:31:49,1.11,,demo
2026-08-13 05:32:13,2.24,,demo
2026-08-13 05:32:22,1.83,,demo
2026-08-13 05:32:34,1.28,,demo
2026-08-13 05:32:54,1.30,,demo
2026-08-13 05:33:03,1.16,,demo
2026-08-13 05:33:17,1.67,,demo
2026-08-13 05:33:31,1.45,,demo
2026-08-13 05:33:51,3.04,,demo
2026-08-13 05:33:59,1.00,,demo
2026-08-13 05:34:20,1.30,,demo
2026-08-13 05:34:37,4.97,,demo
2026-08-13 05:34:46,1.00,,demo
2026-08-13 05:35:07,2.99,,demo
2026-08-13 05:35:20,1.61,,demo
2026-08-13 05:35:43,3.27,,demo
2026-08-13 05:35:58,1.79,,demo
2026-08-13 05:36:24,4.76,,demo
2026-08-13 05:36:38,1.64,,demo
2026-08-13 05:37:04,2.84,,demo
2026-08-13 05:37:08,1.07,,demo
2026-08-13 05:37:29,2.90,,demo
2026-08-13 05:37:50,2.95,,demo
2026-08-13 05:38:05,1.78,,demo
2026-08-13 05:38:22,2.10,,demo
2026-08-13 05:38:45,2.13,,demo
2026-08-13 05:38:51,1.34,,demo
2026-08-13 05:38:59,1.04,,demo
2026-08-13 05:39:22,2.11,,demo
2026-08-13 05:39:29,1.46,,demo
2026-08-13 05:39:47,2.37,,demo
2026-08-13 05:40:17,6.15,,demo
2026-08-13 05:40:25,1.00,,demo
2026-08-13 05:40:44,2.02,,demo
2026-08-13 05:41:23,16.84,,demo
2026-08-13 05:42:01,12.19,,demo
2026-08-13 05:42:11,1.19,,demo
2026-08-13 05:42:37,1.70,,demo
2026-08-13 05:42:38,1.48,,demo
2026-08-13 05:42:50,1.32,,demo
2026-08-13 05:43:15,1.71,,demo
2026-08-13 05:43:26,3.05,,demo
2026-08-13 05:43:36,1.13,,demo
2026-08-13 05:43:53,1.71,,demo
2026-08-13 05:44:22,2.41,,demo
2026-08-13 05:44:29,2.85,,demo
2026-08-13 05:44:48,2.40,,demo
2026-08-13 05:45:04,1.18,,demo
2026-08-13 05:45:33,4.79,,demo
2026-08-13 05:45:38,1.58,,demo
2026-08-13 05:45:46,1.01,,demo
2026-08-13 05:46:08,1.71,,demo
2026-08-13 05:46:29,5.63,,demo
2026-08-13 05:46:38,1.06,,demo
2026-08-13 05:47:08,6.07,,demo
2026-08-13 05:47:50,6.10,,demo
2026-08-13 05:48:30,27.41,,demo
2026-08-13 05:48:41,1.84,,demo
2026-08-13 05:49:30,30.61,,demo
2026-08-13 05:49:57,4.86,,demo
2026-08-13 05:50:10,1.55,,demo
2026-08-13 05:50:32,1.70,,demo
2026-08-13 05:51:01,10.73,,demo
2026-08-13 05:51:20,1.58,,demo
2026-08-13 05:51:45,5.47,,demo
2026-08-13 05:51:57,1.63,,demo
2026-08-13 05:52:23,4.20,,demo
2026-08-13 05:53:12,31.78,,demo
2026-08-13 05:54:04,40.28,,demo
2026-08-13 05:54:31,2.07,,demo
2026-08-13 05:54:33,1.18,,demo
2026-08-13 05:54:59,5.29,,demo
2026-08-13 05:55:16,2.10,,demo
2026-08-13 05:55:48,2.69,,demo
2026-08-13 05:55:59,3.59,,demo
2026-08-13 05:56:32,8.30,,demo
2026-08-13 05:56:51,2.42,,demo
2026-08-13 05:57:10,1.42,,demo
2026-08-13 05:57:16,1.45,,demo
2026-08-13 05:57:42,1.55,,demo
2026-08-13 05:58:15,23.67,,demo
2026-08-13 05:58:48,8.00,,demo
2026-08-13 05:59:15,2.70,,demo
2026-08-13 05:59:35,4.71,,demo
2026-08-13 06:00:09,9.07,,demo
2026-08-13 06:00:39,1.01,,demo
2026-08-13 06:00:52,1.56,,demo
2026-08-13 06:01:19,5.03,,demo
2026-08-13 06:02:19,74.01,,demo
2026-08-13 06:02:42,1.37,,demo
2026-08-13 06:02:42,1.05,,demo
2026-08-13 06:02:59,2.57,,demo
2026-08-13 06:03:21,1.47,,demo
2026-08-13 06:03:51,13.36,,demo
2026-08-13 06:04:04,1.05,,demo
2026-08-13 06:04:09,1.09,,demo
2026-08-13 06:04:26,2.27,,demo
2026-08-13 06:04:46,1.18,,demo
2026-08-13 06:04:56,1.27,,demo
2026-08-13 06:05:23,4.48,,demo
2026-08-13 06:05:35,1.50,,demo
2026-08-13 06:06:00,4.10,,demo
2026-08-13 06:06:11,1.23,,demo
2026-08-13 06:06:37,1.90,,demo
2026-08-13 06:06:43,1.97,,demo
2026-08-13 06:07:07,3.70,,demo
2026-08-13 06:07:23,1.00,,demo
2026-08-13 06:07:37,3.33,,demo
2026-08-13 06:08:05,3.01,,demo
2026-08-13 06:08:20,3.15,,demo
2026-08-13 06:08:28,1.00,,demo
2026-08-13 06:08:49,1.05,,demo
2026-08-13 06:09:17,3.50,,demo
2026-08-13 06:09:20,1.04,,demo
2026-08-13 06:09:29,1.05,,demo
2026-08-13 06:09:56,2.88,,demo
2026-08-13 06:10:04,1.68,,demo
2026-08-13 06:10:14,1.25,,demo
2026-08-13 06:10:45,6.48,,demo
2026-08-13 06:10:57,1.38,,demo
2026-08-13 06:11:21,1.98,,demo
2026-08-13 06:11:40,4.42,,demo
2026-08-13 06:11:49,1.22,,demo
2026-08-13 06:12:02,1.01,,demo
2026-08-13 06:12:10,1.47,,demo
2026-08-13 06:12:21,1.31,,demo
2026-08-13 06:13:04,6.79,,demo
2026-08-13 06:14:27,572.34,,demo
2026-08-13 06:14:39,3.41,,demo
2026-08-13 06:15:21,15.94,,demo
2026-08-13 06:15:51,4.12,,demo
2026-08-13 06:16:40,13.66,,demo
2026-08-13 06:16:50,4.19,,demo
2026-08-13 06:16:59,1.04,,demo
2026-08-13 06:17:15,1.24,,demo
2026-08-13 06:17:26,1.94,,demo
2026-08-13 06:17:38,1.42,,demo
2026-08-13 06:17:57,1.71,,demo
2026-08-13 06:18:21,5.54,,demo
2026-08-13 06:18:42,1.83,,demo
2026-08-13 06:18:48,1.33,,demo
2026-08-13 06:18:56,1.02,,demo
2026-08-13 06:19:17,1.20,,demo
2026-08-13 06:19:58,6.61,,demo
2026-08-13 06:19:59,1.21,,demo
2026-08-13 06:20:12,1.54,,demo
2026-08-13 06:20:35,2.98,,demo
2026-08-13 06:20:49,2.02,,demo
2026-08-13 06:21:12,1.34,,demo
2026-08-13 06:21:18,2.18,,demo
2026-08-13 06:21:29,1.24,,demo
2026-08-13 06:21:52,1.33,,demo
2026-08-13 06:21:52,1.02,,demo
2026-08-13 06:22:16,4.88,,demo
2026-08-13 06:22:35,1.05,,demo
2026-08-13 06:22:55,3.65,,demo
2026-08-13 06:22:59,1.24,,demo
2026-08-13 06:23:38,4.46,,demo
2026-08-13 06:23:50,4.52,,demo
2026-08-13 06:24:02,1.30,,demo
2026-08-13 06:24:18,1.90,,demo
2026-08-13 06:24:32,1.70,,demo
2026-08-13 06:24:48,2.01,,demo
2026-08-13 06:25:05,1.59,,demo
2026-08-13 06:25:17,1.76,,demo
2026-08-13 06:25:32,1.82,,demo
2026-08-13 06:25:48,1.41,,demo
2026-08-13 06:26:08,3.74,,demo
2026-08-13 06:26:16,1.03,,demo
2026-08-13 06:26:35,1.60,,demo
2026-08-13 06:27:05,3.85,,demo
2026-08-13 06:27:13,2.44,,demo
2026-08-13 06:27:30,2.18,,demo
2026-08-13 06:27:52,3.06,,demo
2026-08-13 06:28:06,1.70,,demo
2026-08-13 06:28:21,1.15,,demo
2026-08-13 06:29:54,1122.26,,demo
2026-08-13 06:29:57,1.02,,demo
2026-08-13 06:30:32,8.89,,demo
2026-08-13 06:30:56,4.27,,demo
2026-08-13 06:31:16,2.78,,demo
2026-08-13 06:31:45,2.14,,demo
2026-08-13 06:32:02,5.55,,demo
2026-08-13 06:32:27,1.42,,demo
2026-08-13 06:32:31,2.05,,demo
2026-08-13 06:32:40,1.06,,demo
2026-08-13 06:32:48,1.03,,demo
2026-08-13 06:33:03,1.55,,demo
2026-08-13 06:33:30,5.46,,demo
2026-08-13 06:33:52,2.85,,demo
2026-08-13 06:34:20,6.05,,demo
2026-08-13 06:34:32,1.00,,demo
2026-08-13 06:34:37,1.07,,demo
2026-08-13 06:34:51,1.63,,demo
2026-08-13 06:35:10,1.40,,demo
2026-08-13 06:35:16,1.47,,demo
2026-08-13 06:35:26,1.16,,demo
2026-08-13 06:35:56,2.30,,demo
2026-08-13 06:35:58,1.64,,demo
2026-08-13 06:36:08,1.12,,demo
2026-08-13 06:36:18,1.27,,demo
2026-08-13 06:36:46,5.26,,demo
2026-08-13 06:37:06,2.50,,demo
2026-08-13 06:37:30,3.99,,demo
2026-08-13 06:37:41,1.39,,demo
2026-08-13 06:37:51,1.05,,demo
2026-08-13 06:38:24,8.19,,demo
2026-08-13 06:38:59,10.09,,demo
2026-08-13 06:39:27,5.01,,demo
2026-08-13 06:39:42,1.82,,demo
2026-08-13 06:40:09,2.72,,demo
2026-08-13 06:40:12,1.22,,demo
2026-08-13 06:40:24,1.31,,demo
2026-08-13 06:40:48,1.25,,demo
2026-08-13 06:41:14,14.26,,demo
2026-08-13 06:41:38,2.06,,demo
2026-08-13 06:41:42,1.28,,demo
2026-08-13 06:42:27,17.50,,demo
2026-08-13 06:42:34,1.15,,demo
2026-08-13 06:42:50,1.83,,demo
2026-08-13 06:43:31,15.03,,demo
2026-08-13 06:44:06,8.63,,demo
2026-08-13 06:44:13,1.12,,demo
2026-08-13 06:44:25,1.31,,demo
2026-08-13 06:44:46,1.30,,demo
2026-08-13 06:44:54,2.34,,demo
2026-08-13 06:45:39,21.85,,demo
2026-08-13 06:45:50,1.24,,demo
2026-08-13 06:46:18,1.95,,demo
2026-08-13 06:46:18,1.36,,demo
2026-08-13 06:46:27,1.11,,demo
2026-08-13 06:46:35,1.00,,demo
2026-08-13 06:46:57,1.69,,demo
2026-08-13 06:47:09,2.63,,demo
2026-08-13 06:47:18,1.13,,demo
2026-08-13 06:47:35,1.10,,demo
2026-08-13 06:48:14,24.73,,demo
2026-08-13 06:48:25,1.28,,demo
2026-08-13 06:48:47,1.17,,demo
2026-08-13 06:49:01,4.36,,demo
2026-08-13 06:49:31,1.97,,demo
2026-08-13 06:49:33,1.94,,demo
2026-08-13 06:49:52,2.67,,demo
2026-08-13 06:50:12,1.33,,demo
2026-08-13 06:50:46,16.03,,demo
2026-08-13 06:51:26,13.64,,demo
2026-08-13 06:51:33,1.00,,demo
2026-08-13 06:51:43,1.15,,demo
2026-08-13 06:52:06,1.35,,demo
2026-08-13 06:52:19,4.21,,demo
2026-08-13 06:52:30,1.26,,demo
2026-08-13 06:52:51,2.90,,demo
2026-08-13 06:53:00,1.05,,demo
2026-08-13 06:53:27,2.55,,demo
2026-08-13 06:53:34,1.83,,demo
2026-08-13 06:53:50,1.94,,demo
2026-08-13 06:54:09,2.50,,demo
2026-08-13 06:54:19,1.20,,demo
2026-08-13 06:54:28,1.00,,demo
2026-08-13 06:54:50,2.52,,demo
2026-08-13 06:54:57,1.25,,demo
2026-08-13 06:55:29,6.60,,demo
2026-08-13 06:55:45,2.10,,demo
2026-08-13 06:56:26,15.40,,demo
2026-08-13 06:56:59,2.99,,demo
2026-08-13 06:57:08,2.92,,demo
2026-08-13 06:57:22,1.59,,demo
2026-08-13 06:57:33,1.28,,demo
2026-08-13 06:57:51,1.00,,demo
2026-08-13 06:57:54,1.54,,demo
2026-08-13 06:58:43,29.19,,demo
2026-08-13 06:58:56,1.59,,demo
2026-08-13 06:59:18,1.87,,demo
2026-08-13 06:59:33,3.02,,demo
2026-08-13 07:00:01,1.69,,demo
2026-08-13 07:00:11,3.80,,demo
2026-08-13 07:00:25,1.64,,demo
2026-08-13 07:00:44,2.31,,demo
2026-08-13 07:00:57,1.64,,demo
2026-08-13 07:01:21,1.87,,demo
2026-08-13 07:01:34,2.96,,demo
2026-08-13 07:02:06,2.69,,demo
2026-08-13 07:02:21,4.82,,demo
2026-08-13 07:02:51,6.39,,demo
2026-08-13 07:03:05,1.63,,demo
2026-08-13 07:03:30,1.91,,demo
2026-08-13 07:03:33,1.40,,demo
2026-08-13 07:03:41,1.06,,demo
2026-08-13 07:04:13,7.15,,demo
2026-08-13 07:04:25,1.44,,demo
2026-08-13 07:04:35,1.03,,demo
2026-08-13 07:04:52,1.00,,demo
2026-08-13 07:04:54,1.45,,demo
2026-08-13 07:05:24,2.54,,demo
2026-08-13 07:05:25,1.32,,demo
2026-08-13 07:05:33,1.00,,demo
2026-08-13 07:05:41,1.01,,demo
2026-08-13 07:06:35,11.26,,demo
2026-08-13 07:07:18,71.68,,demo
2026-08-13 07:07:35,1.09,,demo
2026-08-13 07:07:56,6.11,,demo
2026-08-13 07:08:17,1.20,,demo
2026-08-13 07:08:18,1.28,,demo
2026-08-13 07:08:45,2.72,,demo
2026-08-13 07:08:55,2.12,,demo
2026-08-13 07:09:07,1.46,,demo
2026-08-13 07:09:31,3.82,,demo
2026-08-13 07:09:51,2.63,,demo
2026-08-13 07:10:12,1.40,,demo
2026-08-13 07:10:15,1.36,,demo
2026-08-13 07:10:51,1.25,,demo
2026-08-13 07:11:02,1.47,,demo
2026-08-13 07:11:37,9.81,,demo
2026-08-13 07:11:50,1.50,,demo
2026-08-13 07:12:13,2.63,,demo
2026-08-13 07:12:19,1.04,,demo
2026-08-13 07:12:32,1.63,,demo
2026-08-13 07:12:57,1.60,,demo
2026-08-13 07:13:31,21.41,,demo
2026-08-13 07:13:54,3.35,,demo
2026-08-13 07:14:06,1.56,,demo
2026-08-13 07:14:26,1.21,,demo
2026-08-13 07:14:53,3.51,,demo
2026-08-13 07:14:53,1.00,,demo
2026-08-13 07:15:04,1.85,,demo
2026-08-13 07:15:14,1.23,,demo
2026-08-13 07:15:42,5.13,,demo
2026-08-13 07:16:16,8.52,,demo
2026-08-13 07:16:32,1.96,,demo
2026-08-13 07:17:15,18.48,,demo
2026-08-13 07:17:28,1.61,,demo
2026-08-13 07:17:48,1.45,,demo
2026-08-13 07:17:58,2.12,,demo
2026-08-13 07:18:11,1.53,,demo
2026-08-13 07:18:35,2.00,,demo
2026-08-13 07:19:19,1.22,,demo
2026-08-13 07:19:36,2.38,,demo
2026-08-13 07:19:45,1.12,,demo
2026-08-13 07:20:02,1.48,,demo
2026-08-13 07:20:10,1.40,,demo
2026-08-13 07:20:24,1.59,,demo
2026-08-13 07:20:47,1.94,,demo
2026-08-13 07:22:30,2995.65,,demo
2026-08-13 07:22:44,2.89,,demo
2026-08-13 07:23:06,2.58,,demo
2026-08-13 07:23:15,1.29,,demo
2026-08-13 07:23:24,1.14,,demo
2026-08-13 07:23:45,1.14,,demo
2026-08-13 07:23:54,2.70,,demo
2026-08-13 07:24:05,1.23,,demo
2026-08-13 07:24:20,1.16,,demo
2026-08-13 07:24:29,1.75,,demo
2026-08-13 07:25:07,6.27,,demo
2026-08-13 07:25:53,18.58,,demo
2026-08-13 07:26:01,2.50,,demo
2026-08-13 07:26:38,3.55,,demo
2026-08-13 07:26:42,2.22,,demo
2026-08-13 07:26:52,1.16,,demo
2026-08-13 07:27:19,3.75,,demo
2026-08-13 07:27:25,1.03,,demo
2026-08-13 07:27:37,1.54,,demo
2026-08-13 07:28:20,17.53,,demo
2026-08-13 07:28:29,1.10,,demo
2026-08-13 07:28:52,3.50,,demo
2026-08-13 07:29:07,1.87,,demo
2026-08-13 07:29:32,2.68,,demo
2026-08-13 07:29:36,1.03,,demo
2026-08-13 07:30:13,3.69,,demo
2026-08-13 07:30:34,8.99,,demo
2026-08-13 07:30:59,3.49,,demo
2026-08-13 07:31:11,1.62,,demo
2026-08-13 07:31:38,1.01,,demo
2026-08-13 07:31:46,1.01,,demo
2026-08-13 07:32:18,4.62,,demo
2026-08-13 07:32:48,10.27,,demo
2026-08-13 07:33:05,1.04,,demo
2026-08-13 07:33:09,1.26,,demo
2026-08-13 07:33:42,2.75,,demo
2026-08-13 07:34:02,8.61,,demo
2026-08-13 07:34:27,2.54,,demo
2026-08-13 07:34:33,1.40,,demo
2026-08-13 07:35:09,2.42,,demo
2026-08-13 07:35:09,1.21,,demo
2026-08-13 07:35:13,1.23,,demo
2026-08-13 07:35:50,5.36,,demo
2026-08-13 07:36:11,6.15,,demo
2026-08-13 07:36:21,1.17,,demo
2026-08-13 07:36:51,6.62,,demo
2026-08-13 07:37:21,5.07,,demo
2026-08-13 07:37:32,1.43,,demo
2026-08-13 07:37:42,1.24,,demo
2026-08-13 07:38:07,1.25,,demo
2026-08-13 07:38:21,5.47,,demo
2026-08-13 07:38:55,6.21,,demo
2026-08-13 07:39:15,2.47,,demo
2026-08-13 07:40:00,11.28,,demo
2026-08-13 07:40:02,1.68,,demo
2026-08-13 07:40:16,1.74,,demo
2026-08-13 07:40:41,2.88,,demo
2026-08-13 07:40:50,1.57,,demo
2026-08-13 07:41:02,1.29,,demo
2026-08-13 07:41:23,1.19,,demo
2026-08-13 07:41:25,1.55,,demo
2026-08-13 07:41:33,1.07,,demo
2026-08-13 07:41:47,1.56,,demo
2026-08-13 07:42:47,77.52,,demo
2026-08-13 07:42:57,1.14,,demo
2026-08-13 07:43:17,2.70,,demo
2026-08-13 07:43:47,2.21,,demo
2026-08-13 07:44:00,4.38,,demo
2026-08-13 07:44:30,1.84,,demo
2026-08-13 07:44:30,1.12,,demo
2026-08-13 07:44:43,2.16,,demo
2026-08-13 07:45:18,2.88,,demo
2026-08-13 07:45:29,4.38,,demo
2026-08-13 07:45:43,1.70,,demo
2026-08-13 07:46:13,5.91,,demo
2026-08-13 07:46:32,1.10,,demo
2026-08-13 07:46:35,1.13,,demo
2026-08-13 07:46:40,1.04,,demo
2026-08-13 07:47:20,4.55,,demo
2026-08-13 07:47:46,14.66,,demo
2026-08-13 07:48:08,2.40,,demo
2026-08-13 07:48:38,8.61,,demo
2026-08-13 07:49:00,1.92,,demo
2026-08-13 07:49:11,2.09,,demo
2026-08-13 07:49:20,1.00,,demo
2026-08-13 07:50:11,38.61,,demo
2026-08-13 07:50:29,2.39,,demo
2026-08-13 07:50:52,2.07,,demo
2026-08-13 07:50:55,1.07,,demo
2026-08-13 07:51:45,31.18,,demo
2026-08-13 07:51:58,1.33,,demo
2026-08-13 07:52:06,1.16,,demo
2026-08-13 07:52:24,2.04,,demo
2026-08-13 07:52:54,6.84,,demo
2026-08-13 07:53:26,7.16,,demo
2026-08-13 07:53:44,2.45,,demo
2026-08-13 07:54:33,29.95,,demo
2026-08-13 07:55:06,7.37,,demo
2026-08-13 07:55:20,1.77,,demo
2026-08-13 07:55:43,1.77,,demo
2026-08-13 07:55:48,1.06,,demo
2026-08-13 07:56:01,2.29,,demo
2026-08-13 07:57:58,4.10,,demo
2026-08-13 07:58:24,1.52,,demo
2026-08-13 07:58:24,1.19,,demo
2026-08-13 07:58:38,2.66,,demo
2026-08-13 07:58:52,1.51,,demo
2026-08-13 07:59:06,1.24,,demo
2026-08-13 07:59:19,2.26,,demo
2026-08-13 07:59:34,1.73,,demo
2026-08-13 07:59:49,1.74,,demo
2026-08-13 08:00:30,16.27,,demo
2026-08-13 08:00:53,3.49,,demo
2026-08-13 08:01:26,1.10,,demo
2026-08-13 08:01:34,1.25,,demo
2026-08-13 08:02:00,4.40,,demo
2026-08-13 08:02:17,2.15,,demo
2026-08-13 08:02:35,2.38,,demo
2026-08-13 08:03:25,2.27,,demo
2026-08-13 08:03:25,2.10,,demo
2026-08-13 08:03:28,2.29,,demo
2026-08-13 08:03:46,1.94,,demo
2026-08-13 08:04:02,2.28,,demo
2026-08-13 08:04:13,1.25,,demo
2026-08-13 08:04:30,1.32,,demo
2026-08-13 08:04:35,1.26,,demo
2026-08-13 08:04:43,1.01,,demo
2026-08-13 08:04:52,1.07,,demo
2026-08-13 08:05:36,19.99,,demo
2026-08-13 08:05:58,3.22,,demo
2026-08-13 08:06:14,1.86,,demo
2026-08-13 08:06:40,4.04,,demo
2026-08-13 08:06:55,1.95,,demo
2026-08-13 08:07:07,1.55,,demo
2026-08-13 08:07:32,1.35,,demo
2026-08-13 08:07:50,6.61,,demo
2026-08-13 08:08:17,4.64,,demo
2026-08-13 08:08:28,1.32,,demo
2026-08-13 08:08:39,1.28,,demo
2026-08-13 08:09:01,1.00,,demo
2026-08-13 08:09:16,5.61,,demo
2026-08-13 08:09:27,1.28,,demo
2026-08-13 08:09:37,1.15,,demo
2026-08-13 08:10:27,14.64,,demo
2026-08-13 08:10:54,3.65,,demo
2026-08-13 08:11:05,4.21,,demo
2026-08-13 08:11:13,1.00,,demo
2026-08-13 08:11:29,1.96,,demo
2026-08-13 08:11:38,1.06,,demo
2026-08-13 08:11:46,1.00,,demo
2026-08-13 08:12:29,16.46,,demo
2026-08-13 08:13:22,12.18,,demo
2026-08-13 08:13:39,6.55,,demo
2026-08-13 08:13:48,1.30,,demo
2026-08-13 08:14:25,3.40,,demo
2026-08-13 08:14:32,3.08,,demo
2026-08-13 08:14:52,2.73,,demo
2026-08-13 08:15:11,1.00,,demo
2026-08-13 08:15:11,1.11,,demo
2026-08-13 08:15:28,2.36,,demo
2026-08-13 08:16:06,4.30,,demo
2026-08-13 08:16:06,1.00,,demo
2026-08-13 08:16:10,1.09,,demo
2026-08-13 08:17:12,3.02,,demo
2026-08-13 08:17:12,11.89,,demo
2026-08-13 08:17:38,2.86,,demo
2026-08-13 08:18:31,22.39,,demo
2026-08-13 08:18:36,2.76,,demo
2026-08-13 08:18:46,1.17,,demo
2026-08-13 08:19:11,3.20,,demo
2026-08-13 08:19:22,1.67,,demo
2026-08-13 08:19:31,1.16,,demo
2026-08-13 08:20:51,3.34,,demo
2026-08-13 08:20:51,1.19,,demo
2026-08-13 08:20:51,1.16,,demo
2026-08-13 08:20:51,2.47,,demo
2026-08-13 08:20:51,1.73,,demo
2026-08-13 08:21:22,9.42,,demo
2026-08-13 08:21:36,1.59,,demo
2026-08-13 08:22:01,2.43,,demo
2026-08-13 08:22:19,3.50,,demo
2026-08-13 08:22:42,2.06,,demo
2026-08-13 08:22:50,1.84,,demo
2026-08-13 08:23:01,1.28,,demo
2026-08-13 08:24:51,8.59,,demo
2026-08-13 08:24:51,1.29,,demo
2026-08-13 08:24:56,1.31,,demo
2026-08-13 08:25:20,2.03,,demo
2026-08-13 08:25:20,1.00,,demo
2026-08-13 08:25:54,4.73,,demo
2026-08-13 08:25:57,1.19,,demo
2026-08-13 08:26:10,1.52,,demo
2026-08-13 08:26:23,1.52,,demo
2026-08-13 08:26:41,2.33,,demo
2026-08-13 08:27:09,1.95,,demo
2026-08-13 08:27:11,1.54,,demo
2026-08-13 08:27:20,1.14,,demo
2026-08-13 08:27:38,2.28,,demo
2026-08-13 08:27:58,1.81,,demo
2026-08-13 08:29:11,7.00,,demo
2026-08-13 08:29:11,1.51,,demo
2026-08-13 08:29:11,1.00,,demo
2026-08-13 08:29:11,1.64,,demo
2026-08-13 08:29:33,3.14,,demo
2026-08-13 08:29:36,1.68,,demo
2026-08-13 08:29:52,1.91,,demo
2026-08-13 08:30:12,2.84,,demo
2026-08-13 08:30:35,3.24,,demo
2026-08-13 08:30:58,1.19,,demo
2026-08-13 08:32:10,5.84,,demo
2026-08-13 08:32:10,1.52,,demo
2026-08-13 08:32:10,1.58,,demo
2026-08-13 08:32:10,3.48,,demo
2026-08-13 08:32:15,1.39,,demo
2026-08-13 10:23:43,2.07,,demo
2026-08-13 10:23:55,1.30,,demo
2026-08-13 10:24:03,1.02,,demo
2026-08-13 10:24:14,1.28,,demo
2026-08-13 10:24:25,1.29,,demo
2026-08-13 10:25:09,19.93,,demo
2026-08-13 10:25:21,1.36,,demo
2026-08-13 10:25:40,2.59,,demo
2026-08-13 10:26:19,12.73,,demo
2026-08-13 10:27:05,24.91,,demo
2026-08-13 10:27:25,2.56,,demo
2026-08-13 10:27:34,1.12,,demo
2026-08-13 10:27:42,1.02,,demo
2026-08-13 10:27:55,1.49,,demo
2026-08-13 10:28:04,1.06,,demo
2026-08-13 10:28:28,3.83,,demo
2026-08-13 10:28:59,3.38,,demo
2026-08-13 10:29:27,10.41,,demo
2026-08-13 10:29:42,1.85,,demo
2026-08-13 10:30:01,2.47,,demo
2026-08-13 10:30:15,1.63,,demo
2026-08-13 10:30:44,5.87,,demo
2026-08-13 10:30:56,1.39,,demo
2026-08-13 10:31:06,1.15,,demo
2026-08-13 10:31:32,4.44,,demo
2026-08-13 10:31:40,1.00,,demo
2026-08-13 10:31:54,1.62,,demo
2026-08-13 10:32:04,1.25,,demo
2026-08-13 10:32:34,4.32,,demo
2026-08-13 10:32:54,2.63,,demo
2026-08-13 10:33:03,1.13,,demo
2026-08-13 10:33:25,3.07,,demo
2026-08-13 10:33:39,1.70,,demo
2026-08-13 10:34:09,6.29,,demo
2026-08-13 10:34:18,1.06,,demo
2026-08-13 10:34:33,1.77,,demo
2026-08-13 10:34:43,1.23,,demo
2026-08-13 10:35:33,31.62,,demo
2026-08-13 10:35:46,1.49,,demo
2026-08-13 10:36:15,5.91,,demo
2026-08-13 10:36:46,6.70,,demo
2026-08-13 10:36:58,1.36,,demo
2026-08-13 10:37:06,1.04,,demo
2026-08-13 10:37:56,33.90,,demo
2026-08-13 10:38:19,3.32,,demo
2026-08-13 10:38:50,6.96,,demo
2026-08-13 10:38:59,1.09,,demo
2026-08-13 10:39:25,4.54,,demo
2026-08-13 10:40:51,630.04,,demo
2026-08-13 10:41:06,1.84,,demo
2026-08-13 10:41:14,1.00,,demo
2026-08-13 10:41:22,1.00,,demo
2026-08-13 10:41:30,1.00,,demo
2026-08-13 10:41:39,1.02,,demo
2026-08-13 10:41:55,1.98,,demo
2026-08-13 10:42:34,13.69,,demo
2026-08-13 10:42:51,2.11,,demo
2026-08-13 10:43:03,1.39,,demo
2026-08-13 10:43:25,3.23,,demo
2026-08-13 10:44:03,11.64,,demo
2026-08-13 10:44:20,2.22,,demo
2026-08-13 10:44:57,10.55,,demo
2026-08-13 10:45:05,1.01,,demo
2026-08-13 10:45:48,18.16,,demo
2026-08-13 10:46:05,2.07,,demo
2026-08-13 10:46:23,2.45,,demo
2026-08-13 10:46:35,1.30,,demo
2026-08-13 10:46:51,2.11,,demo
2026-08-13 10:47:24,7.74,,demo
2026-08-13 10:47:38,1.61,,demo
2026-08-13 10:47:51,1.59,,demo
2026-08-13 10:48:06,1.71,,demo
2026-08-13 10:48:16,1.23,,demo
2026-08-13 10:49:06,31.90,,demo
2026-08-13 10:49:17,1.23,,demo
2026-08-13 10:49:29,1.45,,demo
2026-08-13 10:50:19,32.37,,demo
2026-08-13 10:51:18,72.54,,demo
2026-08-13 10:51:36,2.26,,demo
2026-08-13 10:52:58,469.72,,demo
2026-08-13 10:53:06,1.00,,demo
2026-08-13 10:53:32,4.46,,demo
2026-08-13 10:53:50,2.24,,demo
2026-08-13 10:54:10,2.89,,demo
2026-08-13 10:54:19,1.01,,demo
2026-08-13 10:54:27,1.01,,demo
2026-08-13 10:54:51,3.83,,demo
2026-08-13 10:55:07,1.95,,demo
2026-08-13 10:55:30,3.43,,demo
2026-08-13 10:55:54,3.78,,demo
2026-08-13 10:56:09,1.83,,demo
2026-08-13 10:56:26,2.07,,demo
2026-08-13 10:56:39,1.53,,demo
2026-08-13 10:57:18,13.34,,demo
2026-08-13 10:57:54,10.48,,demo
2026-08-13 10:58:22,5.10,,demo
2026-08-13 10:58:52,6.28,,demo
2026-08-13 10:59:20,5.04,,demo
2026-08-13 10:59:58,12.44,,demo
2026-08-13 11:00:08,1.23,,demo
2026-08-13 11:00:20,1.29,,demo
2026-08-13 11:00:36,1.98,,demo
2026-08-13 11:00:44,1.00,,demo
2026-08-13 11:01:34,35.24,,demo
2026-08-13 11:02:09,9.44,,demo
2026-08-13 11:02:55,21.86,,demo
2026-08-13 11:03:03,1.08,,demo
2026-08-13 11:03:18,1.70,,demo
2026-08-13 11:03:26,1.01,,demo
2026-08-13 11:03:41,1.71,,demo
2026-08-13 11:03:50,1.15,,demo
2026-08-13 11:04:02,1.41,,demo
2026-08-13 11:04:34,7.31,,demo
2026-08-13 11:04:44,1.10,,demo
2026-08-13 11:05:07,3.75,,demo
2026-08-13 11:06:03,51.03,,demo
2026-08-13 11:06:14,1.36,,demo
2026-08-13 11:06:32,2.19,,demo
2026-08-13 11:06:51,2.50,,demo
2026-08-13 11:07:08,2.07,,demo
2026-08-13 11:07:25,2.09,,demo
2026-08-13 11:07:33,1.00,,demo
2026-08-13 11:07:41,1.06,,demo
2026-08-13 11:07:49,1.00,,demo
2026-08-13 11:08:09,2.59,,demo
2026-08-13 11:08:34,4.22,,demo
2026-08-13 11:08:57,3.36,,demo
2026-08-13 11:09:09,1.42,,demo
2026-08-13 11:09:29,2.66,,demo
2026-08-13 11:09:41,1.43,,demo
2026-08-13 11:09:51,1.20,,demo
2026-08-13 11:10:23,7.01,,demo
2026-08-13 11:10:34,1.28,,demo
2026-08-13 11:10:45,1.36,,demo
2026-08-13 11:10:57,1.31,,demo
2026-08-13 11:11:12,1.87,,demo
2026-08-13 11:11:36,3.83,,demo
2026-08-13 11:11:45,1.02,,demo
2026-08-13 11:11:58,1.58,,demo
2026-08-13 11:12:31,7.70,,demo
2026-08-13 11:12:45,1.72,,demo
2026-08-13 11:12:58,1.44,,demo
2026-08-13 11:13:53,53.03,,demo
2026-08-13 11:14:28,9.05,,demo
2026-08-13 11:14:42,1.68,,demo
2026-08-13 11:14:59,2.01,,demo
2026-08-13 11:15:07,1.04,,demo
2026-08-13 11:15:37,6.42,,demo
2026-08-13 11:15:48,1.24,,demo
2026-08-13 11:16:07,2.53,,demo
2026-08-13 11:16:19,1.32,,demo
2026-08-13 11:16:32,1.53,,demo
2026-08-13 11:16:46,1.66,,demo
2026-08-13 11:16:57,1.34,,demo
2026-08-13 11:17:06,1.08,,demo
2026-08-13 11:17:17,1.28,,demo
2026-08-13 11:17:30,1.51,,demo
2026-08-13 11:17:48,2.20,,demo
2026-08-13 11:18:06,2.33,,demo
2026-08-13 11:18:18,1.36,,demo
2026-08-13 11:18:38,2.74,,demo
2026-08-13 11:18:46,1.00,,demo
2026-08-13 11:19:09,3.43,,demo
2026-08-13 11:19:20,1.26,,demo
2026-08-13 11:19:58,12.70,,demo
2026-08-13 11:20:07,1.06,,demo
2026-08-13 11:20:20,1.48,,demo
2026-08-13 11:20:46,4.72,,demo
2026-08-13 11:21:16,6.05,,demo
2026-08-13 11:21:32,1.91,,demo
2026-08-13 11:21:53,3.07,,demo
2026-08-13 11:22:06,1.46,,demo
2026-08-13 11:22:47,16.24,,demo
2026-08-13 11:23:02,1.70,,demo
2026-08-13 11:23:20,2.30,,demo
2026-08-13 11:23:37,2.25,,demo
2026-08-13 11:23:50,1.52,,demo
2026-08-13 11:24:08,2.22,,demo
2026-08-13 11:24:18,1.17,,demo
2026-08-13 11:24:51,8.00,,demo
2026-08-13 11:25:06,1.80,,demo
2026-08-13 11:25:41,9.27,,demo
2026-08-13 11:25:58,2.07,,demo
2026-08-13 11:26:25,5.03,,demo
2026-08-13 11:26:35,1.21,,demo
2026-08-13 11:26:45,1.14,,demo
2026-08-13 11:26:53,1.00,,demo
2026-08-13 11:27:14,2.97,,demo
2026-08-13 11:27:28,1.57,,demo
2026-08-13 11:27:43,1.92,,demo
2026-08-13 11:27:58,1.77,,demo
2026-08-13 11:28:08,1.17,,demo
2026-08-13 11:28:25,2.13,,demo
2026-08-13 11:28:39,1.62,,demo
2026-08-13 11:29:20,15.21,,demo
2026-08-13 11:29:49,5.74,,demo
2026-08-13 11:31:21,1148.45,,demo
2026-08-13 11:31:47,4.19,,demo
2026-08-13 11:31:55,1.01,,demo
2026-08-13 11:32:06,1.27,,demo
2026-08-13 11:32:22,2.02,,demo
2026-08-13 11:32:40,2.21,,demo
2026-08-13 11:32:58,2.26,,demo
2026-08-13 11:33:10,1.40,,demo
2026-08-13 11:33:20,1.17,,demo
2026-08-13 11:33:48,5.42,,demo
2026-08-13 11:33:56,1.00,,demo
2026-08-13 11:34:14,2.34,,demo
2026-08-13 11:34:25,1.27,,demo
2026-08-13 11:34:42,2.05,,demo
2026-08-13 11:35:21,13.39,,demo
2026-08-13 11:35:30,1.11,,demo
2026-08-13 11:35:51,2.99,,demo
2026-08-13 11:36:51,71.84,,demo
2026-08-13 11:37:32,15.76,,demo
2026-08-13 11:38:09,10.94,,demo
2026-08-13 11:38:33,3.75,,demo
2026-08-13 11:38:42,1.11,,demo
2026-08-13 11:39:00,2.28,,demo
2026-08-13 11:39:22,3.25,,demo
2026-08-13 11:39:31,1.05,,demo
2026-08-13 11:39:42,1.33,,demo
2026-08-13 11:39:50,1.00,,demo
2026-08-13 11:40:07,2.11,,demo
2026-08-13 11:40:18,1.31,,demo
2026-08-13 11:40:32,1.59,,demo
2026-08-13 11:40:42,1.19,,demo
2026-08-13 11:41:15,8.28,,demo
2026-08-13 11:41:25,1.17,,demo
2026-08-13 11:41:36,1.26,,demo
2026-08-13 11:41:57,2.94,,demo
2026-08-13 11:42:08,1.29,,demo
2026-08-13 11:42:17,1.07,,demo
2026-08-13 11:42:25,1.00,,demo
2026-08-13 11:42:48,3.56,,demo
2026-08-13 11:43:02,1.59,,demo
2026-08-13 11:44:14,200.41,,demo
2026-08-13 11:44:24,1.17,,demo
2026-08-13 11:44:36,1.45,,demo
2026-08-13 11:44:48,1.44,,demo
2026-08-13 11:45:06,2.28,,demo
2026-08-13 11:45:33,4.67,,demo
2026-08-13 11:45:42,1.12,,demo
2026-08-13 11:45:51,1.03,,demo
2026-08-13 11:45:59,1.00,,demo
2026-08-13 11:46:41,16.84,,demo
2026-08-13 11:46:57,1.96,,demo
2026-08-13 11:47:12,1.79,,demo
2026-08-13 11:47:27,1.83,,demo
2026-08-13 11:47:56,5.82,,demo
2026-08-13 11:48:50,45.87,,demo
2026-08-13 11:49:12,3.20,,demo
2026-08-13 11:49:39,4.62,,demo
2026-08-13 11:50:18,13.49,,demo
2026-08-13 11:50:27,1.09,,demo
2026-08-13 11:50:39,1.38,,demo
2026-08-13 11:51:03,3.97,,demo
2026-08-13 11:51:22,2.33,,demo
2026-08-13 11:51:49,4.86,,demo
2026-08-13 11:52:10,3.15,,demo
2026-08-13 11:52:19,1.06,,demo
2026-08-13 11:52:29,1.18,,demo
2026-08-13 11:52:54,4.08,,demo
2026-08-13 11:53:04,1.21,,demo
2026-08-13 11:53:29,3.90,,demo
2026-08-13 11:53:59,6.39,,demo
2026-08-13 11:54:24,4.03,,demo
2026-08-13 11:54:32,1.00,,demo
2026-08-13 11:54:40,1.00,,demo
2026-08-13 11:54:57,2.13,,demo
2026-08-13 11:55:37,13.92,,demo
2026-08-13 11:55:51,1.73,,demo
2026-08-13 11:56:19,5.17,,demo
2026-08-13 11:56:45,4.43,,demo
2026-08-13 11:56:59,1.67,,demo
2026-08-13 11:57:08,1.04,,demo
2026-08-13 11:57:19,1.37,,demo
2026-08-13 11:57:30,1.24,,demo
2026-08-13 11:57:51,2.87,,demo
2026-08-13 11:57:59,1.00,,demo
2026-08-13 11:58:09,1.17,,demo
2026-08-13 11:58:40,6.77,,demo
2026-08-13 11:58:54,1.67,,demo
2026-08-13 11:59:03,1.13,,demo
2026-08-13 11:59:33,6.05,,demo
2026-08-13 11:59:42,1.09,,demo
2026-08-13 12:00:19,11.26,,demo
2026-08-13 12:01:02,18.35,,demo
2026-08-13 12:01:52,32.14,,demo
2026-08-13 12:02:06,1.69,,demo
2026-08-13 12:02:21,1.75,,demo
2026-08-13 12:02:32,1.33,,demo
2026-08-13 12:02:44,1.37,,demo
2026-08-13 12:03:15,6.70,,demo
2026-08-13 12:03:25,1.17,,demo
2026-08-13 12:03:45,2.65,,demo
2026-08-13 12:04:26,16.18,,demo
2026-08-13 12:05:01,9.37,,demo
2026-08-13 12:05:13,1.33,,demo
2026-08-13 12:05:27,1.69,,demo
2026-08-13 12:05:38,1.30,,demo
2026-08-13 12:06:15,11.24,,demo
2026-08-13 12:06:23,1.00,,demo
2026-08-13 12:06:51,5.32,,demo
2026-08-13 12:07:01,1.13,,demo
2026-08-13 12:07:22,2.93,,demo
2026-08-13 12:07:30,1.00,,demo
2026-08-13 12:07:47,2.15,,demo
2026-08-13 12:08:24,11.35,,demo
2026-08-13 12:08:32,1.01,,demo
2026-08-13 12:08:55,3.31,,demo
2026-08-13 12:09:17,3.35,,demo
2026-08-13 12:09:33,1.97,,demo
2026-08-13 12:09:47,1.64,,demo
2026-08-13 12:10:07,2.72,,demo
2026-08-13 12:10:19,1.34,,demo
2026-08-13 12:10:33,1.61,,demo
2026-08-13 12:10:48,1.76,,demo
2026-08-13 12:10:56,1.03,,demo
2026-08-13 12:11:07,1.25,,demo
2026-08-13 12:11:59,39.84,,demo
2026-08-13 12:12:16,2.16,,demo
2026-08-13 12:12:34,2.70,,demo
2026-08-13 12:13:12,11.77,,demo
2026-08-13 12:13:23,1.24,,demo
2026-08-13 12:14:09,25.08,,demo
2026-08-13 12:14:24,1.74,,demo
2026-08-13 12:14:58,8.47,,demo
2026-08-13 12:15:13,1.85,,demo
2026-08-13 12:15:35,3.07,,demo
2026-08-13 12:15:54,2.50,,demo
2026-08-13 12:16:18,4.00,,demo
2026-08-13 12:16:55,10.67,,demo
2026-08-13 12:17:18,3.60,,demo
2026-08-13 12:17:39,2.89,,demo
2026-08-13 12:17:57,2.40,,demo
2026-08-13 12:18:37,13.62,,demo
2026-08-13 12:19:00,3.45,,demo
2026-08-13 12:19:21,2.96,,demo
2026-08-13 12:19:29,1.00,,demo
2026-08-13 12:19:37,1.01,,demo
2026-08-13 12:20:05,5.46,,demo
2026-08-13 12:20:28,3.48,,demo
2026-08-13 12:20:44,1.81,,demo
2026-08-13 12:20:56,1.46,,demo
2026-08-13 12:21:25,5.78,,demo
2026-08-13 12:21:50,3.97,,demo
2026-08-13 12:22:11,2.90,,demo
2026-08-13 12:22:30,2.62,,demo
2026-08-13 12:22:50,2.60,,demo
2026-08-13 12:23:28,12.02,,demo
2026-08-13 12:23:37,1.16,,demo
2026-08-13 12:23:57,2.62,,demo
2026-08-13 12:24:24,4.93,,demo
2026-08-13 12:24:32,1.00,,demo
2026-08-13 12:24:42,1.17,,demo
2026-08-13 12:25:21,12.85,,demo
2026-08-13 12:25:44,3.46,,demo
2026-08-13 12:25:57,1.51,,demo
2026-08-13 12:26:16,2.44,,demo
2026-08-13 12:26:27,1.27,,demo
2026-08-13 12:26:59,7.81,,demo
2026-08-13 12:27:14,1.74,,demo
2026-08-13 12:27:28,1.68,,demo
2026-08-13 12:27:38,1.18,,demo
2026-08-13 12:28:15,10.77,,demo
2026-08-13 12:28:24,1.07,,demo
2026-08-13 12:28:45,3.18,,demo
2026-08-13 12:29:15,5.79,,demo
2026-08-13 12:29:36,3.14,,demo
2026-08-13 12:30:43,128.40,,demo
2026-08-13 12:30:55,1.41,,demo
2026-08-13 12:31:20,4.22,,demo
2026-08-13 12:31:50,6.17,,demo
2026-08-13 12:32:05,1.78,,demo
2026-08-13 12:32:14,1.11,,demo
2026-08-13 12:32:31,2.05,,demo
2026-08-13 12:32:46,1.88,,demo
2026-08-13 12:34:19,1151.11,,demo
2026-08-13 12:34:32,1.44,,demo
2026-08-13 12:34:52,2.82,,demo
2026-08-13 12:35:16,3.69,,demo
2026-08-13 12:35:38,3.16,,demo
2026-08-13 12:35:59,3.17,,demo
2026-08-13 12:36:11,1.36,,demo
2026-08-13 12:36:48,10.84,,demo
2026-08-13 12:37:05,2.19,,demo
2026-08-13 12:37:13,1.02,,demo
2026-08-13 12:37:35,2.98,,demo
2026-08-13 12:37:45,1.26,,demo
2026-08-13 12:37:54,1.08,,demo
2026-08-13 12:38:12,2.27,,demo
2026-08-13 12:38:32,2.73,,demo
2026-08-13 12:38:43,1.25,,demo
2026-08-13 12:38:56,1.45,,demo
2026-08-13 12:39:18,3.18,,demo
2026-08-13 12:39:26,1.00,,demo
2026-08-13 12:39:39,1.52,,demo
2026-08-13 12:40:02,3.57,,demo
2026-08-13 12:40:10,1.03,,demo
2026-08-13 12:40:40,6.12,,demo
2026-08-13 12:40:52,1.42,,demo
2026-08-13 12:41:21,5.75,,demo
2026-08-13 12:41:38,2.09,,demo
2026-08-13 12:42:28,32.48,,demo
2026-08-13 12:42:41,1.45,,demo
2026-08-13 12:42:50,1.12,,demo
2026-08-13 12:43:02,1.45,,demo
2026-08-13 12:43:24,3.01,,demo
2026-08-13 12:43:59,9.80,,demo
2026-08-13 12:44:19,2.58,,demo
2026-08-13 12:44:33,1.70,,demo
2026-08-13 12:44:50,2.14,,demo
2026-08-13 12:45:08,2.22,,demo
2026-08-13 12:45:19,1.30,,demo
2026-08-13 12:45:28,1.09,,demo
2026-08-13 12:45:40,1.36,,demo
2026-08-13 12:45:48,1.05,,demo
2026-08-13 12:46:04,1.91,,demo
2026-08-13 12:46:16,1.43,,demo
2026-08-13 12:46:32,1.87,,demo
2026-08-13 12:46:42,1.22,,demo
2026-08-13 12:47:06,3.57,,demo
2026-08-13 12:47:19,1.55,,demo
2026-08-13 12:47:48,5.78,,demo
2026-08-13 12:48:04,2.01,,demo
2026-08-13 12:48:23,2.49,,demo
2026-08-13 12:48:56,7.68,,demo
2026-08-13 12:49:12,1.94,,demo
2026-08-13 12:49:24,1.40,,demo
2026-08-13 12:49:41,2.02,,demo
2026-08-13 12:50:00,2.50,,demo
2026-08-13 12:50:52,40.94,,demo
2026-08-13 12:51:33,15.05,,demo
2026-08-13 12:51:46,1.57,,demo
2026-08-13 12:51:59,1.51,,demo
2026-08-13 12:52:16,2.01,,demo
2026-08-13 12:52:24,1.00,,demo
2026-08-13 12:52:36,1.39,,demo
2026-08-13 12:52:47,1.29,,demo
2026-08-13 12:53:10,3.67,,demo
2026-08-13 12:53:29,2.50,,demo
2026-08-13 12:53:44,1.74,,demo
2026-08-13 12:53:53,1.07,,demo
2026-08-13 12:54:41,28.83,,demo
2026-08-13 12:55:02,2.91,,demo
2026-08-13 12:55:27,4.22,,demo
2026-08-13 12:55:45,2.20,,demo
2026-08-13 12:55:56,1.24,,demo
2026-08-13 12:56:30,9.13,,demo
2026-08-13 12:56:44,1.68,,demo
2026-08-13 12:56:52,1.00,,demo
2026-08-13 12:57:28,10.30,,demo
2026-08-13 12:57:36,1.00,,demo
2026-08-13 12:58:27,34.12,,demo
2026-08-13 12:58:35,1.00,,demo
2026-08-13 12:59:11,10.68,,demo
2026-08-13 12:59:31,2.65,,demo
2026-08-13 12:59:43,1.32,,demo
2026-08-13 12:59:56,1.58,,demo
2026-08-13 13:00:07,1.31,,demo
2026-08-13 13:00:27,2.72,,demo
2026-08-13 13:01:04,10.93,,demo
2026-08-13 13:01:25,2.84,,demo
2026-08-13 13:01:34,1.09,,demo
2026-08-13 13:01:59,4.06,,demo
2026-08-13 13:02:15,2.07,,demo
2026-08-13 13:02:31,1.86,,demo
2026-08-13 13:02:52,2.92,,demo
2026-08-13 13:03:26,9.18,,demo
2026-08-13 13:03:36,1.10,,demo
2026-08-13 13:03:45,1.09,,demo
2026-08-13 13:04:04,2.58,,demo
2026-08-13 13:04:27,3.48,,demo
2026-08-13 13:04:43,1.99,,demo
2026-08-13 13:04:55,1.37,,demo
2026-08-13 13:05:12,2.03,,demo
2026-08-13 13:05:26,1.71,,demo
2026-08-13 13:05:42,1.90,,demo
2026-08-13 13:06:06,3.77,,demo
2026-08-13 13:06:34,5.42,,demo
2026-08-13 13:06:56,3.16,,demo
2026-08-13 13:07:12,1.89,,demo
2026-08-13 13:07:22,1.18,,demo
2026-08-13 13:08:24,89.33,,demo
2026-08-13 13:09:07,19.77,,demo
2026-08-13 13:09:42,9.17,,demo
2026-08-13 13:10:03,2.90,,demo
2026-08-13 13:10:21,2.22,,demo
2026-08-13 13:10:30,1.02,,demo
2026-08-13 13:10:50,3.03,,demo
2026-08-13 13:10:58,1.00,,demo
2026-08-13 13:11:08,1.17,,demo
2026-08-13 13:11:42,8.37,,demo
2026-08-13 13:11:53,1.27,,demo
2026-08-13 13:12:29,10.28,,demo
2026-08-13 13:12:41,1.44,,demo
2026-08-13 13:13:23,17.63,,demo
2026-08-13 13:13:38,1.74,,demo
2026-08-13 13:13:46,1.02,,demo
2026-08-13 13:13:56,1.10,,demo
2026-08-13 13:14:06,1.26,,demo
2026-08-13 13:14:16,1.10,,demo
2026-08-13 13:14:24,1.00,,demo
2026-08-13 13:14:58,8.89,,demo
2026-08-13 13:15:19,2.87,,demo
2026-08-13 13:15:42,3.49,,demo
2026-08-13 13:15:54,1.47,,demo
2026-08-13 13:16:07,1.51,,demo
2026-08-13 13:16:26,2.43,,demo
2026-08-13 13:16:37,1.26,,demo
2026-08-13 13:16:58,3.05,,demo
2026-08-13 13:17:20,3.25,,demo
2026-08-13 13:17:30,1.15,,demo
2026-08-13 13:17:40,1.15,,demo
2026-08-13 13:17:53,1.62,,demo
2026-08-13 13:18:02,1.00,,demo
2026-08-13 13:18:12,1.23,,demo
2026-08-13 13:18:40,5.05,,demo
2026-08-13 13:18:51,1.35,,demo
2026-08-13 13:19:01,1.18,,demo
2026-08-13 13:19:14,1.53,,demo
2026-08-13 13:19:41,4.64,,demo
2026-08-13 13:19:51,1.22,,demo
2026-08-13 13:20:03,1.34,,demo
2026-08-13 13:20:42,11.74,,demo
2026-08-13 13:21:21,12.84,,demo
2026-08-13 13:21:35,1.59,,demo
2026-08-13 13:21:47,1.47,,demo
2026-08-13 13:22:10,3.38,,demo
2026-08-13 13:22:28,2.39,,demo
2026-08-13 13:22:37,1.02,,demo
2026-08-13 13:22:47,1.18,,demo
2026-08-13 13:23:16,5.81,,demo
2026-08-13 13:23:28,1.37,,demo
2026-08-13 13:23:37,1.07,,demo
2026-08-13 13:23:48,1.29,,demo
2026-08-13 13:24:07,2.62,,demo
2026-08-13 13:24:28,2.77,,demo
2026-08-13 13:24:38,1.21,,demo
2026-08-13 13:25:00,3.37,,demo
2026-08-13 13:25:09,1.06,,demo
2026-08-13 13:25:19,1.20,,demo
2026-08-13 13:25:40,2.91,,demo
2026-08-13 13:26:07,4.73,,demo
2026-08-13 13:26:18,1.25,,demo
2026-08-13 13:26:36,2.35,,demo
2026-08-13 13:26:51,1.74,,demo
2026-08-13 13:27:16,4.28,,demo
2026-08-13 13:27:25,1.10,,demo
2026-08-13 13:27:52,4.91,,demo
2026-08-13 13:28:04,1.29,,demo
2026-08-13 13:28:18,1.67,,demo
2026-08-13 13:28:49,7.09,,demo
2026-08-13 13:29:00,1.22,,demo
2026-08-13 13:29:08,1.00,,demo
2026-08-13 13:29:17,1.11,,demo
2026-08-13 13:29:36,2.51,,demo
2026-08-13 13:29:47,1.25,,demo
2026-08-13 13:30:05,2.31,,demo
2026-08-13 13:30:14,1.11,,demo
2026-08-13 13:30:31,2.15,,demo
2026-08-13 13:30:52,2.86,,demo
2026-08-13 13:31:05,1.45,,demo
2026-08-13 13:31:17,1.50,,demo
2026-08-13 13:31:45,4.95,,demo
2026-08-13 13:31:59,1.67,,demo
2026-08-13 13:32:09,1.17,,demo
2026-08-13 13:32:20,1.32,,demo
2026-08-13 13:32:29,1.07,,demo
2026-08-13 13:32:50,3.00,,demo
2026-08-13 13:33:08,2.23,,demo
2026-08-13 13:33:59,37.31,,demo
2026-08-13 13:34:14,1.76,,demo
2026-08-13 13:34:37,3.43,,demo
2026-08-13 13:34:49,1.38,,demo
2026-08-13 13:35:20,7.08,,demo
2026-08-13 13:35:32,1.30,,demo
2026-08-13 13:36:06,9.02,,demo
2026-08-13 13:36:18,1.43,,demo
2026-08-13 13:36:53,9.51,,demo
2026-08-13 13:37:06,1.46,,demo
2026-08-13 13:37:24,2.30,,demo
2026-08-13 13:38:01,11.11,,demo
2026-08-13 13:38:25,3.78,,demo
2026-08-13 13:38:35,1.20,,demo
2026-08-13 13:39:06,6.72,,demo
2026-08-13 13:39:17,1.27,,demo
2026-08-13 13:39:31,1.60,,demo
2026-08-13 13:39:55,3.93,,demo
2026-08-13 13:40:47,38.75,,demo
2026-08-13 13:40:57,1.16,,demo
2026-08-13 13:41:12,1.85,,demo
2026-08-13 13:42:10,61.76,,demo
2026-08-13 13:42:54,21.16,,demo
2026-08-13 13:43:15,2.80,,demo
2026-08-13 13:43:29,1.64,,demo
2026-08-13 13:43:37,1.00,,demo
2026-08-13 13:43:55,2.23,,demo
2026-08-13 13:44:03,1.00,,demo
2026-08-13 13:44:18,1.91,,demo
2026-08-13 13:44:34,1.84,,demo
2026-08-13 13:45:11,11.52,,demo
2026-08-13 13:46:20,162.09,,demo
2026-08-13 13:46:30,1.12,,demo
2026-08-13 13:46:41,1.28,,demo
2026-08-13 13:46:53,1.42,,demo
2026-08-13 13:47:24,6.89,,demo
2026-08-13 13:48:13,29.95,,demo
2026-08-13 13:48:45,7.72,,demo
2026-08-13 13:49:13,5.25,,demo
2026-08-13 13:49:26,1.46,,demo
2026-08-13 13:49:58,7.22,,demo
2026-08-13 13:50:25,4.82,,demo
2026-08-13 13:50:46,3.14,,demo
2026-08-13 13:51:18,6.94,,demo
2026-08-13 13:51:30,1.40,,demo
2026-08-13 13:51:43,1.53,,demo
2026-08-13 13:52:02,2.57,,demo
2026-08-13 13:52:29,4.92,,demo
2026-08-13 13:52:54,3.87,,demo
2026-08-13 13:53:09,1.88,,demo
2026-08-13 13:53:27,2.32,,demo
2026-08-13 13:53:42,1.68,,demo
2026-08-13 13:53:50,1.00,,demo
2026-08-13 13:54:04,1.74,,demo
2026-08-13 13:54:51,24.71,,demo
2026-08-13 13:55:08,2.18,,demo
2026-08-13 13:55:23,1.78,,demo
2026-08-13 13:55:46,3.46,,demo
2026-08-13 13:56:02,1.94,,demo
2026-08-13 13:56:11,1.06,,demo
2026-08-13 13:56:25,1.71,,demo
2026-08-13 13:56:41,1.82,,demo
2026-08-13 13:57:06,4.24,,demo
2026-08-13 13:57:22,1.92,,demo
2026-08-13 13:58:20,65.07,,demo
2026-08-13 13:58:43,3.60,,demo
2026-08-13 13:58:55,1.33,,demo
2026-08-13 13:59:28,7.84,,demo
2026-08-13 13:59:36,1.02,,demo
2026-08-13 14:00:22,23.80,,demo
2026-08-13 14:00:39,2.16,,demo
2026-08-13 14:00:57,2.27,,demo
2026-08-13 14:01:35,12.40,,demo
2026-08-13 14:01:46,1.19,,demo
2026-08-13 14:02:10,3.81,,demo
2026-08-13 14:02:27,2.24,,demo
2026-08-13 14:02:39,1.37,,demo
2026-08-13 14:02:56,2.12,,demo
2026-08-13 14:03:14,2.33,,demo
2026-08-13 14:03:57,18.46,,demo
2026-08-13 14:04:31,8.29,,demo
2026-08-13 14:04:49,2.31,,demo
2026-08-13 14:05:21,7.40,,demo
2026-08-13 14:05:46,4.20,,demo
2026-08-13 14:06:05,2.39,,demo
2026-08-13 14:06:15,1.19,,demo
2026-08-13 14:06:25,1.16,,demo
2026-08-13 14:06:37,1.48,,demo
2026-08-13 14:07:10,7.64,,demo
2026-08-13 14:07:24,1.60,,demo
2026-08-13 14:07:48,3.90,,demo
2026-08-13 14:08:18,6.42,,demo
2026-08-13 14:08:29,1.21,,demo
2026-08-13 14:08:40,1.35,,demo
2026-08-13 14:09:25,21.86,,demo
2026-08-13 14:09:45,2.59,,demo
2026-08-13 14:10:02,2.24,,demo
2026-08-13 14:10:16,1.59,,demo
2026-08-13 14:10:32,1.93,,demo
2026-08-13 14:11:06,8.86,,demo
2026-08-13 14:11:14,1.00,,demo
2026-08-13 14:11:35,2.99,,demo
2026-08-13 14:11:47,1.30,,demo
2026-08-13 14:11:59,1.44,,demo
2026-08-13 14:12:12,1.54,,demo
2026-08-13 14:12:54,17.05,,demo
2026-08-13 14:13:13,2.37,,demo
2026-08-13 14:13:26,1.57,,demo
2026-08-13 14:13:36,1.20,,demo
2026-08-13 14:13:50,1.63,,demo
2026-08-13 14:14:10,2.68,,demo
2026-08-13 14:14:41,6.78,,demo
2026-08-13 14:14:52,1.22,,demo
2026-08-13 14:15:05,1.55,,demo
2026-08-13 14:15:27,3.23,,demo
2026-08-13 14:15:51,3.73,,demo
2026-08-13 14:16:00,1.07,,demo
2026-08-13 14:16:09,1.16,,demo
2026-08-13 14:16:23,1.61,,demo
2026-08-13 14:16:55,7.49,,demo
2026-08-13 14:17:15,2.60,,demo
2026-08-13 14:17:40,4.18,,demo
2026-08-13 14:17:51,1.25,,demo
2026-08-13 14:18:00,1.08,,demo
2026-08-13 14:18:09,1.13,,demo
2026-08-13 14:19:00,36.12,,demo
2026-08-13 14:19:10,1.19,,demo
2026-08-13 14:19:29,2.49,,demo
2026-08-13 14:19:47,2.17,,demo
2026-08-13 14:20:07,2.66,,demo
2026-08-13 14:20:29,3.37,,demo
2026-08-13 14:20:38,1.09,,demo
2026-08-13 14:20:49,1.30,,demo
2026-08-13 14:21:12,3.44,,demo
2026-08-13 14:21:37,3.93,,demo
2026-08-13 14:21:53,1.96,,demo
2026-08-13 14:22:13,2.62,,demo
2026-08-13 14:22:35,3.35,,demo
2026-08-13 14:23:00,4.19,,demo
2026-08-13 14:23:13,1.45,,demo
2026-08-13 14:23:22,1.12,,demo
2026-08-13 14:23:30,1.01,,demo
2026-08-13 14:23:53,3.26,,demo
2026-08-13 14:24:01,1.00,,demo
2026-08-13 14:24:38,11.54,,demo
2026-08-13 14:24:52,1.59,,demo
2026-08-13 14:25:20,5.42,,demo
2026-08-13 14:25:38,2.40,,demo
2026-08-13 14:26:09,6.54,,demo
2026-08-13 14:26:17,1.00,,demo
2026-08-13 14:26:47,6.25,,demo
2026-08-13 14:27:04,2.18,,demo
2026-08-13 14:27:48,18.72,,demo
2026-08-13 14:28:40,29.62,,demo
2026-08-13 14:28:52,1.40,,demo
2026-08-13 14:29:04,1.41,,demo
2026-08-13 14:29:27,3.28,,demo
2026-08-13 14:29:49,3.43,,demo
2026-08-13 14:29:58,1.05,,demo
2026-08-13 14:30:08,1.13,,demo
2026-08-13 14:30:17,1.16,,demo
2026-08-13 14:30:27,1.17,,demo
2026-08-13 14:30:43,1.92,,demo
2026-08-13 14:31:21,11.56,,demo
2026-08-13 14:31:51,6.24,,demo
2026-08-13 14:32:01,1.22,,demo
2026-08-13 14:32:16,1.77,,demo
2026-08-13 14:32:30,1.71,,demo
2026-08-13 14:32:46,1.85,,demo
2026-08-13 14:32:54,1.00,,demo
2026-08-13 14:33:09,1.87,,demo
2026-08-13 14:33:20,1.20,,demo
2026-08-13 14:33:28,1.06,,demo
2026-08-13 14:33:37,1.09,,demo
2026-08-13 14:33:48,1.22,,demo
2026-08-13 14:34:03,1.75,,demo
2026-08-13 14:34:20,2.23,,demo
2026-08-13 14:34:37,2.01,,demo
2026-08-13 14:34:51,1.69,,demo
2026-08-13 14:35:17,4.35,,demo
2026-08-13 14:35:28,1.34,,demo
2026-08-13 14:35:47,2.37,,demo
2026-08-13 14:36:43,54.21,,demo
2026-08-13 14:36:56,1.56,,demo
2026-08-13 14:37:17,2.94,,demo
2026-08-13 14:37:34,2.07,,demo
2026-08-13 14:37:50,1.94,,demo
2026-08-13 14:38:01,1.32,,demo
2026-08-13 14:38:36,9.08,,demo
2026-08-13 14:38:47,1.32,,demo
2026-08-13 14:39:22,9.31,,demo
2026-08-13 14:39:30,1.00,,demo
2026-08-13 14:40:11,16.57,,demo
2026-08-13 14:40:21,1.13,,demo
2026-08-13 14:41:00,13.12,,demo
2026-08-13 14:41:08,1.04,,demo
2026-08-13 14:41:17,1.04,,demo
2026-08-13 14:41:54,10.84,,demo
2026-08-13 14:42:08,1.76,,demo
2026-08-13 14:42:17,1.00,,demo
2026-08-13 14:42:25,1.00,,demo
2026-08-13 14:42:33,1.06,,demo
2026-08-13 14:42:43,1.20,,demo
2026-08-13 14:42:55,1.37,,demo
2026-08-13 14:43:12,2.05,,demo
2026-08-13 14:43:32,2.64,,demo
2026-08-13 14:43:52,2.86,,demo
2026-08-13 14:44:02,1.18,,demo
2026-08-13 14:44:38,10.17,,demo
2026-08-13 14:44:55,2.10,,demo
2026-08-13 14:45:05,1.14,,demo
2026-08-13 14:45:17,1.48,,demo
2026-08-13 14:45:29,1.38,,demo
2026-08-13 14:45:42,1.47,,demo
2026-08-13 14:45:56,1.66,,demo
2026-08-13 14:46:25,5.47,,demo
2026-08-13 14:46:57,7.95,,demo
2026-08-13 14:47:06,1.02,,demo
2026-08-13 14:47:26,2.73,,demo
2026-08-13 14:47:37,1.27,,demo
2026-08-13 14:47:46,1.08,,demo
2026-08-13 14:48:17,6.84,,demo
2026-08-13 14:48:39,3.31,,demo
2026-08-13 14:49:13,8.63,,demo
2026-08-13 14:49:36,3.44,,demo
2026-08-13 14:49:50,1.62,,demo
2026-08-13 14:49:58,1.00,,demo
2026-08-13 14:50:15,2.09,,demo
2026-08-13 14:50:46,6.79,,demo
2026-08-13 14:51:27,16.41,,demo
2026-08-13 14:52:08,14.52,,demo
2026-08-13 14:52:22,1.71,,demo
2026-08-13 14:52:51,5.69,,demo
2026-08-13 14:53:04,1.47,,demo
2026-08-13 14:53:13,1.11,,demo
2026-08-13 14:53:31,2.24,,demo
2026-08-13 14:53:48,2.09,,demo
2026-08-13 14:53:57,1.09,,demo
2026-08-13 14:54:09,1.48,,demo
2026-08-13 14:54:19,1.11,,demo
2026-08-13 14:54:36,2.09,,demo
2026-08-13 14:54:47,1.37,,demo
2026-08-13 14:55:08,2.74,,demo
2026-08-13 14:55:23,1.80,,demo
2026-08-13 14:55:32,1.13,,demo
2026-08-13 14:55:45,1.46,,demo
2026-08-13 14:56:08,3.67,,demo
2026-08-13 14:56:36,5.13,,demo
2026-08-13 14:56:46,1.21,,demo
2026-08-13 14:56:54,1.00,,demo
2026-08-13 14:57:06,1.37,,demo
2026-08-13 14:57:17,1.27,,demo
2026-08-13 14:58:12,50.21,,demo
2026-08-13 14:58:28,1.89,,demo
2026-08-13 14:58:39,1.29,,demo
2026-08-13 14:59:00,3.04,,demo
2026-08-13 14:59:15,1.75,,demo
2026-08-13 14:59:37,3.04,,demo
2026-08-13 15:00:02,4.37,,demo
2026-08-13 15:00:10,1.00,,demo
2026-08-13 15:00:31,2.81,,demo
2026-08-13 15:00:44,1.51,,demo
2026-08-13 15:00:54,1.19,,demo
2026-08-13 15:01:11,2.21,,demo
2026-08-13 15:01:25,1.64,,demo
2026-08-13 15:01:33,1.00,,demo
2026-08-13 15:01:42,1.01,,demo
2026-08-13 15:01:57,1.83,,demo
2026-08-13 15:03:03,122.92,,demo
2026-08-13 15:03:15,1.40,,demo
2026-08-13 15:03:26,1.32,,demo
2026-08-13 15:03:52,4.53,,demo
2026-08-13 15:04:27,9.25,,demo
2026-08-13 15:05:08,15.57,,demo
2026-08-13 15:05:17,1.10,,demo
2026-08-13 15:05:27,1.12,,demo
2026-08-13 15:05:46,2.69,,demo
2026-08-13 15:06:11,4.01,,demo
2026-08-13 15:06:29,2.30,,demo
2026-08-13 15:06:39,1.14,,demo
2026-08-13 15:06:51,1.37,,demo
2026-08-13 15:07:14,3.46,,demo
2026-08-13 15:07:34,2.81,,demo
2026-08-13 15:07:51,2.03,,demo
2026-08-13 15:08:08,2.14,,demo
2026-08-13 15:08:16,1.03,,demo
2026-08-13 15:08:57,15.27,,demo
2026-08-13 15:09:08,1.27,,demo
2026-08-13 15:09:19,1.32,,demo
2026-08-13 15:09:42,3.53,,demo
2026-08-13 15:10:09,4.62,,demo
2026-08-13 15:10:24,1.80,,demo
2026-08-13 15:10:38,1.68,,demo
2026-08-13 15:10:48,1.14,,demo
2026-08-13 15:11:11,3.63,,demo
2026-08-13 15:11:33,3.01,,demo
2026-08-13 15:11:49,2.02,,demo
2026-08-13 15:11:57,1.01,,demo
2026-08-13 15:12:18,2.89,,demo
2026-08-13 15:12:26,1.02,,demo
2026-08-13 15:12:36,1.12,,demo
2026-08-13 15:12:44,1.02,,demo
2026-08-13 15:13:07,3.42,,demo
2026-08-13 15:14:08,85.84,,demo
2026-08-13 15:14:21,1.53,,demo
2026-08-13 15:14:41,2.75,,demo
2026-08-13 15:15:06,4.04,,demo
2026-08-13 15:15:36,6.36,,demo
2026-08-13 15:15:45,1.07,,demo
2026-08-13 15:16:04,2.51,,demo
2026-08-13 15:16:31,4.51,,demo
2026-08-13 15:16:45,1.65,,demo
2026-08-13 15:17:52,135.48,,demo
2026-08-13 15:18:59,134.41,,demo
2026-08-13 15:19:16,2.18,,demo
2026-08-13 15:19:28,1.45,,demo
2026-08-13 15:19:58,5.93,,demo
2026-08-13 15:20:09,1.28,,demo
2026-08-13 15:20:19,1.17,,demo
2026-08-13 15:20:27,1.01,,demo
2026-08-13 15:20:42,1.88,,demo
2026-08-13 15:21:19,11.20,,demo
2026-08-13 15:21:34,1.75,,demo
2026-08-13 15:22:07,7.56,,demo
2026-08-13 15:22:26,2.58,,demo
2026-08-13 15:23:08,16.79,,demo
2026-08-13 15:23:18,1.24,,demo
2026-08-13 15:24:01,18.06,,demo
2026-08-13 15:24:15,1.64,,demo
2026-08-13 15:24:37,3.18,,demo
2026-08-13 15:24:45,1.02,,demo
2026-08-13 15:25:03,2.28,,demo
2026-08-13 15:25:48,21.87,,demo
2026-08-13 15:26:33,20.37,,demo
2026-08-13 15:26:52,2.65,,demo
2026-08-13 15:27:21,5.38,,demo
2026-08-13 15:27:29,1.04,,demo
2026-08-13 15:27:56,4.69,,demo
2026-08-13 15:28:06,1.19,,demo
2026-08-13 15:28:47,16.32,,demo
2026-08-13 15:29:00,1.46,,demo
2026-08-13 15:29:12,1.39,,demo
2026-08-13 15:29:21,1.05,,demo
2026-08-13 15:30:40,386.60,,demo
2026-08-13 15:30:56,1.34,,demo
2026-08-13 15:31:11,1.75,,demo
2026-08-13 15:31:26,1.78,,demo
2026-08-13 15:31:38,1.49,,demo
2026-08-13 15:32:31,40.78,,demo
2026-08-13 15:32:39,1.02,,demo
2026-08-13 15:32:50,1.29,,demo
2026-08-13 15:33:06,1.88,,demo
2026-08-13 15:33:22,1.95,,demo
2026-08-13 15:33:35,1.55,,demo
2026-08-13 15:33:52,2.13,,demo
2026-08-13 15:34:18,4.31,,demo
2026-08-13 15:34:26,1.01,,demo
2026-08-13 15:34:35,1.10,,demo
2026-08-13 15:34:45,1.18,,demo
2026-08-13 15:35:01,1.83,,demo
2026-08-13 15:35:12,1.30,,demo
2026-08-13 15:35:22,1.15,,demo
2026-08-13 15:35:35,1.51,,demo
2026-08-13 15:35:51,1.94,,demo
2026-08-13 15:36:00,1.08,,demo
2026-08-13 15:36:18,2.31,,demo
2026-08-13 15:36:55,11.20,,demo
2026-08-13 15:37:04,1.12,,demo
2026-08-13 15:37:21,2.05,,demo
2026-08-13 15:38:10,29.88,,demo
2026-08-13 15:38:18,1.02,,demo
2026-08-13 15:38:31,1.53,,demo
2026-08-13 15:38:39,1.00,,demo
2026-08-13 15:39:19,14.27,,demo
2026-08-13 15:39:34,1.86,,demo
2026-08-13 15:40:20,23.11,,demo
2026-08-13 15:40:57,10.77,,demo
2026-08-13 15:41:09,1.39,,demo
2026-08-13 15:41:47,12.84,,demo
2026-08-13 15:42:00,1.44,,demo
2026-08-13 15:42:33,7.84,,demo
2026-08-13 15:43:03,6.31,,demo
2026-08-13 15:43:27,3.83,,demo
2026-08-13 15:43:39,1.35,,demo
2026-08-13 15:43:48,1.16,,demo
2026-08-13 15:44:18,6.24,,demo
2026-08-13 15:44:47,5.41,,demo
2026-08-13 15:45:12,4.04,,demo
2026-08-13 15:45:28,1.03,,demo
2026-08-13 15:45:44,1.50,,demo
2026-08-13 15:46:26,16.48,,demo
2026-08-13 15:46:35,1.12,,demo
2026-08-13 15:46:48,1.53,,demo
2026-08-13 15:46:58,1.12,,demo
2026-08-13 15:47:08,1.26,,demo
2026-08-13 15:47:33,3.89,,demo
2026-08-13 15:48:31,65.88,,demo
2026-08-13 15:48:42,1.22,,demo
2026-08-13 15:48:56,1.73,,demo
2026-08-13 15:49:10,1.56,,demo
2026-08-13 15:49:24,1.74,,demo
2026-08-13 15:49:46,3.02,,demo
2026-08-13 15:49:56,1.22,,demo
2026-08-13 15:50:13,2.03,,demo
2026-08-13 15:50:57,21.06,,demo
2026-08-13 15:51:43,23.85,,demo
2026-08-13 15:52:23,14.38,,demo
2026-08-13 15:52:33,1.14,,demo
2026-08-13 15:53:10,10.87,,demo
2026-08-13 15:53:20,1.24,,demo
2026-08-13 15:53:39,2.51,,demo
2026-08-13 15:53:52,1.42,,demo
2026-08-13 15:54:04,1.45,,demo
2026-08-13 15:54:36,7.35,,demo
2026-08-13 15:54:55,2.42,,demo
2026-08-13 15:55:17,3.40,,demo
2026-08-13 15:55:26,1.07,,demo
2026-08-13 15:55:36,1.21,,demo
2026-08-13 15:55:51,1.70,,demo
2026-08-13 15:56:50,71.93,,demo
2026-08-13 15:56:59,1.09,,demo
2026-08-13 15:57:08,1.10,,demo
2026-08-13 15:57:54,21.99,,demo
2026-08-13 15:58:02,1.04,,demo
2026-08-13 15:58:17,1.70,,demo
2026-08-13 15:58:29,1.43,,demo
2026-08-13 15:58:40,1.26,,demo
2026-08-13 15:58:54,1.68,,demo
2026-08-13 15:59:04,1.19,,demo
2026-08-13 15:59:27,3.54,,demo
2026-08-13 15:59:45,2.22,,demo
2026-08-13 16:00:07,3.14,,demo
2026-08-13 16:00:22,1.89,,demo
2026-08-13 16:01:36,247.99,,demo
2026-08-13 16:01:48,1.31,,demo
2026-08-13 16:01:58,1.23,,demo
2026-08-13 16:02:34,10.42,,demo
2026-08-13 16:02:45,1.26,,demo
2026-08-13 16:03:12,4.89,,demo
2026-08-13 16:03:26,1.59,,demo
2026-08-13 16:03:38,1.35,,demo
2026-08-13 16:04:43,120.99,,demo
2026-08-13 16:04:56,1.43,,demo
2026-08-13 16:05:09,1.49,,demo
2026-08-13 16:05:20,1.34,,demo
2026-08-13 16:05:28,1.00,,demo
2026-08-13 16:05:50,3.19,,demo
2026-08-13 16:05:58,1.00,,demo
2026-08-13 16:06:08,1.16,,demo
2026-08-13 16:06:17,1.04,,demo
2026-08-13 16:06:36,2.50,,demo
2026-08-13 16:06:44,1.05,,demo
2026-08-13 16:06:54,1.15,,demo
2026-08-13 16:07:12,2.24,,demo
2026-08-13 16:07:40,5.23,,demo
2026-08-13 16:08:05,4.24,,demo
2026-08-13 16:08:13,1.01,,demo
2026-08-13 16:08:29,1.89,,demo
2026-08-13 16:08:37,1.00,,demo
2026-08-13 16:08:46,1.14,,demo
2026-08-13 16:08:57,1.27,,demo
2026-08-13 16:09:08,1.23,,demo
2026-08-13 16:09:17,1.07,,demo
2026-08-13 16:09:35,2.37,,demo
2026-08-13 16:09:55,2.62,,demo
2026-08-13 16:10:03,1.00,,demo
2026-08-13 16:10:18,1.85,,demo
2026-08-13 16:10:35,2.05,,demo
2026-08-13 16:10:48,1.55,,demo
2026-08-13 16:10:57,1.07,,demo
2026-08-13 16:11:17,2.79,,demo
2026-08-13 16:11:32,1.69,,demo
2026-08-13 16:12:27,51.50,,demo
2026-08-13 16:12:39,1.37,,demo
2026-08-13 16:12:53,1.65,,demo
2026-08-13 16:13:27,9.22,,demo
2026-08-13 16:13:50,3.44,,demo
2026-08-13 16:14:08,2.21,,demo
2026-08-13 16:14:28,2.64,,demo
2026-08-13 16:14:42,1.74,,demo
2026-08-13 16:15:00,2.23,,demo
2026-08-13 16:15:21,2.86,,demo
2026-08-13 16:15:34,1.54,,demo
2026-08-13 16:16:06,7.44,,demo
2026-08-13 16:16:15,1.07,,demo
2026-08-13 16:16:27,1.40,,demo
2026-08-13 16:17:03,10.46,,demo
2026-08-13 16:17:39,10.31,,demo
2026-08-13 16:17:47,1.00,,demo
2026-08-13 16:17:58,1.30,,demo
2026-08-13 16:18:12,1.66,,demo
2026-08-13 16:18:21,1.05,,demo
2026-08-13 16:18:29,1.03,,demo
2026-08-13 16:18:50,2.74,,demo
2026-08-13 16:19:12,3.26,,demo
2026-08-13 16:19:27,1.82,,demo
2026-08-13 16:19:43,1.92,,demo
2026-08-13 16:20:07,3.74,,demo
2026-08-13 16:20:20,1.59,,demo
2026-08-13 16:21:01,15.32,,demo
2026-08-13 16:21:15,1.66,,demo
2026-08-13 16:21:32,2.14,,demo
2026-08-13 16:21:43,1.22,,demo
2026-08-13 16:21:54,1.29,,demo
2026-08-13 16:22:10,1.94,,demo
2026-08-13 16:22:54,20.14,,demo
2026-08-13 16:23:07,1.55,,demo
2026-08-13 16:23:28,2.95,,demo
2026-08-13 16:23:41,1.46,,demo
2026-08-13 16:23:56,1.77,,demo
2026-08-13 16:24:11,1.81,,demo
2026-08-13 16:24:42,6.67,,demo
2026-08-13 16:25:17,9.95,,demo
2026-08-13 16:26:27,169.84,,demo
2026-08-13 16:26:36,1.04,,demo
2026-08-13 16:26:46,1.19,,demo
2026-08-13 16:26:54,1.06,,demo
2026-08-13 16:27:04,1.16,,demo
2026-08-13 16:27:21,2.06,,demo
2026-08-13 16:27:36,1.74,,demo
2026-08-13 16:27:52,1.98,,demo
2026-08-13 16:28:17,4.00,,demo
2026-08-13 16:28:29,1.39,,demo
2026-08-13 16:28:37,1.00,,demo
2026-08-13 16:28:46,1.11,,demo
2026-08-13 16:28:59,1.49,,demo
2026-08-13 16:29:17,2.28,,demo
2026-08-13 16:29:33,1.97,,demo
2026-08-13 16:29:43,1.19,,demo
2026-08-13 16:29:59,2.00,,demo
2026-08-13 16:30:19,2.72,,demo
2026-08-13 16:30:28,1.09,,demo
2026-08-13 16:31:25,55.87,,demo
2026-08-13 16:31:48,3.57,,demo
2026-08-13 16:32:19,6.83,,demo
2026-08-13 16:32:29,1.20,,demo
2026-08-13 16:33:18,29.17,,demo
2026-08-13 16:33:46,5.48,,demo
2026-08-13 16:34:21,9.36,,demo
2026-08-13 16:34:39,2.32,,demo
2026-08-13 16:35:04,3.88,,demo
2026-08-13 16:35:16,1.45,,demo
2026-08-13 16:35:30,1.61,,demo
2026-08-13 16:35:49,2.43,,demo
2026-08-13 16:35:58,1.08,,demo
2026-08-13 16:36:20,3.46,,demo
2026-08-13 16:36:50,6.09,,demo
2026-08-13 16:37:05,1.73,,demo
2026-08-13 16:37:21,1.90,,demo
2026-08-13 16:37:49,5.59,,demo
2026-08-13 16:38:14,4.13,,demo
2026-08-13 16:38:55,15.15,,demo
2026-08-13 16:39:30,9.55,,demo
2026-08-13 16:39:39,1.06,,demo
2026-08-13 16:40:00,3.04,,demo
2026-08-13 16:40:11,1.25,,demo
2026-08-13 16:40:55,20.17,,demo
2026-08-13 16:41:13,2.38,,demo
2026-08-13 16:41:31,2.28,,demo
2026-08-13 16:42:00,5.40,,demo
2026-08-13 16:42:31,7.09,,demo
2026-08-13 16:42:47,1.93,,demo
2026-08-13 16:43:04,2.08,,demo
2026-08-13 16:43:16,1.42,,demo
2026-08-13 16:43:34,2.32,,demo
2026-08-13 16:43:52,2.28,,demo
2026-08-13 16:44:00,1.00,,demo
2026-08-13 16:44:14,1.57,,demo
2026-08-13 16:44:25,1.27,,demo
2026-08-13 16:44:49,3.99,,demo
2026-08-13 16:45:01,1.34,,demo
2026-08-13 16:45:11,1.18,,demo
2026-08-13 16:45:20,1.13,,demo
2026-08-13 16:45:34,1.60,,demo
2026-08-13 16:45:55,2.90,,demo
2026-08-13 16:46:22,4.83,,demo
2026-08-13 16:46:47,4.04,,demo
2026-08-13 16:46:55,1.00,,demo
2026-08-13 16:47:03,1.00,,demo
2026-08-13 16:47:16,1.55,,demo
2026-08-13 16:47:26,1.20,,demo
2026-08-13 16:47:39,1.45,,demo
2026-08-13 16:48:05,4.60,,demo
2026-08-13 16:48:50,21.94,,demo
2026-08-13 16:48:58,1.00,,demo
2026-08-13 16:49:12,1.65,,demo
2026-08-13 16:49:32,2.70,,demo
2026-08-13 16:49:44,1.36,,demo
2026-08-13 16:50:16,7.61,,demo
2026-08-13 16:50:25,1.06,,demo
2026-08-13 16:50:51,4.40,,demo
2026-08-13 16:51:00,1.09,,demo
2026-08-13 16:51:25,4.23,,demo
2026-08-13 16:51:38,1.47,,demo
2026-08-13 16:51:53,1.80,,demo
2026-08-13 16:52:07,1.70,,demo
2026-08-13 16:52:23,1.80,,demo
2026-08-13 16:52:33,1.23,,demo
2026-08-13 16:52:47,1.58,,demo
2026-08-13 16:53:01,1.69,,demo
2026-08-13 16:53:10,1.10,,demo
2026-08-13 16:53:22,1.38,,demo
2026-08-13 16:53:30,1.00,,demo
2026-08-13 16:53:47,2.18,,demo
2026-08-13 16:53:58,1.23,,demo
2026-08-13 16:54:18,2.64,,demo
2026-08-13 16:54:51,8.22,,demo
2026-08-13 16:55:03,1.38,,demo
2026-08-13 16:55:11,1.00,,demo
2026-08-13 16:56:06,48.78,,demo
2026-08-13 16:56:18,1.46,,demo
2026-08-13 16:56:39,2.88,,demo
2026-08-13 16:57:21,16.08,,demo
2026-08-13 16:57:28,1.01,,demo
2026-08-13 16:57:58,5.89,,demo
2026-08-13 16:58:23,4.01,,demo
2026-08-13 16:59:09,24.22,,demo
2026-08-13 16:59:17,1.04,,demo
2026-08-13 16:59:37,2.60,,demo
2026-08-13 17:00:14,11.21,,demo
2026-08-13 17:00:30,1.93,,demo
2026-08-13 17:00:38,1.00,,demo
2026-08-13 17:01:47,159.34,,demo
2026-08-13 17:02:02,1.87,,demo
2026-08-13 17:02:33,6.89,,demo
2026-08-13 17:02:42,1.08,,demo
2026-08-13 17:02:59,2.06,,demo
2026-08-13 17:03:25,4.24,,demo
2026-08-13 17:03:51,4.57,,demo
2026-08-13 17:04:04,1.50,,demo
2026-08-13 17:04:18,1.73,,demo
2026-08-13 17:04:31,1.52,,demo
2026-08-13 17:04:57,4.26,,demo
2026-08-13 17:05:07,1.19,,demo
2026-08-13 17:05:21,1.62,,demo
2026-08-13 17:05:46,4.25,,demo
2026-08-13 17:06:11,4.12,,demo
2026-08-13 17:06:21,1.11,,demo
2026-08-13 17:06:35,1.66,,demo
2026-08-13 17:06:56,2.92,,demo
2026-08-13 17:07:54,67.65,,demo
2026-08-13 17:08:10,1.86,,demo
2026-08-13 17:08:23,1.51,,demo
2026-08-13 17:08:41,2.29,,demo
2026-08-13 17:08:57,2.00,,demo
2026-08-13 17:09:24,4.92,,demo
2026-08-13 17:10:17,39.88,,demo
2026-08-13 17:10:44,5.11,,demo
2026-08-13 17:10:57,1.43,,demo
2026-08-13 17:11:07,1.23,,demo
2026-08-13 17:11:37,6.38,,demo
2026-08-13 17:12:18,15.05,,demo
2026-08-13 17:12:35,2.08,,demo
2026-08-13 17:12:58,3.56,,demo
2026-08-13 17:13:15,2.05,,demo
2026-08-13 17:13:49,9.07,,demo
2026-08-13 17:14:12,3.27,,demo
2026-08-13 17:14:28,1.99,,demo
2026-08-13 17:14:43,1.76,,demo
2026-08-13 17:15:21,12.07,,demo
2026-08-13 17:15:29,1.01,,demo
2026-08-13 17:15:41,1.47,,demo
2026-08-13 17:15:52,1.28,,demo
2026-08-13 17:16:48,53.48,,demo
2026-08-13 17:17:33,21.57,,demo
2026-08-13 17:17:51,2.28,,demo
2026-08-13 17:18:00,1.07,,demo
2026-08-13 17:18:08,1.00,,demo
2026-08-13 17:18:24,1.91,,demo
2026-08-13 17:18:45,2.97,,demo
2026-08-13 17:18:58,1.60,,demo
2026-08-13 17:19:24,4.23,,demo
2026-08-13 17:19:36,1.46,,demo
2026-08-13 17:19:54,2.18,,demo
2026-08-13 17:20:08,1.65,,demo
2026-08-13 17:20:19,1.30,,demo
2026-08-13 17:21:16,57.94,,demo
2026-08-13 17:21:42,4.41,,demo
2026-08-13 17:22:10,5.23,,demo
2026-08-13 17:22:24,1.71,,demo
2026-08-13 17:22:45,3.03,,demo
2026-08-13 17:22:54,1.03,,demo
2026-08-13 17:23:14,2.80,,demo
2026-08-13 17:23:23,1.06,,demo
2026-08-13 17:23:50,4.73,,demo
2026-08-13 17:23:59,1.15,,demo
2026-08-13 17:24:25,4.26,,demo
2026-08-13 17:24:51,4.32,,demo
2026-08-13 17:25:08,2.29,,demo
2026-08-13 17:25:19,1.26,,demo
2026-08-13 17:25:45,4.51,,demo
2026-08-13 17:25:56,1.27,,demo
2026-08-13 17:26:22,4.42,,demo
2026-08-13 17:26:53,6.98,,demo
2026-08-13 17:27:02,1.09,,demo
2026-08-13 17:27:16,1.59,,demo
2026-08-13 17:27:50,8.79,,demo
2026-08-13 17:28:00,1.12,,demo
2026-08-13 17:28:13,1.58,,demo
2026-08-13 17:28:48,9.22,,demo
2026-08-13 17:29:16,5.14,,demo
2026-08-13 17:29:27,1.37,,demo
2026-08-13 17:29:35,1.00,,demo
2026-08-13 17:29:47,1.39,,demo
2026-08-13 17:30:18,6.63,,demo
2026-08-13 17:30:43,3.92,,demo
2026-08-13 17:30:59,2.09,,demo
2026-08-13 17:31:20,2.75,,demo
2026-08-13 17:31:34,1.72,,demo
2026-08-13 17:31:53,2.47,,demo
2026-08-13 17:32:08,1.77,,demo
2026-08-13 17:32:52,19.46,,demo
2026-08-13 17:33:26,9.03,,demo
2026-08-13 17:34:01,9.52,,demo
2026-08-13 17:34:14,1.47,,demo
2026-08-13 17:34:24,1.18,,demo
2026-08-13 17:34:47,3.57,,demo
2026-08-13 17:35:10,3.58,,demo
2026-08-13 17:35:20,1.15,,demo
2026-08-13 17:35:33,1.49,,demo
2026-08-13 17:35:47,1.58,,demo
2026-08-13 17:36:02,1.86,,demo
2026-08-13 17:36:17,1.79,,demo
2026-08-13 17:36:26,1.10,,demo
2026-08-13 17:36:49,3.30,,demo
2026-08-13 17:37:01,1.49,,demo
2026-08-13 17:37:12,1.28,,demo
2026-08-13 17:37:30,2.31,,demo
2026-08-13 17:38:04,8.01,,demo
2026-08-13 17:38:12,1.00,,demo
2026-08-13 17:38:44,7.56,,demo
2026-08-13 17:39:05,2.97,,demo
2026-08-13 17:39:14,1.13,,demo
2026-08-13 17:39:23,1.00,,demo
2026-08-13 17:39:50,5.26,,demo
2026-08-13 17:40:09,2.29,,demo
2026-08-13 17:40:27,2.44,,demo
2026-08-13 17:41:31,108.46,,demo
2026-08-13 17:42:23,36.58,,demo
2026-08-13 17:42:36,1.49,,demo
2026-08-13 17:42:56,2.84,,demo
2026-08-13 17:43:08,1.42,,demo
2026-08-13 17:43:22,1.54,,demo
2026-08-13 17:44:06,20.13,,demo
2026-08-13 17:44:14,1.03,,demo
2026-08-13 17:44:37,3.53,,demo
2026-08-13 17:44:51,1.53,,demo
2026-08-13 17:44:59,1.22,,demo
2026-08-13 17:45:22,3.68,,demo
2026-08-13 17:45:50,4.93,,demo
2026-08-13 17:46:02,1.48,,demo
2026-08-13 17:46:34,7.25,,demo
2026-08-13 17:46:44,1.18,,demo
2026-08-13 17:47:07,3.38,,demo
2026-08-13 17:47:29,3.37,,demo
2026-08-13 17:47:42,1.40,,demo
2026-08-13 17:48:01,2.52,,demo
2026-08-13 17:48:13,1.44,,demo
2026-08-13 17:48:21,1.00,,demo
2026-08-13 17:48:30,1.05,,demo
2026-08-13 17:48:42,1.42,,demo
2026-08-13 17:49:30,28.56,,demo
2026-08-13 17:49:56,4.25,,demo
2026-08-13 17:50:38,16.79,,demo
2026-08-13 17:50:51,1.53,,demo
2026-08-13 17:51:41,33.27,,demo
2026-08-13 17:51:53,1.42,,demo
2026-08-13 17:52:01,1.00,,demo
2026-08-13 17:53:16,263.50,,demo
2026-08-13 17:53:31,1.74,,demo
2026-08-13 17:53:40,1.13,,demo
2026-08-13 17:54:38,60.54,,demo
2026-08-13 17:55:06,5.39,,demo
2026-08-13 17:55:19,1.48,,demo
2026-08-13 17:55:39,2.79,,demo
2026-08-13 17:56:11,7.19,,demo
2026-08-13 17:56:22,1.30,,demo
2026-08-13 17:56:31,1.08,,demo
2026-08-13 17:56:51,2.69,,demo
2026-08-13 17:57:01,1.22,,demo
2026-08-13 17:57:09,1.00,,demo
2026-08-13 17:57:33,3.81,,demo
2026-08-13 17:57:42,1.10,,demo
2026-08-13 17:57:52,1.16,,demo
2026-08-13 17:58:10,2.27,,demo
2026-08-13 17:58:32,3.21,,demo
2026-08-13 17:58:46,1.65,,demo
2026-08-13 17:58:55,1.09,,demo
2026-08-13 17:59:12,2.12,,demo
2026-08-13 17:59:21,1.06,,demo
2026-08-13 17:59:52,6.77,,demo
2026-08-13 18:00:01,1.09,,demo
2026-08-13 18:00:16,1.78,,demo
2026-08-13 18:00:27,1.27,,demo
2026-08-13 18:00:53,4.43,,demo
2026-08-13 18:01:25,7.33,,demo
2026-08-13 18:01:59,8.40,,demo
2026-08-13 18:02:25,4.69,,demo
2026-08-13 18:02:56,6.66,,demo
2026-08-13 18:03:05,1.07,,demo
2026-08-13 18:03:26,2.99,,demo
2026-08-13 18:03:42,1.97,,demo
2026-08-13 18:04:02,2.69,,demo
2026-08-13 18:04:12,1.19,,demo
2026-08-13 18:04:23,1.24,,demo
2026-08-13 18:04:47,4.00,,demo
2026-08-13 18:05:07,2.53,,demo
2026-08-13 18:05:26,2.53,,demo
2026-08-13 18:06:36,184.19,,demo
2026-08-13 18:06:50,1.61,,demo
2026-08-13 18:07:15,4.04,,demo
2026-08-13 18:07:38,3.34,,demo
2026-08-13 18:07:48,1.27,,demo
2026-08-13 18:08:29,15.14,,demo
2026-08-13 18:08:37,1.00,,demo
2026-08-13 18:08:45,1.00,,demo
2026-08-13 18:09:15,6.21,,demo
2026-08-13 18:09:23,1.00,,demo
2026-08-13 18:09:32,1.03,,demo
2026-08-13 18:09:40,1.00,,demo
2026-08-13 18:09:50,1.18,,demo
2026-08-13 18:09:59,1.10,,demo
2026-08-13 18:10:07,1.04,,demo
2026-08-13 18:10:17,1.15,,demo
2026-08-13 18:10:34,2.14,,demo
2026-08-13 18:10:44,1.17,,demo
2026-08-13 18:11:01,2.10,,demo
2026-08-13 18:11:13,1.34,,demo
2026-08-13 18:11:31,2.41,,demo
2026-08-13 18:11:46,1.83,,demo
2026-08-13 18:11:56,1.13,,demo
2026-08-13 18:12:18,3.12,,demo
2026-08-13 18:12:27,1.09,,demo
2026-08-13 18:12:56,5.85,,demo
2026-08-13 18:13:20,3.84,,demo
2026-08-13 18:13:30,1.12,,demo
2026-08-13 18:13:41,1.27,,demo
2026-08-13 18:13:53,1.41,,demo
2026-08-13 18:14:07,1.69,,demo
2026-08-13 18:14:18,1.26,,demo
2026-08-13 18:15:02,19.81,,demo
2026-08-13 18:15:12,1.24,,demo
2026-08-13 18:15:23,1.22,,demo
2026-08-13 18:15:34,1.34,,demo
2026-08-13 18:15:43,1.02,,demo
2026-08-13 18:15:52,1.12,,demo
2026-08-13 18:16:06,1.72,,demo
2026-08-13 18:16:31,3.93,,demo
2026-08-13 18:16:40,1.05,,demo
2026-08-13 18:17:04,3.17,,demo
2026-08-13 18:17:23,2.54,,demo
2026-08-13 18:17:34,1.29,,demo
2026-08-13 18:18:12,11.79,,demo
2026-08-13 18:18:25,1.51,,demo
2026-08-13 18:19:13,29.44,,demo
2026-08-13 18:19:22,1.08,,demo
2026-08-13 18:19:31,1.10,,demo
2026-08-13 18:19:42,1.25,,demo
2026-08-13 18:19:55,1.46,,demo
2026-08-13 18:20:12,2.12,,demo
2026-08-13 18:20:20,1.05,,demo
2026-08-13 18:20:30,1.17,,demo
2026-08-13 18:20:40,1.18,,demo
2026-08-13 18:21:17,10.95,,demo
2026-08-13 18:21:26,1.11,,demo
2026-08-13 18:21:38,1.36,,demo
2026-08-13 18:22:02,3.82,,demo
2026-08-13 18:22:34,7.21,,demo
2026-08-13 18:22:49,1.85,,demo
2026-08-13 18:23:38,29.85,,demo
2026-08-13 18:24:09,6.53,,demo
2026-08-13 18:24:29,2.82,,demo
2026-08-13 18:24:37,1.00,,demo
2026-08-13 18:25:22,21.31,,demo
2026-08-13 18:25:35,1.53,,demo
2026-08-13 18:25:45,1.13,,demo
2026-08-13 18:26:04,2.49,,demo
2026-08-13 18:26:12,1.03,,demo
2026-08-13 18:26:34,3.26,,demo
2026-08-13 18:27:00,4.32,,demo
2026-08-13 18:27:26,4.66,,demo
2026-08-13 18:27:37,1.27,,demo
2026-08-13 18:27:51,1.57,,demo
2026-08-13 18:28:09,2.28,,demo
2026-08-13 18:28:22,1.60,,demo
2026-08-13 18:28:35,1.44,,demo
2026-08-13 18:28:47,1.38,,demo
2026-08-13 18:29:09,3.27,,demo
2026-08-13 18:29:25,2.00,,demo
2026-08-13 18:29:41,1.91,,demo
2026-08-13 18:29:51,1.22,,demo
2026-08-13 18:30:00,1.01,,demo
2026-08-13 18:30:08,1.03,,demo
2026-08-13 18:30:27,2.41,,demo
2026-08-13 18:30:39,1.41,,demo
2026-08-13 18:30:53,1.74,,demo
2026-08-13 18:31:08,1.71,,demo
2026-08-13 18:31:24,1.90,,demo
2026-08-13 18:31:33,1.07,,demo
2026-08-13 18:31:41,1.05,,demo
2026-08-13 18:31:49,1.00,,demo
2026-08-13 18:32:21,7.44,,demo
2026-08-13 18:32:37,1.85,,demo
2026-08-13 18:33:04,4.75,,demo
2026-08-13 18:33:54,34.17,,demo
2026-08-13 18:34:04,1.18,,demo
2026-08-13 18:34:12,1.00,,demo
2026-08-13 18:34:30,2.34,,demo
2026-08-13 18:34:44,1.61,,demo
2026-08-13 18:35:11,4.89,,demo
2026-08-13 18:35:27,1.96,,demo
2026-08-13 18:35:47,2.60,,demo
2026-08-13 18:36:19,7.87,,demo
2026-08-13 18:36:33,1.56,,demo
2026-08-13 18:36:43,1.21,,demo
2026-08-13 18:37:51,140.97,,demo
2026-08-13 18:38:02,1.33,,demo
2026-08-13 18:38:11,1.06,,demo
2026-08-13 18:38:21,1.17,,demo
2026-08-13 18:38:36,1.80,,demo
2026-08-13 18:38:46,1.22,,demo
2026-08-13 18:38:58,1.31,,demo
2026-08-13 18:39:28,6.75,,demo
2026-08-13 18:39:59,6.51,,demo
2026-08-13 18:40:09,1.21,,demo
2026-08-13 18:40:54,20.34,,demo
2026-08-13 18:41:03,1.13,,demo
2026-08-13 18:41:12,1.06,,demo
2026-08-13 18:41:21,1.11,,demo
2026-08-13 18:41:35,1.71,,demo
2026-08-13 18:42:14,12.39,,demo
2026-08-13 18:42:22,1.02,,demo
2026-08-13 18:42:33,1.31,,demo
2026-08-13 18:43:14,14.58,,demo
2026-08-13 18:43:47,8.44,,demo
2026-08-13 18:43:55,1.00,,demo
2026-08-13 18:44:19,3.73,,demo
2026-08-13 18:44:35,1.98,,demo
2026-08-13 18:44:52,2.02,,demo
2026-08-13 18:45:04,1.46,,demo
2026-08-13 18:45:13,1.08,,demo
2026-08-13 18:45:53,13.76,,demo
2026-08-13 18:46:05,1.44,,demo
2026-08-13 18:46:20,1.79,,demo
2026-08-13 18:46:37,1.99,,demo
2026-08-13 18:47:35,67.47,,demo
2026-08-13 18:47:44,1.08,,demo
2026-08-13 18:48:07,3.38,,demo
2026-08-13 18:48:40,8.01,,demo
2026-08-13 18:49:03,3.40,,demo
2026-08-13 18:49:13,1.24,,demo
2026-08-13 18:49:30,2.05,,demo
2026-08-13 18:49:38,1.00,,demo
2026-08-13 18:49:46,1.03,,demo
2026-08-13 18:49:59,1.44,,demo
2026-08-13 18:50:51,40.92,,demo
2026-08-13 18:51:17,4.39,,demo
2026-08-13 18:51:48,6.97,,demo
2026-08-13 18:52:12,3.64,,demo
2026-08-13 18:52:23,1.29,,demo
2026-08-13 18:52:41,2.26,,demo
2026-08-13 18:53:28,25.37,,demo
2026-08-13 18:53:49,3.07,,demo
2026-08-13 18:54:07,2.26,,demo
2026-08-13 18:54:24,2.08,,demo
2026-08-13 18:54:35,1.33,,demo
2026-08-13 18:54:45,1.13,,demo
2026-08-13 18:54:53,1.02,,demo
2026-08-13 18:55:14,2.82,,demo
2026-08-13 18:55:31,2.22,,demo
2026-08-13 18:56:00,5.67,,demo
2026-08-13 18:56:12,1.36,,demo
2026-08-13 18:56:25,1.57,,demo
2026-08-13 18:56:44,2.51,,demo
2026-08-13 18:57:03,2.47,,demo
2026-08-13 18:57:36,8.10,,demo
2026-08-13 18:57:52,1.94,,demo
2026-08-13 18:58:13,2.85,,demo
2026-08-13 18:58:42,5.59,,demo
2026-08-13 18:59:22,14.68,,demo
2026-08-13 18:59:31,1.08,,demo
2026-08-13 18:59:39,1.00,,demo
2026-08-13 18:59:52,1.49,,demo
2026-08-13 19:00:21,6.10,,demo
2026-08-13 19:00:37,1.79,,demo
2026-08-13 19:00:55,2.30,,demo
2026-08-13 19:01:30,9.80,,demo
2026-08-13 19:01:58,5.31,,demo
2026-08-13 19:02:35,11.14,,demo
2026-08-13 19:02:55,2.81,,demo
2026-08-13 19:03:19,3.53,,demo
2026-08-13 19:03:28,1.08,,demo
2026-08-13 19:03:44,2.03,,demo
2026-08-13 19:03:59,1.83,,demo
2026-08-13 19:04:09,1.10,,demo
2026-08-13 19:04:17,1.05,,demo
2026-08-13 19:04:39,3.26,,demo
2026-08-13 19:04:49,1.12,,demo
2026-08-13 19:05:04,1.86,,demo
2026-08-13 19:05:22,2.31,,demo
2026-08-13 19:05:37,1.72,,demo
2026-08-13 19:06:13,10.12,,demo
2026-08-13 19:06:38,4.10,,demo
2026-08-13 19:07:07,5.84,,demo
2026-08-13 19:07:20,1.52,,demo
2026-08-13 19:07:39,2.42,,demo
2026-08-13 19:07:57,2.42,,demo
2026-08-13 19:08:17,2.70,,demo
2026-08-13 19:08:38,2.77,,demo
2026-08-13 19:09:11,8.22,,demo
2026-08-13 19:09:30,2.49,,demo
2026-08-13 19:09:39,1.09,,demo
2026-08-13 19:10:18,13.45,,demo
2026-08-13 19:10:27,1.07,,demo
2026-08-13 19:10:55,5.44,,demo
2026-08-13 19:11:13,2.16,,demo
2026-08-13 19:11:27,1.73,,demo
2026-08-13 19:11:37,1.11,,demo
2026-08-13 19:11:53,2.03,,demo
2026-08-13 19:12:03,1.11,,demo
2026-08-13 19:12:18,1.87,,demo
2026-08-13 19:13:12,47.27,,demo
2026-08-13 19:13:27,1.75,,demo
2026-08-13 19:13:36,1.10,,demo
2026-08-13 19:14:27,34.90,,demo
2026-08-13 19:14:45,2.34,,demo
2026-08-13 19:15:15,6.05,,demo
2026-08-13 19:16:31,297.52,,demo
2026-08-13 19:16:49,2.16,,demo
2026-08-13 19:17:07,2.44,,demo
2026-08-13 19:17:20,1.41,,demo
2026-08-13 19:17:32,1.51,,demo
2026-08-13 19:17:47,1.66,,demo
2026-08-13 19:18:00,1.53,,demo
2026-08-13 19:18:21,3.07,,demo
2026-08-13 19:18:39,2.25,,demo
2026-08-13 19:18:49,1.16,,demo
2026-08-13 19:19:12,3.57,,demo
2026-08-13 19:19:22,1.17,,demo
2026-08-13 19:19:38,1.84,,demo
2026-08-13 19:19:54,2.02,,demo
2026-08-13 19:21:05,185.52,,demo
2026-08-13 19:21:18,1.57,,demo
2026-08-13 19:21:33,1.74,,demo
2026-08-13 19:21:43,1.22,,demo
2026-08-13 19:21:55,1.40,,demo
2026-08-13 19:22:10,1.77,,demo
2026-08-13 19:22:49,12.63,,demo
2026-08-13 19:23:01,1.45,,demo
2026-08-13 19:23:11,1.14,,demo
2026-08-13 19:23:30,2.47,,demo
2026-08-13 19:24:17,27.25,,demo
2026-08-13 19:24:31,1.53,,demo
2026-08-13 19:24:46,1.81,,demo
2026-08-13 19:25:02,1.99,,demo
2026-08-13 19:25:11,1.10,,demo
2026-08-13 19:25:27,1.95,,demo
2026-08-13 19:26:02,9.59,,demo
2026-08-13 19:26:38,10.31,,demo
2026-08-13 19:27:00,3.04,,demo
2026-08-13 19:27:30,6.23,,demo
2026-08-13 19:27:51,2.91,,demo
2026-08-13 19:28:17,4.68,,demo
2026-08-13 19:28:26,1.06,,demo
2026-08-13 19:28:58,7.45,,demo
2026-08-13 19:29:12,1.67,,demo
2026-08-13 19:29:24,1.34,,demo
2026-08-13 19:29:58,9.05,,demo
2026-08-13 19:30:30,7.01,,demo
2026-08-13 19:31:21,37.55,,demo
2026-08-13 19:31:36,1.78,,demo
2026-08-13 19:31:50,1.63,,demo
2026-08-13 19:32:19,5.46,,demo
2026-08-13 19:32:46,5.11,,demo
2026-08-13 19:33:50,102.50,,demo
2026-08-13 19:33:58,1.00,,demo
2026-08-13 19:34:40,16.77,,demo
2026-08-13 19:34:51,1.30,,demo
2026-08-13 19:35:07,1.92,,demo
2026-08-13 19:35:24,2.17,,demo
2026-08-13 19:35:36,1.36,,demo
2026-08-13 19:35:52,1.97,,demo
2026-08-13 19:36:26,8.63,,demo
2026-08-13 19:36:37,1.33,,demo
2026-08-13 19:36:57,2.63,,demo
2026-08-13 19:37:07,1.13,,demo
2026-08-13 19:37:22,1.86,,demo
2026-08-13 19:37:55,7.94,,demo
2026-08-13 19:38:09,1.69,,demo
2026-08-13 19:38:30,2.80,,demo
2026-08-13 19:38:51,3.06,,demo
2026-08-13 19:39:00,1.05,,demo
2026-08-13 19:39:27,5.14,,demo
2026-08-13 19:39:38,1.18,,demo
2026-08-13 19:40:21,19.02,,demo
2026-08-13 19:40:30,1.08,,demo
2026-08-13 19:40:47,2.07,,demo
2026-08-13 19:41:03,1.93,,demo
2026-08-13 19:41:13,1.25,,demo
2026-08-13 19:41:22,1.02,,demo
2026-08-13 19:41:53,7.17,,demo
2026-08-13 19:42:05,1.37,,demo
2026-08-13 19:42:17,1.32,,demo
2026-08-13 19:42:28,1.35,,demo
2026-08-13 19:42:47,2.40,,demo
2026-08-13 19:42:57,1.19,,demo
2026-08-13 19:43:21,3.92,,demo
2026-08-13 19:43:36,1.74,,demo
2026-08-13 19:44:00,3.82,,demo
2026-08-13 19:44:33,7.96,,demo
2026-08-13 19:44:53,2.64,,demo
2026-08-13 19:45:01,1.06,,demo
2026-08-13 19:45:29,5.02,,demo
2026-08-13 19:45:57,5.14,,demo
2026-08-13 19:46:07,1.19,,demo
2026-08-13 19:46:23,1.94,,demo
2026-08-13 19:46:32,1.11,,demo
2026-08-13 19:46:59,4.77,,demo
2026-08-13 19:47:12,1.57,,demo
2026-08-13 19:47:30,2.20,,demo
2026-08-13 19:47:45,1.76,,demo
2026-08-13 19:47:57,1.43,,demo
2026-08-13 19:48:07,1.20,,demo
2026-08-13 19:48:18,1.29,,demo
2026-08-13 19:48:31,1.47,,demo
2026-08-13 19:48:56,4.26,,demo
2026-08-13 19:49:12,1.87,,demo
2026-08-13 19:49:27,1.88,,demo
2026-08-13 19:49:49,3.05,,demo
2026-08-13 19:49:58,1.08,,demo
2026-08-13 19:50:32,9.04,,demo
2026-08-13 19:50:51,2.48,,demo
2026-08-13 19:51:04,1.52,,demo
2026-08-13 19:51:22,2.18,,demo
2026-08-13 19:51:39,2.11,,demo
2026-08-13 19:51:53,1.65,,demo
2026-08-13 19:52:09,1.96,,demo
2026-08-13 19:52:40,6.63,,demo
2026-08-13 19:53:04,4.01,,demo
2026-08-13 19:53:29,3.96,,demo
2026-08-13 19:53:57,5.35,,demo
2026-08-13 19:54:13,1.97,,demo
2026-08-13 19:54:30,2.02,,demo
2026-08-13 19:54:55,4.04,,demo
2026-08-13 19:55:23,5.62,,demo
2026-08-13 19:55:48,3.86,,demo
2026-08-13 19:56:24,10.53,,demo
2026-08-13 19:56:33,1.14,,demo
2026-08-13 19:57:05,6.94,,demo
2026-08-13 19:57:37,7.35,,demo
2026-08-13 19:58:14,11.19,,demo
2026-08-13 19:58:22,1.03,,demo
2026-08-13 19:58:38,1.98,,demo
2026-08-13 19:59:03,4.05,,demo
2026-08-13 19:59:14,1.29,,demo
2026-08-13 19:59:33,2.42,,demo
2026-08-13 19:59:43,1.23,,demo
2026-08-13 19:59:56,1.49,,demo
2026-08-13 20:00:11,1.72,,demo
2026-08-13 20:00:20,1.08,,demo
2026-08-13 20:00:28,1.04,,demo
2026-08-13 20:00:55,4.55,,demo
2026-08-13 20:01:23,5.61,,demo
2026-08-13 20:01:32,1.09,,demo
2026-08-13 20:01:41,1.04,,demo
2026-08-13 20:02:15,8.89,,demo
2026-08-13 20:02:23,1.00,,demo
2026-08-13 20:02:33,1.17,,demo
2026-08-13 20:02:44,1.25,,demo
2026-08-13 20:02:57,1.48,,demo
2026-08-13 20:03:06,1.15,,demo
2026-08-13 20:03:37,6.72,,demo
2026-08-13 20:03:46,1.04,,demo
2026-08-13 20:04:19,8.02,,demo
2026-08-13 20:04:31,1.43,,demo
2026-08-13 20:04:47,1.97,,demo
2026-08-13 20:05:07,2.53,,demo
2026-08-13 20:05:19,1.49,,demo
2026-08-13 20:05:31,1.30,,demo
2026-08-13 20:05:43,1.47,,demo
2026-08-13 20:05:51,1.00,,demo
2026-08-13 20:06:20,5.53,,demo
2026-08-13 20:06:50,6.34,,demo
2026-08-13 20:06:59,1.04,,demo
2026-08-13 20:07:26,5.03,,demo
2026-08-13 20:07:50,3.72,,demo
2026-08-13 20:07:58,1.04,,demo
2026-08-13 20:08:21,3.26,,demo
2026-08-13 20:08:34,1.58,,demo
2026-08-13 20:08:43,1.05,,demo
2026-08-13 20:09:06,3.59,,demo
2026-08-13 20:09:19,1.46,,demo
2026-08-13 20:10:08,32.40,,demo
2026-08-13 20:10:37,5.47,,demo
2026-08-13 20:11:11,8.48,,demo
2026-08-13 20:11:55,20.11,,demo
2026-08-13 20:12:16,3.09,,demo
2026-08-13 20:12:26,1.12,,demo
2026-08-13 20:13:25,73.20,,demo
2026-08-13 20:13:43,2.26,,demo
2026-08-13 20:14:47,104.68,,demo
2026-08-13 20:15:04,2.12,,demo
2026-08-13 20:15:13,1.10,,demo
2026-08-13 20:15:29,1.96,,demo
2026-08-13 20:16:07,11.62,,demo
2026-08-13 20:16:21,1.68,,demo
2026-08-13 20:16:34,1.49,,demo
2026-08-13 20:17:14,14.59,,demo
2026-08-13 20:17:29,1.81,,demo
2026-08-13 20:17:38,1.02,,demo
2026-08-13 20:17:48,1.26,,demo
2026-08-13 20:18:13,4.15,,demo
2026-08-13 20:18:29,1.94,,demo
2026-08-13 20:18:42,1.50,,demo
2026-08-13 20:18:55,1.45,,demo
2026-08-13 20:19:12,2.22,,demo
2026-08-13 20:19:21,1.06,,demo
2026-08-13 20:19:45,3.60,,demo
2026-08-13 20:20:02,2.23,,demo
2026-08-13 20:20:24,3.08,,demo
2026-08-13 20:20:41,2.18,,demo
2026-08-13 20:20:53,1.39,,demo
2026-08-13 20:21:04,1.24,,demo
2026-08-13 20:21:19,1.73,,demo
2026-08-13 20:21:32,1.60,,demo
2026-08-13 20:21:41,1.08,,demo
2026-08-13 20:21:50,1.03,,demo
2026-08-13 20:22:11,3.04,,demo
2026-08-13 20:22:30,2.51,,demo
2026-08-13 20:22:43,1.49,,demo
2026-08-13 20:23:12,5.80,,demo
2026-08-13 20:23:24,1.41,,demo
2026-08-13 20:23:48,3.78,,demo
2026-08-13 20:23:58,1.17,,demo
2026-08-13 20:24:23,3.93,,demo
2026-08-13 20:24:32,1.09,,demo
2026-08-13 20:24:41,1.13,,demo
2026-08-13 20:25:02,2.86,,demo
2026-08-13 20:25:10,1.05,,demo
2026-08-13 20:25:23,1.47,,demo
2026-08-13 20:25:34,1.28,,demo
2026-08-13 20:25:50,1.84,,demo
2026-08-13 20:26:04,1.75,,demo
2026-08-13 20:26:30,4.21,,demo
2026-08-13 20:26:38,1.05,,demo
2026-08-13 20:26:59,2.95,,demo
2026-08-13 20:27:28,5.77,,demo
2026-08-13 20:27:46,2.29,,demo
2026-08-13 20:28:15,5.77,,demo
2026-08-13 20:28:45,6.19,,demo
2026-08-13 20:28:58,1.51,,demo
2026-08-13 20:29:13,1.71,,demo
2026-08-13 20:29:55,17.86,,demo
2026-08-13 20:30:13,2.29,,demo
2026-08-13 20:30:41,5.24,,demo
2026-08-13 20:31:00,2.53,,demo
2026-08-13 20:31:13,1.47,,demo
2026-08-13 20:31:42,5.66,,demo
2026-08-13 20:31:55,1.54,,demo
2026-08-13 20:32:18,3.33,,demo
2026-08-13 20:32:37,2.59,,demo
2026-08-13 20:32:47,1.17,,demo
2026-08-13 20:33:46,70.21,,demo
2026-08-13 20:34:22,10.42,,demo
2026-08-13 20:34:45,3.41,,demo
2026-08-13 20:35:07,3.24,,demo
2026-08-13 20:35:30,3.43,,demo
2026-08-13 20:35:59,5.76,,demo
2026-08-13 20:36:14,1.84,,demo
2026-08-13 20:36:33,2.51,,demo
2026-08-13 20:36:44,1.27,,demo
2026-08-13 20:36:55,1.25,,demo
2026-08-13 20:37:26,6.56,,demo
2026-08-13 20:37:49,3.41,,demo
2026-08-13 20:38:47,67.71,,demo
2026-08-13 20:39:10,3.43,,demo
2026-08-13 20:39:26,2.03,,demo
2026-08-13 20:39:46,2.62,,demo
2026-08-13 20:39:55,1.09,,demo
2026-08-13 20:40:06,1.26,,demo
2026-08-13 20:40:26,2.68,,demo
2026-08-13 20:40:35,1.13,,demo
2026-08-13 20:40:43,1.00,,demo
2026-08-13 20:41:15,6.89,,demo
2026-08-13 20:42:16,85.56,,demo
2026-08-13 20:42:57,15.25,,demo
2026-08-13 20:43:05,1.00,,demo
2026-08-13 20:43:27,3.24,,demo
2026-08-13 20:43:42,1.81,,demo
2026-08-13 20:43:52,1.16,,demo
2026-08-13 20:44:04,1.38,,demo
2026-08-13 20:44:17,1.54,,demo
2026-08-13 20:44:30,1.52,,demo
2026-08-13 20:44:39,1.06,,demo
2026-08-13 20:44:53,1.65,,demo
2026-08-13 20:45:04,1.30,,demo
2026-08-13 20:45:14,1.17,,demo
2026-08-13 20:45:32,2.36,,demo
2026-08-13 20:45:43,1.21,,demo
2026-08-13 20:46:46,101.42,,demo
2026-08-13 20:47:09,3.32,,demo
2026-08-13 20:47:22,1.61,,demo
2026-08-13 20:48:13,34.20,,demo
2026-08-13 20:48:21,1.03,,demo
2026-08-13 20:48:36,1.73,,demo
2026-08-13 20:48:50,1.66,,demo
2026-08-13 20:48:58,1.03,,demo
2026-08-13 20:49:20,3.02,,demo
2026-08-13 20:49:40,2.76,,demo
2026-08-13 20:50:16,10.26,,demo
2026-08-13 20:50:29,1.53,,demo
2026-08-13 20:50:38,1.08,,demo
2026-08-13 20:50:57,2.43,,demo
2026-08-13 20:51:10,1.57,,demo
2026-08-13 20:51:20,1.16,,demo
2026-08-13 20:51:31,1.28,,demo
2026-08-13 20:53:00,805.61,,demo
2026-08-13 20:53:15,1.84,,demo
2026-08-13 20:53:24,1.16,,demo
2026-08-13 20:54:30,123.18,,demo
2026-08-13 20:54:39,1.07,,demo
2026-08-13 20:54:59,2.76,,demo
2026-08-13 20:55:16,2.06,,demo
2026-08-13 20:55:26,1.21,,demo
2026-08-13 20:55:36,1.09,,demo
2026-08-13 20:55:44,1.00,,demo
2026-08-13 20:55:54,1.27,,demo
2026-08-13 20:56:02,1.00,,demo
2026-08-13 20:56:21,2.35,,demo
2026-08-13 20:56:31,1.21,,demo
2026-08-13 20:56:40,1.05,,demo
2026-08-13 20:56:53,1.54,,demo
2026-08-13 20:57:03,1.08,,demo
2026-08-13 20:57:12,1.20,,demo
2026-08-13 20:57:23,1.27,,demo
2026-08-13 20:57:37,1.58,,demo
2026-08-13 20:58:06,5.78,,demo
2026-08-13 20:58:31,4.10,,demo
2026-08-13 20:58:42,1.32,,demo
2026-08-13 20:58:50,1.00,,demo
2026-08-13 20:59:01,1.24,,demo
2026-08-13 20:59:09,1.05,,demo
2026-08-13 20:59:22,1.47,,demo
2026-08-13 20:59:36,1.72,,demo
2026-08-13 20:59:49,1.41,,demo
2026-08-13 20:59:57,1.02,,demo
2026-08-13 21:00:13,1.93,,demo
2026-08-13 21:00:24,1.28,,demo
2026-08-13 21:00:35,1.35,,demo
2026-08-13 21:01:01,4.35,,demo
2026-08-13 21:01:17,1.86,,demo
2026-08-13 21:01:31,1.77,,demo
2026-08-13 21:01:47,1.82,,demo
2026-08-13 21:02:04,2.22,,demo
2026-08-13 21:02:12,1.00,,demo
2026-08-13 21:02:24,1.32,,demo
2026-08-13 21:03:08,20.22,,demo
2026-08-13 21:03:53,22.17,,demo
2026-08-13 21:04:09,1.95,,demo
2026-08-13 21:04:33,3.76,,demo
2026-08-13 21:05:02,5.54,,demo
2026-08-13 21:06:23,457.02,,demo
2026-08-13 21:06:44,2.86,,demo
2026-08-13 21:07:03,2.51,,demo
2026-08-13 21:07:19,1.90,,demo
2026-08-13 21:07:42,3.54,,demo
2026-08-13 21:08:21,13.60,,demo
2026-08-13 21:08:39,2.19,,demo
2026-08-13 21:09:11,7.41,,demo
2026-08-13 21:09:26,1.83,,demo
2026-08-13 21:09:37,1.25,,demo
2026-08-13 21:09:45,1.04,,demo
2026-08-13 21:10:42,60.61,,demo
2026-08-13 21:11:03,2.70,,demo
2026-08-13 21:11:24,2.91,,demo
2026-08-13 21:11:37,1.56,,demo
2026-08-13 21:11:52,1.87,,demo
2026-08-13 21:12:03,1.20,,demo
2026-08-13 21:12:16,1.52,,demo
2026-08-13 21:12:35,2.63,,demo
2026-08-13 21:12:56,2.86,,demo
2026-08-13 21:13:26,6.15,,demo
2026-08-13 21:14:24,65.66,,demo
2026-08-13 21:14:39,1.81,,demo
2026-08-13 21:15:23,19.93,,demo
2026-08-13 21:15:42,2.55,,demo
2026-08-13 21:16:31,28.92,,demo
2026-08-13 21:16:46,1.79,,demo
2026-08-13 21:17:47,86.48,,demo
2026-08-13 21:18:04,2.08,,demo
2026-08-13 21:18:18,1.60,,demo
2026-08-13 21:18:35,2.01,,demo
2026-08-13 21:19:03,5.71,,demo
2026-08-13 21:19:30,4.85,,demo
2026-08-13 21:19:49,2.35,,demo
2026-08-13 21:19:57,1.04,,demo
2026-08-13 21:20:08,1.27,,demo
2026-08-13 21:20:24,1.95,,demo
2026-08-13 21:20:38,1.59,,demo
2026-08-13 21:20:46,1.04,,demo
2026-08-13 21:20:57,1.25,,demo
2026-08-13 21:21:07,1.19,,demo
2026-08-13 21:21:23,1.89,,demo
2026-08-13 21:21:41,2.36,,demo
2026-08-13 21:21:52,1.23,,demo
2026-08-13 21:22:09,2.16,,demo
2026-08-13 21:22:48,13.82,,demo
2026-08-13 21:23:22,8.72,,demo
2026-08-13 21:23:38,1.85,,demo
2026-08-13 21:24:02,3.90,,demo
2026-08-13 21:24:27,4.03,,demo
2026-08-13 21:24:35,1.00,,demo
2026-08-13 21:25:00,4.02,,demo
2026-08-13 21:25:21,3.03,,demo
2026-08-13 21:25:35,1.61,,demo
2026-08-13 21:25:55,2.68,,demo
2026-08-13 21:26:24,5.86,,demo
2026-08-13 21:26:47,3.55,,demo
2026-08-13 21:27:06,2.41,,demo
2026-08-13 21:27:14,1.04,,demo
2026-08-13 21:27:34,2.56,,demo
2026-08-13 21:27:45,1.37,,demo
2026-08-13 21:27:58,1.46,,demo
2026-08-13 21:28:07,1.05,,demo
2026-08-13 21:29:20,234.51,,demo
2026-08-13 21:29:38,2.22,,demo
2026-08-13 21:30:11,8.31,,demo
2026-08-13 21:31:06,48.89,,demo
2026-08-13 21:31:34,5.27,,demo
2026-08-13 21:31:44,1.16,,demo
2026-08-13 21:31:52,1.05,,demo
2026-08-13 21:32:02,1.11,,demo
2026-08-13 21:32:13,1.34,,demo
2026-08-13 21:32:38,4.17,,demo
2026-08-13 21:32:56,2.23,,demo
2026-08-13 21:33:04,1.00,,demo
2026-08-13 21:33:13,1.06,,demo
2026-08-13 21:33:23,1.19,,demo
2026-08-13 21:33:40,2.03,,demo
2026-08-13 21:34:02,3.31,,demo
2026-08-13 21:34:27,3.87,,demo
2026-08-13 21:34:40,1.60,,demo
2026-08-13 21:35:06,4.23,,demo
2026-08-13 21:35:23,2.19,,demo
2026-08-13 21:35:35,1.38,,demo
2026-08-13 21:35:47,1.41,,demo
2026-08-13 21:36:08,2.82,,demo
2026-08-13 21:36:16,1.01,,demo
2026-08-13 21:36:57,15.26,,demo
2026-08-13 21:37:14,2.09,,demo
2026-08-13 21:37:32,2.31,,demo
2026-08-13 21:38:31,71.58,,demo
2026-08-13 21:38:48,2.17,,demo
2026-08-13 21:39:06,2.17,,demo
2026-08-13 21:39:38,7.37,,demo
2026-08-13 21:39:53,1.84,,demo
2026-08-13 21:40:01,1.00,,demo
2026-08-13 21:40:10,1.05,,demo
2026-08-13 21:40:19,1.12,,demo
2026-08-13 21:40:45,4.27,,demo
2026-08-13 21:40:53,1.00,,demo
2026-08-13 21:41:10,2.22,,demo
2026-08-13 21:41:24,1.58,,demo
2026-08-13 21:41:53,5.93,,demo
2026-08-13 21:42:08,1.74,,demo
2026-08-13 21:42:17,1.09,,demo
2026-08-13 21:42:37,2.80,,demo
2026-08-13 21:42:54,2.02,,demo
2026-08-13 21:43:05,1.31,,demo
2026-08-13 21:43:14,1.08,,demo
2026-08-13 21:43:27,1.48,,demo
2026-08-13 21:43:36,1.13,,demo
2026-08-13 21:43:45,1.02,,demo
2026-08-13 21:43:55,1.22,,demo
2026-08-13 21:44:25,6.00,,demo
2026-08-13 21:44:33,1.02,,demo
2026-08-13 21:44:43,1.17,,demo
2026-08-13 21:45:02,2.47,,demo
2026-08-13 21:45:10,1.00,,demo
2026-08-13 21:45:27,2.19,,demo
2026-08-13 21:45:42,1.76,,demo
2026-08-13 21:46:03,2.99,,demo
2026-08-13 21:46:28,4.14,,demo
2026-08-13 21:46:48,2.59,,demo
2026-08-13 21:47:05,2.19,,demo
2026-08-13 21:47:16,1.29,,demo
2026-08-13 21:48:06,31.21,,demo
2026-08-13 21:48:15,1.08,,demo
2026-08-13 21:48:40,4.29,,demo
2026-08-13 21:49:01,3.03,,demo
2026-08-13 21:49:27,4.42,,demo
2026-08-13 21:49:40,1.45,,demo
2026-08-13 21:49:59,2.59,,demo
2026-08-13 21:50:20,2.90,,demo
2026-08-13 21:50:36,1.87,,demo
2026-08-13 21:50:47,1.30,,demo
2026-08-13 21:51:15,5.39,,demo
2026-08-13 21:51:24,1.11,,demo
2026-08-13 21:51:45,2.85,,demo
2026-08-13 21:52:13,5.12,,demo
2026-08-13 21:52:28,1.79,,demo
2026-08-13 21:53:28,81.31,,demo
2026-08-13 21:53:50,3.00,,demo
2026-08-13 21:54:00,1.22,,demo
2026-08-13 21:54:23,3.31,,demo
2026-08-13 21:54:35,1.48,,demo
2026-08-13 21:54:47,1.38,,demo
2026-08-13 21:55:10,3.49,,demo
2026-08-13 21:55:23,1.43,,demo
2026-08-13 21:55:33,1.26,,demo
2026-08-13 21:55:52,2.38,,demo
2026-08-13 21:56:26,8.41,,demo
2026-08-13 21:56:38,1.45,,demo
2026-08-13 21:57:01,3.38,,demo
2026-08-13 21:57:14,1.59,,demo
2026-08-13 21:57:35,2.86,,demo
2026-08-13 21:57:49,1.69,,demo
2026-08-13 21:58:49,71.86,,demo
2026-08-13 21:59:08,2.55,,demo
2026-08-13 21:59:29,2.96,,demo
2026-08-13 21:59:41,1.43,,demo
2026-08-13 22:00:23,16.26,,demo
2026-08-13 22:00:41,2.31,,demo
2026-08-13 22:00:51,1.17,,demo
2026-08-13 22:01:09,2.31,,demo
2026-08-13 22:01:18,1.06,,demo
2026-08-13 22:01:44,4.68,,demo
2026-08-13 22:02:03,2.32,,demo
2026-08-13 22:02:10,1.00,,demo
2026-08-13 22:02:36,4.23,,demo
2026-08-13 22:02:45,1.11,,demo
2026-08-13 22:02:56,1.23,,demo
2026-08-13 22:03:24,5.43,,demo
2026-08-13 22:03:36,1.41,,demo
2026-08-13 22:03:48,1.41,,demo
2026-08-13 22:04:24,9.89,,demo
2026-08-13 22:04:54,6.41,,demo
2026-08-13 22:05:14,2.76,,demo
2026-08-13 22:05:31,2.04,,demo
2026-08-13 22:05:41,1.15,,demo
2026-08-13 22:05:52,1.37,,demo
2026-08-13 22:06:10,2.25,,demo
2026-08-13 22:06:21,1.27,,demo
2026-08-13 22:06:39,2.21,,demo
2026-08-13 22:06:56,2.08,,demo
2026-08-13 22:07:46,35.67,,demo
2026-08-13 22:07:56,1.16,,demo
2026-08-13 22:08:12,1.82,,demo
2026-08-13 22:08:20,1.02,,demo
2026-08-13 22:08:28,1.00,,demo
2026-08-13 22:08:54,4.38,,demo
2026-08-13 22:09:25,6.94,,demo
2026-08-13 22:10:02,11.25,,demo
2026-08-13 22:10:29,4.92,,demo
2026-08-13 22:11:12,18.74,,demo
2026-08-13 22:12:05,42.59,,demo
2026-08-13 22:12:38,7.63,,demo
2026-08-13 22:12:50,1.34,,demo
2026-08-13 22:13:01,1.37,,demo
2026-08-13 22:13:14,1.52,,demo
2026-08-13 22:13:44,6.27,,demo
2026-08-13 22:13:57,1.43,,demo
2026-08-13 22:14:07,1.20,,demo
2026-08-13 22:14:19,1.44,,demo
2026-08-13 22:14:27,1.00,,demo
2026-08-13 22:14:37,1.14,,demo
2026-08-13 22:14:48,1.34,,demo
2026-08-13 22:15:29,14.49,,demo
2026-08-13 22:15:47,2.40,,demo
2026-08-13 22:16:16,5.84,,demo
2026-08-13 22:16:45,5.57,,demo
2026-08-13 22:16:55,1.16,,demo
2026-08-13 22:17:15,2.81,,demo
2026-08-13 22:17:26,1.25,,demo
2026-08-13 22:17:36,1.15,,demo
2026-08-13 22:17:44,1.00,,demo
2026-08-13 22:18:31,27.06,,demo
2026-08-13 22:19:06,8.85,,demo
2026-08-13 22:19:18,1.42,,demo
2026-08-13 22:19:26,1.02,,demo
2026-08-13 22:19:44,2.23,,demo
2026-08-13 22:19:53,1.11,,demo
2026-08-13 22:20:27,8.95,,demo
2026-08-13 22:20:36,1.06,,demo
2026-08-13 22:20:58,3.26,,demo
2026-08-13 22:21:09,1.18,,demo
2026-08-13 22:21:18,1.16,,demo
2026-08-13 22:21:45,4.73,,demo
2026-08-13 22:22:18,7.99,,demo
2026-08-13 22:22:45,5.09,,demo
2026-08-13 22:22:56,1.17,,demo
2026-08-13 22:23:26,6.29,,demo
2026-08-13 22:23:37,1.32,,demo
2026-08-13 22:23:53,1.94,,demo
2026-08-13 22:24:15,3.22,,demo
2026-08-13 22:24:23,1.00,,demo
2026-08-13 22:24:40,2.03,,demo
2026-08-13 22:25:03,3.68,,demo
2026-08-13 22:25:19,1.84,,demo
2026-08-13 22:25:29,1.20,,demo
2026-08-13 22:25:59,6.31,,demo
2026-08-13 22:26:15,1.99,,demo
2026-08-13 22:26:26,1.20,,demo
2026-08-13 22:26:39,1.54,,demo
2026-08-13 22:26:48,1.11,,demo
2026-08-13 22:27:12,3.61,,demo
2026-08-13 22:27:36,4.08,,demo
2026-08-13 22:27:48,1.36,,demo
2026-08-13 22:28:17,5.82,,demo
2026-08-13 22:28:26,1.02,,demo
2026-08-13 22:28:37,1.32,,demo
2026-08-13 22:28:46,1.04,,demo
2026-08-13 22:29:03,2.22,,demo
2026-08-13 22:29:43,13.79,,demo
2026-08-13 22:30:20,11.09,,demo
2026-08-13 22:30:47,4.94,,demo
2026-08-13 22:31:39,39.58,,demo
2026-08-13 22:31:53,1.57,,demo
2026-08-13 22:32:16,3.67,,demo
2026-08-13 22:32:43,4.92,,demo
2026-08-13 22:32:56,1.48,,demo
2026-08-13 22:33:12,2.00,,demo
2026-08-13 22:33:38,4.38,,demo
2026-08-13 22:34:03,4.24,,demo
2026-08-13 22:34:15,1.34,,demo
2026-08-13 22:34:36,2.99,,demo
2026-08-13 22:35:08,7.20,,demo
2026-08-13 22:35:16,1.00,,demo
2026-08-13 22:35:29,1.47,,demo
2026-08-13 22:35:45,2.03,,demo
2026-08-13 22:36:10,4.03,,demo
2026-08-13 22:37:11,85.07,,demo
2026-08-13 22:37:27,1.94,,demo
2026-08-13 22:37:39,1.40,,demo
2026-08-13 22:37:58,2.44,,demo
2026-08-13 22:38:21,3.31,,demo
2026-08-13 22:38:41,2.85,,demo
2026-08-13 22:38:59,1.03,,demo
2026-08-13 22:39:09,2.53,,demo
2026-08-13 22:39:49,14.96,,demo
2026-08-13 22:40:09,2.58,,demo
2026-08-13 22:40:20,1.29,,demo
2026-08-13 22:40:33,1.51,,demo
2026-08-13 22:41:02,5.62,,demo
2026-08-13 22:41:26,4.02,,demo
2026-08-13 22:41:45,2.32,,demo
2026-08-13 22:42:26,16.31,,demo
2026-08-13 22:43:00,8.55,,demo
2026-08-13 22:43:32,7.66,,demo
2026-08-13 22:43:43,1.22,,demo
2026-08-13 22:44:13,6.29,,demo
2026-08-13 22:44:32,2.53,,demo
2026-08-13 22:44:42,1.22,,demo
2026-08-13 22:45:06,3.56,,demo
2026-08-13 22:45:19,1.59,,demo
2026-08-13 22:45:40,2.75,,demo
2026-08-13 22:46:19,13.68,,demo
2026-08-13 22:46:30,1.25,,demo
2026-08-13 22:46:38,1.04,,demo
2026-08-13 22:46:47,1.00,,demo
2026-08-13 22:47:19,8.05,,demo
2026-08-13 22:47:38,2.34,,demo
2026-08-13 22:47:49,1.32,,demo
2026-08-13 22:48:07,2.28,,demo
2026-08-13 22:48:36,5.82,,demo
2026-08-13 22:48:51,1.70,,demo
2026-08-13 22:49:02,1.31,,demo
2026-08-13 22:49:21,2.42,,demo
2026-08-13 22:49:47,4.49,,demo
2026-08-13 22:50:02,1.82,,demo
2026-08-13 22:50:12,1.22,,demo
2026-08-13 22:50:30,2.24,,demo
2026-08-13 22:51:08,12.39,,demo
2026-08-13 22:51:35,4.75,,demo
2026-08-13 22:51:46,1.34,,demo
2026-08-13 22:52:14,5.17,,demo
2026-08-13 22:53:12,63.93,,demo
2026-08-13 22:53:22,1.21,,demo
2026-08-13 22:53:32,1.17,,demo
2026-08-13 22:53:44,1.28,,demo
2026-08-13 22:54:14,6.25,,demo
2026-08-13 22:54:26,1.51,,demo
2026-08-13 22:54:43,2.10,,demo
2026-08-13 22:55:14,6.53,,demo
2026-08-13 22:55:47,7.72,,demo
2026-08-13 22:55:58,1.36,,demo
2026-08-13 22:56:42,19.52,,demo
2026-08-13 22:56:57,1.83,,demo
2026-08-13 22:57:14,2.04,,demo
2026-08-13 22:57:31,2.04,,demo
2026-08-13 22:57:43,1.46,,demo
2026-08-13 22:58:02,2.51,,demo
2026-08-13 22:58:15,1.49,,demo
2026-08-13 22:58:35,2.55,,demo
2026-08-13 22:58:43,1.04,,demo
2026-08-13 22:59:34,35.33,,demo
2026-08-13 22:59:46,1.33,,demo
2026-08-13 22:59:54,1.06,,demo
2026-08-13 23:00:11,1.99,,demo
2026-08-13 23:00:31,2.76,,demo
2026-08-13 23:00:50,2.51,,demo
2026-08-13 23:01:01,1.34,,demo
2026-08-13 23:01:17,1.19,,demo
2026-08-13 23:01:21,1.14,,demo
2026-08-13 23:01:45,3.83,,demo
2026-08-13 23:01:56,1.20,,demo
2026-08-13 23:02:31,9.40,,demo
2026-08-13 23:02:39,1.01,,demo
2026-08-13 23:02:50,1.29,,demo
2026-08-13 23:03:15,4.25,,demo
2026-08-13 23:03:27,1.38,,demo
2026-08-13 23:03:35,1.00,,demo
2026-08-13 23:04:03,5.02,,demo
2026-08-13 23:04:25,3.09,,demo
2026-08-13 23:04:51,4.67,,demo
2026-08-13 23:05:13,3.24,,demo
2026-08-13 23:06:13,75.72,,demo
2026-08-13 23:06:32,2.48,,demo
2026-08-13 23:06:43,1.29,,demo
2026-08-13 23:07:07,3.86,,demo
2026-08-13 23:07:38,6.22,,demo
2026-08-13 23:07:47,1.12,,demo
2026-08-13 23:07:57,1.19,,demo
2026-08-13 23:08:10,1.51,,demo
2026-08-13 23:08:18,1.00,,demo
2026-08-13 23:08:44,4.44,,demo
2026-08-13 23:09:17,8.52,,demo
2026-08-13 23:09:30,1.41,,demo
2026-08-13 23:09:42,1.43,,demo
2026-08-13 23:09:50,1.04,,demo
2026-08-13 23:10:27,10.91,,demo
2026-08-13 23:10:45,2.22,,demo
2026-08-13 23:11:03,2.38,,demo
2026-08-13 23:11:20,2.09,,demo
2026-08-13 23:11:38,2.24,,demo
2026-08-13 23:11:52,1.62,,demo
2026-08-13 23:12:03,1.27,,demo
2026-08-13 23:12:28,4.04,,demo
2026-08-13 23:12:40,1.51,,demo
2026-08-13 23:13:52,205.88,,demo
2026-08-13 23:14:08,1.84,,demo
2026-08-13 23:14:28,2.73,,demo
2026-08-13 23:14:48,2.67,,demo
2026-08-13 23:14:58,1.17,,demo
2026-08-13 23:15:25,4.99,,demo
2026-08-13 23:15:39,1.70,,demo
2026-08-13 23:15:59,2.52,,demo
2026-08-13 23:16:17,2.35,,demo
2026-08-13 23:16:49,7.50,,demo
2026-08-13 23:17:10,2.90,,demo
2026-08-13 23:17:19,1.11,,demo
2026-08-13 23:17:37,2.34,,demo
2026-08-13 23:18:08,6.24,,demo
2026-08-13 23:18:22,1.75,,demo
2026-08-13 23:18:44,2.94,,demo
2026-08-13 23:18:53,1.18,,demo
2026-08-13 23:19:13,2.71,,demo
2026-08-13 23:19:50,10.91,,demo
2026-08-13 23:20:06,1.97,,demo
2026-08-13 23:20:15,1.05,,demo
2026-08-13 23:20:30,1.81,,demo
2026-08-13 23:20:54,3.59,,demo
2026-08-13 23:21:02,1.09,,demo
2026-08-13 23:21:38,9.48,,demo
2026-08-13 23:21:46,1.08,,demo
2026-08-13 23:21:58,1.27,,demo
2026-08-13 23:22:17,2.62,,demo
2026-08-13 23:22:26,1.12,,demo
2026-08-13 23:23:00,8.44,,demo
2026-08-13 23:23:15,1.75,,demo
2026-08-13 23:23:58,18.19,,demo
2026-08-13 23:24:09,1.30,,demo
2026-08-13 23:24:20,1.33,,demo
2026-08-13 23:24:55,9.31,,demo
2026-08-13 23:25:04,1.10,,demo
2026-08-13 23:25:20,1.87,,demo
2026-08-13 23:25:30,1.22,,demo
2026-08-13 23:25:52,3.22,,demo
2026-08-13 23:26:07,1.73,,demo
2026-08-13 23:26:16,1.08,,demo
2026-08-13 23:26:29,1.49,,demo
2026-08-13 23:27:17,27.58,,demo
2026-08-13 23:27:58,15.47,,demo
2026-08-13 23:28:08,1.26,,demo
2026-08-13 23:28:26,2.16,,demo
2026-08-13 23:28:49,3.59,,demo
2026-08-13 23:29:00,1.21,,demo
2026-08-13 23:30:09,169.81,,demo
2026-08-13 23:30:19,1.16,,demo
2026-08-13 23:30:34,1.82,,demo
2026-08-13 23:30:56,3.01,,demo
2026-08-13 23:31:09,1.62,,demo
2026-08-13 23:31:27,2.22,,demo
2026-08-13 23:31:40,1.58,,demo
2026-08-13 23:32:50,160.06,,demo
2026-08-13 23:33:00,1.24,,demo
2026-08-13 23:33:09,1.07,,demo
2026-08-13 23:33:18,1.08,,demo
2026-08-13 23:33:48,6.49,,demo
2026-08-13 23:34:40,37.78,,demo
2026-08-13 23:34:51,1.31,,demo
2026-08-13 23:35:02,1.25,,demo
2026-08-13 23:35:44,16.48,,demo
2026-08-13 23:35:54,1.24,,demo
2026-08-13 23:36:15,2.80,,demo
2026-08-13 23:36:31,1.92,,demo
2026-08-13 23:36:54,3.57,,demo
2026-08-13 23:37:16,3.24,,demo
2026-08-13 23:37:47,6.57,,demo
2026-08-13 23:38:20,8.05,,demo
2026-08-13 23:38:29,1.12,,demo
2026-08-13 23:39:22,42.49,,demo
2026-08-13 23:39:50,5.34,,demo
2026-08-13 23:40:12,3.07,,demo
2026-08-13 23:40:27,1.75,,demo
2026-08-13 23:40:42,1.85,,demo
2026-08-13 23:40:51,1.06,,demo
2026-08-13 23:41:04,1.54,,demo
2026-08-13 23:41:13,1.04,,demo
2026-08-13 23:41:26,1.00,,demo
2026-08-13 23:41:36,1.75,,demo
2026-08-13 23:42:16,15.68,,demo
2026-08-13 23:42:25,1.00,,demo
2026-08-13 23:42:48,3.68,,demo
2026-08-13 23:43:15,4.75,,demo
2026-08-13 23:43:35,2.76,,demo
2026-08-13 23:43:43,1.00,,demo
2026-08-13 23:44:02,2.47,,demo
2026-08-13 23:44:15,1.48,,demo
2026-08-13 23:44:39,3.88,,demo
2026-08-13 23:45:35,52.93,,demo
2026-08-13 23:45:46,1.28,,demo
2026-08-13 23:46:12,4.45,,demo
2026-08-13 23:46:27,1.76,,demo
2026-08-13 23:46:40,1.57,,demo
2026-08-13 23:47:02,3.12,,demo
2026-08-13 23:47:26,3.91,,demo
2026-08-13 23:47:42,1.90,,demo
2026-08-13 23:48:18,10.35,,demo
2026-08-13 23:48:37,2.60,,demo
2026-08-13 23:48:55,2.11,,demo
2026-08-13 23:49:12,2.28,,demo
2026-08-13 23:49:24,1.28,,demo
2026-08-13 23:49:32,1.01,,demo
2026-08-13 23:49:40,1.06,,demo
2026-08-13 23:49:59,2.44,,demo
2026-08-13 23:50:16,2.15,,demo
2026-08-13 23:50:29,1.48,,demo
2026-08-13 23:50:55,4.50,,demo
2026-08-13 23:51:13,1.28,,demo
2026-08-13 23:51:20,1.65,,demo
2026-08-13 23:51:40,2.67,,demo
2026-08-13 23:52:04,3.66,,demo
2026-08-13 23:52:20,1.93,,demo
2026-08-13 23:52:29,1.14,,demo
2026-08-13 23:52:41,1.37,,demo
2026-08-13 23:52:59,2.16,,demo
2026-08-13 23:53:10,1.31,,demo
2026-08-13 23:53:18,1.00,,demo
2026-08-13 23:54:03,22.51,,demo
2026-08-13 23:54:16,1.48,,demo
2026-08-13 23:54:32,1.93,,demo
2026-08-13 23:54:52,2.65,,demo
2026-08-13 23:55:08,1.94,,demo
2026-08-13 23:55:37,5.86,,demo
2026-08-13 23:56:07,6.50,,demo
2026-08-13 23:56:36,5.54,,demo
2026-08-13 23:56:47,1.24,,demo
2026-08-13 23:56:57,1.20,,demo
2026-08-13 23:57:09,1.40,,demo
2026-08-13 23:57:25,2.05,,demo
2026-08-13 23:57:41,1.89,,demo
2026-08-13 23:57:53,1.38,,demo
2026-08-13 23:58:10,2.02,,demo
2026-08-13 23:58:28,2.30,,demo
2026-08-13 23:58:41,1.47,,demo
2026-08-13 23:58:49,1.00,,demo
2026-08-13 23:59:04,1.87,,demo
2026-08-13 23:59:16,1.41,,demo
2026-08-13 23:59:33,2.01,,demo
2026-08-13 23:59:41,1.05,,demo
2026-08-14 00:00:16,9.28,,demo
2026-08-14 00:00:38,3.33,,demo
2026-08-14 00:00:53,1.75,,demo
2026-08-14 00:01:01,1.00,,demo
2026-08-14 00:01:18,2.15,,demo
2026-08-14 00:02:15,58.99,,demo
2026-08-14 00:02:37,2.97,,demo
2026-08-14 00:03:01,3.92,,demo
2026-08-14 00:03:16,1.72,,demo
2026-08-14 00:03:32,1.99,,demo
2026-08-14 00:03:44,1.34,,demo
2026-08-14 00:03:54,1.23,,demo
2026-08-14 00:04:16,3.21,,demo
2026-08-14 00:04:28,1.42,,demo
2026-08-14 00:04:59,6.57,,demo
2026-08-14 00:05:09,1.14,,demo
2026-08-14 00:05:23,1.73,,demo
2026-08-14 00:05:42,2.39,,demo
2026-08-14 00:06:10,5.58,,demo
2026-08-14 00:06:20,1.17,,demo
2026-08-14 00:06:31,1.21,,demo
2026-08-14 00:06:46,1.85,,demo
2026-08-14 00:06:58,1.39,,demo
2026-08-14 00:07:13,1.76,,demo
2026-08-14 00:07:32,2.57,,demo
2026-08-14 00:07:49,2.01,,demo
2026-08-14 00:08:17,5.35,,demo
2026-08-14 00:08:31,1.70,,demo
2026-08-14 00:08:40,1.00,,demo
2026-08-14 00:08:54,1.73,,demo
2026-08-14 00:09:27,8.36,,demo
2026-08-14 00:09:48,2.77,,demo
2026-08-14 00:09:56,1.04,,demo
2026-08-14 00:10:15,2.35,,demo
2026-08-14 00:10:28,1.60,,demo
2026-08-14 00:10:40,1.29,,demo
2026-08-14 00:11:07,5.24,,demo
2026-08-14 00:11:16,1.05,,demo
2026-08-14 00:11:24,1.00,,demo
2026-08-14 00:11:37,1.52,,demo
2026-08-14 00:11:46,1.05,,demo
2026-08-14 00:11:54,1.00,,demo
2026-08-14 00:12:10,1.94,,demo
2026-08-14 00:12:36,4.40,,demo
2026-08-14 00:12:50,1.75,,demo
2026-08-14 00:13:21,6.75,,demo
2026-08-14 00:13:50,5.48,,demo
2026-08-14 00:13:59,1.09,,demo
2026-08-14 00:14:13,1.64,,demo
2026-08-14 00:14:25,1.46,,demo
2026-08-14 00:15:07,16.29,,demo
2026-08-14 00:15:21,1.70,,demo
2026-08-14 00:15:30,1.05,,demo
2026-08-14 00:15:49,2.48,,demo
2026-08-14 00:16:09,2.71,,demo
2026-08-14 00:16:21,1.46,,demo
2026-08-14 00:16:41,2.62,,demo
2026-08-14 00:17:02,2.95,,demo
2026-08-14 00:17:20,2.32,,demo
2026-08-14 00:17:38,2.34,,demo
2026-08-14 00:17:51,1.46,,demo
2026-08-14 00:18:01,1.20,,demo
2026-08-14 00:18:14,1.44,,demo
2026-08-14 00:18:32,2.47,,demo
2026-08-14 00:18:42,1.10,,demo
2026-08-14 00:19:17,9.76,,demo
2026-08-14 00:19:49,7.05,,demo
2026-08-14 00:20:13,3.86,,demo
2026-08-14 00:20:44,6.96,,demo
2026-08-14 00:20:53,1.12,,demo
2026-08-14 00:21:28,9.38,,demo
2026-08-14 00:21:42,1.61,,demo
2026-08-14 00:21:55,1.53,,demo
2026-08-14 00:22:10,1.78,,demo
2026-08-14 00:22:39,5.58,,demo
2026-08-14 00:22:58,2.59,,demo
2026-08-14 00:23:07,1.03,,demo
2026-08-14 00:23:28,2.98,,demo
2026-08-14 00:23:40,1.40,,demo
2026-08-14 00:23:54,1.57,,demo
2026-08-14 00:24:04,1.25,,demo
2026-08-14 00:24:13,1.08,,demo
2026-08-14 00:24:29,1.93,,demo
2026-08-14 00:24:47,2.33,,demo
2026-08-14 00:24:57,1.19,,demo
2026-08-14 00:25:11,1.56,,demo
2026-08-14 00:25:30,2.46,,demo
2026-08-14 00:25:55,4.08,,demo
2026-08-14 00:26:05,1.16,,demo
2026-08-14 00:26:38,8.45,,demo
2026-08-14 00:27:06,5.03,,demo
2026-08-14 00:27:32,4.58,,demo
2026-08-14 00:27:46,1.62,,demo
2026-08-14 00:27:58,1.38,,demo
2026-08-14 00:28:06,1.03,,demo
2026-08-14 00:28:14,1.00,,demo
2026-08-14 00:28:28,1.71,,demo
2026-08-14 00:28:41,1.49,,demo
2026-08-14 00:28:50,1.10,,demo
2026-08-14 00:29:07,2.10,,demo
2026-08-14 00:29:29,3.05,,demo
2026-08-14 00:29:55,4.70,,demo
2026-08-14 00:30:06,1.23,,demo
2026-08-14 00:30:20,1.63,,demo
2026-08-14 00:30:37,2.19,,demo
2026-08-14 00:30:47,1.16,,demo
2026-08-14 00:30:55,1.00,,demo
2026-08-14 00:31:08,1.46,,demo
2026-08-14 00:31:18,1.22,,demo
2026-08-14 00:31:36,2.28,,demo
2026-08-14 00:32:18,16.52,,demo
2026-08-14 00:32:34,2.03,,demo
2026-08-14 00:32:43,1.02,,demo
2026-08-14 00:33:21,12.20,,demo
2026-08-14 00:33:43,3.35,,demo
2026-08-14 00:33:58,1.80,,demo
2026-08-14 00:34:09,1.21,,demo
2026-08-14 00:34:24,1.80,,demo
2026-08-14 00:35:09,22.57,,demo
2026-08-14 00:35:50,15.44,,demo
2026-08-14 00:36:45,48.58,,demo
2026-08-14 00:36:54,1.07,,demo
2026-08-14 00:37:31,11.63,,demo
2026-08-14 00:38:03,7.50,,demo
2026-08-14 00:38:13,1.11,,demo
2026-08-14 00:38:34,3.14,,demo
2026-08-14 00:38:47,1.52,,demo
2026-08-14 00:38:56,1.07,,demo
2026-08-14 00:39:13,2.07,,demo
2026-08-14 00:39:29,1.90,,demo
2026-08-14 00:39:50,3.07,,demo
2026-08-14 00:40:06,1.86,,demo
2026-08-14 00:40:23,2.15,,demo
2026-08-14 00:40:41,2.37,,demo
2026-08-14 00:41:08,4.74,,demo
2026-08-14 00:41:24,1.93,,demo
2026-08-14 00:41:33,1.03,,demo
2026-08-14 00:41:43,1.20,,demo
2026-08-14 00:41:54,1.28,,demo
2026-08-14 00:42:19,4.16,,demo
2026-08-14 00:42:31,1.42,,demo
2026-08-14 00:42:41,1.19,,demo
2026-08-14 00:42:53,1.34,,demo
2026-08-14 00:43:21,5.55,,demo
2026-08-14 00:43:37,1.85,,demo
2026-08-14 00:43:54,2.18,,demo
2026-08-14 00:44:03,1.00,,demo
2026-08-14 00:44:57,49.60,,demo
2026-08-14 00:45:15,2.26,,demo
2026-08-14 00:45:29,1.68,,demo
2026-08-14 00:45:40,1.21,,demo
2026-08-14 00:46:04,4.03,,demo
2026-08-14 00:46:14,1.18,,demo
2026-08-14 00:46:49,8.94,,demo
2026-08-14 00:47:07,2.35,,demo
2026-08-14 00:47:15,1.03,,demo
2026-08-14 00:47:24,1.00,,demo
2026-08-14 00:47:42,2.40,,demo
2026-08-14 00:47:52,1.13,,demo
2026-08-14 00:48:00,1.00,,demo
2026-08-14 00:48:11,1.28,,demo
2026-08-14 00:48:33,3.21,,demo
2026-08-14 00:48:44,1.33,,demo
2026-08-14 00:48:53,1.02,,demo
2026-08-14 00:49:03,1.20,,demo
2026-08-14 00:49:20,2.08,,demo
2026-08-14 00:49:37,2.17,,demo
2026-08-14 00:50:10,7.74,,demo
2026-08-14 00:50:18,1.07,,demo
2026-08-14 00:50:33,1.69,,demo
2026-08-14 00:50:48,1.86,,demo
2026-08-14 00:51:18,5.85,,demo
2026-08-14 00:51:43,4.26,,demo
2026-08-14 00:52:04,2.93,,demo
2026-08-14 00:52:14,1.23,,demo
2026-08-14 00:52:36,3.16,,demo
2026-08-14 00:52:45,1.11,,demo
2026-08-14 00:52:54,1.02,,demo
2026-08-14 00:53:03,1.14,,demo
2026-08-14 00:53:16,1.52,,demo
2026-08-14 00:53:39,3.34,,demo
2026-08-14 00:54:12,8.34,,demo
2026-08-14 00:54:27,1.69,,demo
2026-08-14 00:54:58,6.58,,demo
2026-08-14 00:55:15,2.21,,demo
2026-08-14 00:56:00,21.84,,demo
2026-08-14 00:56:12,1.41,,demo
2026-08-14 00:56:28,1.92,,demo
2026-08-14 00:56:40,1.41,,demo
2026-08-14 00:57:02,3.21,,demo
2026-08-14 00:57:27,4.06,,demo
2026-08-14 00:57:54,4.68,,demo
2026-08-14 00:58:15,3.08,,demo
2026-08-14 00:58:35,2.73,,demo
2026-08-14 00:58:45,1.12,,demo
2026-08-14 00:59:42,61.25,,demo
2026-08-14 01:00:09,4.97,,demo
2026-08-14 01:00:32,3.50,,demo
2026-08-14 01:00:41,1.00,,demo
2026-08-14 01:01:03,3.41,,demo
2026-08-14 01:01:14,1.25,,demo
2026-08-14 01:01:34,2.81,,demo
2026-08-14 01:02:21,24.13,,demo
2026-08-14 01:02:42,2.99,,demo
2026-08-14 01:03:12,6.26,,demo
2026-08-14 01:03:23,1.31,,demo
2026-08-14 01:03:37,1.59,,demo
2026-08-14 01:04:03,4.57,,demo
2026-08-14 01:04:20,2.14,,demo
2026-08-14 01:04:29,1.02,,demo
2026-08-14 01:04:51,3.34,,demo
2026-08-14 01:05:00,1.09,,demo
2026-08-14 01:05:12,1.41,,demo
2026-08-14 01:05:29,2.13,,demo
2026-08-14 01:05:51,2.98,,demo
2026-08-14 01:06:11,2.91,,demo
2026-08-14 01:06:55,18.81,,demo
2026-08-14 01:07:10,1.81,,demo
2026-08-14 01:07:29,2.50,,demo
2026-08-14 01:07:53,3.79,,demo
2026-08-14 01:08:18,3.93,,demo
2026-08-14 01:08:26,1.03,,demo
2026-08-14 01:08:55,5.63,,demo
2026-08-14 01:09:04,1.16,,demo
2026-08-14 01:09:13,1.03,,demo
2026-08-14 01:09:33,2.69,,demo
2026-08-14 01:09:48,1.86,,demo
2026-08-14 01:10:11,3.41,,demo
2026-08-14 01:10:33,3.08,,demo
2026-08-14 01:10:48,1.88,,demo
2026-08-14 01:11:07,2.38,,demo
2026-08-14 01:11:28,1.43,,demo
2026-08-14 01:11:52,7.84,,demo
2026-08-14 01:12:05,1.56,,demo
2026-08-14 01:12:30,4.21,,demo
2026-08-14 01:12:50,2.71,,demo
2026-08-14 01:13:06,1.95,,demo
2026-08-14 01:13:32,4.28,,demo
2026-08-14 01:13:42,1.21,,demo
2026-08-14 01:14:11,5.57,,demo
2026-08-14 01:14:36,4.32,,demo
2026-08-14 01:14:57,2.69,,demo
2026-08-14 01:15:20,3.80,,demo
2026-08-14 01:15:57,9.77,,demo
2026-08-14 01:16:09,1.58,,demo
2026-08-14 01:16:24,1.64,,demo
2026-08-14 01:16:43,2.51,,demo
2026-08-14 01:17:21,12.31,,demo
2026-08-14 01:17:34,1.61,,demo
2026-08-14 01:17:57,3.28,,demo
2026-08-14 01:18:29,7.23,,demo
2026-08-14 01:18:53,3.76,,demo
2026-08-14 01:19:14,2.99,,demo
2026-08-14 01:20:30,294.52,,demo
2026-08-14 01:20:49,2.47,,demo
2026-08-14 01:21:07,2.22,,demo
2026-08-14 01:21:29,3.38,,demo
2026-08-14 01:21:48,2.41,,demo
2026-08-14 01:22:02,1.66,,demo
2026-08-14 01:22:14,1.45,,demo
2026-08-14 01:22:58,17.08,,demo
2026-08-14 01:23:06,1.10,,demo
2026-08-14 01:23:15,1.13,,demo
2026-08-14 01:23:27,1.32,,demo
2026-08-14 01:23:35,1.00,,demo
2026-08-14 01:23:58,3.71,,demo
2026-08-14 01:24:09,1.24,,demo
2026-08-14 01:24:20,1.32,,demo
2026-08-14 01:24:44,3.57,,demo
2026-08-14 01:25:03,2.45,,demo
2026-08-14 01:25:15,1.44,,demo
2026-08-14 01:25:25,1.19,,demo
2026-08-14 01:25:45,2.56,,demo
2026-08-14 01:25:53,1.06,,demo
2026-08-14 01:26:11,2.35,,demo
2026-08-14 01:26:22,1.23,,demo
2026-08-14 01:26:34,1.36,,demo
2026-08-14 01:27:00,4.36,,demo
2026-08-14 01:27:16,2.00,,demo
2026-08-14 01:27:27,1.25,,demo
2026-08-14 01:27:35,1.03,,demo
2026-08-14 01:27:46,1.31,,demo
2026-08-14 01:28:14,4.99,,demo
2026-08-14 01:28:35,3.12,,demo
2026-08-14 01:28:44,1.01,,demo
2026-08-14 01:29:21,11.56,,demo
2026-08-14 01:29:37,2.02,,demo
2026-08-14 01:30:13,9.74,,demo
2026-08-14 01:30:58,22.42,,demo
2026-08-14 01:31:11,1.48,,demo
2026-08-14 01:31:21,1.25,,demo
2026-08-14 01:31:32,1.25,,demo
2026-08-14 01:31:44,1.38,,demo
2026-08-14 01:32:11,4.94,,demo
2026-08-14 01:32:31,2.55,,demo
2026-08-14 01:33:17,23.69,,demo
2026-08-14 01:33:35,2.17,,demo
2026-08-14 01:33:45,1.28,,demo
2026-08-14 01:34:00,1.82,,demo
2026-08-14 01:34:14,1.61,,demo
2026-08-14 01:34:24,1.16,,demo
2026-08-14 01:34:37,1.49,,demo
2026-08-14 01:34:50,1.07,,demo
2026-08-14 01:35:12,4.58,,demo
2026-08-14 01:35:22,1.20,,demo
2026-08-14 01:36:00,12.40,,demo
2026-08-14 01:36:11,1.23,,demo
2026-08-14 01:36:44,8.28,,demo
2026-08-14 01:36:57,1.48,,demo
2026-08-14 01:37:14,2.19,,demo
2026-08-14 01:37:49,9.03,,demo
2026-08-14 01:38:11,3.34,,demo
2026-08-14 01:38:24,1.46,,demo
2026-08-14 01:38:54,6.36,,demo
2026-08-14 01:39:11,2.04,,demo
2026-08-14 01:39:34,3.61,,demo
2026-08-14 01:40:00,4.29,,demo
2026-08-14 01:40:08,1.04,,demo
2026-08-14 01:40:22,1.54,,demo
2026-08-14 01:40:30,1.00,,demo
2026-08-14 01:40:42,1.39,,demo
2026-08-14 01:40:50,1.00,,demo
2026-08-14 01:41:07,2.12,,demo
2026-08-14 01:42:06,70.83,,demo
2026-08-14 01:42:23,2.19,,demo
2026-08-14 01:42:43,2.71,,demo
2026-08-14 01:43:00,1.95,,demo
2026-08-14 01:43:24,4.08,,demo
2026-08-14 01:43:41,2.06,,demo
2026-08-14 01:43:58,2.05,,demo
2026-08-14 01:44:37,13.59,,demo
2026-08-14 01:44:50,1.47,,demo
2026-08-14 01:44:58,1.00,,demo
2026-08-14 01:45:10,1.43,,demo
2026-08-14 01:45:22,1.34,,demo
2026-08-14 01:45:41,2.64,,demo
2026-08-14 01:45:51,1.17,,demo
2026-08-14 01:46:09,2.26,,demo
2026-08-14 01:46:35,4.61,,demo
2026-08-14 01:46:52,2.05,,demo
2026-08-14 01:47:15,3.42,,demo
2026-08-14 01:47:26,1.23,,demo
2026-08-14 01:47:34,1.01,,demo
2026-08-14 01:47:54,2.73,,demo
2026-08-14 01:48:17,3.71,,demo
2026-08-14 01:48:35,2.19,,demo
2026-08-14 01:48:44,1.11,,demo
2026-08-14 01:49:01,2.13,,demo
2026-08-14 01:49:16,1.68,,demo
2026-08-14 01:49:29,1.57,,demo
2026-08-14 01:49:55,4.39,,demo
2026-08-14 01:50:11,1.89,,demo
2026-08-14 01:50:42,7.27,,demo
2026-08-14 01:50:56,1.60,,demo
2026-08-14 01:51:18,3.23,,demo
2026-08-14 01:51:33,1.78,,demo
2026-08-14 01:51:47,1.55,,demo
2026-08-14 01:52:06,1.27,,demo
2026-08-14 01:52:18,2.84,,demo
2026-08-14 01:52:31,1.45,,demo
2026-08-14 01:52:40,1.07,,demo
2026-08-14 01:52:51,1.32,,demo
2026-08-14 01:53:01,1.20,,demo
2026-08-14 01:53:37,10.35,,demo
2026-08-14 01:53:48,1.29,,demo
2026-08-14 01:54:01,1.51,,demo
2026-08-14 01:54:14,1.50,,demo
2026-08-14 01:54:28,1.66,,demo
2026-08-14 01:54:39,1.27,,demo
2026-08-14 01:54:47,1.00,,demo
2026-08-14 01:54:56,1.10,,demo
2026-08-14 01:55:41,20.75,,demo
2026-08-14 01:56:08,4.74,,demo
2026-08-14 01:56:30,3.39,,demo
2026-08-14 01:56:47,2.10,,demo
2026-08-14 01:57:04,2.14,,demo
2026-08-14 01:57:16,1.34,,demo
2026-08-14 01:57:45,5.85,,demo
2026-08-14 01:58:03,2.22,,demo
2026-08-14 01:58:20,2.21,,demo
2026-08-14 01:58:30,1.16,,demo
2026-08-14 01:58:39,1.10,,demo
2026-08-14 01:58:50,1.21,,demo
2026-08-14 01:59:52,91.71,,demo
2026-08-14 02:00:14,3.11,,demo
2026-08-14 02:01:01,23.44,,demo
2026-08-14 02:01:13,1.52,,demo
2026-08-14 02:01:22,1.08,,demo
2026-08-14 02:01:33,1.30,,demo
2026-08-14 02:01:44,1.36,,demo
2026-08-14 02:01:55,1.19,,demo
2026-08-14 02:02:03,1.01,,demo
2026-08-14 02:02:25,3.24,,demo
2026-08-14 02:02:55,6.04,,demo
2026-08-14 02:03:31,10.79,,demo
2026-08-14 02:03:42,1.25,,demo
2026-08-14 02:04:01,2.54,,demo
2026-08-14 02:04:12,1.31,,demo
2026-08-14 02:04:30,2.27,,demo
2026-08-14 02:04:48,2.26,,demo
2026-08-14 02:04:56,1.00,,demo
2026-08-14 02:05:14,2.33,,demo
2026-08-14 02:05:37,3.36,,demo
2026-08-14 02:05:50,1.51,,demo
2026-08-14 02:06:05,1.87,,demo
2026-08-14 02:06:24,2.47,,demo
2026-08-14 02:07:11,25.48,,demo
2026-08-14 02:07:26,1.78,,demo
2026-08-14 02:07:38,1.40,,demo
2026-08-14 02:07:53,1.71,,demo
2026-08-14 02:08:08,1.85,,demo
2026-08-14 02:08:17,1.10,,demo
2026-08-14 02:08:26,1.02,,demo
2026-08-14 02:08:37,1.33,,demo
2026-08-14 02:08:59,3.07,,demo
2026-08-14 02:09:23,3.86,,demo
2026-08-14 02:10:00,11.41,,demo
2026-08-14 02:10:30,6.26,,demo
2026-08-14 02:11:24,44.76,,demo
2026-08-14 02:11:39,1.78,,demo
2026-08-14 02:11:56,2.03,,demo
2026-08-14 02:12:10,1.73,,demo
2026-08-14 02:12:34,3.71,,demo
2026-08-14 02:13:07,8.15,,demo
2026-08-14 02:13:21,1.63,,demo
2026-08-14 02:13:32,1.31,,demo
2026-08-14 02:13:47,1.74,,demo
2026-08-14 02:14:03,2.05,,demo
2026-08-14 02:14:30,4.51,,demo
2026-08-14 02:14:40,1.00,,demo
2026-08-14 02:15:12,4.48,,demo
2026-08-14 02:15:37,4.38,,demo
2026-08-14 02:15:59,3.07,,demo
2026-08-14 02:16:07,1.04,,demo
2026-08-14 02:16:18,1.25,,demo
2026-08-14 02:16:33,1.74,,demo
2026-08-14 02:16:58,4.09,,demo
2026-08-14 02:17:08,1.19,,demo
2026-08-14 02:17:42,8.35,,demo
2026-08-14 02:17:55,1.65,,demo
2026-08-14 02:18:08,1.40,,demo
2026-08-14 02:18:21,1.62,,demo
2026-08-14 02:18:31,1.12,,demo
2026-08-14 02:18:39,1.03,,demo
2026-08-14 02:18:58,2.56,,demo
2026-08-14 02:19:15,1.99,,demo
2026-08-14 02:19:33,2.16,,demo
2026-08-14 02:19:43,1.15,,demo
2026-08-14 02:19:53,1.26,,demo
2026-08-14 02:20:01,1.02,,demo
2026-08-14 02:20:27,4.36,,demo
2026-08-14 02:21:09,17.26,,demo
2026-08-14 02:21:32,3.42,,demo
2026-08-14 02:21:43,1.23,,demo
2026-08-14 02:22:16,8.34,,demo
2026-08-14 02:22:46,5.95,,demo
2026-08-14 02:22:57,1.32,,demo
2026-08-14 02:23:10,1.48,,demo
2026-08-14 02:23:26,1.97,,demo
2026-08-14 02:23:36,1.18,,demo
2026-08-14 02:23:54,2.27,,demo
2026-08-14 02:24:53,70.80,,demo
2026-08-14 02:25:08,1.78,,demo
2026-08-14 02:26:01,40.73,,demo
2026-08-14 02:26:32,6.37,,demo
2026-08-14 02:26:48,2.17,,demo
2026-08-14 02:27:01,1.51,,demo
2026-08-14 02:27:22,2.88,,demo
2026-08-14 02:27:42,2.63,,demo
2026-08-14 02:27:56,1.77,,demo
2026-08-14 02:28:09,1.54,,demo
2026-08-14 02:28:30,2.88,,demo
2026-08-14 02:28:58,4.97,,demo
2026-08-14 02:30:04,135.31,,demo
2026-08-14 02:30:18,1.54,,demo
2026-08-14 02:30:27,1.00,,demo
2026-08-14 02:30:51,3.98,,demo
2026-08-14 02:31:09,2.44,,demo
2026-08-14 02:31:37,5.34,,demo
2026-08-14 02:31:59,3.25,,demo
2026-08-14 02:32:08,1.09,,demo
2026-08-14 02:32:48,13.59,,demo
2026-08-14 02:33:00,1.37,,demo
2026-08-14 02:33:08,1.03,,demo
2026-08-14 02:33:16,1.00,,demo
2026-08-14 02:33:26,1.21,,demo
2026-08-14 02:33:44,2.18,,demo
2026-08-14 02:34:06,3.31,,demo
2026-08-14 02:34:14,1.00,,demo
2026-08-14 02:34:24,1.17,,demo
2026-08-14 02:34:38,1.64,,demo
2026-08-14 02:34:50,1.42,,demo
2026-08-14 02:35:02,1.28,,demo
2026-08-14 02:35:09,1.00,,demo
2026-08-14 02:35:43,2.30,,demo
2026-08-14 02:36:04,10.31,,demo
2026-08-14 02:36:32,5.47,,demo
2026-08-14 02:36:44,1.46,,demo
2026-08-14 02:36:58,1.57,,demo
2026-08-14 02:37:12,1.68,,demo
2026-08-14 02:37:30,2.29,,demo
2026-08-14 02:37:46,1.41,,demo
2026-08-14 02:38:29,25.24,,demo
2026-08-14 02:39:13,20.20,,demo
2026-08-14 02:39:56,17.37,,demo
2026-08-14 02:40:06,1.22,,demo
2026-08-14 02:40:21,1.73,,demo
2026-08-14 02:40:44,3.53,,demo
2026-08-14 02:40:55,1.29,,demo
2026-08-14 02:41:09,1.61,,demo
2026-08-14 02:42:00,36.39,,demo
2026-08-14 02:42:20,2.66,,demo
2026-08-14 02:42:37,2.15,,demo
2026-08-14 02:43:34,58.62,,demo
2026-08-14 02:43:42,1.02,,demo
2026-08-14 02:43:52,1.14,,demo
2026-08-14 02:44:10,2.34,,demo
2026-08-14 02:44:31,3.04,,demo
2026-08-14 02:44:40,1.01,,demo
2026-08-14 02:44:59,2.59,,demo
2026-08-14 02:45:16,1.90,,demo
2026-08-14 02:45:37,3.00,,demo
2026-08-14 02:45:44,1.00,,demo
2026-08-14 02:46:01,2.14,,demo
2026-08-14 02:46:27,4.30,,demo
2026-08-14 02:46:35,1.03,,demo
2026-08-14 02:46:56,2.93,,demo
2026-08-14 02:47:11,1.80,,demo
2026-08-14 02:47:26,1.80,,demo
2026-08-14 02:48:03,10.79,,demo
2026-08-14 02:48:11,1.03,,demo
2026-08-14 02:48:37,4.40,,demo
2026-08-14 02:49:06,5.85,,demo
2026-08-14 02:49:15,1.03,,demo
2026-08-14 02:49:44,5.83,,demo
2026-08-14 02:50:10,4.43,,demo
2026-08-14 02:50:24,1.71,,demo
2026-08-14 02:50:43,2.34,,demo
2026-08-14 02:50:51,1.00,,demo
2026-08-14 02:50:59,1.00,,demo
2026-08-14 02:51:25,4.37,,demo
2026-08-14 02:51:34,1.15,,demo
2026-08-14 02:51:48,1.56,,demo
2026-08-14 02:52:05,2.22,,demo
2026-08-14 02:52:29,3.74,,demo
2026-08-14 02:52:44,1.71,,demo
2026-08-14 02:53:02,2.36,,demo
2026-08-14 02:53:26,3.67,,demo
2026-08-14 02:53:41,1.87,,demo
2026-08-14 02:53:55,1.59,,demo
2026-08-14 02:54:15,2.86,,demo
2026-08-14 02:54:55,13.66,,demo
2026-08-14 02:55:39,20.34,,demo
2026-08-14 02:56:37,63.06,,demo
2026-08-14 02:56:55,2.39,,demo
2026-08-14 02:57:09,1.56,,demo
2026-08-14 02:57:37,5.53,,demo
2026-08-14 02:57:46,1.04,,demo
2026-08-14 02:57:56,1.20,,demo
2026-08-14 02:58:12,1.92,,demo
2026-08-14 02:58:22,1.20,,demo
2026-08-14 02:58:42,2.60,,demo
2026-08-14 02:58:55,1.52,,demo
2026-08-14 02:59:03,1.00,,demo
2026-08-14 02:59:14,1.32,,demo
2026-08-14 02:59:32,2.30,,demo
2026-08-14 02:59:45,1.51,,demo
2026-08-14 03:00:12,4.72,,demo
2026-08-14 03:00:41,5.63,,demo
2026-08-14 03:00:51,1.21,,demo
2026-08-14 03:01:00,1.10,,demo
2026-08-14 03:01:16,1.89,,demo
2026-08-14 03:01:32,2.02,,demo
2026-08-14 03:01:55,3.30,,demo
2026-08-14 03:02:05,1.24,,demo
2026-08-14 03:02:16,1.20,,demo
2026-08-14 03:02:27,1.36,,demo
2026-08-14 03:02:44,1.98,,demo
2026-08-14 03:02:52,1.01,,demo
2026-08-14 03:03:01,1.00,,demo
2026-08-14 03:03:08,1.03,,demo
2026-08-14 03:03:20,1.36,,demo
2026-08-14 03:03:35,1.75,,demo
2026-08-14 03:03:56,2.95,,demo
2026-08-14 03:04:06,1.17,,demo
2026-08-14 03:04:29,3.62,,demo
2026-08-14 03:04:46,1.57,,demo
2026-08-14 03:05:06,3.65,,demo
2026-08-14 03:05:46,14.56,,demo
2026-08-14 03:06:22,10.28,,demo
2026-08-14 03:06:46,3.00,,demo
2026-08-14 03:06:57,1.61,,demo
2026-08-14 03:07:13,1.85,,demo
2026-08-14 03:07:40,5.18,,demo
2026-08-14 03:08:01,2.74,,demo
2026-08-14 03:08:34,8.05,,demo
2026-08-14 03:08:53,2.59,,demo
2026-08-14 03:09:30,10.71,,demo
2026-08-14 03:09:43,1.55,,demo
2026-08-14 03:10:02,2.38,,demo
2026-08-14 03:10:15,1.59,,demo
2026-08-14 03:10:31,1.87,,demo
2026-08-14 03:11:17,23.74,,demo
2026-08-14 03:11:25,1.03,,demo
2026-08-14 03:11:36,1.29,,demo
2026-08-14 03:11:55,2.44,,demo
2026-08-14 03:12:17,3.22,,demo
2026-08-14 03:12:55,12.38,,demo
2026-08-14 03:13:23,5.29,,demo
2026-08-14 03:13:48,3.96,,demo
2026-08-14 03:14:11,3.41,,demo
2026-08-14 03:15:09,65.99,,demo
2026-08-14 03:15:21,1.36,,demo
2026-08-14 03:15:55,9.09,,demo
2026-08-14 03:16:07,1.34,,demo
2026-08-14 03:16:15,1.00,,demo
2026-08-14 03:16:29,1.71,,demo
2026-08-14 03:16:54,4.15,,demo
2026-08-14 03:17:28,8.14,,demo
2026-08-14 03:17:44,2.00,,demo
2026-08-14 03:17:54,1.15,,demo
2026-08-14 03:18:04,1.25,,demo
2026-08-14 03:18:14,1.08,,demo
2026-08-14 03:18:23,1.13,,demo
2026-08-14 03:19:01,12.45,,demo
2026-08-14 03:19:19,2.13,,demo
2026-08-14 03:19:36,2.15,,demo
2026-08-14 03:19:59,3.52,,demo
2026-08-14 03:20:30,6.68,,demo
2026-08-14 03:20:57,5.21,,demo
2026-08-14 03:21:17,2.47,,demo
2026-08-14 03:21:50,8.45,,demo
2026-08-14 03:23:03,232.66,,demo
2026-08-14 03:23:58,47.38,,demo
2026-08-14 03:24:16,2.38,,demo
2026-08-14 03:24:30,1.65,,demo
2026-08-14 03:24:43,1.45,,demo
2026-08-14 03:25:24,16.04,,demo
2026-08-14 03:25:36,1.36,,demo
2026-08-14 03:25:44,1.01,,demo
2026-08-14 03:25:52,1.00,,demo
2026-08-14 03:26:01,1.00,,demo
2026-08-14 03:26:35,9.12,,demo
2026-08-14 03:26:53,2.43,,demo
2026-08-14 03:27:02,1.06,,demo
2026-08-14 03:27:29,4.64,,demo
2026-08-14 03:28:05,10.77,,demo
2026-08-14 03:28:30,3.89,,demo
2026-08-14 03:28:51,2.92,,demo
2026-08-14 03:29:09,2.31,,demo
2026-08-14 03:29:29,2.89,,demo
2026-08-14 03:29:53,3.56,,demo
2026-08-14 03:30:01,1.03,,demo
2026-08-14 03:30:10,1.06,,demo
2026-08-14 03:30:56,24.20,,demo
2026-08-14 03:31:05,1.09,,demo
2026-08-14 03:31:29,3.69,,demo
2026-08-14 03:31:41,1.35,,demo
2026-08-14 03:31:58,2.10,,demo
2026-08-14 03:32:23,4.13,,demo
2026-08-14 03:32:36,1.49,,demo
2026-08-14 03:32:52,2.02,,demo
2026-08-14 03:33:05,1.46,,demo
2026-08-14 03:33:19,1.71,,demo
2026-08-14 03:33:33,1.62,,demo
2026-08-14 03:33:45,1.37,,demo
2026-08-14 03:34:02,2.19,,demo
2026-08-14 03:34:13,1.22,,demo
2026-08-14 03:34:59,25.20,,demo
2026-08-14 03:35:16,2.01,,demo
2026-08-14 03:35:24,1.06,,demo
2026-08-14 03:35:51,4.73,,demo
2026-08-14 03:36:21,6.13,,demo
2026-08-14 03:36:38,2.11,,demo
2026-08-14 03:36:48,1.19,,demo
2026-08-14 03:36:58,1.12,,demo
2026-08-14 03:37:35,11.53,,demo
2026-08-14 03:37:54,2.51,,demo
2026-08-14 03:38:57,98.00,,demo
2026-08-14 03:39:09,1.37,,demo
2026-08-14 03:39:19,1.15,,demo
2026-08-14 03:39:27,1.06,,demo
2026-08-14 03:40:42,244.71,,demo
2026-08-14 03:41:01,2.51,,demo
2026-08-14 03:41:22,3.05,,demo
2026-08-14 03:41:59,10.64,,demo
2026-08-14 03:42:21,3.38,,demo
2026-08-14 03:42:32,1.24,,demo
2026-08-14 03:42:43,1.30,,demo
2026-08-14 03:43:18,9.22,,demo
2026-08-14 03:43:32,1.64,,demo
2026-08-14 03:43:45,1.61,,demo
2026-08-14 03:44:36,34.33,,demo
2026-08-14 03:45:21,21.49,,demo
2026-08-14 03:45:30,1.09,,demo
2026-08-14 03:45:51,3.03,,demo
2026-08-14 03:46:43,37.03,,demo
2026-08-14 03:46:57,1.71,,demo
2026-08-14 03:47:07,1.14,,demo
2026-08-14 03:47:15,1.02,,demo
2026-08-14 03:47:25,1.16,,demo
2026-08-14 03:47:49,3.75,,demo
2026-08-14 03:48:32,17.81,,demo
2026-08-14 03:48:45,1.54,,demo
2026-08-14 03:49:03,2.48,,demo
2026-08-14 03:49:32,5.69,,demo
2026-08-14 03:50:11,12.01,,demo
2026-08-14 03:50:27,2.10,,demo
2026-08-14 03:50:53,4.23,,demo
2026-08-14 03:51:02,1.16,,demo
2026-08-14 03:51:18,1.94,,demo
2026-08-14 03:51:31,1.41,,demo
2026-08-14 03:52:05,8.71,,demo
2026-08-14 03:52:49,21.45,,demo
2026-08-14 03:52:59,1.12,,demo
2026-08-14 03:53:39,14.19,,demo
2026-08-14 03:53:54,1.91,,demo
2026-08-14 03:54:22,5.09,,demo
2026-08-14 03:54:34,1.40,,demo
2026-08-14 03:54:54,2.61,,demo
2026-08-14 03:55:12,1.35,,demo
2026-08-14 03:55:20,1.79,,demo
2026-08-14 03:55:33,1.48,,demo
2026-08-14 03:55:49,1.87,,demo
2026-08-14 03:56:05,2.03,,demo
2026-08-14 03:56:31,4.43,,demo
2026-08-14 03:56:59,5.03,,demo
2026-08-14 03:57:10,1.33,,demo
2026-08-14 03:57:31,2.89,,demo
2026-08-14 03:58:01,6.14,,demo
2026-08-14 03:58:09,1.06,,demo
2026-08-14 03:58:18,1.00,,demo
2026-08-14 03:59:21,100.70,,demo
2026-08-14 03:59:31,1.14,,demo
2026-08-14 03:59:39,1.04,,demo
2026-08-14 04:00:31,38.83,,demo
2026-08-14 04:00:41,1.20,,demo
2026-08-14 04:00:54,1.53,,demo
2026-08-14 04:01:14,2.60,,demo
2026-08-14 04:01:27,1.53,,demo
2026-08-14 04:01:35,1.00,,demo
2026-08-14 04:01:46,1.27,,demo
2026-08-14 04:02:11,4.19,,demo
2026-08-14 04:02:44,7.75,,demo
2026-08-14 04:03:00,1.93,,demo
2026-08-14 04:03:15,1.73,,demo
2026-08-14 04:03:49,8.77,,demo
2026-08-14 04:04:22,8.12,,demo
2026-08-14 04:04:40,2.32,,demo
2026-08-14 04:04:54,1.60,,demo
2026-08-14 04:05:03,1.09,,demo
2026-08-14 04:05:22,2.51,,demo
2026-08-14 04:05:39,2.17,,demo
2026-08-14 04:05:48,1.11,,demo
2026-08-14 04:06:08,2.50,,demo
2026-08-14 04:06:20,1.47,,demo
2026-08-14 04:06:32,1.32,,demo
2026-08-14 04:06:56,3.77,,demo
2026-08-14 04:07:12,2.01,,demo
2026-08-14 04:07:56,20.98,,demo
2026-08-14 04:08:20,3.75,,demo
2026-08-14 04:08:43,3.50,,demo
2026-08-14 04:09:14,6.50,,demo
2026-08-14 04:09:36,2.91,,demo
2026-08-14 04:09:53,2.23,,demo
2026-08-14 04:10:04,1.30,,demo
2026-08-14 04:10:22,2.31,,demo
2026-08-14 04:10:38,1.99,,demo
2026-08-14 04:11:30,37.99,,demo
2026-08-14 04:11:43,1.57,,demo
2026-08-14 04:12:18,9.45,,demo
2026-08-14 04:12:37,2.41,,demo
2026-08-14 04:12:45,1.00,,demo
2026-08-14 04:13:19,8.64,,demo
2026-08-14 04:13:32,1.49,,demo
2026-08-14 04:13:47,1.79,,demo
2026-08-14 04:14:00,1.33,,demo
2026-08-14 04:14:23,4.07,,demo
2026-08-14 04:14:31,1.00,,demo
2026-08-14 04:14:47,1.86,,demo
2026-08-14 04:15:00,1.60,,demo
2026-08-14 04:15:16,1.88,,demo
2026-08-14 04:15:35,2.60,,demo
2026-08-14 04:15:47,1.31,,demo
2026-08-14 04:16:23,10.75,,demo
2026-08-14 04:16:35,1.39,,demo
2026-08-14 04:17:12,11.29,,demo
2026-08-14 04:17:41,5.75,,demo
2026-08-14 04:17:58,1.95,,demo
2026-08-14 04:18:08,1.26,,demo
2026-08-14 04:18:31,3.31,,demo
2026-08-14 04:18:49,2.26,,demo
2026-08-14 04:19:01,1.47,,demo
2026-08-14 04:19:16,1.71,,demo
2026-08-14 04:19:27,1.34,,demo
2026-08-14 04:19:37,1.02,,demo
2026-08-14 04:19:54,2.36,,demo
2026-08-14 04:20:33,13.22,,demo
2026-08-14 04:20:42,1.07,,demo
2026-08-14 04:20:54,1.41,,demo
2026-08-14 04:21:26,7.18,,demo
2026-08-14 04:21:48,3.25,,demo
2026-08-14 04:22:12,3.71,,demo
2026-08-14 04:22:24,1.46,,demo
2026-08-14 04:22:56,7.16,,demo
2026-08-14 04:23:11,1.72,,demo
2026-08-14 04:23:23,1.41,,demo
2026-08-14 04:23:51,5.49,,demo
2026-08-14 04:24:08,2.07,,demo
2026-08-14 04:24:18,1.17,,demo
2026-08-14 04:24:54,7.89,,demo
2026-08-14 04:25:08,2.13,,demo
2026-08-14 04:25:22,1.67,,demo
2026-08-14 04:25:34,1.33,,demo
2026-08-14 04:26:10,10.41,,demo
2026-08-14 04:26:24,1.71,,demo
2026-08-14 04:26:32,1.00,,demo
2026-08-14 04:26:48,1.92,,demo
2026-08-14 04:27:02,1.57,,demo
2026-08-14 04:27:13,1.26,,demo
2026-08-14 04:28:16,98.96,,demo
2026-08-14 04:28:24,1.00,,demo
2026-08-14 04:28:38,1.72,,demo
2026-08-14 04:28:50,1.37,,demo
2026-08-14 04:29:11,3.02,,demo
2026-08-14 04:29:21,1.12,,demo
2026-08-14 04:29:51,6.40,,demo
2026-08-14 04:30:01,1.21,,demo
2026-08-14 04:30:10,1.00,,demo
2026-08-14 04:30:23,1.61,,demo
2026-08-14 04:30:35,1.29,,demo
2026-08-14 04:30:52,2.17,,demo
2026-08-14 04:31:14,3.25,,demo
2026-08-14 04:31:30,1.97,,demo
2026-08-14 04:31:56,4.29,,demo
2026-08-14 04:32:15,2.61,,demo
2026-08-14 04:32:24,1.10,,demo
2026-08-14 04:32:53,4.49,,demo
2026-08-14 04:33:07,1.99,,demo
2026-08-14 04:33:53,23.21,,demo
2026-08-14 04:34:08,1.84,,demo
2026-08-14 04:34:21,1.47,,demo
2026-08-14 04:34:29,1.02,,demo
2026-08-14 04:34:37,1.00,,demo
2026-08-14 04:34:59,3.25,,demo
2026-08-14 04:35:11,1.34,,demo
2026-08-14 04:36:00,30.68,,demo
2026-08-14 04:36:10,1.15,,demo
2026-08-14 04:36:23,1.57,,demo
2026-08-14 04:36:35,1.43,,demo
2026-08-14 04:36:48,1.53,,demo
2026-08-14 04:37:08,2.53,,demo
2026-08-14 04:37:39,6.73,,demo
2026-08-14 04:37:47,1.02,,demo
2026-08-14 04:37:58,1.32,,demo
2026-08-14 04:38:34,9.90,,demo
2026-08-14 04:38:55,2.95,,demo
2026-08-14 04:39:05,1.18,,demo
2026-08-14 04:39:13,1.02,,demo
2026-08-14 04:39:41,5.18,,demo
2026-08-14 04:39:50,1.12,,demo
2026-08-14 04:40:06,1.88,,demo
2026-08-14 04:40:14,1.02,,demo
2026-08-14 04:40:53,13.14,,demo
2026-08-14 04:41:10,2.11,,demo
2026-08-14 04:41:21,1.22,,demo
2026-08-14 04:41:46,4.42,,demo
2026-08-14 04:41:56,1.14,,demo
2026-08-14 04:42:19,3.52,,demo
2026-08-14 04:42:40,2.79,,demo
2026-08-14 04:42:52,1.39,,demo
2026-08-14 04:43:19,4.94,,demo
2026-08-14 04:43:48,5.82,,demo
2026-08-14 04:44:36,28.54,,demo
2026-08-14 04:44:48,1.37,,demo
2026-08-14 04:45:27,13.25,,demo
2026-08-14 04:45:36,1.00,,demo
2026-08-14 04:45:48,1.47,,demo
2026-08-14 04:45:57,1.09,,demo
2026-08-14 04:46:14,2.06,,demo
2026-08-14 04:46:25,1.27,,demo
2026-08-14 04:46:36,1.32,,demo
2026-08-14 04:46:51,1.72,,demo
2026-08-14 04:47:07,1.98,,demo
2026-08-14 04:47:16,1.05,,demo
2026-08-14 04:47:29,1.60,,demo
2026-08-14 04:47:49,2.66,,demo
2026-08-14 04:48:10,2.85,,demo
2026-08-14 04:48:18,1.07,,demo
2026-08-14 04:48:45,4.65,,demo
2026-08-14 04:48:58,1.44,,demo
2026-08-14 04:49:09,1.34,,demo
2026-08-14 04:49:24,1.78,,demo
2026-08-14 04:49:37,1.47,,demo
2026-08-14 04:49:45,1.00,,demo
2026-08-14 04:49:53,1.02,,demo
2026-08-14 04:50:17,3.92,,demo
2026-08-14 04:50:28,1.24,,demo
2026-08-14 04:50:41,1.47,,demo
2026-08-14 04:50:58,2.21,,demo
2026-08-14 04:51:07,1.07,,demo
2026-08-14 04:51:16,1.09,,demo
2026-08-14 04:51:38,3.24,,demo
2026-08-14 04:51:57,2.46,,demo
2026-08-14 04:52:06,1.10,,demo
2026-08-14 04:52:14,1.00,,demo
2026-08-14 04:52:23,1.04,,demo
2026-08-14 04:52:56,7.17,,demo
2026-08-14 04:53:05,1.20,,demo
2026-08-14 04:53:21,1.94,,demo
2026-08-14 04:53:47,4.42,,demo
2026-08-14 04:54:04,2.26,,demo
2026-08-14 04:54:41,10.91,,demo
2026-08-14 04:55:02,2.95,,demo
2026-08-14 04:55:11,1.08,,demo
2026-08-14 04:55:30,2.52,,demo
2026-08-14 04:56:21,35.23,,demo
2026-08-14 04:56:29,1.02,,demo
2026-08-14 04:57:01,6.94,,demo
2026-08-14 04:57:26,4.06,,demo
2026-08-14 04:58:04,12.22,,demo
2026-08-14 04:58:17,1.57,,demo
2026-08-14 04:58:28,1.28,,demo
2026-08-14 04:58:48,2.57,,demo
2026-08-14 04:59:19,6.99,,demo
2026-08-14 04:59:31,1.40,,demo
2026-08-14 04:59:41,1.14,,demo
2026-08-14 04:59:49,1.05,,demo
2026-08-14 05:00:06,2.03,,demo
2026-08-14 05:00:28,3.38,,demo
2026-08-14 05:00:38,1.13,,demo
2026-08-14 05:00:52,1.72,,demo
2026-08-14 05:01:22,5.77,,demo
2026-08-14 05:01:57,9.87,,demo
2026-08-14 05:02:09,1.37,,demo
2026-08-14 05:02:25,1.99,,demo
2026-08-14 05:02:35,1.10,,demo
2026-08-14 05:02:49,1.72,,demo
2026-08-14 05:03:08,2.41,,demo
2026-08-14 05:03:16,1.00,,demo
2026-08-14 05:03:56,15.06,,demo
2026-08-14 05:04:09,1.44,,demo
2026-08-14 05:04:17,1.03,,demo
2026-08-14 05:04:43,4.41,,demo
2026-08-14 05:05:04,2.87,,demo
2026-08-14 05:05:53,31.47,,demo
2026-08-14 05:06:27,8.47,,demo
2026-08-14 05:06:40,1.58,,demo
2026-08-14 05:06:50,1.13,,demo
2026-08-14 05:06:58,1.08,,demo
2026-08-14 05:07:09,1.19,,demo
2026-08-14 05:07:18,1.13,,demo
2026-08-14 05:07:30,1.32,,demo
2026-08-14 05:07:38,1.02,,demo
2026-08-14 05:07:47,1.06,,demo
2026-08-14 05:07:57,1.20,,demo
2026-08-14 05:08:30,8.27,,demo
2026-08-14 05:08:41,1.21,,demo
2026-08-14 05:09:07,4.67,,demo
2026-08-14 05:09:15,1.00,,demo
2026-08-14 05:09:23,1.00,,demo
2026-08-14 05:09:31,1.00,,demo
2026-08-14 05:09:39,1.00,,demo
2026-08-14 05:09:40,1.00,,demo
2026-08-14 05:09:42,1.00,,demo
2026-08-14 05:09:43,1.00,,demo
2026-08-14 05:09:46,1.00,,demo
2026-08-14 05:09:47,1.00,,demo
2026-08-14 05:09:49,1.00,,demo
2026-08-14 05:09:50,1.00,,demo
2026-08-14 05:09:52,1.00,,demo
2026-08-14 05:09:54,1.00,,demo
2026-08-14 05:09:55,1.00,,demo
2026-08-14 05:09:57,1.00,,demo
2026-08-14 05:09:57,2.31,,demo
2026-08-14 05:10:43,22.62,,demo
2026-08-14 05:10:55,1.48,,demo
2026-08-14 05:11:04,1.02,,demo
2026-08-14 05:11:13,1.11,,demo
2026-08-14 05:11:25,1.33,,demo
2026-08-14 05:11:53,5.62,,demo
2026-08-14 05:12:04,1.20,,demo
2026-08-14 05:12:20,2.00,,demo
2026-08-14 05:12:58,12.46,,demo
2026-08-14 05:13:30,7.14,,demo
2026-08-14 05:14:07,10.87,,demo
2026-08-14 05:14:19,1.39,,demo
2026-08-14 05:14:29,1.21,,demo
2026-08-14 05:15:29,77.34,,demo
2026-08-14 05:15:50,3.00,,demo
2026-08-14 05:16:30,13.70,,demo
2026-08-14 05:16:39,1.12,,demo
2026-08-14 05:17:26,26.01,,demo
2026-08-14 05:17:37,1.21,,demo
2026-08-14 05:18:31,45.64,,demo
2026-08-14 05:19:13,18.37,,demo
2026-08-14 05:19:44,1.94,,demo
2026-08-14 05:19:44,1.43,,demo
2026-08-14 05:19:30,1.94,,demo
2026-08-14 05:19:42,1.43,,demo
2026-08-14 05:19:52,1.16,,demo
2026-08-14 05:20:00,1.01,,demo
2026-08-14 05:20:22,3.23,,demo
2026-08-14 05:20:31,1.13,,demo
2026-08-14 05:20:55,3.60,,demo
2026-08-14 05:21:07,1.42,,demo
2026-08-14 05:21:26,2.40,,demo
2026-08-14 05:21:36,1.14,,demo
2026-08-14 05:22:46,193.19,,demo
2026-08-14 05:23:02,1.93,,demo
2026-08-14 05:23:43,14.90,,demo
2026-08-14 05:24:05,3.22,,demo
2026-08-14 05:24:18,1.49,,demo
2026-08-14 05:24:49,6.95,,demo
2026-08-14 05:25:02,1.46,,demo
2026-08-14 05:25:18,1.95,,demo
2026-08-14 05:25:30,1.37,,demo
2026-08-14 05:25:43,1.51,,demo
2026-08-14 05:26:01,2.23,,demo
2026-08-14 05:26:11,1.30,,demo
2026-08-14 05:26:21,1.09,,demo
2026-08-14 05:26:42,2.96,,demo
2026-08-14 05:27:30,28.06,,demo
2026-08-14 05:27:42,1.41,,demo
2026-08-14 05:27:52,1.17,,demo
2026-08-14 05:28:07,1.87,,demo
2026-08-14 05:28:27,2.69,,demo
2026-08-14 05:28:47,2.73,,demo
2026-08-14 05:30:00,52.38,,demo
2026-08-14 05:30:00,1.04,,demo
2026-08-14 05:29:43,52.38,,demo
2026-08-14 05:29:51,1.04,,demo
2026-08-14 05:30:10,2.46,,demo
2026-08-14 05:30:42,7.41,,demo
2026-08-14 05:30:53,1.28,,demo
2026-08-14 05:31:14,2.63,,demo
2026-08-14 05:31:22,1.08,,demo
2026-08-14 05:31:30,1.03,,demo
2026-08-14 05:31:41,1.27,,demo
2026-08-14 05:31:56,1.77,,demo
2026-08-14 05:32:27,6.78,,demo
2026-08-14 05:32:36,1.07,,demo
2026-08-14 05:32:44,1.00,,demo
2026-08-14 05:33:22,12.21,,demo
2026-08-14 05:33:49,4.64,,demo
2026-08-14 05:34:01,1.49,,demo
2026-08-14 05:34:12,1.24,,demo
2026-08-14 05:34:27,1.69,,demo
2026-08-14 05:34:43,2.01,,demo
2026-08-14 05:35:07,3.81,,demo
2026-08-14 05:35:27,2.62,,demo
2026-08-14 05:35:43,1.91,,demo
2026-08-14 05:35:52,1.10,,demo
2026-08-14 05:36:01,1.06,,demo
2026-08-14 05:36:18,2.24,,demo
2026-08-14 05:36:41,3.54,,demo
2026-08-14 05:37:01,2.63,,demo
2026-08-14 05:37:45,20.14,,demo
2026-08-14 05:37:54,1.05,,demo
2026-08-14 05:38:21,4.97,,demo
2026-08-14 05:38:30,1.11,,demo
2026-08-14 05:38:39,1.10,,demo
2026-08-14 05:38:48,1.02,,demo
2026-08-14 05:39:39,38.00,,demo
2026-08-14 05:40:42,94.95,,demo
2026-08-14 05:40:55,1.53,,demo
2026-08-14 05:41:09,1.57,,demo
2026-08-14 05:41:23,1.62,,demo
2026-08-14 05:41:37,1.68,,demo
2026-08-14 05:41:46,1.11,,demo
2026-08-14 05:41:59,1.48,,demo
2026-08-14 05:42:07,1.03,,demo
2026-08-14 05:42:17,1.14,,demo
2026-08-14 05:42:31,1.60,,demo
2026-08-14 05:42:40,1.11,,demo
2026-08-14 05:43:08,5.44,,demo
2026-08-14 05:43:26,2.13,,demo
2026-08-14 05:43:36,1.17,,demo
2026-08-14 05:44:13,12.16,,demo
2026-08-14 05:44:26,1.35,,demo
2026-08-14 05:44:50,3.48,,demo
2026-08-14 05:44:58,1.21,,demo
2026-08-14 05:45:11,1.51,,demo
2026-08-14 05:45:29,2.28,,demo
2026-08-14 05:45:42,1.48,,demo
2026-08-14 05:45:51,1.05,,demo
2026-08-14 05:46:33,17.05,,demo
2026-08-14 05:47:20,25.72,,demo
2026-08-14 05:47:45,4.08,,demo
2026-08-14 05:47:57,1.36,,demo
2026-08-14 05:48:05,1.08,,demo
2026-08-14 05:48:26,2.91,,demo
2026-08-14 05:48:41,1.69,,demo
2026-08-14 05:48:50,1.07,,demo
2026-08-14 05:48:58,1.07,,demo
2026-08-14 05:49:22,3.82,,demo
2026-08-14 05:49:31,1.09,,demo
2026-08-14 05:49:40,1.03,,demo
2026-08-14 05:50:07,4.65,,demo
2026-08-14 05:50:30,3.64,,demo
2026-08-14 05:50:46,1.78,,demo
2026-08-14 05:51:00,1.79,,demo
2026-08-14 05:51:39,12.93,,demo
2026-08-14 05:51:54,1.90,,demo
2026-08-14 05:52:25,6.42,,demo
2026-08-14 05:53:24,16.37,,demo
2026-08-14 05:53:38,5.85,,demo
2026-08-14 05:53:58,3.39,,demo
2026-08-14 05:55:27,812.60,,demo
2026-08-14 05:56:14,25.29,,demo
2026-08-14 05:56:36,3.35,,demo
2026-08-14 05:56:53,2.02,,demo
2026-08-14 05:57:20,5.02,,demo
2026-08-14 05:57:34,1.66,,demo
2026-08-14 05:57:43,1.08,,demo
2026-08-14 05:58:00,2.07,,demo
2026-08-14 05:58:11,1.33,,demo
2026-08-14 05:58:34,2.91,,demo
2026-08-14 05:58:41,1.11,,demo
2026-08-14 05:59:15,8.15,,demo
2026-08-14 05:59:34,2.59,,demo
2026-08-14 05:59:58,3.66,,demo
2026-08-14 06:00:15,2.20,,demo
2026-08-14 06:00:45,1.72,,demo
2026-08-14 06:00:52,3.29,,demo
2026-08-14 06:01:01,1.08,,demo
2026-08-14 06:01:38,11.09,,demo
2026-08-14 06:01:51,1.49,,demo
2026-08-14 06:02:07,2.00,,demo
2026-08-14 06:02:19,1.45,,demo
2026-08-14 06:02:33,1.63,,demo
2026-08-14 06:02:42,1.07,,demo
2026-08-14 06:02:58,1.80,,demo
2026-08-14 06:03:31,8.15,,demo
2026-08-14 06:03:40,1.10,,demo
2026-08-14 06:03:48,1.02,,demo
2026-08-14 06:04:11,3.46,,demo
2026-08-14 06:04:23,1.36,,demo
2026-08-14 06:04:31,1.01,,demo
2026-08-14 06:04:40,1.11,,demo
2026-08-14 06:04:50,1.13,,demo
2026-08-14 06:05:00,1.23,,demo
2026-08-14 06:05:13,1.35,,demo
2026-08-14 06:05:35,3.66,,demo
2026-08-14 06:06:00,4.04,,demo
2026-08-14 06:06:18,2.36,,demo
2026-08-14 06:06:37,2.49,,demo
2026-08-14 06:07:02,3.86,,demo
2026-08-14 06:07:17,1.90,,demo
2026-08-14 06:07:35,2.15,,demo
2026-08-14 06:07:52,2.05,,demo
2026-08-14 06:08:01,1.13,,demo
2026-08-14 06:08:32,6.81,,demo
2026-08-14 06:08:47,1.57,,demo
2026-08-14 06:08:54,1.00,,demo
2026-08-14 06:09:10,2.00,,demo
2026-08-14 06:09:22,1.39,,demo
2026-08-14 06:09:32,1.18,,demo
2026-08-14 06:09:40,1.00,,demo
2026-08-14 06:10:09,5.08,,demo
2026-08-14 06:10:25,2.03,,demo
2026-08-14 06:10:40,1.63,,demo
2026-08-14 06:10:47,1.04,,demo
2026-08-14 06:11:07,2.89,,demo
2026-08-14 06:11:31,3.78,,demo
2026-08-14 06:11:53,2.99,,demo
2026-08-14 06:12:26,7.70,,demo
2026-08-14 06:12:42,2.12,,demo
2026-08-14 06:12:54,1.41,,demo
2026-08-14 06:13:19,3.87,,demo
2026-08-14 06:13:32,1.60,,demo
2026-08-14 06:13:56,3.70,,demo
2026-08-14 06:14:31,9.45,,demo
2026-08-14 06:14:51,2.83,,demo
2026-08-14 06:15:25,8.13,,demo
2026-08-14 06:15:50,4.21,,demo
2026-08-14 06:16:08,2.21,,demo
2026-08-14 06:16:17,1.13,,demo
2026-08-14 06:16:32,1.75,,demo
2026-08-14 06:16:44,1.36,,demo
2026-08-14 06:17:20,10.92,,demo
2026-08-14 06:18:09,28.43,,demo
2026-08-14 06:18:27,2.39,,demo
2026-08-14 06:18:44,2.04,,demo
2026-08-14 06:19:24,15.28,,demo
2026-08-14 06:19:40,1.91,,demo
2026-08-14 06:20:04,3.51,,demo
2026-08-14 06:20:14,1.28,,demo
2026-08-14 06:20:39,3.93,,demo
2026-08-14 06:20:49,1.22,,demo
2026-08-14 06:21:06,2.02,,demo
2026-08-14 06:21:20,1.65,,demo
2026-08-14 06:21:32,1.29,,demo
2026-08-14 06:22:08,7.21,,demo
2026-08-14 06:22:54,31.63,,demo
2026-08-14 06:23:09,1.87,,demo
2026-08-14 06:23:16,1.07,,demo
2026-08-14 06:23:33,2.12,,demo
2026-08-14 06:23:48,1.64,,demo
2026-08-14 06:24:06,1.88,,demo
2026-08-14 06:24:21,2.33,,demo
2026-08-14 06:24:31,1.16,,demo
2026-08-14 06:24:44,1.48,,demo
2026-08-14 06:24:58,1.73,,demo
2026-08-14 06:25:52,42.72,,demo
2026-08-14 06:26:00,1.05,,demo
2026-08-14 06:26:16,1.76,,demo
2026-08-14 06:26:32,1.67,,demo
2026-08-14 06:26:41,1.34,,demo
2026-08-14 06:26:57,1.94,,demo
2026-08-14 06:27:10,1.59,,demo
2026-08-14 06:27:24,1.51,,demo
2026-08-14 06:27:41,2.28,,demo
2026-08-14 06:27:55,1.56,,demo
2026-08-14 06:28:10,1.77,,demo
2026-08-14 06:28:18,1.01,,demo
2026-08-14 06:28:31,1.51,,demo
2026-08-14 06:29:00,5.73,,demo
2026-08-14 06:29:22,3.01,,demo
2026-08-14 06:29:52,6.84,,demo
2026-08-14 06:30:16,3.64,,demo
2026-08-14 06:30:35,2.55,,demo
2026-08-14 06:30:51,1.86,,demo
2026-08-14 06:31:06,1.69,,demo
2026-08-14 06:31:26,2.92,,demo
2026-08-14 06:31:45,2.58,,demo
2026-08-14 06:32:14,4.60,,demo
2026-08-14 06:33:03,38.37,,demo
2026-08-14 06:33:33,6.18,,demo
2026-08-14 06:34:01,5.42,,demo
2026-08-14 06:34:11,1.12,,demo
2026-08-14 06:34:24,1.51,,demo
2026-08-14 06:34:35,1.13,,demo
2026-08-14 06:35:08,9.45,,demo
2026-08-14 06:35:27,2.02,,demo
2026-08-14 06:35:42,1.81,,demo
2026-08-14 06:36:20,14.61,,demo
2026-08-14 06:37:01,3.48,,demo
2026-08-14 06:37:12,5.80,,demo
2026-08-14 06:37:21,1.01,,demo
2026-08-14 06:37:53,8.00,,demo
2026-08-14 06:38:09,1.80,,demo
2026-08-14 06:38:30,2.91,,demo
2026-08-14 06:39:05,8.17,,demo
2026-08-14 06:39:34,6.79,,demo
2026-08-14 06:39:49,1.70,,demo
2026-08-14 06:40:51,94.72,,demo
2026-08-14 06:41:05,1.63,,demo
2026-08-14 06:41:15,1.23,,demo
2026-08-14 06:41:25,1.10,,demo
2026-08-14 06:41:33,1.00,,demo
2026-08-14 06:41:54,2.71,,demo
2026-08-14 06:42:34,14.66,,demo
2026-08-14 06:43:00,4.81,,demo
2026-08-14 06:43:09,1.12,,demo
2026-08-14 06:43:18,1.10,,demo
2026-08-14 06:43:26,1.00,,demo
2026-08-14 06:43:54,5.36,,demo
2026-08-14 06:44:41,4.06,,demo
2026-08-14 06:44:47,4.42,,demo
2026-08-14 06:45:03,2.09,,demo
2026-08-14 06:45:42,13.29,,demo
2026-08-14 06:45:50,1.00,,demo
2026-08-14 06:46:40,36.17,,demo
2026-08-14 06:46:54,1.64,,demo
2026-08-14 06:47:28,8.19,,demo
2026-08-14 06:47:48,2.64,,demo
2026-08-14 06:48:02,1.58,,demo
2026-08-14 06:48:14,1.56,,demo
2026-08-14 06:48:25,1.31,,demo
2026-08-14 06:48:34,1.01,,demo
2026-08-14 06:48:45,1.27,,demo
2026-08-14 06:49:35,30.85,,demo
2026-08-14 06:49:52,2.29,,demo
2026-08-14 06:50:59,135.30,,demo
2026-08-14 06:51:07,1.03,,demo
2026-08-14 06:51:20,1.51,,demo
2026-08-14 06:51:40,2.65,,demo
2026-08-14 06:52:00,2.69,,demo
2026-08-14 06:52:12,1.36,,demo
2026-08-14 06:52:28,2.00,,demo
2026-08-14 06:52:52,1.22,,demo
2026-08-14 06:53:00,3.18,,demo
2026-08-14 06:53:09,1.11,,demo
2026-08-14 06:53:20,1.26,,demo
2026-08-14 06:54:00,14.01,,demo
2026-08-14 06:54:09,1.14,,demo
2026-08-14 06:54:33,3.55,,demo
2026-08-14 06:54:45,1.18,,demo
2026-08-14 06:55:00,2.21,,demo
2026-08-14 06:55:08,1.00,,demo
2026-08-14 06:55:36,5.03,,demo
2026-08-14 06:55:46,1.20,,demo
2026-08-14 06:56:08,3.08,,demo
2026-08-14 06:56:30,3.35,,demo
2026-08-14 06:56:39,1.06,,demo
2026-08-14 06:57:48,157.04,,demo
2026-08-14 06:58:06,2.37,,demo
2026-08-14 06:58:18,1.42,,demo
2026-08-14 06:58:33,1.76,,demo
2026-08-14 06:58:49,1.90,,demo
2026-08-14 06:58:59,1.12,,demo
2026-08-14 06:59:11,1.52,,demo
2026-08-14 06:59:57,22.27,,demo
2026-08-14 07:00:05,1.03,,demo
2026-08-14 07:00:18,1.52,,demo
2026-08-14 07:00:29,1.30,,demo
2026-08-14 07:00:42,1.43,,demo
2026-08-14 07:01:19,11.03,,demo
2026-08-14 07:01:29,1.25,,demo
2026-08-14 07:01:50,2.75,,demo
2026-08-14 07:01:59,1.10,,demo
2026-08-14 07:02:17,2.37,,demo
2026-08-14 07:03:02,20.46,,demo
2026-08-14 07:03:11,1.19,,demo
2026-08-14 07:03:24,1.52,,demo
2026-08-14 07:04:02,12.18,,demo
2026-08-14 07:04:13,1.20,,demo
2026-08-14 07:04:22,1.16,,demo
2026-08-14 07:04:32,1.17,,demo
2026-08-14 07:04:48,1.61,,demo
2026-08-14 07:05:17,6.55,,demo
2026-08-14 07:05:45,5.41,,demo
2026-08-14 07:05:56,1.29,,demo
2026-08-14 07:06:26,6.30,,demo
2026-08-14 07:06:45,1.71,,demo
2026-08-14 07:06:49,1.00,,demo
2026-08-14 07:06:58,1.07,,demo
2026-08-14 07:07:22,3.96,,demo
2026-08-14 07:07:33,1.07,,demo
2026-08-14 07:07:49,2.24,,demo
2026-08-14 07:08:00,1.28,,demo
2026-08-14 07:08:27,4.89,,demo
2026-08-14 07:09:06,13.02,,demo
2026-08-14 07:09:18,1.47,,demo
2026-08-14 07:09:27,1.07,,demo
2026-08-14 07:09:42,1.53,,demo
2026-08-14 07:09:58,2.08,,demo
2026-08-14 07:10:10,1.48,,demo
2026-08-14 07:11:02,39.44,,demo
2026-08-14 07:11:12,1.19,,demo
2026-08-14 07:11:32,2.81,,demo
2026-08-14 07:11:41,1.00,,demo
2026-08-14 07:11:57,2.06,,demo
2026-08-14 07:12:13,1.72,,demo
2026-08-14 07:12:21,1.08,,demo
2026-08-14 07:12:30,1.14,,demo
2026-08-14 07:12:39,1.06,,demo
2026-08-14 07:12:58,2.51,,demo
2026-08-14 07:13:14,1.90,,demo
2026-08-14 07:13:24,1.18,,demo
2026-08-14 07:13:44,2.59,,demo
2026-08-14 07:13:53,1.17,,demo
2026-08-14 07:14:08,1.65,,demo
2026-08-14 07:14:38,6.11,,demo
2026-08-14 07:14:56,2.07,,demo
2026-08-14 07:15:03,1.07,,demo
2026-08-14 07:15:29,4.20,,demo
2026-08-14 07:15:39,1.27,,demo
2026-08-14 07:15:50,1.31,,demo
2026-08-14 07:17:24,1261.83,,demo
2026-08-14 07:17:42,2.23,,demo
2026-08-14 07:17:59,2.04,,demo
2026-08-14 07:18:10,1.40,,demo
2026-08-14 07:18:30,2.28,,demo
2026-08-14 07:18:42,1.54,,demo
2026-08-14 07:19:00,2.01,,demo
2026-08-14 07:19:22,3.97,,demo
2026-08-14 07:19:36,1.52,,demo
2026-08-14 07:19:50,1.72,,demo
2026-08-14 07:20:01,1.28,,demo
2026-08-14 07:20:19,2.07,,demo
2026-08-14 07:20:57,13.74,,demo
2026-08-14 07:21:26,5.47,,demo
2026-08-14 07:21:34,1.00,,demo
2026-08-14 07:21:55,2.82,,demo
2026-08-14 07:22:04,1.14,,demo
2026-08-14 07:22:16,1.36,,demo
2026-08-14 07:22:26,1.20,,demo
2026-08-14 07:23:08,13.83,,demo
2026-08-14 07:23:26,2.80,,demo
2026-08-14 07:24:07,15.48,,demo
2026-08-14 07:24:37,2.97,,demo
2026-08-14 07:24:49,3.10,,demo
2026-08-14 07:25:15,4.21,,demo
2026-08-14 07:25:27,1.43,,demo
2026-08-14 07:26:01,8.62,,demo
2026-08-14 07:26:11,1.14,,demo
2026-08-14 07:26:27,2.00,,demo
2026-08-14 07:26:51,3.81,,demo
2026-08-14 07:27:01,1.23,,demo
2026-08-14 07:27:16,1.72,,demo
2026-08-14 07:27:27,1.26,,demo
2026-08-14 07:27:42,1.75,,demo
2026-08-14 07:27:58,1.91,,demo
2026-08-14 07:28:08,1.21,,demo
2026-08-14 07:28:21,1.57,,demo
2026-08-14 07:28:32,1.27,,demo
2026-08-14 07:28:56,3.58,,demo
2026-08-14 07:29:13,2.15,,demo
2026-08-14 07:29:42,5.87,,demo
2026-08-14 07:29:58,1.93,,demo
2026-08-14 07:30:24,4.14,,demo
2026-08-14 07:30:41,2.00,,demo
2026-08-14 07:31:22,16.18,,demo
2026-08-14 07:31:39,2.20,,demo
2026-08-14 07:31:52,1.50,,demo
2026-08-14 07:32:04,1.44,,demo
2026-08-14 07:32:16,1.20,,demo
2026-08-14 07:32:40,4.34,,demo
2026-08-14 07:33:01,2.97,,demo
2026-08-14 07:33:22,3.06,,demo
2026-08-14 07:33:32,1.21,,demo
2026-08-14 07:33:53,2.19,,demo
2026-08-14 07:34:00,1.14,,demo
2026-08-14 07:34:09,1.16,,demo
2026-08-14 07:34:43,8.47,,demo
2026-08-14 07:35:10,4.04,,demo
2026-08-14 07:35:33,4.29,,demo
2026-08-14 07:36:32,67.20,,demo
2026-08-14 07:37:06,8.49,,demo
2026-08-14 07:37:19,1.54,,demo
2026-08-14 07:37:39,2.17,,demo
2026-08-14 07:37:47,1.25,,demo
2026-08-14 07:38:26,13.38,,demo
2026-08-14 07:38:39,1.54,,demo
2026-08-14 07:38:56,2.00,,demo
2026-08-14 07:39:08,1.41,,demo
2026-08-14 07:39:57,30.10,,demo
2026-08-14 07:40:17,2.80,,demo
2026-08-14 07:40:26,1.08,,demo
2026-08-14 07:41:20,44.35,,demo
2026-08-14 07:42:00,14.62,,demo
2026-08-14 07:42:21,2.98,,demo
2026-08-14 07:42:31,1.15,,demo
2026-08-14 07:43:03,6.00,,demo
2026-08-14 07:43:15,1.82,,demo
2026-08-14 07:43:35,2.44,,demo
2026-08-14 07:43:53,1.94,,demo
2026-08-14 07:44:00,1.15,,demo
2026-08-14 07:44:24,3.72,,demo
2026-08-14 07:44:40,2.04,,demo
2026-08-14 07:45:25,16.14,,demo
2026-08-14 07:46:05,18.19,,demo
2026-08-14 07:46:23,2.37,,demo
2026-08-14 07:46:41,2.25,,demo
2026-08-14 07:47:05,3.94,,demo
2026-08-14 07:47:20,1.64,,demo
2026-08-14 07:47:28,1.00,,demo
2026-08-14 07:47:47,2.31,,demo
2026-08-14 07:48:33,26.53,,demo
2026-08-14 07:48:46,1.37,,demo
2026-08-14 07:49:15,5.70,,demo
2026-08-14 07:49:49,10.02,,demo
2026-08-14 07:50:23,8.55,,demo
2026-08-14 07:50:36,1.46,,demo
2026-08-14 07:51:17,16.93,,demo
2026-08-14 07:51:29,1.28,,demo
2026-08-14 07:51:40,1.28,,demo
2026-08-14 07:52:01,3.02,,demo
2026-08-14 07:52:22,2.91,,demo
2026-08-14 07:52:32,1.17,,demo
2026-08-14 07:52:58,4.62,,demo
2026-08-14 07:53:08,1.00,,demo
2026-08-14 07:53:31,3.94,,demo
2026-08-14 07:53:51,2.83,,demo
2026-08-14 07:54:00,1.08,,demo
2026-08-14 07:54:33,7.94,,demo
2026-08-14 07:54:54,2.81,,demo
2026-08-14 07:55:02,1.05,,demo
2026-08-14 07:55:10,1.01,,demo
2026-08-14 07:55:44,8.20,,demo
2026-08-14 07:55:58,1.55,,demo
2026-08-14 07:56:16,2.46,,demo
2026-08-14 07:56:33,1.95,,demo
2026-08-14 07:56:41,1.11,,demo
2026-08-14 07:57:23,17.54,,demo
2026-08-14 07:57:36,1.39,,demo
2026-08-14 07:57:47,1.19,,demo
2026-08-14 07:57:57,1.33,,demo
2026-08-14 07:58:15,2.37,,demo
2026-08-14 07:58:24,1.01,,demo
2026-08-14 07:58:33,1.01,,demo
2026-08-14 07:58:50,2.19,,demo
2026-08-14 07:59:04,1.72,,demo
2026-08-14 07:59:20,1.96,,demo
2026-08-14 07:59:43,3.64,,demo
2026-08-14 08:00:36,29.69,,demo
2026-08-14 08:00:45,1.51,,demo
2026-08-14 08:01:06,2.88,,demo
2026-08-14 08:01:43,10.82,,demo
2026-08-14 08:01:51,1.04,,demo
2026-08-14 08:02:11,2.70,,demo
2026-08-14 08:02:33,3.18,,demo
2026-08-14 08:03:00,4.99,,demo
2026-08-14 08:03:35,9.33,,demo
2026-08-14 08:03:50,1.54,,demo
2026-08-14 08:04:14,4.38,,demo
2026-08-14 08:04:32,1.86,,demo
2026-08-14 08:04:52,2.79,,demo
2026-08-14 08:05:00,1.20,,demo
2026-08-14 08:05:20,2.61,,demo
2026-08-14 08:05:40,2.80,,demo
2026-08-14 08:05:56,2.00,,demo
2026-08-14 08:06:15,2.21,,demo
2026-08-14 08:06:30,1.90,,demo
2026-08-14 08:06:45,1.84,,demo
2026-08-14 08:06:56,1.32,,demo
2026-08-14 08:07:13,1.40,,demo
2026-08-14 08:07:26,2.30,,demo
2026-08-14 08:07:35,1.00,,demo
2026-08-14 08:07:54,2.51,,demo
2026-08-14 08:08:03,1.09,,demo
2026-08-14 08:08:16,1.53,,demo
2026-08-14 08:08:36,2.11,,demo
2026-08-14 08:08:43,1.16,,demo
2026-08-14 08:08:56,1.46,,demo
2026-08-14 08:09:15,2.06,,demo
2026-08-14 08:09:28,1.94,,demo
2026-08-14 08:09:36,1.00,,demo
2026-08-14 08:09:53,2.05,,demo
2026-08-14 08:10:02,1.00,,demo
2026-08-14 08:10:10,1.07,,demo
2026-08-14 08:10:22,1.39,,demo
2026-08-14 08:10:36,1.65,,demo
2026-08-14 08:10:46,1.23,,demo
2026-08-14 08:11:04,1.91,,demo
2026-08-14 08:11:10,1.05,,demo
2026-08-14 08:11:23,1.11,,demo
2026-08-14 08:11:44,3.76,,demo
2026-08-14 08:12:18,2.03,,demo
2026-08-14 08:12:23,3.54,,demo
2026-08-14 08:12:32,1.07,,demo
2026-08-14 08:12:52,2.57,,demo
2026-08-14 08:13:08,1.78,,demo
2026-08-14 08:13:45,12.01,,demo
2026-08-14 08:14:18,6.78,,demo
2026-08-14 08:14:33,2.03,,demo
2026-08-14 08:14:59,4.04,,demo
2026-08-14 08:15:37,14.82,,demo
2026-08-14 08:15:54,1.96,,demo
2026-08-14 08:16:14,2.58,,demo
2026-08-14 08:16:41,5.07,,demo
2026-08-14 08:17:32,39.22,,demo
2026-08-14 08:17:50,1.65,,demo
2026-08-14 08:17:55,1.04,,demo
2026-08-14 08:18:05,1.21,,demo
2026-08-14 08:18:27,3.00,,demo
2026-08-14 08:18:36,1.14,,demo
2026-08-14 08:19:12,9.97,,demo
2026-08-14 08:19:20,1.00,,demo
2026-08-14 08:19:41,2.97,,demo
2026-08-14 08:20:34,40.50,,demo
2026-08-14 08:20:57,3.81,,demo
2026-08-14 08:21:07,1.18,,demo
2026-08-14 08:21:38,6.85,,demo
2026-08-14 08:22:00,2.92,,demo
2026-08-14 08:22:09,1.15,,demo
2026-08-14 08:22:26,1.63,,demo
2026-08-14 08:22:45,2.47,,demo
2026-08-14 08:23:04,3.04,,demo
2026-08-14 08:23:24,2.18,,demo
2026-08-14 08:23:31,1.17,,demo
2026-08-14 08:24:44,228.14,,demo
2026-08-14 08:25:08,3.84,,demo
2026-08-14 08:25:25,1.87,,demo
2026-08-14 08:25:49,4.10,,demo
2026-08-14 08:26:20,7.15,,demo
2026-08-14 08:26:30,1.13,,demo
2026-08-14 08:26:50,2.10,,demo
2026-08-14 08:27:19,6.49,,demo
2026-08-14 08:27:38,2.08,,demo
2026-08-14 08:28:07,8.46,,demo
2026-08-14 08:28:50,13.38,,demo
2026-08-14 08:28:56,1.13,,demo
2026-08-14 08:29:08,1.22,,demo
2026-08-14 08:29:32,4.24,,demo
2026-08-14 08:30:05,7.89,,demo
2026-08-14 08:30:14,1.09,,demo
2026-08-14 08:30:26,1.44,,demo
2026-08-14 08:30:41,1.31,,demo
2026-08-14 08:31:03,4.16,,demo
2026-08-14 08:31:30,5.05,,demo
2026-08-14 08:31:47,1.98,,demo
2026-08-14 08:32:06,2.54,,demo
2026-08-14 08:32:16,1.20,,demo
2026-08-14 08:32:27,1.27,,demo
2026-08-14 08:32:36,1.13,,demo
2026-08-14 08:33:10,8.37,,demo
2026-08-14 08:33:21,1.23,,demo
2026-08-14 08:33:42,2.91,,demo
2026-08-14 08:33:50,1.02,,demo
2026-08-14 08:34:02,1.26,,demo
2026-08-14 08:34:15,1.76,,demo
2026-08-14 08:34:27,1.37,,demo
2026-08-14 08:35:06,12.92,,demo
2026-08-14 08:35:18,1.46,,demo
2026-08-14 08:35:31,1.51,,demo
2026-08-14 08:35:41,1.12,,demo
2026-08-14 08:35:49,1.01,,demo
2026-08-14 08:35:59,1.12,,demo
2026-08-14 08:36:33,7.52,,demo
2026-08-14 08:36:45,1.67,,demo
2026-08-14 08:36:54,1.04,,demo
2026-08-14 08:37:15,2.94,,demo
2026-08-14 08:37:24,1.19,,demo
2026-08-14 08:37:58,8.69,,demo
2026-08-14 08:38:20,3.01,,demo
2026-08-14 08:38:34,1.70,,demo
2026-08-14 08:38:50,1.94,,demo
2026-08-14 08:39:11,2.86,,demo
2026-08-14 08:39:37,4.49,,demo
2026-08-14 08:39:49,1.38,,demo
2026-08-14 08:40:09,2.86,,demo
2026-08-14 08:40:41,7.31,,demo
2026-08-14 08:40:52,1.19,,demo
2026-08-14 08:41:05,1.59,,demo
2026-08-14 08:41:25,2.13,,demo
2026-08-14 08:41:43,2.96,,demo
2026-08-14 08:41:56,1.51,,demo
2026-08-14 08:42:09,1.49,,demo
2026-08-14 08:42:17,1.00,,demo
2026-08-14 08:42:28,1.20,,demo
2026-08-14 08:42:39,1.38,,demo
2026-08-14 08:43:01,2.08,,demo
2026-08-14 08:43:07,1.31,,demo
2026-08-14 08:43:30,3.48,,demo
2026-08-14 08:43:51,2.80,,demo
2026-08-14 08:44:21,6.26,,demo
2026-08-14 08:44:41,2.46,,demo
2026-08-14 08:44:48,1.01,,demo
2026-08-14 08:45:07,2.57,,demo
2026-08-14 08:45:15,1.04,,demo
2026-08-14 08:45:25,1.10,,demo
2026-08-14 08:45:35,1.03,,demo
2026-08-14 08:45:58,4.08,,demo
2026-08-14 08:46:27,5.46,,demo
2026-08-14 08:46:59,7.59,,demo
2026-08-14 08:47:12,1.53,,demo
2026-08-14 08:47:34,2.34,,demo
2026-08-14 08:47:42,1.42,,demo
2026-08-14 08:47:53,1.27,,demo
2026-08-14 08:48:27,6.80,,demo
2026-08-14 08:48:39,1.76,,demo
2026-08-14 08:48:56,2.08,,demo
2026-08-14 08:49:35,13.44,,demo
2026-08-14 08:49:55,2.69,,demo
2026-08-14 08:50:04,1.09,,demo
2026-08-14 08:50:22,2.29,,demo
2026-08-14 08:50:39,2.07,,demo
2026-08-14 08:51:04,3.97,,demo
2026-08-14 08:51:33,5.88,,demo
2026-08-14 08:51:56,3.44,,demo
2026-08-14 08:52:31,10.02,,demo
2026-08-14 08:53:03,6.78,,demo
2026-08-14 08:53:27,3.94,,demo
2026-08-14 08:53:52,4.03,,demo
2026-08-14 08:54:12,2.92,,demo
2026-08-14 08:54:21,1.04,,demo
2026-08-14 08:54:30,1.07,,demo
2026-08-14 08:54:48,2.37,,demo
2026-08-14 08:55:17,1.64,,demo
2026-08-14 08:55:17,1.13,,demo
2026-08-14 08:55:02,1.64,,demo
2026-08-14 08:55:12,1.13,,demo
2026-08-14 08:55:24,1.39,,demo
2026-08-14 08:56:12,27.67,,demo
2026-08-14 08:56:44,7.30,,demo
2026-08-14 08:57:03,2.58,,demo
2026-08-14 08:57:12,1.04,,demo
2026-08-14 08:57:28,1.53,,demo
2026-08-14 08:57:41,2.07,,demo
2026-08-14 08:57:56,1.80,,demo
2026-08-14 08:58:06,1.16,,demo
2026-08-14 08:58:23,2.01,,demo
2026-08-14 08:58:44,2.25,,demo
2026-08-14 08:58:51,1.26,,demo
2026-08-14 08:59:28,10.47,,demo
2026-08-14 08:59:44,2.07,,demo
2026-08-14 09:00:01,2.08,,demo
2026-08-14 09:00:12,1.21,,demo
2026-08-14 09:00:20,1.00,,demo
2026-08-14 09:00:32,1.01,,demo
2026-08-14 09:00:42,1.77,,demo
2026-08-14 09:01:41,67.21,,demo
2026-08-14 09:01:55,1.58,,demo
2026-08-14 09:02:08,1.61,,demo
2026-08-14 09:02:35,4.47,,demo
2026-08-14 09:02:48,1.46,,demo
2026-08-14 09:03:23,9.78,,demo
2026-08-14 09:03:37,1.70,,demo
2026-08-14 09:03:59,3.05,,demo
2026-08-14 09:04:10,1.34,,demo
2026-08-14 09:04:23,1.41,,demo
2026-08-14 09:04:37,1.24,,demo
2026-08-14 09:04:54,3.00,,demo
2026-08-14 09:05:08,1.59,,demo
2026-08-14 09:05:24,1.96,,demo
2026-08-14 09:05:48,3.67,,demo
2026-08-14 09:05:57,1.02,,demo
2026-08-14 09:06:12,1.93,,demo
2026-08-14 09:06:32,2.56,,demo
2026-08-14 09:06:42,1.29,,demo
2026-08-14 09:07:22,14.21,,demo
2026-08-14 09:07:56,6.84,,demo
2026-08-14 09:08:05,1.34,,demo
2026-08-14 09:08:39,9.10,,demo
2026-08-14 09:08:49,1.11,,demo
2026-08-14 09:09:16,4.91,,demo
2026-08-14 09:09:53,10.99,,demo
2026-08-14 09:10:03,1.20,,demo
2026-08-14 09:10:14,1.31,,demo
2026-08-14 09:10:30,2.00,,demo
2026-08-14 09:10:52,3.10,,demo
2026-08-14 09:11:17,1.90,,demo
2026-08-14 09:11:22,1.59,,demo
2026-08-14 09:12:05,19.69,,demo
2026-08-14 09:12:15,1.21,,demo
2026-08-14 09:12:33,1.83,,demo
2026-08-14 09:12:43,1.35,,demo
2026-08-14 09:13:00,1.74,,demo
2026-08-14 09:13:14,2.07,,demo
2026-08-14 09:13:40,4.57,,demo
2026-08-14 09:13:56,1.81,,demo
2026-08-14 09:14:05,1.16,,demo
2026-08-14 09:14:21,1.68,,demo
2026-08-14 09:14:34,1.68,,demo
2026-08-14 09:15:00,4.76,,demo
2026-08-14 09:15:15,1.66,,demo
2026-08-14 09:15:26,1.29,,demo
2026-08-14 09:15:45,2.52,,demo
2026-08-14 09:15:58,1.43,,demo
2026-08-14 09:16:28,7.02,,demo
2026-08-14 09:16:51,3.29,,demo
2026-08-14 09:17:30,5.52,,demo
2026-08-14 09:17:30,1.20,,demo
2026-08-14 09:17:47,2.28,,demo
2026-08-14 09:17:56,1.06,,demo
2026-08-14 09:18:16,2.63,,demo
2026-08-14 09:18:43,4.05,,demo
2026-08-14 09:19:24,19.29,,demo
2026-08-14 09:20:06,10.75,,demo
2026-08-14 09:20:34,7.93,,demo
2026-08-14 09:20:43,1.14,,demo
2026-08-14 09:21:28,20.66,,demo
2026-08-14 09:21:46,2.32,,demo
2026-08-14 09:22:24,10.24,,demo
2026-08-14 09:22:40,1.96,,demo
2026-08-14 09:22:50,1.41,,demo
2026-08-14 09:23:12,2.93,,demo
2026-08-14 09:23:22,1.30,,demo
2026-08-14 09:23:34,1.38,,demo
2026-08-14 09:24:05,6.67,,demo
2026-08-14 09:24:30,3.99,,demo
2026-08-14 09:24:51,3.07,,demo
2026-08-14 09:25:00,1.13,,demo
2026-08-14 09:25:33,1.19,,demo
2026-08-14 09:25:40,5.97,,demo
2026-08-14 09:26:10,5.48,,demo
2026-08-14 09:26:17,1.00,,demo
2026-08-14 09:26:25,1.00,,demo
2026-08-14 09:27:01,11.02,,demo
2026-08-14 09:27:28,3.68,,demo
2026-08-14 09:27:58,7.49,,demo
2026-08-14 09:28:27,5.82,,demo
2026-08-14 09:28:52,4.15,,demo
2026-08-14 09:29:02,1.18,,demo
2026-08-14 09:29:19,2.17,,demo
2026-08-14 09:29:28,1.14,,demo
2026-08-14 09:29:37,1.00,,demo
2026-08-14 09:29:45,1.00,,demo
2026-08-14 09:30:00,1.77,,demo
2026-08-14 09:30:15,1.78,,demo
2026-08-14 09:31:13,66.03,,demo
2026-08-14 09:31:35,3.40,,demo
2026-08-14 09:31:51,1.65,,demo
2026-08-14 09:32:15,4.05,,demo
2026-08-14 09:32:26,1.34,,demo
2026-08-14 09:32:35,1.11,,demo
2026-08-14 09:32:46,1.25,,demo
2026-08-14 09:32:55,1.11,,demo
2026-08-14 09:33:20,4.04,,demo
2026-08-14 09:33:55,9.49,,demo
2026-08-14 09:34:05,1.20,,demo
2026-08-14 09:34:18,1.39,,demo
2026-08-14 09:34:47,5.95,,demo
2026-08-14 09:35:25,8.42,,demo
2026-08-14 09:35:40,2.02,,demo
2026-08-14 09:36:08,6.31,,demo
2026-08-14 09:36:30,3.48,,demo
2026-08-14 09:36:44,1.34,,demo
2026-08-14 09:37:51,170.42,,demo
2026-08-14 09:38:10,2.31,,demo
2026-08-14 09:38:34,4.06,,demo
2026-08-14 09:39:05,5.61,,demo
2026-08-14 09:39:23,2.12,,demo
2026-08-14 09:39:39,2.47,,demo
2026-08-14 09:39:57,1.80,,demo
2026-08-14 09:40:26,6.16,,demo
2026-08-14 09:40:36,1.36,,demo
2026-08-14 09:40:53,2.28,,demo
2026-08-14 09:41:03,1.02,,demo
2026-08-14 09:41:17,1.75,,demo
2026-08-14 09:41:30,1.53,,demo
2026-08-14 09:41:39,1.10,,demo
2026-08-14 09:42:01,3.24,,demo
2026-08-14 09:42:16,1.73,,demo
2026-08-14 09:42:30,1.71,,demo
2026-08-14 09:42:47,1.80,,demo
2026-08-14 09:42:55,1.11,,demo
2026-08-14 09:43:06,1.29,,demo
2026-08-14 09:43:28,2.66,,demo
2026-08-14 09:44:20,6.56,,demo
2026-08-14 09:44:20,1.20,,demo
2026-08-14 09:43:56,6.56,,demo
2026-08-14 09:44:07,1.20,,demo
2026-08-14 09:44:35,5.63,,demo
2026-08-14 09:45:08,7.95,,demo
2026-08-14 09:45:25,1.53,,demo
2026-08-14 09:45:33,1.19,,demo
2026-08-14 09:46:09,11.61,,demo
2026-08-14 09:46:27,2.26,,demo
2026-08-14 09:46:35,1.03,,demo
2026-08-14 09:46:54,2.42,,demo
2026-08-14 09:47:34,15.02,,demo
2026-08-14 09:47:49,1.82,,demo
2026-08-14 09:48:46,44.81,,demo
2026-08-14 09:48:53,1.17,,demo
2026-08-14 09:49:09,1.46,,demo
2026-08-14 09:49:43,11.68,,demo
2026-08-14 09:50:04,2.05,,demo
2026-08-14 09:50:12,1.40,,demo
2026-08-14 09:50:20,1.00,,demo
2026-08-14 09:50:29,1.12,,demo
2026-08-14 09:50:51,3.25,,demo
2026-08-14 09:51:07,1.86,,demo
2026-08-14 09:51:38,6.81,,demo
2026-08-14 09:52:24,24.05,,demo
2026-08-14 09:52:35,1.24,,demo
2026-08-14 09:52:45,1.18,,demo
2026-08-14 09:53:00,1.72,,demo
2026-08-14 09:53:13,1.63,,demo
2026-08-14 09:53:23,1.17,,demo
2026-08-14 09:53:39,1.92,,demo
2026-08-14 09:54:10,6.60,,demo
2026-08-14 09:54:30,2.76,,demo
2026-08-14 09:54:47,2.19,,demo
2026-08-14 09:54:59,1.33,,demo
2026-08-14 09:55:13,1.42,,demo
2026-08-14 09:55:29,2.17,,demo
2026-08-14 09:55:46,2.02,,demo
2026-08-14 09:56:51,122.15,,demo
2026-08-14 09:56:59,1.02,,demo
2026-08-14 09:57:33,8.84,,demo
2026-08-14 09:58:01,3.62,,demo
2026-08-14 09:58:12,1.84,,demo
2026-08-14 09:58:21,1.12,,demo
2026-08-14 09:58:40,2.38,,demo
2026-08-14 09:58:50,1.15,,demo
2026-08-14 09:59:02,1.47,,demo
2026-08-14 09:59:20,2.18,,demo
2026-08-14 09:59:41,2.97,,demo
2026-08-14 09:59:54,1.53,,demo
2026-08-14 10:00:04,1.22,,demo
2026-08-14 10:00:15,1.12,,demo
2026-08-14 10:00:24,1.20,,demo
2026-08-14 10:00:43,2.36,,demo
2026-08-14 10:00:51,1.11,,demo
2026-08-14 10:01:17,4.47,,demo
2026-08-14 10:01:43,4.28,,demo
2026-08-14 10:01:53,1.17,,demo
2026-08-14 10:02:04,1.11,,demo
2026-08-14 10:02:20,2.20,,demo
2026-08-14 10:02:29,1.17,,demo
2026-08-14 10:03:12,5.91,,demo
2026-08-14 10:03:13,1.61,,demo
2026-08-14 10:03:26,1.47,,demo
2026-08-14 10:03:47,3.23,,demo
2026-08-14 10:04:07,2.47,,demo
2026-08-14 10:04:28,3.15,,demo
2026-08-14 10:04:42,1.67,,demo
2026-08-14 10:04:58,1.70,,demo
2026-08-14 10:05:16,2.63,,demo
2026-08-14 10:05:32,1.70,,demo
2026-08-14 10:05:55,3.96,,demo
2026-08-14 10:06:25,6.08,,demo
2026-08-14 10:06:41,1.95,,demo
2026-08-14 10:06:51,1.16,,demo
2026-08-14 10:07:14,3.30,,demo
2026-08-14 10:07:24,1.24,,demo
2026-08-14 10:07:42,2.32,,demo
2026-08-14 10:07:52,1.14,,demo
2026-08-14 10:08:04,1.41,,demo
2026-08-14 10:08:24,2.70,,demo
2026-08-14 10:09:16,41.08,,demo
2026-08-14 10:09:50,8.81,,demo
2026-08-14 10:10:19,5.26,,demo
2026-08-14 10:10:41,3.46,,demo
2026-08-14 10:10:53,1.38,,demo
2026-08-14 10:11:21,4.24,,demo
2026-08-14 10:11:32,1.59,,demo
2026-08-14 10:12:13,2.70,,demo
2026-08-14 10:12:13,1.40,,demo
2026-08-14 10:11:53,2.70,,demo
2026-08-14 10:12:06,1.40,,demo
2026-08-14 10:12:28,3.09,,demo
2026-08-14 10:12:36,1.16,,demo
2026-08-14 10:12:45,1.13,,demo
2026-08-14 10:13:01,1.83,,demo
2026-08-14 10:13:22,2.81,,demo
2026-08-14 10:13:48,5.00,,demo
2026-08-14 10:14:00,1.32,,demo
2026-08-14 10:14:08,1.02,,demo
2026-08-14 10:14:44,10.38,,demo
2026-08-14 10:15:07,3.48,,demo
2026-08-14 10:15:31,3.51,,demo
2026-08-14 10:15:43,1.51,,demo
2026-08-14 10:16:48,109.73,,demo
2026-08-14 10:16:57,1.10,,demo
2026-08-14 10:17:30,7.46,,demo
2026-08-14 10:17:40,1.32,,demo
2026-08-14 10:17:56,1.93,,demo
2026-08-14 10:18:22,4.11,,demo
2026-08-14 10:18:29,1.00,,demo
2026-08-14 10:19:02,7.49,,demo
2026-08-14 10:19:11,1.14,,demo
2026-08-14 10:19:30,2.49,,demo
2026-08-14 10:19:46,1.96,,demo
2026-08-14 10:20:26,13.64,,demo
2026-08-14 10:20:38,1.00,,demo
2026-08-14 10:20:48,1.61,,demo
2026-08-14 10:21:03,1.90,,demo
2026-08-14 10:21:17,1.57,,demo
2026-08-14 10:21:26,1.00,,demo
2026-08-14 10:21:36,1.31,,demo
2026-08-14 10:22:29,1.62,,demo
2026-08-14 10:22:29,4.89,,demo
2026-08-14 10:22:30,1.44,,demo
2026-08-14 10:23:01,7.33,,demo
2026-08-14 10:23:16,1.81,,demo
2026-08-14 10:23:39,3.28,,demo
2026-08-14 10:23:51,1.47,,demo
2026-08-14 10:24:04,1.49,,demo
2026-08-14 10:24:45,14.63,,demo
2026-08-14 10:24:57,1.43,,demo
2026-08-14 10:25:15,1.53,,demo
2026-08-14 10:25:20,1.25,,demo
2026-08-14 10:25:39,2.31,,demo
2026-08-14 10:25:48,1.08,,demo
2026-08-14 10:26:29,10.69,,demo
2026-08-14 10:26:40,1.95,,demo
2026-08-14 10:26:51,1.28,,demo
2026-08-14 10:27:17,4.23,,demo
2026-08-14 10:28:03,23.79,,demo
2026-08-14 10:28:11,1.00,,demo
2026-08-14 10:28:25,1.67,,demo
2026-08-14 10:28:37,1.43,,demo
2026-08-14 10:28:49,1.38,,demo
2026-08-14 10:29:14,3.92,,demo
2026-08-14 10:29:28,1.56,,demo
2026-08-14 10:29:38,1.20,,demo
2026-08-14 10:29:56,2.42,,demo
2026-08-14 10:30:08,1.43,,demo
2026-08-14 10:30:18,1.23,,demo
2026-08-14 10:30:36,1.83,,demo
2026-08-14 10:30:56,2.05,,demo
2026-08-14 10:31:13,3.33,,demo
2026-08-14 10:31:54,15.58,,demo
2026-08-14 10:32:30,10.66,,demo
2026-08-14 10:32:48,2.22,,demo
2026-08-14 10:33:18,5.23,,demo
2026-08-14 10:33:36,2.20,,demo
2026-08-14 10:33:42,1.08,,demo
2026-08-14 10:34:19,5.28,,demo
2026-08-14 10:34:22,1.16,,demo
2026-08-14 10:34:58,11.47,,demo
2026-08-14 10:35:10,1.44,,demo
2026-08-14 10:35:35,3.55,,demo
2026-08-14 10:35:56,3.42,,demo
2026-08-14 10:36:35,13.04,,demo
2026-08-14 10:36:43,1.02,,demo
2026-08-14 10:36:55,1.32,,demo
2026-08-14 10:37:16,2.40,,demo
2026-08-14 10:37:26,1.57,,demo
2026-08-14 10:37:58,6.34,,demo
2026-08-14 10:38:39,16.99,,demo
2026-08-14 10:39:02,3.53,,demo
2026-08-14 10:39:12,1.24,,demo
2026-08-14 10:39:25,1.31,,demo
2026-08-14 10:39:33,1.07,,demo
2026-08-14 10:39:58,4.26,,demo
2026-08-14 10:40:19,2.78,,demo
2026-08-14 10:40:41,3.49,,demo
2026-08-14 10:40:58,1.87,,demo
2026-08-14 10:41:09,1.36,,demo
2026-08-14 10:42:13,99.35,,demo
2026-08-14 10:42:24,1.36,,demo
2026-08-14 10:42:33,1.14,,demo
2026-08-14 10:42:51,2.15,,demo
2026-08-14 10:43:09,2.37,,demo
2026-08-14 10:43:44,8.44,,demo
2026-08-14 10:43:54,1.30,,demo
2026-08-14 10:44:27,7.89,,demo
2026-08-14 10:44:50,3.27,,demo
2026-08-14 10:45:03,1.68,,demo
2026-08-14 10:45:22,2.54,,demo
2026-08-14 10:45:46,3.67,,demo
2026-08-14 10:46:21,9.51,,demo
2026-08-14 10:46:48,4.52,,demo
2026-08-14 10:47:04,1.45,,demo
2026-08-14 10:47:19,2.41,,demo
2026-08-14 10:48:18,2.20,,demo
2026-08-14 10:48:18,2.33,,demo
2026-08-14 10:48:18,1.28,,demo
2026-08-14 10:48:36,6.54,,demo
2026-08-14 10:48:49,1.50,,demo
2026-08-14 10:49:25,8.36,,demo
2026-08-14 10:49:49,4.22,,demo
2026-08-14 10:50:01,1.64,,demo
2026-08-14 10:50:19,1.95,,demo
2026-08-14 10:50:37,2.69,,demo
2026-08-14 10:51:07,3.59,,demo
2026-08-14 10:51:09,1.00,,demo
2026-08-14 10:51:21,1.39,,demo
2026-08-14 10:51:35,1.67,,demo
2026-08-14 10:52:04,4.58,,demo
2026-08-14 10:52:11,1.20,,demo
2026-08-14 10:52:28,1.97,,demo
2026-08-14 10:52:39,1.05,,demo
2026-08-14 10:53:23,20.89,,demo
2026-08-14 10:53:51,3.33,,demo
2026-08-14 10:53:52,1.00,,demo
2026-08-14 10:54:02,1.18,,demo
2026-08-14 10:54:42,13.96,,demo
2026-08-14 10:54:54,1.33,,demo
2026-08-14 10:55:13,2.02,,demo
2026-08-14 10:56:05,50.96,,demo
2026-08-14 10:56:12,1.00,,demo
2026-08-14 10:56:23,1.14,,demo
2026-08-14 10:56:50,5.22,,demo
2026-08-14 10:57:08,2.40,,demo
2026-08-14 10:57:19,1.31,,demo
2026-08-14 10:57:38,2.04,,demo
2026-08-14 10:58:29,41.63,,demo
2026-08-14 10:58:39,1.19,,demo
2026-08-14 10:58:47,1.02,,demo
2026-08-14 10:59:00,1.52,,demo
2026-08-14 10:59:11,1.13,,demo
2026-08-14 10:59:27,1.35,,demo
2026-08-14 10:59:31,1.10,,demo
2026-08-14 10:59:45,1.73,,demo
2026-08-14 11:00:02,1.07,,demo
2026-08-14 11:00:04,1.13,,demo
2026-08-14 11:00:29,3.32,,demo
2026-08-14 11:00:53,2.82,,demo
2026-08-14 11:00:56,1.06,,demo
2026-08-14 11:01:39,16.62,,demo
2026-08-14 11:01:46,1.08,,demo
2026-08-14 11:01:56,1.11,,demo
2026-08-14 11:02:12,2.11,,demo
2026-08-14 11:02:56,18.12,,demo
2026-08-14 11:03:17,2.22,,demo
2026-08-14 11:03:31,2.26,,demo
2026-08-14 11:03:49,2.24,,demo
2026-08-14 11:04:15,4.62,,demo
2026-08-14 11:04:28,1.54,,demo
2026-08-14 11:05:12,2.42,,demo
2026-08-14 11:05:28,1.82,,demo
2026-08-14 11:05:36,1.00,,demo
2026-08-14 11:05:55,1.32,,demo
2026-08-14 11:05:59,1.38,,demo
2026-08-14 11:06:27,3.26,,demo
2026-08-14 11:06:40,2.22,,demo
2026-08-14 11:07:50,189.83,,demo
2026-08-14 11:08:05,1.85,,demo
2026-08-14 11:08:14,1.04,,demo
2026-08-14 11:08:44,6.38,,demo
2026-08-14 11:09:00,2.10,,demo
2026-08-14 11:09:38,11.41,,demo
2026-08-14 11:10:06,5.33,,demo
2026-08-14 11:10:32,4.61,,demo
2026-08-14 11:10:48,1.87,,demo
2026-08-14 11:11:16,4.98,,demo
2026-08-14 11:11:35,2.70,,demo
2026-08-14 11:12:01,4.23,,demo
2026-08-14 11:12:10,1.05,,demo
2026-08-14 11:12:32,3.18,,demo
2026-08-14 11:12:54,3.47,,demo
2026-08-14 11:13:16,2.88,,demo
2026-08-14 11:13:28,1.55,,demo
2026-08-14 11:13:52,3.69,,demo
2026-08-14 11:14:13,2.90,,demo
2026-08-14 11:14:28,1.37,,demo
2026-08-14 11:14:56,7.08,,demo
2026-08-14 11:15:14,2.34,,demo
2026-08-14 11:15:50,9.49,,demo
2026-08-14 11:15:57,1.03,,demo
2026-08-14 11:16:06,1.00,,demo
2026-08-14 11:16:14,1.00,,demo
2026-08-14 11:16:33,2.47,,demo
2026-08-14 11:16:49,1.71,,demo
2026-08-14 11:16:55,1.05,,demo
2026-08-14 11:17:08,1.49,,demo
2026-08-14 11:17:22,1.34,,demo
2026-08-14 11:17:33,1.49,,demo
2026-08-14 11:17:51,2.45,,demo
2026-08-14 11:18:02,1.30,,demo
2026-08-14 11:18:17,1.62,,demo
2026-08-14 11:18:44,5.23,,demo
2026-08-14 11:19:05,2.76,,demo
2026-08-14 11:19:15,1.23,,demo
2026-08-14 11:19:30,1.81,,demo
2026-08-14 11:20:02,7.02,,demo
2026-08-14 11:20:26,3.82,,demo
2026-08-14 11:20:49,3.47,,demo
2026-08-14 11:21:11,2.86,,demo
2026-08-14 11:21:18,1.09,,demo
2026-08-14 11:21:27,1.00,,demo
2026-08-14 11:21:50,3.32,,demo
2026-08-14 11:22:11,3.06,,demo
2026-08-14 11:22:51,9.55,,demo
2026-08-14 11:22:54,1.03,,demo
2026-08-14 11:23:03,1.00,,demo
2026-08-14 11:23:16,1.58,,demo
2026-08-14 11:23:31,1.85,,demo
2026-08-14 11:23:51,2.68,,demo
2026-08-14 11:23:59,1.06,,demo
2026-08-14 11:24:17,2.23,,demo
2026-08-14 11:24:46,4.87,,demo
2026-08-14 11:25:06,2.80,,demo
2026-08-14 11:25:25,2.60,,demo
2026-08-14 11:25:32,1.00,,demo
2026-08-14 11:25:49,2.01,,demo
2026-08-14 11:26:11,2.80,,demo
2026-08-14 11:27:30,441.67,,demo
2026-08-14 11:27:40,1.18,,demo
2026-08-14 11:28:10,3.87,,demo
2026-08-14 11:28:29,3.84,,demo
2026-08-14 11:28:39,1.16,,demo
2026-08-14 11:28:55,2.01,,demo
2026-08-14 11:29:04,1.05,,demo
2026-08-14 11:29:20,1.48,,demo
2026-08-14 11:30:49,760.92,,demo
2026-08-14 11:31:01,2.12,,demo
2026-08-14 11:31:09,1.03,,demo
2026-08-14 11:31:30,1.75,,demo
2026-08-14 11:31:47,3.45,,demo
2026-08-14 11:32:00,1.58,,demo
2026-08-14 11:32:18,2.21,,demo
2026-08-14 11:32:30,1.35,,demo
2026-08-14 11:32:42,1.41,,demo
2026-08-14 11:33:11,5.75,,demo
2026-08-14 11:33:32,3.03,,demo
2026-08-14 11:33:52,2.57,,demo
2026-08-14 11:34:12,2.81,,demo
2026-08-14 11:34:21,1.08,,demo
2026-08-14 11:34:41,2.81,,demo
2026-08-14 11:35:12,4.80,,demo
2026-08-14 11:35:17,1.05,,demo
2026-08-14 11:35:35,2.03,,demo
2026-08-14 11:35:51,2.24,,demo
2026-08-14 11:36:43,24.27,,demo
2026-08-14 11:36:53,1.84,,demo
2026-08-14 11:37:01,1.03,,demo
2026-08-14 11:37:18,2.02,,demo
2026-08-14 11:37:40,2.81,,demo
2026-08-14 11:38:06,5.18,,demo
2026-08-14 11:38:36,5.27,,demo
2026-08-14 11:38:47,1.57,,demo
2026-08-14 11:39:05,2.23,,demo
2026-08-14 11:39:22,2.07,,demo
2026-08-14 11:39:41,2.25,,demo
2026-08-14 11:39:51,1.30,,demo
2026-08-14 11:40:08,1.85,,demo
2026-08-14 11:40:48,16.20,,demo
2026-08-14 11:41:18,6.18,,demo
2026-08-14 11:41:32,1.74,,demo
2026-08-14 11:41:41,1.07,,demo
2026-08-14 11:42:03,3.19,,demo
2026-08-14 11:42:13,1.19,,demo
2026-08-14 11:42:24,1.19,,demo
2026-08-14 11:42:44,2.97,,demo
2026-08-14 11:43:05,2.71,,demo
2026-08-14 11:43:23,2.27,,demo
2026-08-14 11:43:45,3.23,,demo
2026-08-14 11:44:07,3.20,,demo
2026-08-14 11:45:00,46.11,,demo
2026-08-14 11:45:13,1.48,,demo
2026-08-14 11:45:22,1.03,,demo
2026-08-14 11:45:34,1.43,,demo
2026-08-14 11:45:54,2.37,,demo
2026-08-14 11:46:04,1.32,,demo
2026-08-14 11:46:38,5.88,,demo
2026-08-14 11:47:01,5.35,,demo
2026-08-14 11:47:09,1.00,,demo
2026-08-14 11:47:25,1.73,,demo
2026-08-14 11:48:42,8.22,,demo
2026-08-14 11:48:42,2.09,,demo
2026-08-14 11:49:03,31.12,,demo
2026-08-14 11:50:05,80.52,,demo
2026-08-14 11:50:27,2.40,,demo
2026-08-14 11:50:44,2.48,,demo
2026-08-14 11:51:28,25.08,,demo
2026-08-14 11:51:51,3.50,,demo
2026-08-14 11:52:00,1.01,,demo
2026-08-14 11:52:14,1.78,,demo
2026-08-14 11:52:28,1.27,,demo
2026-08-14 11:52:46,2.90,,demo
2026-08-14 11:53:06,2.04,,demo
2026-08-14 11:53:11,1.03,,demo
2026-08-14 11:53:25,1.65,,demo
2026-08-14 11:54:09,20.43,,demo
2026-08-14 11:54:47,11.86,,demo
2026-08-14 11:54:58,1.24,,demo
2026-08-14 11:55:56,42.63,,demo
2026-08-14 11:55:59,1.00,,demo
2026-08-14 11:56:22,1.87,,demo
2026-08-14 11:56:23,1.02,,demo
2026-08-14 11:56:38,1.77,,demo
2026-08-14 11:56:47,1.01,,demo
2026-08-14 11:56:55,1.10,,demo
2026-08-14 11:57:09,1.65,,demo
2026-08-14 11:57:53,16.94,,demo
2026-08-14 11:58:06,1.17,,demo
2026-08-14 11:58:09,1.00,,demo
2026-08-14 11:58:17,1.04,,demo
2026-08-14 11:58:40,3.58,,demo
2026-08-14 11:59:02,3.08,,demo
2026-08-14 11:59:13,1.23,,demo
2026-08-14 11:59:23,1.26,,demo
2026-08-14 11:59:39,1.94,,demo
2026-08-14 12:00:11,4.77,,demo
2026-08-14 12:00:23,1.98,,demo
2026-08-14 12:00:33,1.16,,demo
2026-08-14 12:00:44,1.22,,demo
2026-08-14 12:01:00,2.11,,demo
2026-08-14 12:01:10,1.13,,demo
2026-08-14 12:01:21,1.17,,demo
2026-08-14 12:01:32,1.44,,demo
2026-08-14 12:01:45,1.48,,demo
2026-08-14 12:02:08,3.26,,demo
2026-08-14 12:02:15,1.01,,demo
2026-08-14 12:02:58,18.67,,demo
2026-08-14 12:03:20,3.08,,demo
2026-08-14 12:03:38,2.31,,demo
2026-08-14 12:03:52,1.52,,demo
2026-08-14 12:04:07,1.89,,demo
2026-08-14 12:04:15,1.08,,demo
2026-08-14 12:04:33,2.12,,demo
2026-08-14 12:05:15,17.59,,demo
2026-08-14 12:05:31,1.93,,demo
2026-08-14 12:06:41,176.38,,demo
2026-08-14 12:07:16,9.41,,demo
2026-08-14 12:07:44,5.16,,demo
2026-08-14 12:07:55,1.39,,demo
2026-08-14 12:08:08,1.42,,demo
2026-08-14 12:08:43,9.23,,demo
2026-08-14 12:08:54,1.35,,demo
2026-08-14 12:09:32,12.33,,demo
2026-08-14 12:09:50,2.26,,demo
2026-08-14 12:10:03,1.55,,demo
2026-08-14 12:10:27,3.63,,demo
2026-08-14 12:10:42,1.86,,demo
2026-08-14 12:10:51,1.07,,demo
2026-08-14 12:11:22,5.64,,demo
2026-08-14 12:11:43,3.22,,demo
2026-08-14 12:11:55,1.45,,demo
2026-08-14 12:12:06,1.33,,demo
2026-08-14 12:12:21,1.74,,demo
2026-08-14 12:13:36,41.30,,demo
2026-08-14 12:14:14,81.39,,demo
2026-08-14 12:14:29,1.80,,demo
2026-08-14 12:14:54,3.94,,demo
2026-08-14 12:15:10,1.88,,demo
2026-08-14 12:15:38,5.39,,demo
2026-08-14 12:15:49,1.32,,demo
2026-08-14 12:16:14,4.11,,demo
2026-08-14 12:16:29,1.76,,demo
2026-08-14 12:16:38,1.08,,demo
2026-08-14 12:16:46,1.03,,demo
2026-08-14 12:17:16,5.95,,demo
2026-08-14 12:17:24,1.00,,demo
2026-08-14 12:17:33,1.02,,demo
2026-08-14 12:17:43,1.21,,demo
2026-08-14 12:17:51,1.03,,demo
2026-08-14 12:18:01,1.15,,demo
2026-08-14 12:18:11,1.21,,demo
2026-08-14 12:18:27,1.96,,demo
2026-08-14 12:18:50,3.40,,demo
2026-08-14 12:19:05,1.85,,demo
2026-08-14 12:19:40,8.87,,demo
2026-08-14 12:19:51,1.27,,demo
2026-08-14 12:20:13,3.46,,demo
2026-08-14 12:20:22,1.00,,demo
2026-08-14 12:20:36,1.77,,demo
2026-08-14 12:21:16,14.46,,demo
2026-08-14 12:21:38,3.03,,demo
2026-08-14 12:21:52,1.64,,demo
2026-08-14 12:22:18,4.54,,demo
2026-08-14 12:22:47,5.78,,demo
2026-08-14 12:23:00,1.55,,demo
2026-08-14 12:23:08,1.01,,demo
2026-08-14 12:23:25,1.98,,demo
2026-08-14 12:23:39,1.59,,demo
2026-08-14 12:24:01,3.34,,demo
2026-08-14 12:24:14,1.51,,demo
2026-08-14 12:24:42,5.32,,demo
2026-08-14 12:26:00,354.07,,demo
2026-08-14 12:26:38,11.55,,demo
2026-08-14 12:26:49,1.35,,demo
2026-08-14 12:27:05,1.92,,demo
2026-08-14 12:27:13,1.01,,demo
2026-08-14 12:27:32,2.29,,demo
2026-08-14 12:27:51,2.72,,demo
2026-08-14 12:28:15,2.09,,demo
2026-08-14 12:28:19,1.16,,demo
2026-08-14 12:28:26,1.00,,demo
2026-08-14 12:28:41,1.82,,demo
2026-08-14 12:29:02,2.82,,demo
2026-08-14 12:29:15,1.51,,demo
2026-08-14 12:29:27,1.39,,demo
2026-08-14 12:29:39,1.45,,demo
2026-08-14 12:29:53,1.64,,demo
2026-08-14 12:30:01,1.00,,demo
2026-08-14 12:30:37,10.01,,demo
2026-08-14 12:30:53,1.98,,demo
2026-08-14 12:31:08,1.73,,demo
2026-08-14 12:31:19,1.37,,demo
2026-08-14 12:31:32,1.28,,demo
2026-08-14 12:31:40,1.09,,demo
2026-08-14 12:31:49,1.14,,demo
2026-08-14 12:32:05,1.84,,demo
2026-08-14 12:32:18,1.60,,demo
2026-08-14 12:32:31,1.41,,demo
2026-08-14 12:32:40,1.12,,demo
2026-08-14 12:33:01,2.94,,demo
2026-08-14 12:33:46,17.73,,demo
2026-08-14 12:34:03,2.50,,demo
2026-08-14 12:35:21,255.49,,demo
2026-08-14 12:35:43,4.35,,demo
2026-08-14 12:35:55,1.10,,demo
2026-08-14 12:36:15,3.60,,demo
2026-08-14 12:36:35,2.40,,demo
2026-08-14 12:36:50,1.22,,demo
2026-08-14 12:36:59,1.68,,demo
2026-08-14 12:37:22,3.47,,demo
2026-08-14 12:37:52,6.37,,demo
2026-08-14 12:38:07,1.38,,demo
2026-08-14 12:38:29,4.32,,demo
2026-08-14 12:38:55,4.22,,demo
2026-08-14 12:39:13,2.25,,demo
2026-08-14 12:39:54,1.00,,demo
2026-08-14 12:39:54,1.73,,demo
2026-08-14 12:39:21,1.00,,demo
2026-08-14 12:39:35,1.73,,demo
2026-08-14 12:40:05,5.97,,demo
2026-08-14 12:40:17,1.45,,demo
2026-08-14 12:40:25,1.00,,demo
2026-08-14 12:40:57,4.91,,demo
2026-08-14 12:41:03,1.25,,demo
2026-08-14 12:41:39,10.07,,demo
2026-08-14 12:42:02,3.47,,demo
2026-08-14 12:42:18,1.99,,demo
2026-08-14 12:42:44,4.20,,demo
2026-08-14 12:42:55,1.36,,demo
2026-08-14 12:43:04,1.02,,demo
2026-08-14 12:43:15,1.42,,demo
2026-08-14 12:43:36,2.91,,demo
2026-08-14 12:43:49,1.54,,demo
2026-08-14 12:44:26,10.31,,demo
2026-08-14 12:44:35,1.09,,demo
2026-08-14 12:44:50,1.85,,demo
2026-08-14 12:45:04,1.14,,demo
2026-08-14 12:45:23,3.34,,demo
2026-08-14 12:45:41,2.30,,demo
2026-08-14 12:45:54,1.55,,demo
2026-08-14 12:46:06,1.45,,demo
2026-08-14 12:46:22,1.90,,demo
2026-08-14 12:46:38,2.01,,demo
2026-08-14 12:47:12,8.15,,demo
2026-08-14 12:47:32,2.78,,demo
2026-08-14 12:47:41,1.08,,demo
2026-08-14 12:47:53,1.46,,demo
2026-08-14 12:48:32,12.38,,demo
2026-08-14 12:48:51,2.31,,demo
2026-08-14 12:49:00,1.21,,demo
2026-08-14 12:49:23,2.89,,demo
2026-08-14 12:49:32,1.34,,demo
2026-08-14 12:49:40,1.01,,demo
2026-08-14 12:50:03,2.50,,demo
2026-08-14 12:50:24,3.80,,demo
2026-08-14 12:50:44,2.91,,demo
2026-08-14 12:51:07,1.57,,demo
2026-08-14 12:51:28,6.14,,demo
2026-08-14 12:52:13,20.30,,demo
2026-08-14 12:52:26,1.74,,demo
2026-08-14 12:52:40,1.54,,demo
2026-08-14 12:52:50,1.19,,demo
2026-08-14 12:53:28,5.12,,demo
2026-08-14 12:53:46,5.20,,demo
2026-08-14 12:54:10,4.06,,demo
2026-08-14 12:54:27,1.98,,demo
2026-08-14 12:54:36,1.11,,demo
2026-08-14 12:54:53,2.04,,demo
2026-08-14 12:55:10,2.16,,demo
2026-08-14 12:55:20,1.23,,demo
2026-08-14 12:55:39,2.27,,demo
2026-08-14 12:57:05,794.19,,demo
2026-08-14 12:57:25,2.51,,demo
2026-08-14 12:57:46,2.29,,demo
2026-08-14 12:57:56,1.53,,demo
2026-08-14 12:58:10,1.19,,demo
2026-08-14 12:58:20,1.90,,demo
2026-08-14 12:58:35,1.09,,demo
2026-08-14 12:58:42,1.07,,demo
2026-08-14 12:58:57,1.55,,demo
2026-08-14 12:59:05,1.35,,demo
2026-08-14 12:59:04,1.35,,demo
2026-08-14 12:59:14,1.01,,demo
2026-08-14 12:59:27,1.83,,demo
2026-08-14 12:59:54,2.11,,demo
2026-08-14 13:00:03,1.28,,demo
2026-08-14 13:00:05,1.11,,demo
2026-08-14 13:00:13,1.07,,demo
2026-08-14 13:00:55,14.84,,demo
2026-08-14 13:01:11,1.43,,demo
2026-08-14 13:01:43,11.11,,demo
2026-08-14 13:02:06,3.58,,demo
2026-08-14 13:03:04,20.65,,demo
2026-08-14 13:03:12,1.93,,demo
2026-08-14 13:03:38,6.74,,demo
2026-08-14 13:04:02,1.43,,demo
2026-08-14 13:04:06,2.00,,demo
2026-08-14 13:04:36,4.80,,demo
2026-08-14 13:04:44,1.06,,demo
2026-08-14 13:04:52,1.22,,demo
2026-08-14 13:05:37,1.00,,demo
2026-08-14 13:05:51,1.74,,demo
2026-08-14 13:06:09,1.53,,demo
2026-08-14 13:06:55,33.89,,demo
2026-08-14 13:08:10,267.93,,demo
2026-08-14 13:08:47,11.47,,demo
2026-08-14 13:09:12,4.35,,demo
2026-08-14 13:09:20,1.00,,demo
2026-08-14 13:09:45,2.58,,demo
2026-08-14 13:09:51,1.29,,demo
2026-08-14 13:10:08,1.59,,demo
2026-08-14 13:10:13,1.00,,demo
2026-08-14 13:10:36,1.66,,demo
2026-08-14 13:10:41,1.70,,demo
2026-08-14 13:10:59,1.37,,demo
2026-08-14 13:11:04,1.33,,demo
2026-08-14 13:11:24,2.56,,demo
2026-08-14 13:11:47,3.68,,demo
2026-08-14 13:12:01,1.42,,demo
2026-08-14 13:12:38,11.90,,demo
2026-08-14 13:13:13,8.46,,demo
2026-08-14 13:13:32,1.45,,demo
2026-08-14 13:13:44,2.75,,demo
2026-08-14 13:13:59,1.93,,demo
2026-08-14 13:14:13,1.39,,demo
2026-08-14 13:14:41,6.12,,demo
2026-08-14 13:15:09,2.19,,demo
2026-08-14 13:15:22,3.67,,demo
2026-08-14 13:15:55,6.85,,demo
2026-08-14 13:15:54,6.85,,demo
2026-08-14 13:16:20,4.40,,demo
2026-08-14 13:16:46,3.24,,demo
2026-08-14 13:17:30,28.29,,demo
2026-08-14 13:17:46,2.01,,demo
2026-08-14 13:18:13,5.01,,demo
2026-08-14 13:18:31,2.27,,demo
2026-08-14 13:18:40,1.02,,demo
2026-08-14 13:19:03,3.58,,demo
2026-08-14 13:19:14,1.20,,demo
2026-08-14 13:19:43,6.16,,demo
2026-08-14 13:19:51,1.00,,demo
2026-08-14 13:20:15,3.85,,demo
2026-08-14 13:20:36,2.93,,demo
2026-08-14 13:20:48,1.45,,demo
2026-08-14 13:21:04,1.84,,demo
2026-08-14 13:21:49,21.09,,demo
2026-08-14 13:22:42,40.39,,demo
2026-08-14 13:23:20,12.55,,demo
2026-08-14 13:23:50,6.66,,demo
2026-08-14 13:24:27,10.94,,demo
2026-08-14 13:24:38,1.34,,demo
2026-08-14 13:25:07,5.13,,demo
2026-08-14 13:25:19,1.53,,demo
2026-08-14 13:25:45,4.22,,demo
2026-08-14 13:26:05,2.79,,demo
2026-08-14 13:26:36,6.65,,demo
2026-08-14 13:26:52,1.82,,demo
2026-08-14 13:27:09,2.15,,demo
2026-08-14 13:27:18,1.00,,demo
2026-08-14 13:27:30,1.52,,demo
2026-08-14 13:28:21,36.96,,demo
2026-08-14 13:28:39,1.95,,demo
2026-08-14 13:28:48,1.25,,demo
2026-08-14 13:28:56,1.00,,demo
2026-08-14 13:29:12,1.76,,demo
2026-08-14 13:29:21,1.08,,demo
2026-08-14 13:29:52,6.08,,demo
2026-08-14 13:30:12,2.92,,demo
2026-08-14 13:30:21,1.08,,demo
2026-08-14 13:30:45,3.80,,demo
2026-08-14 13:31:09,2.23,,demo
2026-08-14 13:31:27,4.03,,demo
2026-08-14 13:31:36,1.04,,demo
2026-08-14 13:31:49,1.19,,demo
2026-08-14 13:32:09,3.23,,demo
2026-08-14 13:32:17,1.09,,demo
2026-08-14 13:32:31,1.57,,demo
2026-08-14 13:32:40,1.07,,demo
2026-08-14 13:33:03,3.46,,demo
2026-08-14 13:33:16,1.52,,demo
2026-08-14 13:34:02,24.77,,demo
2026-08-14 13:34:40,11.49,,demo
2026-08-14 13:34:51,1.33,,demo
2026-08-14 13:35:08,2.00,,demo
2026-08-14 13:35:25,2.27,,demo
2026-08-14 13:35:34,1.08,,demo
2026-08-14 13:35:47,1.43,,demo
2026-08-14 13:36:35,27.66,,demo
2026-08-14 13:36:49,1.69,,demo
2026-08-14 13:37:08,2.48,,demo
2026-08-14 13:37:36,5.53,,demo
2026-08-14 13:37:52,1.88,,demo
2026-08-14 13:38:20,3.58,,demo
2026-08-14 13:38:28,1.39,,demo
2026-08-14 13:38:35,1.00,,demo
2026-08-14 13:38:44,1.00,,demo
2026-08-14 13:38:56,1.23,,demo
2026-08-14 13:39:13,2.45,,demo
2026-08-14 13:39:41,3.69,,demo
2026-08-14 13:39:46,1.13,,demo
2026-08-14 13:40:06,2.78,,demo
2026-08-14 13:40:17,1.23,,demo
2026-08-14 13:40:34,2.17,,demo
2026-08-14 13:40:47,1.49,,demo
2026-08-14 13:41:19,7.52,,demo
2026-08-14 13:41:34,1.80,,demo
2026-08-14 13:41:43,1.00,,demo
2026-08-14 13:43:10,1.88,,demo
2026-08-14 13:43:10,1.73,,demo
2026-08-14 13:43:10,1.36,,demo
2026-08-14 13:43:10,1.12,,demo
2026-08-14 13:43:10,2.72,,demo
2026-08-14 13:43:17,3.39,,demo
2026-08-14 13:43:58,16.58,,demo
2026-08-14 13:44:10,1.42,,demo
2026-08-14 13:44:22,1.36,,demo
2026-08-14 13:44:45,3.36,,demo
2026-08-14 13:44:59,1.72,,demo
2026-08-14 13:45:09,1.22,,demo
2026-08-14 13:45:23,1.51,,demo
2026-08-14 13:45:31,1.00,,demo
2026-08-14 13:46:00,6.07,,demo
2026-08-14 13:46:12,1.32,,demo
2026-08-14 13:46:31,2.50,,demo
2026-08-14 13:47:08,10.84,,demo
2026-08-14 13:47:38,4.07,,demo
2026-08-14 13:47:44,1.36,,demo
2026-08-14 13:48:28,20.35,,demo
2026-08-14 13:48:40,1.40,,demo
2026-08-14 13:48:51,1.23,,demo
2026-08-14 13:49:16,4.32,,demo
2026-08-14 13:49:27,1.01,,demo
2026-08-14 13:49:33,1.07,,demo
2026-08-14 13:49:43,1.12,,demo
2026-08-14 13:50:08,4.14,,demo
2026-08-14 13:50:27,2.38,,demo
2026-08-14 13:50:40,1.59,,demo
2026-08-14 13:50:56,1.97,,demo
2026-08-14 13:51:21,4.11,,demo
2026-08-14 13:51:49,5.00,,demo
2026-08-14 13:52:04,1.92,,demo
2026-08-14 13:52:24,1.71,,demo
2026-08-14 13:52:27,1.02,,demo
2026-08-14 13:52:38,1.29,,demo
2026-08-14 13:52:48,1.22,,demo
2026-08-14 13:53:07,2.17,,demo
2026-08-14 13:53:15,1.05,,demo
2026-08-14 13:53:24,1.08,,demo
2026-08-14 13:53:32,1.07,,demo
2026-08-14 13:54:07,9.48,,demo
2026-08-14 13:54:30,3.34,,demo
2026-08-14 13:54:48,2.37,,demo
2026-08-14 13:56:05,311.40,,demo
2026-08-14 13:56:31,4.48,,demo
2026-08-14 13:56:49,2.24,,demo
2026-08-14 13:56:58,1.07,,demo
2026-08-14 13:57:08,1.22,,demo
2026-08-14 13:57:38,5.91,,demo
2026-08-14 13:57:48,1.13,,demo
2026-08-14 13:57:58,1.25,,demo
2026-08-14 13:58:13,1.86,,demo
2026-08-14 13:58:24,1.11,,demo
2026-08-14 13:58:32,1.12,,demo
2026-08-14 13:58:41,1.02,,demo
2026-08-14 13:58:49,1.10,,demo
2026-08-14 13:59:01,1.38,,demo
2026-08-14 14:00:06,118.35,,demo
2026-08-14 14:00:24,1.26,,demo
2026-08-14 14:00:32,1.72,,demo
2026-08-14 14:00:49,2.03,,demo
2026-08-14 14:00:59,1.24,,demo
2026-08-14 14:01:09,1.06,,demo
2026-08-14 14:01:19,1.27,,demo
2026-08-14 14:01:58,12.24,,demo
2026-08-14 14:02:17,2.67,,demo
2026-08-14 14:02:25,1.00,,demo
2026-08-14 14:03:44,2.33,,demo
2026-08-14 14:03:44,4.58,,demo
2026-08-14 14:03:44,5.55,,demo
2026-08-14 14:02:43,2.33,,demo
2026-08-14 14:03:10,4.58,,demo
2026-08-14 14:03:38,5.55,,demo
2026-08-14 14:03:49,1.34,,demo
2026-08-14 14:04:02,1.49,,demo
2026-08-14 14:04:37,3.90,,demo
2026-08-14 14:04:39,1.38,,demo
2026-08-14 14:04:47,1.00,,demo
2026-08-14 14:04:58,1.31,,demo
2026-08-14 14:05:24,4.83,,demo
2026-08-14 14:05:34,1.00,,demo
2026-08-14 14:05:43,1.08,,demo
2026-08-14 14:06:21,8.75,,demo
2026-08-14 14:06:28,1.38,,demo
2026-08-14 14:06:40,1.39,,demo
2026-08-14 14:07:01,2.69,,demo
2026-08-14 14:07:08,1.01,,demo
2026-08-14 14:07:19,1.29,,demo
2026-08-14 14:07:39,2.76,,demo
2026-08-14 14:07:48,1.13,,demo
2026-08-14 14:08:01,1.40,,demo
2026-08-14 14:08:14,1.67,,demo
2026-08-14 14:08:35,2.90,,demo
2026-08-14 14:08:47,1.28,,demo
2026-08-14 14:09:26,13.72,,demo
2026-08-14 14:10:08,16.90,,demo
2026-08-14 14:10:23,1.51,,demo
2026-08-14 14:10:30,1.02,,demo
2026-08-14 14:10:37,1.01,,demo
2026-08-14 14:11:07,5.92,,demo
2026-08-14 14:11:38,6.69,,demo
2026-08-14 14:11:57,1.04,,demo
2026-08-14 14:12:07,2.94,,demo
2026-08-14 14:12:29,3.15,,demo
2026-08-14 14:12:43,1.57,,demo
2026-08-14 14:13:04,3.02,,demo
2026-08-14 14:13:25,3.13,,demo
2026-08-14 14:13:36,1.18,,demo
2026-08-14 14:13:52,1.77,,demo
2026-08-14 14:14:18,5.12,,demo
2026-08-14 14:14:49,7.02,,demo
2026-08-14 14:15:10,2.90,,demo
2026-08-14 14:15:19,1.03,,demo
2026-08-14 14:15:28,1.02,,demo
2026-08-14 14:15:56,5.53,,demo
2026-08-14 14:16:12,1.59,,demo
2026-08-14 14:16:25,1.96,,demo
2026-08-14 14:16:36,1.30,,demo
2026-08-14 14:16:51,1.76,,demo
2026-08-14 14:17:08,2.15,,demo
2026-08-14 14:17:18,1.18,,demo
2026-08-14 14:17:58,13.26,,demo
2026-08-14 14:18:15,2.18,,demo
2026-08-14 14:18:24,1.13,,demo
2026-08-14 14:18:38,1.57,,demo
2026-08-14 14:18:57,2.41,,demo
2026-08-14 14:19:05,1.09,,demo
2026-08-14 14:19:25,2.74,,demo
2026-08-14 14:19:37,1.30,,demo
2026-08-14 14:20:12,9.77,,demo
2026-08-14 14:20:23,1.27,,demo
2026-08-14 14:21:06,18.87,,demo
2026-08-14 14:21:17,1.23,,demo
2026-08-14 14:21:39,3.00,,demo
2026-08-14 14:22:09,6.64,,demo
2026-08-14 14:23:17,154.72,,demo
2026-08-14 14:23:48,6.43,,demo
2026-08-14 14:24:05,1.23,,demo
2026-08-14 14:24:10,1.34,,demo
2026-08-14 14:24:25,1.73,,demo
2026-08-14 14:24:38,1.49,,demo
2026-08-14 14:24:54,1.98,,demo
2026-08-14 14:25:26,7.69,,demo
2026-08-14 14:25:39,1.51,,demo
2026-08-14 14:25:52,1.44,,demo
2026-08-14 14:26:01,1.08,,demo
2026-08-14 14:27:14,1.97,,demo
2026-08-14 14:27:14,2.08,,demo
2026-08-14 14:27:14,1.59,,demo
2026-08-14 14:27:14,2.18,,demo
2026-08-14 14:26:17,1.97,,demo
2026-08-14 14:26:34,2.08,,demo
2026-08-14 14:26:47,1.59,,demo
2026-08-14 14:27:05,2.18,,demo
2026-08-14 14:27:16,1.41,,demo
2026-08-14 14:27:29,1.40,,demo
2026-08-14 14:27:51,3.22,,demo
2026-08-14 14:28:02,1.26,,demo
2026-08-14 14:28:14,1.46,,demo
2026-08-14 14:28:32,2.26,,demo
2026-08-14 14:28:56,3.69,,demo
2026-08-14 14:29:05,1.15,,demo
2026-08-14 14:29:34,5.18,,demo
2026-08-14 14:30:06,8.30,,demo
2026-08-14 14:30:16,1.08,,demo
2026-08-14 14:30:50,8.87,,demo
2026-08-14 14:30:59,1.12,,demo
2026-08-14 14:31:33,8.62,,demo
2026-08-14 14:31:41,1.00,,demo
2026-08-14 14:31:49,1.00,,demo
2026-08-14 14:32:19,5.86,,demo
2026-08-14 14:32:36,2.15,,demo
2026-08-14 14:33:03,3.55,,demo
2026-08-14 14:33:23,3.80,,demo
2026-08-14 14:33:39,1.69,,demo
2026-08-14 14:33:46,1.00,,demo
2026-08-14 14:34:10,3.79,,demo
2026-08-14 14:34:34,3.87,,demo
2026-08-14 14:34:50,1.87,,demo
2026-08-14 14:35:06,1.95,,demo
2026-08-14 14:35:14,1.06,,demo
2026-08-14 14:35:30,1.83,,demo
2026-08-14 14:36:07,5.21,,demo
2026-08-14 14:36:14,2.10,,demo
2026-08-14 14:36:42,5.17,,demo
2026-08-14 14:36:52,1.16,,demo
2026-08-14 14:37:03,1.30,,demo
2026-08-14 14:37:23,2.59,,demo
2026-08-14 14:37:35,1.45,,demo
2026-08-14 14:38:00,4.17,,demo
2026-08-14 14:38:17,2.16,,demo
2026-08-14 14:38:30,1.42,,demo
2026-08-14 14:38:49,2.61,,demo
2026-08-14 14:39:00,1.20,,demo
2026-08-14 14:39:18,2.34,,demo
2026-08-14 14:39:36,1.65,,demo
2026-08-14 14:40:00,6.17,,demo
2026-08-14 14:40:34,8.49,,demo
2026-08-14 14:40:42,1.01,,demo
2026-08-14 14:41:17,7.90,,demo
2026-08-14 14:41:30,1.65,,demo
2026-08-14 14:42:38,156.89,,demo
2026-08-14 14:42:47,1.13,,demo
2026-08-14 14:43:07,2.84,,demo
2026-08-14 14:43:21,1.60,,demo
2026-08-14 14:43:39,2.32,,demo
2026-08-14 14:44:22,17.97,,demo
2026-08-14 14:44:50,5.17,,demo
2026-08-14 14:45:01,1.25,,demo
2026-08-14 14:45:16,1.58,,demo
2026-08-14 14:45:37,2.86,,demo
2026-08-14 14:45:50,1.71,,demo
2026-08-14 14:45:59,1.15,,demo
2026-08-14 14:46:39,14.40,,demo
2026-08-14 14:46:49,1.18,,demo
2026-08-14 14:47:05,1.92,,demo
2026-08-14 14:47:18,1.46,,demo
2026-08-14 14:47:54,11.05,,demo
2026-08-14 14:48:18,3.65,,demo
2026-08-14 14:48:40,3.12,,demo
2026-08-14 14:48:48,1.00,,demo
2026-08-14 14:48:56,1.00,,demo
2026-08-14 14:49:20,3.94,,demo
2026-08-14 14:49:29,1.09,,demo
2026-08-14 14:49:48,2.43,,demo
2026-08-14 14:50:03,1.83,,demo
2026-08-14 14:50:15,1.38,,demo
2026-08-14 14:50:29,1.60,,demo
2026-08-14 14:50:53,3.85,,demo
2026-08-14 14:51:06,1.30,,demo
2026-08-14 14:51:17,1.46,,demo
2026-08-14 14:51:42,4.30,,demo
2026-08-14 14:52:04,3.15,,demo
2026-08-14 14:52:25,1.62,,demo
2026-08-14 14:53:24,122.66,,demo
2026-08-14 14:53:32,1.00,,demo
2026-08-14 14:53:40,1.04,,demo
2026-08-14 14:54:03,3.16,,demo
2026-08-14 14:54:57,50.43,,demo
2026-08-14 14:55:29,6.20,,demo
2026-08-14 14:55:46,2.48,,demo
2026-08-14 14:56:13,2.26,,demo
2026-08-14 14:56:23,2.42,,demo
2026-08-14 14:56:39,1.98,,demo
2026-08-14 14:57:02,3.41,,demo
2026-08-14 14:57:13,1.38,,demo
2026-08-14 14:57:25,1.33,,demo
2026-08-14 14:57:33,1.03,,demo
2026-08-14 14:57:49,1.77,,demo
2026-08-14 14:58:14,4.19,,demo
2026-08-14 14:58:45,7.46,,demo
2026-08-14 14:59:12,4.47,,demo
2026-08-14 14:59:34,3.15,,demo
2026-08-14 14:59:43,1.12,,demo
2026-08-14 14:59:53,1.16,,demo
2026-08-14 15:00:17,3.77,,demo
2026-08-14 15:00:42,4.24,,demo
2026-08-14 15:01:00,2.25,,demo
2026-08-14 15:01:22,3.13,,demo
2026-08-14 15:01:48,4.52,,demo
2026-08-14 15:02:00,1.36,,demo
2026-08-14 15:02:10,1.29,,demo
2026-08-14 15:03:01,35.61,,demo
2026-08-14 15:04:10,1.61,,demo
2026-08-14 15:04:10,3.52,,demo
2026-08-14 15:04:24,23.10,,demo
2026-08-14 15:04:48,2.28,,demo
2026-08-14 15:06:06,558.05,,demo
2026-08-14 15:06:27,2.87,,demo
2026-08-14 15:06:45,2.49,,demo
2026-08-14 15:07:12,4.78,,demo
2026-08-14 15:07:22,1.10,,demo
2026-08-14 15:07:58,11.19,,demo
2026-08-14 15:08:18,2.65,,demo
2026-08-14 15:08:45,4.91,,demo
2026-08-14 15:08:58,1.54,,demo
2026-08-14 15:09:17,2.35,,demo
2026-08-14 15:09:36,2.32,,demo
2026-08-14 15:09:49,1.61,,demo
2026-08-14 15:09:57,1.00,,demo
2026-08-14 15:10:35,12.06,,demo
2026-08-14 15:10:46,1.28,,demo
2026-08-14 15:10:56,1.20,,demo
2026-08-14 15:11:17,2.96,,demo
2026-08-14 15:11:28,1.28,,demo
2026-08-14 15:11:40,1.18,,demo
2026-08-14 15:11:55,1.70,,demo
2026-08-14 15:12:03,1.04,,demo
2026-08-14 15:12:11,1.04,,demo
2026-08-14 15:12:23,1.40,,demo
2026-08-14 15:12:53,5.63,,demo
2026-08-14 15:13:23,6.14,,demo
2026-08-14 15:13:49,4.74,,demo
2026-08-14 15:13:57,1.00,,demo
2026-08-14 15:14:11,1.41,,demo
2026-08-14 15:14:20,1.27,,demo
2026-08-14 15:14:29,1.03,,demo
2026-08-14 15:14:46,1.92,,demo
2026-08-14 15:15:08,3.74,,demo
2026-08-14 15:15:36,5.07,,demo
2026-08-14 15:16:06,6.53,,demo
2026-08-14 15:16:17,1.17,,demo
2026-08-14 15:16:25,1.02,,demo
2026-08-14 15:16:58,8.31,,demo
2026-08-14 15:17:15,2.06,,demo
2026-08-14 15:17:34,2.56,,demo
2026-08-14 15:17:54,1.61,,demo
2026-08-14 15:18:09,2.93,,demo
2026-08-14 15:18:30,2.97,,demo
2026-08-14 15:18:42,1.46,,demo
2026-08-14 15:19:01,2.41,,demo
2026-08-14 15:19:21,2.76,,demo
2026-08-14 15:19:47,4.29,,demo
2026-08-14 15:20:08,2.72,,demo
2026-08-14 15:20:20,1.57,,demo
2026-08-14 15:20:29,1.07,,demo
2026-08-14 15:20:42,1.46,,demo
2026-08-14 15:20:50,1.03,,demo
2026-08-14 15:21:00,1.12,,demo
2026-08-14 15:21:10,1.22,,demo
2026-08-14 15:21:22,1.37,,demo
2026-08-14 15:21:38,2.01,,demo
2026-08-14 15:21:52,1.62,,demo
2026-08-14 15:22:32,8.87,,demo
2026-08-14 15:23:07,14.40,,demo
2026-08-14 15:23:28,3.14,,demo
2026-08-14 15:24:09,16.31,,demo
2026-08-14 15:24:57,27.89,,demo
2026-08-14 15:25:32,9.45,,demo
2026-08-14 15:26:12,13.44,,demo
2026-08-14 15:26:30,2.36,,demo
2026-08-14 15:26:51,3.04,,demo
2026-08-14 15:27:01,1.14,,demo
2026-08-14 15:27:20,2.56,,demo
2026-08-14 15:27:39,2.42,,demo
2026-08-14 15:28:07,3.03,,demo
2026-08-14 15:28:38,11.30,,demo
2026-08-14 15:28:57,2.55,,demo
2026-08-14 15:29:21,3.85,,demo
2026-08-14 15:29:41,2.86,,demo
2026-08-14 15:29:57,1.78,,demo
2026-08-14 15:30:09,1.53,,demo
2026-08-14 15:30:35,4.32,,demo
2026-08-14 15:31:02,3.08,,demo
2026-08-14 15:31:06,1.00,,demo
2026-08-14 15:31:19,1.66,,demo
2026-08-14 15:31:50,4.82,,demo
2026-08-14 15:32:02,1.86,,demo
2026-08-14 15:32:10,1.00,,demo
2026-08-14 15:32:22,1.45,,demo
2026-08-14 15:32:46,3.55,,demo
2026-08-14 15:32:57,1.36,,demo
2026-08-14 15:33:43,23.26,,demo
2026-08-14 15:34:12,5.93,,demo
2026-08-14 15:34:20,1.05,,demo
2026-08-14 15:34:29,1.00,,demo
2026-08-14 15:34:40,1.29,,demo
2026-08-14 15:34:48,1.06,,demo
2026-08-14 15:34:59,1.28,,demo
2026-08-14 15:35:34,8.96,,demo
2026-08-14 15:35:43,1.03,,demo
2026-08-14 15:35:54,1.34,,demo
2026-08-14 15:36:31,11.05,,demo
2026-08-14 15:36:49,2.33,,demo
2026-08-14 15:37:01,1.35,,demo
2026-08-14 15:37:52,36.04,,demo
2026-08-14 15:38:06,1.67,,demo
2026-08-14 15:38:20,1.46,,demo
2026-08-14 15:38:49,6.52,,demo
2026-08-14 15:39:01,1.40,,demo
2026-08-14 15:39:14,1.47,,demo
2026-08-14 15:39:32,2.45,,demo
2026-08-14 15:39:59,4.67,,demo
2026-08-14 15:40:16,2.15,,demo
2026-08-14 15:40:32,1.00,,demo
2026-08-14 15:40:37,1.50,,demo
2026-08-14 15:41:03,4.54,,demo
2026-08-14 15:41:28,3.98,,demo
2026-08-14 15:41:47,2.35,,demo
2026-08-14 15:41:56,1.09,,demo
2026-08-14 15:42:06,1.00,,demo
2026-08-14 15:42:19,1.82,,demo
2026-08-14 15:42:34,1.77,,demo
2026-08-14 15:42:46,1.19,,demo
2026-08-14 15:42:54,1.14,,demo
2026-08-14 15:43:22,5.47,,demo
2026-08-14 15:43:36,1.73,,demo
2026-08-14 15:43:56,1.60,,demo
2026-08-14 15:44:21,6.37,,demo
2026-08-14 15:45:09,26.92,,demo
2026-08-14 15:45:24,1.91,,demo
2026-08-14 15:45:44,2.72,,demo
2026-08-14 15:45:54,1.08,,demo
2026-08-14 15:46:15,2.91,,demo
2026-08-14 15:46:23,1.14,,demo
2026-08-14 15:46:51,5.29,,demo
2026-08-14 15:47:08,1.95,,demo
2026-08-14 15:47:20,1.43,,demo
2026-08-14 15:47:28,1.00,,demo
2026-08-14 15:47:38,1.15,,demo
2026-08-14 15:47:50,1.34,,demo
2026-08-14 15:48:05,1.83,,demo
2026-08-14 15:48:16,1.26,,demo
2026-08-14 15:48:53,11.54,,demo
2026-08-14 15:49:20,4.84,,demo
2026-08-14 15:49:37,1.36,,demo
2026-08-14 15:49:59,4.90,,demo
2026-08-14 15:50:07,1.01,,demo
2026-08-14 15:50:31,3.68,,demo
2026-08-14 15:50:43,1.04,,demo
2026-08-14 15:51:03,3.60,,demo
2026-08-14 15:51:13,1.23,,demo
2026-08-14 15:51:35,3.28,,demo
2026-08-14 15:52:21,16.65,,demo
2026-08-14 15:52:48,6.97,,demo
2026-08-14 15:52:58,1.13,,demo
2026-08-14 15:53:12,1.49,,demo
2026-08-14 15:53:26,1.89,,demo
2026-08-14 15:53:36,1.20,,demo
2026-08-14 15:53:52,1.07,,demo
2026-08-14 15:53:57,1.11,,demo
2026-08-14 15:54:07,1.49,,demo
2026-08-14 15:54:19,1.32,,demo
2026-08-14 15:54:37,1.56,,demo
2026-08-14 15:54:52,2.51,,demo
2026-08-14 15:55:08,1.88,,demo
2026-08-14 15:55:37,6.05,,demo
2026-08-14 15:55:47,1.27,,demo
2026-08-14 15:56:45,60.68,,demo
2026-08-14 15:56:59,1.69,,demo
2026-08-14 15:57:17,2.25,,demo
2026-08-14 15:57:45,5.19,,demo
2026-08-14 15:58:00,1.49,,demo
2026-08-14 15:58:12,1.57,,demo
2026-08-14 15:58:25,1.66,,demo
2026-08-14 15:58:42,2.03,,demo
2026-08-14 15:58:54,1.24,,demo
2026-08-14 15:59:01,1.04,,demo
2026-08-14 15:59:22,2.81,,demo
2026-08-14 15:59:49,4.98,,demo
2026-08-14 16:00:03,1.57,,demo
2026-08-14 16:00:19,2.19,,demo
2026-08-14 16:00:28,1.08,,demo
2026-08-14 16:00:38,1.12,,demo
2026-08-14 16:01:15,11.32,,demo
2026-08-14 16:01:24,1.07,,demo
2026-08-14 16:01:45,3.19,,demo
2026-08-14 16:02:00,1.13,,demo
2026-08-14 16:02:06,1.27,,demo
2026-08-14 16:02:29,3.42,,demo
2026-08-14 16:02:53,3.47,,demo
2026-08-14 16:03:00,1.00,,demo
2026-08-14 16:03:15,1.69,,demo
2026-08-14 16:03:39,4.05,,demo
2026-08-14 16:03:59,2.43,,demo
2026-08-14 16:04:11,1.42,,demo
2026-08-14 16:04:25,1.61,,demo
2026-08-14 16:04:41,1.98,,demo
2026-08-14 16:04:53,1.11,,demo
2026-08-14 16:05:13,3.60,,demo
2026-08-14 16:05:23,1.04,,demo
2026-08-14 16:05:49,4.94,,demo
2026-08-14 16:06:01,1.37,,demo
2026-08-14 16:06:11,1.07,,demo
2026-08-14 16:06:43,5.05,,demo
2026-08-14 16:06:57,2.60,,demo
2026-08-14 16:07:08,1.35,,demo
2026-08-14 16:07:25,1.92,,demo
2026-08-14 16:07:49,4.22,,demo
2026-08-14 16:08:12,3.45,,demo
2026-08-14 16:08:31,2.10,,demo
2026-08-14 16:08:54,4.01,,demo
2026-08-14 16:09:13,2.51,,demo
2026-08-14 16:09:28,1.82,,demo
2026-08-14 16:10:53,602.59,,demo
2026-08-14 16:11:02,1.04,,demo
2026-08-14 16:11:31,5.69,,demo
2026-08-14 16:12:08,12.27,,demo
2026-08-14 16:12:19,1.18,,demo
2026-08-14 16:12:32,1.59,,demo
2026-08-14 16:13:42,177.81,,demo
2026-08-14 16:13:52,1.17,,demo
2026-08-14 16:14:27,7.94,,demo
2026-08-14 16:14:36,1.30,,demo
2026-08-14 16:14:48,1.31,,demo
2026-08-14 16:15:15,4.68,,demo
2026-08-14 16:15:39,4.23,,demo
2026-08-14 16:16:19,11.81,,demo
2026-08-14 16:16:35,2.30,,demo
2026-08-14 16:17:15,14.10,,demo
2026-08-14 16:17:23,1.00,,demo
2026-08-14 16:17:46,2.82,,demo
2026-08-14 16:18:09,4.02,,demo
2026-08-14 16:18:25,1.21,,demo
2026-08-14 16:18:34,1.81,,demo
2026-08-14 16:18:46,1.20,,demo
2026-08-14 16:19:13,2.39,,demo
2026-08-14 16:19:18,1.79,,demo
2026-08-14 16:19:27,1.08,,demo
2026-08-14 16:20:01,9.47,,demo
2026-08-14 16:20:35,8.13,,demo
2026-08-14 16:20:56,2.94,,demo
2026-08-14 16:21:23,4.82,,demo
2026-08-14 16:21:33,1.13,,demo
2026-08-14 16:21:54,3.25,,demo
2026-08-14 16:22:22,5.04,,demo
2026-08-14 16:22:41,2.66,,demo
2026-08-14 16:23:00,2.24,,demo
2026-08-14 16:23:27,5.32,,demo
2026-08-14 16:23:40,1.44,,demo
2026-08-14 16:24:00,2.72,,demo
2026-08-14 16:25:01,75.75,,demo
2026-08-14 16:25:13,1.38,,demo
2026-08-14 16:25:21,1.07,,demo
2026-08-14 16:25:38,2.21,,demo
2026-08-14 16:25:54,1.35,,demo
2026-08-14 16:26:33,19.90,,demo
2026-08-14 16:26:50,1.95,,demo
2026-08-14 16:27:29,4.93,,demo
2026-08-14 16:29:10,66.24,,demo
2026-08-14 16:29:10,7.67,,demo
2026-08-14 16:29:10,1.14,,demo
2026-08-14 16:29:12,1.68,,demo
2026-08-14 16:29:20,1.06,,demo
2026-08-14 16:29:29,1.00,,demo
2026-08-14 16:29:43,1.70,,demo
2026-08-14 16:30:55,187.09,,demo
2026-08-14 16:31:18,4.01,,demo
2026-08-14 16:31:37,2.39,,demo
2026-08-14 16:31:58,3.04,,demo
2026-08-14 16:32:08,1.08,,demo
2026-08-14 16:32:17,1.18,,demo
2026-08-14 16:32:28,1.28,,demo
2026-08-14 16:32:39,1.00,,demo
2026-08-14 16:33:04,4.91,,demo
2026-08-14 16:33:13,1.12,,demo
2026-08-14 16:33:33,1.32,,demo
2026-08-14 16:34:07,17.61,,demo
2026-08-14 16:34:15,1.06,,demo
2026-08-14 16:34:34,2.26,,demo
2026-08-14 16:34:45,1.39,,demo
2026-08-14 16:35:04,2.39,,demo
2026-08-14 16:35:13,1.07,,demo
2026-08-14 16:35:34,3.02,,demo
2026-08-14 16:35:50,1.92,,demo
2026-08-14 16:37:18,769.22,,demo
2026-08-14 16:37:45,5.03,,demo
2026-08-14 16:38:06,2.90,,demo
2026-08-14 16:38:23,2.05,,demo
2026-08-14 16:38:49,4.19,,demo
2026-08-14 16:39:14,4.65,,demo
2026-08-14 16:40:15,75.22,,demo
2026-08-14 16:40:58,9.68,,demo
2026-08-14 16:41:25,9.51,,demo
2026-08-14 16:41:39,1.63,,demo
2026-08-14 16:41:50,1.29,,demo
2026-08-14 16:42:10,2.80,,demo
2026-08-14 16:42:22,1.33,,demo
2026-08-14 16:42:46,3.62,,demo
2026-08-14 16:43:17,7.81,,demo
2026-08-14 16:43:39,3.12,,demo
2026-08-14 16:44:17,11.86,,demo
2026-08-14 16:45:06,28.38,,demo
2026-08-14 16:45:15,1.15,,demo
2026-08-14 16:45:32,2.10,,demo
2026-08-14 16:45:44,1.49,,demo
2026-08-14 16:46:12,5.13,,demo
2026-08-14 16:46:33,1.27,,demo
2026-08-14 16:46:59,4.39,,demo
2026-08-14 16:47:30,6.33,,demo
2026-08-14 16:48:02,3.42,,demo
2026-08-14 16:48:04,1.29,,demo
2026-08-14 16:48:41,11.53,,demo
2026-08-14 16:49:21,15.05,,demo
2026-08-14 16:50:04,19.12,,demo
2026-08-14 16:51:05,73.73,,demo
2026-08-14 16:51:17,1.58,,demo
2026-08-14 16:51:39,2.82,,demo
2026-08-14 16:51:49,1.31,,demo
2026-08-14 16:52:28,12.66,,demo
2026-08-14 16:52:45,1.38,,demo
2026-08-14 16:52:49,1.17,,demo
2026-08-14 16:53:12,1.95,,demo
2026-08-14 16:53:25,2.52,,demo
2026-08-14 16:53:51,4.67,,demo
2026-08-14 16:54:22,6.16,,demo
2026-08-14 16:54:35,1.56,,demo
2026-08-14 16:54:44,1.00,,demo
2026-08-14 16:55:00,1.95,,demo
2026-08-14 16:55:21,3.37,,demo
2026-08-14 16:56:12,29.61,,demo
2026-08-14 16:56:33,3.66,,demo
2026-08-14 16:56:46,1.38,,demo
2026-08-14 16:57:02,1.50,,demo
2026-08-14 16:57:18,2.48,,demo
2026-08-14 16:57:35,2.22,,demo
2026-08-14 16:57:49,1.14,,demo
2026-08-14 16:58:05,2.82,,demo
2026-08-14 16:58:14,1.01,,demo
2026-08-14 16:58:39,4.20,,demo
2026-08-14 16:59:17,12.69,,demo
2026-08-14 16:59:29,1.29,,demo
2026-08-14 16:59:39,1.26,,demo
2026-08-14 16:59:51,1.39,,demo
2026-08-14 17:00:09,1.94,,demo
2026-08-14 17:00:26,2.51,,demo
2026-08-14 17:01:16,20.73,,demo
2026-08-14 17:01:20,1.02,,demo
2026-08-14 17:01:45,4.06,,demo
2026-08-14 17:01:56,1.37,,demo
2026-08-14 17:02:06,1.25,,demo
2026-08-14 17:02:36,3.49,,demo
2026-08-14 17:02:59,5.80,,demo
2026-08-14 17:03:09,1.28,,demo
2026-08-14 17:03:35,4.20,,demo
2026-08-14 17:04:05,6.27,,demo
2026-08-14 17:04:21,1.91,,demo
2026-08-14 17:04:40,2.73,,demo
2026-08-14 17:04:49,1.08,,demo
2026-08-14 17:04:58,1.01,,demo
2026-08-14 17:05:06,1.00,,demo
2026-08-14 17:05:48,17.38,,demo
2026-08-14 17:05:58,1.12,,demo
2026-08-14 17:06:15,2.32,,demo
2026-08-14 17:06:41,4.25,,demo
2026-08-14 17:06:58,2.04,,demo
2026-08-14 17:08:07,169.12,,demo
2026-08-14 17:08:44,5.13,,demo
2026-08-14 17:08:44,1.09,,demo
2026-08-14 17:09:17,8.42,,demo
2026-08-14 17:09:47,5.94,,demo
2026-08-14 17:10:23,10.23,,demo
2026-08-14 17:10:48,4.09,,demo
2026-08-14 17:10:59,1.26,,demo
2026-08-14 17:11:30,7.03,,demo
2026-08-14 17:11:43,1.47,,demo
2026-08-14 17:11:59,1.93,,demo
2026-08-14 17:12:11,1.41,,demo
2026-08-14 17:12:24,1.57,,demo
2026-08-14 17:12:53,5.51,,demo
2026-08-14 17:13:29,10.82,,demo
2026-08-14 17:14:04,5.66,,demo
2026-08-14 17:14:08,1.07,,demo
2026-08-14 17:14:16,1.06,,demo
2026-08-14 17:14:45,2.28,,demo
2026-08-14 17:15:41,144.16,,demo
2026-08-14 17:16:05,2.24,,demo
2026-08-14 17:16:19,2.44,,demo
2026-08-14 17:17:06,28.90,,demo
2026-08-14 17:17:28,2.87,,demo
2026-08-14 17:17:44,1.27,,demo
2026-08-14 17:17:58,2.47,,demo
2026-08-14 17:18:17,1.13,,demo
2026-08-14 17:18:22,1.80,,demo
2026-08-14 17:18:35,1.56,,demo
2026-08-14 17:18:48,1.59,,demo
2026-08-14 17:19:08,2.54,,demo
2026-08-14 17:19:20,1.42,,demo
2026-08-14 17:19:32,1.33,,demo
2026-08-14 17:19:41,1.14,,demo
2026-08-14 17:20:09,5.27,,demo
2026-08-14 17:20:35,4.56,,demo
2026-08-14 17:20:45,1.10,,demo
2026-08-14 17:21:12,5.03,,demo
2026-08-14 17:21:39,4.83,,demo
2026-08-14 17:21:47,1.00,,demo
2026-08-14 17:21:55,1.01,,demo
2026-08-14 17:22:25,5.78,,demo
2026-08-14 17:22:35,1.12,,demo
2026-08-14 17:24:58,4.52,,demo
2026-08-14 17:24:58,3.25,,demo
2026-08-14 17:24:58,5.53,,demo
2026-08-14 17:24:58,1.26,,demo
2026-08-14 17:24:58,1.10,,demo
2026-08-14 17:24:58,1.09,,demo
2026-08-14 17:24:58,1.73,,demo
2026-08-14 17:24:58,1.00,,demo
2026-08-14 17:25:16,5.34,,demo
2026-08-14 17:25:30,2.80,,demo
2026-08-14 17:25:49,1.64,,demo
2026-08-14 17:26:13,2.14,,demo
2026-08-14 17:26:21,2.33,,demo
2026-08-14 17:26:31,1.08,,demo
2026-08-14 17:26:39,1.29,,demo
2026-08-14 17:26:56,1.00,,demo
2026-08-14 17:27:16,5.17,,demo
2026-08-14 17:27:24,1.03,,demo
2026-08-14 17:27:37,1.12,,demo
2026-08-14 17:27:35,1.12,,demo
2026-08-14 17:27:46,1.32,,demo
2026-08-14 17:27:53,1.00,,demo
2026-08-14 17:28:28,7.11,,demo
2026-08-14 17:28:39,1.21,,demo
2026-08-14 17:28:59,3.92,,demo
2026-08-14 17:29:21,3.09,,demo
2026-08-14 17:29:50,5.80,,demo
2026-08-14 17:30:16,2.96,,demo
2026-08-14 17:30:11,2.96,,demo
2026-08-14 17:31:07,18.85,,demo
2026-08-14 17:31:16,2.93,,demo
2026-08-14 17:31:24,1.06,,demo
2026-08-14 17:31:32,1.00,,demo
2026-08-14 17:31:41,1.04,,demo
2026-08-14 17:32:11,3.36,,demo
2026-08-14 17:32:35,7.50,,demo
2026-08-14 17:32:44,1.06,,demo
2026-08-14 17:32:52,1.02,,demo
2026-08-14 17:33:02,1.11,,demo
2026-08-14 17:33:22,1.41,,demo
2026-08-14 17:33:32,2.29,,demo
2026-08-14 17:33:47,1.72,,demo
2026-08-14 17:33:55,1.03,,demo
2026-08-14 17:34:12,2.19,,demo
2026-08-14 17:34:32,2.33,,demo
2026-08-14 17:34:53,3.29,,demo
2026-08-14 17:35:08,1.86,,demo
2026-08-14 17:35:30,1.36,,demo
2026-08-14 17:35:33,1.49,,demo
2026-08-14 17:35:46,1.50,,demo
2026-08-14 17:36:01,1.85,,demo
2026-08-14 17:36:10,1.16,,demo
2026-08-14 17:36:20,1.08,,demo
2026-08-14 17:36:39,2.59,,demo
2026-08-14 17:36:55,1.50,,demo
2026-08-14 17:37:12,2.60,,demo
2026-08-14 17:37:21,1.02,,demo
2026-08-14 17:37:41,1.98,,demo
2026-08-14 17:37:45,1.03,,demo
2026-08-14 17:38:15,6.33,,demo
2026-08-14 17:38:23,1.00,,demo
2026-08-14 17:38:35,1.22,,demo
2026-08-14 17:38:54,2.83,,demo
2026-08-14 17:39:30,10.95,,demo
2026-08-14 17:40:05,6.03,,demo
2026-08-14 17:40:10,1.17,,demo
2026-08-14 17:40:40,5.77,,demo
2026-08-14 17:41:46,128.66,,demo
2026-08-14 17:42:20,8.72,,demo
2026-08-14 17:42:30,1.26,,demo
2026-08-14 17:42:54,3.71,,demo
2026-08-14 17:43:08,1.65,,demo
2026-08-14 17:43:22,1.65,,demo
2026-08-14 17:43:46,3.79,,demo
2026-08-14 17:43:55,1.07,,demo
2026-08-14 17:44:16,2.49,,demo
2026-08-14 17:44:47,5.82,,demo
2026-08-14 17:45:09,4.24,,demo
2026-08-14 17:45:17,1.10,,demo
2026-08-14 17:45:29,1.16,,demo
2026-08-14 17:45:49,2.92,,demo
2026-08-14 17:45:57,1.02,,demo
2026-08-14 17:46:09,1.43,,demo
2026-08-14 17:46:20,1.32,,demo
2026-08-14 17:46:33,1.48,,demo
2026-08-14 17:46:59,2.38,,demo
2026-08-14 17:47:08,2.11,,demo
2026-08-14 17:47:24,1.85,,demo
2026-08-14 17:47:38,1.40,,demo
2026-08-14 17:47:49,1.52,,demo
2026-08-14 17:48:08,2.49,,demo
2026-08-14 17:48:35,4.28,,demo
2026-08-14 17:49:12,13.15,,demo
2026-08-14 17:49:24,1.25,,demo
2026-08-14 17:49:36,1.18,,demo
2026-08-14 17:49:47,1.00,,demo
2026-08-14 17:49:53,1.27,,demo
2026-08-14 17:50:16,3.81,,demo
2026-08-14 17:50:49,7.59,,demo
2026-08-14 17:50:49,7.59,,demo
2026-08-14 17:51:03,1.46,,demo
2026-08-14 17:51:10,1.01,,demo
2026-08-14 17:51:37,5.10,,demo
2026-08-14 17:52:33,53.93,,demo
2026-08-14 17:52:45,1.39,,demo
2026-08-14 17:53:07,1.83,,demo
2026-08-14 17:53:13,1.47,,demo
2026-08-14 17:53:22,1.15,,demo
2026-08-14 17:54:26,95.09,,demo
2026-08-14 17:54:55,6.10,,demo
2026-08-14 17:55:11,1.06,,demo
2026-08-14 17:55:15,1.32,,demo
2026-08-14 17:55:34,2.51,,demo
2026-08-14 17:55:45,1.26,,demo
2026-08-14 17:55:54,1.11,,demo
2026-08-14 17:56:10,1.86,,demo
2026-08-14 17:56:38,1.00,,demo
2026-08-14 17:56:52,1.72,,demo
2026-08-14 17:57:06,1.50,,demo
2026-08-14 17:57:22,2.17,,demo
2026-08-14 17:57:36,1.55,,demo
2026-08-14 17:57:50,1.73,,demo
2026-08-14 17:58:25,9.02,,demo
2026-08-14 17:58:34,1.06,,demo
2026-08-14 17:58:58,2.30,,demo
2026-08-14 17:59:40,28.87,,demo
2026-08-14 17:59:51,1.21,,demo
2026-08-14 18:00:07,2.15,,demo
2026-08-14 18:00:16,1.00,,demo
2026-08-14 18:00:36,2.91,,demo
2026-08-14 18:00:50,1.67,,demo
2026-08-14 18:01:01,1.22,,demo
2026-08-14 18:01:32,6.88,,demo
2026-08-14 18:01:55,3.62,,demo
2026-08-14 18:02:17,3.18,,demo
2026-08-14 18:02:40,3.15,,demo
2026-08-14 18:03:28,25.99,,demo
2026-08-14 18:03:59,7.43,,demo
2026-08-14 18:04:13,1.71,,demo
2026-08-14 18:04:41,2.74,,demo
2026-08-14 18:04:53,2.69,,demo
2026-08-14 18:05:13,2.71,,demo
2026-08-14 18:05:33,2.61,,demo
2026-08-14 18:05:51,2.45,,demo
2026-08-14 18:06:20,5.24,,demo
2026-08-14 18:06:38,1.80,,demo
2026-08-14 18:06:44,1.17,,demo
2026-08-14 18:06:54,1.10,,demo
2026-08-14 18:07:03,1.11,,demo
2026-08-14 18:07:59,57.19,,demo
2026-08-14 18:08:19,2.43,,demo
2026-08-14 18:08:38,2.79,,demo
2026-08-14 18:08:58,1.59,,demo
2026-08-14 18:09:06,1.66,,demo
2026-08-14 18:09:32,4.46,,demo
2026-08-14 18:09:40,1.01,,demo
2026-08-14 18:09:55,1.02,,demo
2026-08-14 18:10:00,1.28,,demo
2026-08-14 18:10:24,3.55,,demo
2026-08-14 18:10:37,1.71,,demo
2026-08-14 18:11:04,4.53,,demo
2026-08-14 18:11:16,1.17,,demo
2026-08-14 18:11:36,3.19,,demo
2026-08-14 18:11:52,2.10,,demo
2026-08-14 18:12:04,1.17,,demo
2026-08-14 18:13:02,72.18,,demo
2026-08-14 18:13:25,2.86,,demo
2026-08-14 18:13:33,1.19,,demo
2026-08-14 18:13:58,4.33,,demo
2026-08-14 18:14:12,1.66,,demo
2026-08-14 18:14:23,1.10,,demo
2026-08-14 18:14:31,1.08,,demo
2026-08-14 18:14:42,1.28,,demo
2026-08-14 18:14:59,1.88,,demo
2026-08-14 18:15:17,2.62,,demo
2026-08-14 18:15:35,2.20,,demo
2026-08-14 18:16:08,7.98,,demo
2026-08-14 18:16:42,5.31,,demo
2026-08-14 18:17:02,4.75,,demo
2026-08-14 18:17:26,3.37,,demo
2026-08-14 18:17:35,1.18,,demo
2026-08-14 18:17:59,3.82,,demo
2026-08-14 18:18:21,3.25,,demo
2026-08-14 18:18:31,1.13,,demo
2026-08-14 18:18:44,1.53,,demo
2026-08-14 18:18:54,1.16,,demo
2026-08-14 18:19:03,1.06,,demo
2026-08-14 18:19:18,1.20,,demo
2026-08-14 18:19:45,7.76,,demo
2026-08-14 18:20:08,1.60,,demo
2026-08-14 18:20:09,1.22,,demo
2026-08-14 18:20:39,6.52,,demo
2026-08-14 18:20:53,1.50,,demo
2026-08-14 18:21:10,2.31,,demo
2026-08-14 18:21:30,2.39,,demo
2026-08-14 18:21:37,1.00,,demo
2026-08-14 18:21:51,1.59,,demo
2026-08-14 18:22:16,2.41,,demo
2026-08-14 18:22:20,1.32,,demo
2026-08-14 18:23:01,10.49,,demo
2026-08-14 18:23:09,1.35,,demo
2026-08-14 18:23:30,2.84,,demo
2026-08-14 18:24:00,6.43,,demo
2026-08-14 18:24:30,6.30,,demo
2026-08-14 18:24:38,1.09,,demo
2026-08-14 18:25:02,3.69,,demo
2026-08-14 18:25:21,2.49,,demo
2026-08-14 18:25:36,1.72,,demo
2026-08-14 18:25:51,1.51,,demo
2026-08-14 18:26:01,1.35,,demo
2026-08-14 18:26:21,2.08,,demo
2026-08-14 18:26:32,1.79,,demo
2026-08-14 18:26:48,1.83,,demo
2026-08-14 18:27:01,1.18,,demo
2026-08-14 18:27:56,65.18,,demo
2026-08-14 18:28:43,27.11,,demo
2026-08-14 18:29:04,2.91,,demo
2026-08-14 18:29:28,3.65,,demo
2026-08-14 18:29:48,2.07,,demo
2026-08-14 18:29:59,1.76,,demo
2026-08-14 18:30:35,10.12,,demo
2026-08-14 18:31:15,13.81,,demo
2026-08-14 18:31:27,1.39,,demo
2026-08-14 18:31:50,3.25,,demo
2026-08-14 18:32:17,5.36,,demo
2026-08-14 18:32:38,2.76,,demo
2026-08-14 18:32:49,1.32,,demo
2026-08-14 18:33:04,1.86,,demo
2026-08-14 18:33:26,2.87,,demo
2026-08-14 18:33:53,2.30,,demo
2026-08-14 18:33:58,1.75,,demo
2026-08-14 18:34:10,1.32,,demo
2026-08-14 18:34:38,5.29,,demo
2026-08-14 18:34:49,1.40,,demo
2026-08-14 18:35:13,3.82,,demo
2026-08-14 18:35:54,14.67,,demo
2026-08-14 18:36:14,2.77,,demo
2026-08-14 18:36:42,4.94,,demo
2026-08-14 18:36:52,1.22,,demo
2026-08-14 18:37:07,1.25,,demo
2026-08-14 18:37:17,1.70,,demo
2026-08-14 18:37:27,1.11,,demo
2026-08-14 18:37:35,1.15,,demo
2026-08-14 18:37:44,1.00,,demo
2026-08-14 18:37:57,1.59,,demo
2026-08-14 18:38:22,3.94,,demo
2026-08-14 18:38:36,1.60,,demo
2026-08-14 18:38:55,1.81,,demo
2026-08-14 18:39:28,9.96,,demo
2026-08-14 18:39:46,2.68,,demo
2026-08-14 18:40:04,2.37,,demo
2026-08-14 18:40:27,3.43,,demo
2026-08-14 18:40:37,1.08,,demo
2026-08-14 18:40:56,2.06,,demo
2026-08-14 18:41:09,1.94,,demo
2026-08-14 18:41:38,5.64,,demo
2026-08-14 18:41:53,1.76,,demo
2026-08-14 18:42:11,2.42,,demo
2026-08-14 18:42:35,3.67,,demo
2026-08-14 18:43:04,6.08,,demo
2026-08-14 18:43:46,10.79,,demo
2026-08-14 18:44:08,4.25,,demo
2026-08-14 18:44:33,4.19,,demo
2026-08-14 18:44:58,1.99,,demo
2026-08-14 18:45:00,1.35,,demo
2026-08-14 18:45:12,1.52,,demo
2026-08-14 18:45:26,1.51,,demo
2026-08-14 18:45:41,1.00,,demo
2026-08-14 18:46:08,4.15,,demo
2026-08-14 18:46:08,1.05,,demo
2026-08-14 18:47:10,87.64,,demo
2026-08-14 18:47:17,1.00,,demo
2026-08-14 18:47:57,11.48,,demo
2026-08-14 18:48:08,1.57,,demo
2026-08-14 18:49:02,44.56,,demo
2026-08-14 18:49:10,1.00,,demo
2026-08-14 18:49:52,16.50,,demo
2026-08-14 18:50:00,1.00,,demo
2026-08-14 18:50:10,1.13,,demo
2026-08-14 18:50:26,2.00,,demo
2026-08-14 18:50:51,4.10,,demo
2026-08-14 18:51:14,2.52,,demo
2026-08-14 18:51:18,1.05,,demo
2026-08-14 18:51:33,1.79,,demo
2026-08-14 18:51:44,1.27,,demo
2026-08-14 18:51:56,1.39,,demo
2026-08-14 18:52:27,6.35,,demo
2026-08-14 18:52:34,1.00,,demo
2026-08-14 18:53:55,416.30,,demo
2026-08-14 18:54:40,23.01,,demo
2026-08-14 18:54:50,1.21,,demo
2026-08-14 18:55:23,6.49,,demo
2026-08-14 18:55:31,1.12,,demo
2026-08-14 18:55:44,1.64,,demo
2026-08-14 18:55:56,1.34,,demo
2026-08-14 18:56:25,5.93,,demo
2026-08-14 18:56:34,1.03,,demo
2026-08-14 18:56:54,2.77,,demo
2026-08-14 18:57:07,1.48,,demo
2026-08-14 18:57:22,1.82,,demo
2026-08-14 18:57:58,10.30,,demo
2026-08-14 18:58:20,3.10,,demo
2026-08-14 18:59:00,14.32,,demo
2026-08-14 18:59:12,1.48,,demo
2026-08-14 18:59:22,1.07,,demo
2026-08-14 19:00:34,203.25,,demo
2026-08-14 19:00:47,1.59,,demo
2026-08-14 19:01:16,6.10,,demo
2026-08-14 19:01:30,1.42,,demo
2026-08-14 19:01:59,5.90,,demo
2026-08-14 19:02:12,1.22,,demo
2026-08-14 19:02:23,1.66,,demo
2026-08-14 19:02:36,1.44,,demo
2026-08-14 19:02:53,2.11,,demo
2026-08-14 19:03:40,26.23,,demo
2026-08-14 19:03:58,2.33,,demo
2026-08-14 19:04:23,4.19,,demo
2026-08-14 19:05:02,9.21,,demo
2026-08-14 19:05:06,1.00,,demo
2026-08-14 19:05:31,4.37,,demo
2026-08-14 19:05:46,1.27,,demo
2026-08-14 19:05:58,1.76,,demo
2026-08-14 19:06:06,1.04,,demo
2026-08-14 19:06:33,4.84,,demo
2026-08-14 19:06:58,4.07,,demo
2026-08-14 19:07:10,1.40,,demo
2026-08-14 19:07:20,1.16,,demo
2026-08-14 19:08:03,18.99,,demo
2026-08-14 19:08:11,1.05,,demo
2026-08-14 19:08:25,1.51,,demo
2026-08-14 19:08:39,1.00,,demo
2026-08-14 19:08:51,2.40,,demo
2026-08-14 19:09:02,1.24,,demo
2026-08-14 19:09:21,1.86,,demo
2026-08-14 19:10:04,25.74,,demo
2026-08-14 19:10:21,2.04,,demo
2026-08-14 19:11:04,12.22,,demo
2026-08-14 19:11:07,1.01,,demo
2026-08-14 19:11:36,5.93,,demo
2026-08-14 19:13:39,5.73,,demo
2026-08-14 19:13:39,1.51,,demo
2026-08-14 19:13:39,2.15,,demo
2026-08-14 19:13:39,1.49,,demo
2026-08-14 19:13:39,16.61,,demo
2026-08-14 19:13:43,1.07,,demo
2026-08-14 19:13:58,2.40,,demo
2026-08-14 19:14:07,1.07,,demo
2026-08-14 19:14:22,1.90,,demo
2026-08-14 19:14:33,1.26,,demo
2026-08-14 19:14:42,1.11,,demo
2026-08-14 19:14:56,1.62,,demo
2026-08-14 19:15:19,3.54,,demo
2026-08-14 19:15:30,1.24,,demo
2026-08-14 19:15:39,1.17,,demo
2026-08-14 19:15:54,1.72,,demo
2026-08-14 19:16:28,3.74,,demo
2026-08-14 19:16:41,3.31,,demo
2026-08-14 19:17:34,46.09,,demo
2026-08-14 19:17:48,1.50,,demo
2026-08-14 19:19:18,972.71,,demo
2026-08-14 19:19:29,1.18,,demo
2026-08-14 19:19:39,1.08,,demo
2026-08-14 19:19:46,1.00,,demo
2026-08-14 19:19:55,1.15,,demo
2026-08-14 19:20:08,1.50,,demo
2026-08-14 19:20:19,1.17,,demo
2026-08-14 19:20:31,1.41,,demo
2026-08-14 19:21:05,9.32,,demo
2026-08-14 19:21:27,1.56,,demo
2026-08-14 19:21:43,4.14,,demo
2026-08-14 19:21:55,1.32,,demo
2026-08-14 19:22:05,1.22,,demo
2026-08-14 19:22:16,1.31,,demo
2026-08-14 19:22:25,1.09,,demo
2026-08-14 19:22:37,1.44,,demo
2026-08-14 19:22:56,2.40,,demo
2026-08-14 19:23:12,1.93,,demo
2026-08-14 19:23:21,1.06,,demo
2026-08-14 19:23:51,5.94,,demo
2026-08-14 19:24:04,1.57,,demo
2026-08-14 19:24:22,2.24,,demo
2026-08-14 19:24:41,2.60,,demo
2026-08-14 19:24:57,1.84,,demo
2026-08-14 19:25:07,1.09,,demo
2026-08-14 19:25:31,4.03,,demo
2026-08-14 19:25:52,3.20,,demo
2026-08-14 19:26:44,34.90,,demo
2026-08-14 19:26:59,1.98,,demo
2026-08-14 19:27:29,4.13,,demo
2026-08-14 19:27:40,1.83,,demo
2026-08-14 19:27:51,1.31,,demo
2026-08-14 19:28:40,29.81,,demo
2026-08-14 19:28:49,1.02,,demo
2026-08-14 19:29:02,1.62,,demo
2026-08-14 19:29:20,2.25,,demo
2026-08-14 19:29:32,1.21,,demo
2026-08-14 19:29:39,1.16,,demo
2026-08-14 19:30:33,42.33,,demo
2026-08-14 19:30:47,1.69,,demo
2026-08-14 19:31:06,1.64,,demo
2026-08-14 19:31:11,1.00,,demo
2026-08-14 19:31:33,3.64,,demo
2026-08-14 19:31:45,1.41,,demo
2026-08-14 19:31:58,1.56,,demo
2026-08-14 19:32:28,5.67,,demo
2026-08-14 19:33:08,11.34,,demo
2026-08-14 19:33:33,5.67,,demo
2026-08-14 19:33:33,5.67,,demo
2026-08-14 19:34:17,14.40,,demo
2026-08-14 19:34:26,1.59,,demo
2026-08-14 19:34:58,2.94,,demo
2026-08-14 19:35:32,19.84,,demo
2026-08-14 19:35:45,1.17,,demo
2026-08-14 19:35:54,1.49,,demo
2026-08-14 19:36:15,2.84,,demo
2026-08-14 19:36:23,1.05,,demo
2026-08-14 19:36:40,2.04,,demo
2026-08-14 19:36:49,1.05,,demo
2026-08-14 19:37:00,1.35,,demo
2026-08-14 19:37:27,4.97,,demo
2026-08-14 19:38:04,10.43,,demo
2026-08-14 19:38:34,5.80,,demo
2026-08-14 19:38:45,1.26,,demo
2026-08-14 19:39:02,2.50,,demo
2026-08-14 19:39:18,1.85,,demo
2026-08-14 19:39:59,15.49,,demo
2026-08-14 19:40:10,1.22,,demo
2026-08-14 19:40:30,2.83,,demo
2026-08-14 19:40:45,1.66,,demo
2026-08-14 19:40:53,1.04,,demo
2026-08-14 19:41:05,1.41,,demo
2026-08-14 19:41:25,2.49,,demo
2026-08-14 19:41:38,1.55,,demo
2026-08-14 19:41:55,2.12,,demo
2026-08-14 19:42:06,1.34,,demo
2026-08-14 19:42:17,1.33,,demo
2026-08-14 19:42:34,2.15,,demo
2026-08-14 19:43:12,11.66,,demo
2026-08-14 19:43:48,10.52,,demo
2026-08-14 19:44:02,1.30,,demo
2026-08-14 19:44:20,2.73,,demo
2026-08-14 19:44:34,1.69,,demo
2026-08-14 19:45:04,6.68,,demo
2026-08-14 19:45:20,1.64,,demo
2026-08-14 19:45:40,2.99,,demo
2026-08-14 19:46:47,132.81,,demo
2026-08-14 19:47:00,1.60,,demo
2026-08-14 19:47:11,1.09,,demo
2026-08-14 19:47:18,1.09,,demo
2026-08-14 19:47:28,1.18,,demo
2026-08-14 19:47:38,1.16,,demo
2026-08-14 19:48:11,7.59,,demo
2026-08-14 19:48:32,3.14,,demo
2026-08-14 19:48:46,1.62,,demo
2026-08-14 19:49:22,7.87,,demo
2026-08-14 19:49:52,3.21,,demo
2026-08-14 19:49:59,2.30,,demo
2026-08-14 19:50:13,1.69,,demo
2026-08-14 19:50:42,5.52,,demo
2026-08-14 19:50:59,1.80,,demo
2026-08-14 19:51:25,2.09,,demo
2026-08-14 19:51:31,1.86,,demo
2026-08-14 19:51:42,1.43,,demo
2026-08-14 19:52:15,8.00,,demo
2026-08-14 19:52:53,12.60,,demo
2026-08-14 19:53:06,1.13,,demo
2026-08-14 19:53:37,8.68,,demo
2026-08-14 19:53:49,1.32,,demo
2026-08-14 19:54:38,33.21,,demo
2026-08-14 19:54:52,1.66,,demo
2026-08-14 19:55:24,7.12,,demo
2026-08-14 19:56:14,32.13,,demo
2026-08-14 19:56:22,1.07,,demo
2026-08-14 19:56:40,2.07,,demo
2026-08-14 19:57:03,3.15,,demo
2026-08-14 19:57:25,3.56,,demo
2026-08-14 19:57:33,1.05,,demo
2026-08-14 19:57:41,1.01,,demo
2026-08-14 19:58:21,13.56,,demo
2026-08-14 19:58:36,1.73,,demo
2026-08-14 19:59:06,6.70,,demo
2026-08-14 19:59:33,4.60,,demo
2026-08-14 19:59:52,2.42,,demo
2026-08-14 20:00:02,1.21,,demo
2026-08-14 20:00:29,5.28,,demo
2026-08-14 20:01:08,10.66,,demo
2026-08-14 20:01:18,1.36,,demo
2026-08-14 20:01:47,3.41,,demo
2026-08-14 20:01:52,1.34,,demo
2026-08-14 20:02:20,5.13,,demo
2026-08-14 20:02:47,5.08,,demo
2026-08-14 20:02:57,1.13,,demo
2026-08-14 20:03:15,2.26,,demo
2026-08-14 20:03:25,1.16,,demo
2026-08-14 20:03:55,3.93,,demo
2026-08-14 20:04:00,1.30,,demo
2026-08-14 20:04:21,3.05,,demo
2026-08-14 20:04:43,3.20,,demo
2026-08-14 20:05:00,2.13,,demo
2026-08-14 20:05:47,23.07,,demo
2026-08-14 20:05:59,1.47,,demo
2026-08-14 20:06:26,4.40,,demo
2026-08-14 20:06:50,4.05,,demo
2026-08-14 20:07:03,1.48,,demo
2026-08-14 20:07:21,2.58,,demo
2026-08-14 20:07:34,1.39,,demo
2026-08-14 20:07:49,1.85,,demo
2026-08-14 20:08:06,1.42,,demo
2026-08-14 20:09:34,1133.99,,demo
2026-08-14 20:09:45,1.02,,demo
2026-08-14 20:09:58,1.99,,demo
2026-08-14 20:10:06,1.00,,demo
2026-08-14 20:10:24,2.25,,demo
2026-08-14 20:10:40,1.42,,demo
2026-08-14 20:11:03,4.35,,demo
2026-08-14 20:11:16,1.52,,demo
2026-08-14 20:11:29,1.66,,demo
2026-08-14 20:12:03,8.44,,demo
2026-08-14 20:12:50,25.80,,demo
2026-08-14 20:13:15,4.04,,demo
2026-08-14 20:13:29,1.07,,demo
2026-08-14 20:13:43,2.60,,demo
2026-08-14 20:13:52,1.05,,demo
2026-08-14 20:14:07,1.84,,demo
2026-08-14 20:14:22,1.78,,demo
2026-08-14 20:14:47,3.98,,demo
2026-08-14 20:15:00,1.58,,demo
2026-08-14 20:15:35,7.90,,demo
2026-08-14 20:15:41,1.01,,demo
2026-08-14 20:16:04,3.42,,demo
2026-08-14 20:16:26,3.42,,demo
2026-08-14 20:16:47,1.57,,demo
2026-08-14 20:17:10,5.83,,demo
2026-08-14 20:17:29,2.58,,demo
2026-08-14 20:17:47,1.83,,demo
2026-08-14 20:17:57,1.48,,demo
2026-08-14 20:18:22,4.29,,demo
2026-08-14 20:18:44,2.90,,demo
2026-08-14 20:19:08,3.90,,demo
2026-08-14 20:19:56,29.79,,demo
2026-08-14 20:20:20,3.70,,demo
2026-08-14 20:20:37,1.00,,demo
2026-08-14 20:20:39,1.27,,demo
2026-08-14 20:21:23,17.10,,demo
2026-08-14 20:21:36,1.84,,demo
2026-08-14 20:21:47,1.14,,demo
2026-08-14 20:22:03,2.12,,demo
2026-08-14 20:22:18,1.27,,demo
2026-08-14 20:22:40,4.27,,demo
2026-08-14 20:22:48,1.01,,demo
2026-08-14 20:23:06,1.41,,demo
2026-08-14 20:23:16,1.74,,demo
2026-08-14 20:23:15,1.74,,demo
2026-08-14 20:23:48,8.40,,demo
2026-08-14 20:24:03,1.57,,demo
2026-08-14 20:24:55,41.45,,demo
2026-08-14 20:25:11,2.42,,demo
2026-08-14 20:25:46,8.94,,demo
2026-08-14 20:26:08,1.82,,demo
2026-08-14 20:26:10,1.15,,demo
2026-08-14 20:26:38,5.22,,demo
2026-08-14 20:27:23,20.12,,demo
2026-08-14 20:27:47,4.01,,demo
2026-08-14 20:28:23,8.38,,demo
2026-08-14 20:28:37,1.86,,demo
2026-08-14 20:28:45,1.11,,demo
2026-08-14 20:28:54,1.00,,demo
2026-08-14 20:29:12,2.40,,demo
2026-08-14 20:29:46,3.86,,demo
2026-08-14 20:29:46,1.08,,demo
2026-08-14 20:30:04,2.55,,demo
2026-08-14 20:30:20,1.86,,demo
2026-08-14 20:30:39,2.61,,demo
2026-08-14 20:30:53,1.65,,demo
2026-08-14 20:31:02,1.04,,demo
2026-08-14 20:31:39,7.35,,demo
2026-08-14 20:31:44,1.16,,demo
2026-08-14 20:31:53,1.03,,demo
2026-08-14 20:32:07,1.72,,demo
2026-08-14 20:32:36,5.13,,demo
2026-08-14 20:32:56,2.97,,demo
2026-08-14 20:33:41,21.58,,demo
2026-08-14 20:34:07,4.54,,demo
2026-08-14 20:34:54,25.27,,demo
2026-08-14 20:35:26,3.58,,demo
2026-08-14 20:35:47,6.28,,demo
2026-08-14 20:36:09,3.10,,demo
2026-08-14 20:36:27,1.22,,demo
2026-08-14 20:36:28,1.00,,demo
2026-08-14 20:36:48,2.94,,demo
2026-08-14 20:37:08,2.73,,demo
2026-08-14 20:37:23,1.77,,demo
2026-08-14 20:37:54,7.13,,demo
2026-08-14 20:38:03,1.00,,demo
2026-08-14 20:38:38,9.82,,demo
2026-08-14 20:38:54,1.86,,demo
2026-08-14 20:39:13,2.65,,demo
2026-08-14 20:39:40,4.76,,demo
2026-08-14 20:39:51,1.19,,demo
2026-08-14 20:40:03,1.44,,demo
2026-08-14 20:40:16,1.40,,demo
2026-08-14 20:40:47,7.56,,demo
2026-08-14 20:40:55,1.00,,demo
2026-08-14 20:41:03,1.02,,demo
2026-08-14 20:41:28,2.54,,demo
2026-08-14 20:41:46,3.81,,demo
2026-08-14 20:42:00,1.60,,demo
2026-08-14 20:42:20,2.63,,demo
2026-08-14 20:42:35,1.64,,demo
2026-08-14 20:42:43,1.00,,demo
2026-08-14 20:45:10,3.38,,demo
2026-08-14 20:45:10,3.50,,demo
2026-08-14 20:45:10,2.97,,demo
2026-08-14 20:45:10,1.07,,demo
2026-08-14 20:45:10,1.33,,demo
2026-08-14 20:45:10,1.24,,demo
2026-08-14 20:45:10,1.06,,demo
2026-08-14 20:45:23,49.54,,demo
2026-08-14 20:45:41,2.35,,demo
2026-08-14 20:45:58,2.07,,demo
2026-08-14 20:46:10,1.39,,demo
2026-08-14 20:46:33,3.41,,demo
2026-08-14 20:46:53,2.73,,demo
2026-08-14 20:47:11,2.28,,demo
2026-08-14 20:47:20,1.14,,demo
2026-08-14 20:47:38,2.20,,demo
2026-08-14 20:47:48,1.22,,demo
2026-08-14 20:48:00,1.39,,demo
2026-08-14 20:48:27,4.78,,demo
2026-08-14 20:48:41,1.68,,demo
2026-08-14 20:49:15,8.71,,demo
2026-08-14 20:49:23,1.00,,demo
2026-08-14 20:49:49,4.43,,demo
2026-08-14 20:50:11,3.23,,demo
2026-08-14 20:50:26,1.70,,demo
2026-08-14 20:50:51,4.12,,demo
2026-08-14 20:51:06,1.78,,demo
2026-08-14 20:51:28,3.40,,demo
2026-08-14 20:51:58,5.99,,demo
2026-08-14 20:52:06,1.01,,demo
2026-08-14 20:52:16,1.21,,demo
2026-08-14 20:52:24,1.00,,demo
2026-08-14 20:52:37,1.43,,demo
2026-08-14 20:53:00,3.43,,demo
2026-08-14 20:53:14,1.67,,demo
2026-08-14 20:53:51,11.06,,demo
2026-08-14 20:54:04,1.49,,demo
2026-08-14 20:54:18,1.77,,demo
2026-08-14 20:54:40,3.10,,demo
2026-08-14 20:55:07,4.76,,demo
2026-08-14 20:55:35,5.27,,demo
2026-08-14 20:55:54,2.64,,demo
2026-08-14 20:57:10,235.92,,demo
2026-08-14 20:57:56,22.78,,demo
2026-08-14 20:58:06,1.19,,demo
2026-08-14 20:59:04,64.05,,demo
2026-08-14 20:59:31,4.73,,demo
2026-08-14 20:59:49,2.39,,demo
2026-08-14 21:00:11,3.12,,demo
2026-08-14 21:00:28,2.08,,demo
2026-08-14 21:00:41,1.51,,demo
2026-08-14 21:01:17,10.74,,demo
2026-08-14 21:01:27,1.17,,demo
2026-08-14 21:01:35,1.03,,demo
2026-08-14 21:01:46,1.28,,demo
2026-08-14 21:01:58,1.32,,demo
2026-08-14 21:02:06,1.02,,demo
2026-08-14 21:02:15,1.06,,demo
2026-08-14 21:02:26,1.18,,demo
2026-08-14 21:03:12,26.47,,demo
2026-08-14 21:04:00,26.81,,demo
2026-08-14 21:04:41,16.08,,demo
2026-08-14 21:04:55,1.67,,demo
2026-08-14 21:05:07,1.32,,demo
2026-08-14 21:05:17,1.17,,demo
2026-08-14 21:05:28,1.34,,demo
2026-08-14 21:05:36,1.01,,demo
2026-08-14 21:05:48,1.36,,demo
2026-08-14 21:05:58,1.15,,demo
2026-08-14 21:06:06,1.00,,demo
2026-08-14 21:06:35,5.91,,demo
2026-08-14 21:06:54,2.51,,demo
2026-08-14 21:07:13,2.44,,demo
2026-08-14 21:07:31,2.32,,demo
2026-08-14 21:07:44,1.48,,demo
2026-08-14 21:08:16,7.32,,demo
2026-08-14 21:08:52,10.50,,demo
2026-08-14 21:09:20,5.45,,demo
2026-08-14 21:09:34,1.59,,demo
2026-08-14 21:09:44,1.17,,demo
2026-08-14 21:09:58,1.62,,demo
2026-08-14 21:10:14,2.04,,demo
2026-08-14 21:10:22,1.00,,demo
2026-08-14 21:11:39,13.79,,demo
2026-08-14 21:11:39,2.98,,demo
2026-08-14 21:11:02,13.79,,demo
2026-08-14 21:11:23,2.98,,demo
2026-08-14 21:11:54,6.47,,demo
2026-08-14 21:12:13,2.55,,demo
2026-08-14 21:12:39,4.57,,demo
2026-08-14 21:12:47,1.00,,demo
2026-08-14 21:12:57,1.14,,demo
2026-08-14 21:13:06,1.09,,demo
2026-08-14 21:13:40,8.57,,demo
2026-08-14 21:13:52,1.46,,demo
2026-08-14 21:14:00,1.00,,demo
2026-08-14 21:14:54,46.24,,demo
2026-08-14 21:15:10,1.94,,demo
2026-08-14 21:15:38,5.15,,demo
2026-08-14 21:15:46,1.01,,demo
2026-08-14 21:15:59,1.44,,demo
2026-08-14 21:16:28,6.01,,demo
2026-08-14 21:16:51,2.98,,demo
2026-08-14 21:17:05,1.90,,demo
2026-08-14 21:17:32,4.97,,demo
2026-08-14 21:17:44,1.30,,demo
2026-08-14 21:17:59,1.93,,demo
2026-08-14 21:18:24,3.89,,demo
2026-08-14 21:18:48,3.89,,demo
2026-08-14 21:19:05,2.03,,demo
2026-08-14 21:19:13,1.02,,demo
2026-08-14 21:19:33,2.66,,demo
2026-08-14 21:19:43,1.16,,demo
2026-08-14 21:19:57,1.69,,demo
2026-08-14 21:20:29,7.51,,demo
2026-08-14 21:20:40,1.24,,demo
2026-08-14 21:21:33,42.76,,demo
2026-08-14 21:21:55,3.13,,demo
2026-08-14 21:22:04,1.07,,demo
2026-08-14 21:22:26,3.32,,demo
2026-08-14 21:22:41,1.74,,demo
2026-08-14 21:23:03,3.21,,demo
2026-08-14 21:23:19,2.03,,demo
2026-08-14 21:23:31,1.33,,demo
2026-08-14 21:24:09,12.12,,demo
2026-08-14 21:24:22,1.55,,demo
2026-08-14 21:24:30,1.00,,demo
2026-08-14 21:24:46,2.02,,demo
2026-08-14 21:25:28,16.82,,demo
2026-08-14 21:26:09,15.56,,demo
2026-08-14 21:26:24,1.74,,demo
2026-08-14 21:26:51,4.64,,demo
2026-08-14 21:27:02,1.30,,demo
2026-08-14 21:27:20,2.25,,demo
2026-08-14 21:27:57,11.65,,demo
2026-08-14 21:28:12,1.72,,demo
2026-08-14 21:28:22,1.26,,demo
2026-08-14 21:28:45,3.37,,demo
2026-08-14 21:28:56,1.22,,demo
2026-08-14 21:29:07,1.37,,demo
2026-08-14 21:29:23,1.89,,demo
2026-08-14 21:30:03,14.03,,demo
2026-08-14 21:30:26,3.37,,demo
2026-08-14 21:30:51,4.35,,demo
2026-08-14 21:31:04,1.55,,demo
2026-08-14 21:31:44,13.99,,demo
2026-08-14 21:31:53,1.04,,demo
2026-08-14 21:32:50,59.66,,demo
2026-08-14 21:33:21,6.78,,demo
2026-08-14 21:33:32,1.34,,demo
2026-08-14 21:33:44,1.31,,demo
2026-08-14 21:33:52,1.02,,demo
2026-08-14 21:34:10,2.24,,demo
2026-08-14 21:34:18,1.02,,demo
2026-08-14 21:34:36,2.23,,demo
2026-08-14 21:34:47,1.33,,demo
2026-08-14 21:34:57,1.18,,demo
2026-08-14 21:35:34,10.83,,demo
2026-08-14 21:36:16,17.70,,demo
2026-08-14 21:36:26,1.18,,demo
2026-08-14 21:36:35,1.10,,demo
2026-08-14 21:36:50,1.78,,demo
2026-08-14 21:37:01,1.23,,demo
2026-08-14 21:37:11,1.20,,demo
2026-08-14 21:37:28,2.04,,demo
2026-08-14 21:37:37,1.07,,demo
2026-08-14 21:37:45,1.01,,demo
2026-08-14 21:38:03,2.33,,demo
2026-08-14 21:38:11,1.03,,demo
2026-08-14 21:38:28,2.10,,demo
2026-08-14 21:38:55,4.91,,demo
2026-08-14 21:39:05,1.15,,demo
2026-08-14 21:39:17,1.43,,demo
2026-08-14 21:39:26,1.00,,demo
2026-08-14 21:39:37,1.35,,demo
2026-08-14 21:39:57,2.61,,demo
2026-08-14 21:40:18,2.94,,demo
2026-08-14 21:40:39,3.00,,demo
2026-08-14 21:41:06,4.88,,demo
2026-08-14 21:41:23,2.16,,demo
2026-08-14 21:41:34,1.25,,demo
2026-08-14 21:42:06,7.13,,demo
2026-08-14 21:42:14,1.04,,demo
2026-08-14 21:42:27,1.48,,demo
2026-08-14 21:42:36,1.09,,demo
2026-08-14 21:42:45,1.13,,demo
2026-08-14 21:43:10,3.65,,demo
2026-08-14 21:43:52,18.91,,demo
2026-08-14 21:44:07,1.82,,demo
2026-08-14 21:45:13,118.70,,demo
2026-08-14 21:45:37,3.70,,demo
2026-08-14 21:45:48,1.38,,demo
2026-08-14 21:46:39,32.98,,demo
2026-08-14 21:46:55,2.09,,demo
2026-08-14 21:47:09,1.54,,demo
2026-08-14 21:47:33,3.79,,demo
2026-08-14 21:47:50,2.18,,demo
2026-08-14 21:48:19,5.85,,demo
2026-08-14 21:48:56,11.26,,demo
2026-08-14 21:49:22,4.40,,demo
2026-08-14 21:49:50,5.23,,demo
2026-08-14 21:50:09,2.54,,demo
2026-08-14 21:50:31,2.47,,demo
2026-08-14 21:50:42,1.61,,demo
2026-08-14 21:50:58,1.90,,demo
2026-08-14 21:51:19,3.10,,demo
2026-08-14 21:51:38,2.27,,demo
2026-08-14 21:51:48,1.24,,demo
2026-08-14 21:52:14,4.71,,demo
2026-08-14 21:52:36,3.06,,demo
2026-08-14 21:52:51,1.77,,demo
2026-08-14 21:53:02,1.33,,demo
2026-08-14 21:53:13,1.28,,demo
2026-08-14 21:53:34,2.92,,demo
2026-08-14 21:54:11,11.59,,demo
2026-08-14 21:54:28,2.02,,demo
2026-08-14 21:54:53,4.17,,demo
2026-08-14 21:55:05,1.38,,demo
2026-08-14 21:55:13,1.00,,demo
2026-08-14 21:55:22,1.07,,demo
2026-08-14 21:55:52,6.28,,demo
2026-08-14 21:56:07,1.78,,demo
2026-08-14 21:56:32,3.87,,demo
2026-08-14 21:56:39,1.00,,demo
2026-08-14 21:57:03,1.86,,demo
2026-08-14 21:57:14,1.19,,demo
2026-08-14 21:57:27,1.69,,demo
2026-08-14 21:57:58,6.39,,demo
2026-08-14 21:58:16,2.16,,demo
2026-08-14 21:58:47,7.27,,demo
2026-08-14 21:58:58,1.35,,demo
2026-08-14 21:59:09,1.27,,demo
2026-08-14 21:59:56,24.19,,demo
2026-08-14 22:00:14,2.32,,demo
2026-08-14 22:00:29,1.76,,demo
2026-08-14 22:00:43,1.64,,demo
2026-08-14 22:01:02,2.58,,demo
2026-08-14 22:01:29,4.94,,demo
2026-08-14 22:01:37,1.00,,demo
2026-08-14 22:02:10,8.16,,demo
2026-08-14 22:02:35,3.92,,demo
2026-08-14 22:03:11,10.47,,demo
2026-08-14 22:03:33,3.30,,demo
2026-08-14 22:03:47,1.58,,demo
2026-08-14 22:03:57,1.14,,demo
2026-08-14 22:04:09,1.42,,demo
2026-08-14 22:04:20,1.26,,demo
2026-08-14 22:04:45,4.28,,demo
2026-08-14 22:05:05,2.68,,demo
2026-08-14 22:05:15,1.21,,demo
2026-08-14 22:05:41,4.20,,demo
2026-08-14 22:06:12,7.31,,demo
2026-08-14 22:06:24,1.33,,demo
2026-08-14 22:06:34,1.14,,demo
2026-08-14 22:06:42,1.05,,demo
2026-08-14 22:06:53,1.28,,demo
2026-08-14 22:07:38,20.71,,demo
2026-08-14 22:07:48,1.17,,demo
2026-08-14 22:08:00,1.45,,demo
2026-08-14 22:08:09,1.10,,demo
2026-08-14 22:08:54,20.54,,demo
2026-08-14 22:09:04,1.25,,demo
2026-08-14 22:09:14,1.12,,demo
2026-08-14 22:09:34,2.80,,demo
2026-08-14 22:10:18,20.52,,demo
2026-08-14 22:10:46,5.24,,demo
2026-08-14 22:11:04,2.26,,demo
2026-08-14 22:11:23,2.41,,demo
2026-08-14 22:12:10,27.04,,demo
2026-08-14 22:12:22,1.39,,demo
2026-08-14 22:12:39,2.07,,demo
2026-08-14 22:12:58,2.48,,demo
2026-08-14 22:13:20,3.22,,demo
2026-08-14 22:13:28,1.00,,demo
2026-08-14 22:13:40,1.41,,demo
2026-08-14 22:14:08,5.12,,demo
2026-08-14 22:14:25,2.09,,demo
2026-08-14 22:14:36,1.31,,demo
2026-08-14 22:14:55,2.57,,demo
2026-08-14 22:15:12,2.09,,demo
2026-08-14 22:15:21,1.08,,demo
2026-08-14 22:15:33,1.37,,demo
2026-08-14 22:15:50,2.11,,demo
2026-08-14 22:16:17,4.90,,demo
2026-08-14 22:16:30,1.53,,demo
2026-08-14 22:17:05,8.93,,demo
2026-08-14 22:17:22,2.23,,demo
2026-08-14 22:17:32,1.13,,demo
2026-08-14 22:17:53,2.93,,demo
2026-08-14 22:18:11,2.29,,demo
2026-08-14 22:18:44,7.89,,demo
2026-08-14 22:18:53,1.12,,demo
2026-08-14 22:19:20,4.98,,demo
2026-08-14 22:19:29,1.03,,demo
2026-08-14 22:19:48,2.63,,demo
2026-08-14 22:20:11,3.24,,demo
2026-08-14 22:20:34,3.58,,demo
2026-08-14 22:20:51,2.05,,demo
2026-08-14 22:21:47,55.32,,demo
2026-08-14 22:22:13,4.63,,demo
2026-08-14 22:22:22,1.09,,demo
2026-08-14 22:22:37,1.68,,demo
2026-08-14 22:22:53,2.05,,demo
2026-08-14 22:23:06,1.51,,demo
2026-08-14 22:23:51,20.98,,demo
2026-08-14 22:24:09,2.38,,demo
2026-08-14 22:24:37,5.27,,demo
2026-08-14 22:25:05,5.23,,demo
2026-08-14 22:25:17,1.43,,demo
2026-08-14 22:26:13,52.37,,demo
2026-08-14 22:26:25,1.40,,demo
2026-08-14 22:26:43,2.28,,demo
2026-08-14 22:26:51,1.03,,demo
2026-08-14 22:27:01,1.14,,demo
2026-08-14 22:27:20,2.41,,demo
2026-08-14 22:27:39,2.64,,demo
2026-08-14 22:28:02,3.35,,demo
2026-08-14 22:28:16,1.65,,demo
2026-08-14 22:28:26,1.15,,demo
2026-08-14 22:28:35,1.09,,demo
2026-08-14 22:28:46,1.31,,demo
2026-08-14 22:29:09,3.63,,demo
2026-08-14 22:29:21,1.31,,demo
2026-08-14 22:29:40,2.58,,demo
2026-08-14 22:29:53,1.51,,demo
2026-08-14 22:30:16,3.41,,demo
2026-08-14 22:30:34,2.40,,demo
2026-08-14 22:30:47,1.51,,demo
2026-08-14 22:31:08,2.88,,demo
2026-08-14 22:31:22,1.64,,demo
2026-08-14 22:31:31,1.12,,demo
2026-08-14 22:32:19,26.25,,demo
2026-08-14 22:32:49,6.18,,demo
2026-08-14 22:33:02,1.60,,demo
2026-08-14 22:33:16,1.54,,demo
2026-08-14 22:33:26,1.27,,demo
2026-08-14 22:33:58,7.25,,demo
2026-08-14 22:34:06,1.00,,demo
2026-08-14 22:34:28,3.13,,demo
2026-08-14 22:34:43,1.81,,demo
2026-08-14 22:34:56,1.53,,demo
2026-08-14 22:35:05,1.02,,demo
2026-08-14 22:35:13,1.04,,demo
2026-08-14 22:35:28,1.74,,demo
2026-08-14 22:35:37,1.05,,demo
2026-08-14 22:35:49,1.48,,demo
2026-08-14 22:36:06,2.01,,demo
2026-08-14 22:36:15,1.09,,demo
2026-08-14 22:37:06,36.40,,demo
2026-08-14 22:37:30,3.17,,demo
2026-08-14 22:37:43,1.78,,demo
2026-08-14 22:38:02,2.45,,demo
2026-08-14 22:38:16,1.71,,demo
2026-08-14 22:38:32,1.90,,demo
2026-08-14 22:38:46,1.68,,demo
2026-08-14 22:38:57,1.26,,demo
2026-08-14 22:39:26,5.72,,demo
2026-08-14 22:39:46,2.69,,demo
2026-08-14 22:39:56,1.21,,demo
2026-08-14 22:40:09,1.54,,demo
2026-08-14 22:40:23,1.62,,demo
2026-08-14 22:40:46,3.41,,demo
2026-08-14 22:40:58,1.36,,demo
2026-08-14 22:41:15,2.17,,demo
2026-08-14 22:41:23,1.00,,demo
2026-08-14 22:41:38,1.45,,demo
2026-08-14 22:42:00,3.92,,demo
2026-08-14 22:42:53,41.48,,demo
2026-08-14 22:43:22,5.75,,demo
2026-08-14 22:43:38,2.01,,demo
2026-08-14 22:44:03,4.10,,demo
2026-08-14 22:44:38,9.73,,demo
2026-08-14 22:45:08,6.26,,demo
2026-08-14 22:45:18,1.11,,demo
2026-08-14 22:45:33,1.74,,demo
2026-08-14 22:45:44,1.38,,demo
2026-08-14 22:46:10,4.23,,demo
2026-08-14 22:46:21,1.30,,demo
2026-08-14 22:47:12,34.51,,demo
2026-08-14 22:47:21,1.10,,demo
2026-08-14 22:48:01,14.17,,demo
2026-08-14 22:48:12,1.31,,demo
2026-08-14 22:48:22,1.21,,demo
2026-08-14 22:48:39,2.15,,demo
2026-08-14 22:49:06,4.46,,demo
2026-08-14 22:49:30,3.42,,demo
2026-08-14 22:49:39,1.23,,demo
2026-08-14 22:49:47,1.05,,demo
2026-08-14 22:50:07,2.50,,demo
2026-08-14 22:50:48,16.40,,demo
2026-08-14 22:51:01,1.48,,demo
2026-08-14 22:51:09,1.04,,demo
2026-08-14 22:51:25,1.87,,demo
2026-08-14 22:52:11,23.42,,demo
2026-08-14 22:52:54,19.49,,demo
2026-08-14 22:53:22,4.99,,demo
2026-08-14 22:53:40,2.36,,demo
2026-08-14 22:53:50,1.15,,demo
2026-08-14 22:54:12,3.32,,demo
2026-08-14 22:54:27,1.70,,demo
2026-08-14 22:55:02,2.53,,demo
2026-08-14 22:55:08,3.13,,demo
2026-08-14 22:55:23,1.90,,demo
2026-08-14 22:55:41,2.32,,demo
2026-08-14 22:55:51,1.18,,demo
2026-08-14 22:56:12,2.89,,demo
2026-08-14 22:56:20,1.00,,demo
2026-08-14 22:56:31,1.21,,demo
2026-08-14 22:56:43,1.40,,demo
2026-08-14 22:56:54,1.28,,demo
2026-08-14 22:57:02,1.01,,demo
2026-08-14 22:57:16,1.66,,demo
2026-08-14 22:57:35,2.56,,demo
2026-08-14 22:57:57,3.01,,demo
2026-08-14 22:58:25,5.57,,demo
2026-08-14 22:58:34,1.00,,demo
2026-08-14 22:58:43,1.20,,demo
2026-08-14 22:59:05,2.95,,demo
2026-08-14 22:59:13,1.00,,demo
2026-08-14 22:59:32,2.56,,demo
2026-08-14 22:59:53,2.98,,demo
2026-08-14 23:00:14,3.04,,demo
2026-08-14 23:00:23,1.07,,demo
2026-08-14 23:00:32,1.08,,demo
2026-08-14 23:01:02,6.17,,demo
2026-08-14 23:01:10,1.00,,demo
2026-08-14 23:01:19,1.09,,demo
2026-08-14 23:01:42,3.29,,demo
2026-08-14 23:01:50,1.00,,demo
2026-08-14 23:02:06,2.06,,demo
2026-08-14 23:02:44,12.10,,demo
2026-08-14 23:03:11,4.61,,demo
2026-08-14 23:03:55,20.55,,demo
2026-08-14 23:04:38,17.42,,demo
2026-08-14 23:04:52,1.75,,demo
2026-08-14 23:05:11,2.43,,demo
2026-08-14 23:05:22,1.33,,demo
2026-08-14 23:05:37,1.69,,demo
2026-08-14 23:05:49,1.42,,demo
2026-08-14 23:06:27,12.76,,demo
2026-08-14 23:07:03,10.04,,demo
2026-08-14 23:07:19,1.88,,demo
2026-08-14 23:07:28,1.06,,demo
2026-08-14 23:07:43,1.52,,demo
2026-08-14 23:08:01,2.41,,demo
2026-08-14 23:08:10,1.31,,demo
2026-08-14 23:08:52,16.32,,demo
2026-08-14 23:09:25,5.78,,demo
2026-08-14 23:09:51,6.35,,demo
2026-08-14 23:10:11,2.26,,demo
2026-08-14 23:10:31,2.39,,demo
2026-08-14 23:10:56,5.58,,demo
2026-08-14 23:11:35,12.36,,demo
2026-08-14 23:11:48,1.49,,demo
2026-08-14 23:12:13,4.16,,demo
2026-08-14 23:12:28,1.79,,demo
2026-08-14 23:12:40,1.46,,demo
2026-08-14 23:13:05,4.12,,demo
2026-08-14 23:13:14,1.05,,demo
2026-08-14 23:13:29,1.78,,demo
2026-08-14 23:13:48,2.54,,demo
2026-08-14 23:14:01,1.43,,demo
2026-08-14 23:14:36,9.80,,demo
2026-08-14 23:14:51,1.87,,demo
2026-08-14 23:15:06,1.79,,demo
2026-08-14 23:15:16,1.16,,demo
2026-08-14 23:16:06,32.53,,demo
2026-08-14 23:16:24,2.25,,demo
2026-08-14 23:16:43,2.64,,demo
2026-08-14 23:17:11,5.13,,demo
2026-08-14 23:17:21,1.14,,demo
2026-08-14 23:17:47,4.62,,demo
2026-08-14 23:18:14,4.70,,demo
2026-08-14 23:18:27,1.50,,demo
2026-08-14 23:18:49,3.28,,demo
2026-08-14 23:19:07,2.39,,demo
2026-08-14 23:19:26,2.43,,demo
2026-08-14 23:19:36,1.20,,demo
2026-08-14 23:19:51,1.74,,demo
2026-08-14 23:20:03,1.45,,demo
2026-08-14 23:20:14,1.18,,demo
2026-08-14 23:21:10,58.80,,demo
2026-08-14 23:21:28,2.27,,demo
2026-08-14 23:21:43,1.77,,demo
2026-08-14 23:22:06,3.36,,demo
2026-08-14 23:22:23,2.20,,demo
2026-08-14 23:22:53,5.85,,demo
2026-08-14 23:23:23,6.54,,demo
2026-08-14 23:23:39,1.84,,demo
2026-08-14 23:24:22,18.59,,demo
2026-08-14 23:24:48,4.74,,demo
2026-08-14 23:25:03,1.77,,demo
2026-08-14 23:25:39,10.17,,demo
2026-08-14 23:25:56,2.10,,demo
2026-08-14 23:26:05,1.07,,demo
2026-08-14 23:26:17,1.41,,demo
2026-08-14 23:26:29,1.40,,demo
2026-08-14 23:26:48,2.38,,demo
2026-08-14 23:26:58,1.23,,demo
2026-08-14 23:27:33,9.51,,demo
2026-08-14 23:27:48,1.76,,demo
2026-08-14 23:28:01,1.44,,demo
2026-08-14 23:28:29,5.36,,demo
2026-08-14 23:28:47,2.38,,demo
2026-08-14 23:28:57,1.21,,demo
2026-08-14 23:29:11,1.56,,demo
2026-08-14 23:29:32,3.02,,demo
2026-08-14 23:29:42,1.14,,demo
2026-08-14 23:29:50,1.04,,demo
2026-08-14 23:30:06,1.96,,demo
2026-08-14 23:30:29,3.25,,demo
2026-08-14 23:30:51,3.20,,demo
2026-08-14 23:31:28,11.38,,demo
2026-08-14 23:31:38,1.19,,demo
2026-08-14 23:32:09,7.08,,demo
2026-08-14 23:32:31,3.06,,demo
2026-08-14 23:32:39,1.02,,demo
2026-08-14 23:33:14,3.20,,demo
2026-08-14 23:33:38,10.74,,demo
2026-08-14 23:33:46,1.03,,demo
2026-08-14 23:33:55,1.11,,demo
2026-08-14 23:34:14,2.39,,demo
2026-08-14 23:34:28,1.63,,demo
2026-08-14 23:34:38,1.18,,demo
2026-08-14 23:35:28,33.68,,demo
2026-08-14 23:36:18,33.68,,demo
2026-08-14 23:36:32,1.63,,demo
2026-08-14 23:36:44,1.35,,demo
2026-08-14 23:37:04,2.69,,demo
2026-08-14 23:37:12,1.06,,demo
2026-08-14 23:37:21,1.07,,demo
2026-08-14 23:37:41,2.68,,demo
2026-08-14 23:38:23,16.27,,demo
2026-08-14 23:38:38,1.81,,demo
2026-08-14 23:39:05,4.89,,demo
2026-08-14 23:39:20,1.76,,demo
2026-08-14 23:39:33,1.51,,demo
2026-08-14 23:39:45,1.44,,demo
2026-08-14 23:40:07,3.10,,demo
2026-08-14 23:40:17,1.17,,demo
2026-08-14 23:40:25,1.01,,demo
2026-08-14 23:40:43,2.27,,demo
2026-08-14 23:40:56,1.59,,demo
2026-08-14 23:41:28,6.88,,demo
2026-08-14 23:41:51,3.58,,demo
2026-08-14 23:42:21,6.48,,demo
2026-08-14 23:42:53,7.35,,demo
2026-08-14 23:43:13,2.48,,demo
2026-08-14 23:43:24,1.39,,demo
2026-08-14 23:43:40,1.87,,demo
2026-08-14 23:43:56,1.97,,demo
2026-08-14 23:44:13,2.17,,demo
2026-08-14 23:45:01,27.38,,demo
2026-08-14 23:45:11,1.18,,demo
2026-08-14 23:45:26,1.75,,demo
2026-08-14 23:45:54,5.15,,demo
2026-08-14 23:46:11,2.21,,demo
2026-08-14 23:46:20,1.08,,demo
2026-08-14 23:46:35,1.68,,demo
2026-08-14 23:46:59,3.98,,demo
2026-08-14 23:47:15,1.89,,demo
2026-08-14 23:47:52,11.09,,demo
2026-08-14 23:48:05,1.50,,demo
2026-08-14 23:48:16,1.35,,demo
2026-08-14 23:48:35,2.38,,demo
2026-08-14 23:48:57,3.23,,demo
2026-08-14 23:49:09,1.42,,demo
2026-08-14 23:49:22,1.54,,demo
2026-08-14 23:49:53,6.82,,demo
2026-08-14 23:50:01,1.00,,demo
2026-08-14 23:50:22,2.84,,demo
2026-08-14 23:50:33,1.23,,demo
2026-08-14 23:50:47,1.66,,demo
2026-08-14 23:51:03,2.02,,demo
2026-08-14 23:51:15,1.35,,demo
2026-08-14 23:51:26,1.35,,demo
2026-08-14 23:51:50,3.63,,demo
2026-08-14 23:52:12,3.12,,demo
2026-08-14 23:52:23,1.28,,demo
2026-08-14 23:52:31,1.00,,demo
2026-08-14 23:52:44,1.60,,demo
2026-08-14 23:53:01,2.07,,demo
2026-08-14 23:53:26,4.20,,demo
2026-08-14 23:53:39,1.42,,demo
2026-08-14 23:53:57,2.33,,demo
2026-08-14 23:54:16,2.44,,demo
2026-08-14 23:54:35,2.50,,demo
2026-08-14 23:55:04,5.70,,demo
2026-08-14 23:55:14,1.21,,demo
2026-08-14 23:55:29,1.79,,demo
2026-08-14 23:55:38,1.03,,demo
2026-08-14 23:56:04,4.90,,demo
2026-08-14 23:57:00,50.55,,demo
2026-08-14 23:57:22,3.43,,demo
2026-08-14 23:57:32,1.14,,demo
2026-08-14 23:57:40,1.00,,demo
2026-08-14 23:57:50,1.20,,demo
2026-08-14 23:58:02,1.37,,demo
2026-08-14 23:58:38,10.07,,demo
2026-08-14 23:58:49,1.24,,demo
2026-08-14 23:59:02,1.54,,demo
2026-08-14 23:59:26,3.74,,demo
2026-08-14 23:59:54,5.32,,demo
2026-08-15 00:00:03,1.16,,demo
2026-08-15 00:00:24,2.57,,demo
2026-08-15 00:00:34,1.28,,demo
2026-08-15 00:00:52,2.29,,demo
2026-08-15 00:01:02,1.16,,demo
2026-08-15 00:01:11,1.14,,demo
2026-08-15 00:01:20,1.02,,demo
2026-08-15 00:01:46,4.43,,demo
2026-08-15 00:01:59,1.57,,demo
2026-08-15 00:02:18,2.61,,demo
2026-08-15 00:02:28,1.17,,demo
2026-08-15 00:03:03,1.23,,demo
2026-08-15 00:03:03,1.00,,demo
2026-08-15 00:03:24,11.65,,demo
2026-08-15 00:03:38,1.55,,demo
2026-08-15 00:04:08,6.26,,demo
2026-08-15 00:04:22,1.66,,demo
2026-08-15 00:04:35,1.50,,demo
2026-08-15 00:04:43,1.00,,demo
2026-08-15 00:04:56,1.56,,demo
2026-08-15 00:05:06,1.09,,demo
2026-08-15 00:05:19,1.52,,demo
2026-08-15 00:05:51,7.53,,demo
2026-08-15 00:06:01,1.26,,demo
2026-08-15 00:06:18,1.97,,demo
2026-08-15 00:06:29,1.32,,demo
2026-08-15 00:06:46,2.05,,demo
2026-08-15 00:07:18,7.43,,demo
2026-08-15 00:07:29,1.26,,demo
2026-08-15 00:07:37,1.00,,demo
2026-08-15 00:08:14,11.54,,demo
2026-08-15 00:09:03,29.36,,demo
2026-08-15 00:09:14,1.28,,demo
2026-08-15 00:09:24,1.22,,demo
2026-08-15 00:09:40,1.91,,demo
2026-08-15 00:09:55,1.81,,demo
2026-08-15 00:10:08,1.54,,demo
2026-08-15 00:10:19,1.27,,demo
2026-08-15 00:10:29,1.18,,demo
2026-08-15 00:10:52,3.49,,demo
2026-08-15 00:11:13,2.91,,demo
2026-08-15 00:11:33,2.75,,demo
2026-08-15 00:11:45,1.40,,demo
2026-08-15 00:11:57,1.32,,demo
2026-08-15 00:12:16,2.59,,demo
2026-08-15 00:12:47,6.55,,demo
2026-08-15 00:13:03,1.93,,demo
2026-08-15 00:13:27,3.95,,demo
2026-08-15 00:13:38,1.29,,demo
2026-08-15 00:13:46,1.00,,demo
2026-08-15 00:14:09,3.48,,demo
2026-08-15 00:14:34,4.10,,demo
2026-08-15 00:14:43,1.03,,demo
2026-08-15 00:15:07,3.86,,demo
2026-08-15 00:15:25,2.28,,demo
2026-08-15 00:15:34,1.14,,demo
2026-08-15 00:16:02,5.07,,demo
2026-08-15 00:16:20,2.29,,demo
2026-08-15 00:16:31,1.35,,demo
2026-08-15 00:16:43,1.36,,demo
2026-08-15 00:16:55,1.40,,demo
2026-08-15 00:17:19,3.73,,demo
2026-08-15 00:17:31,1.37,,demo
2026-08-15 00:18:18,26.21,,demo
2026-08-15 00:18:44,4.47,,demo
2026-08-15 00:19:11,4.96,,demo
2026-08-15 00:19:40,5.51,,demo
2026-08-15 00:19:55,1.77,,demo
2026-08-15 00:20:50,52.06,,demo
2026-08-15 00:21:14,3.76,,demo
2026-08-15 00:21:26,1.32,,demo
2026-08-15 00:21:37,1.30,,demo
2026-08-15 00:21:55,2.37,,demo
2026-08-15 00:22:08,1.55,,demo
2026-08-15 00:22:28,2.66,,demo
2026-08-15 00:22:50,3.21,,demo
2026-08-15 00:23:06,1.91,,demo
2026-08-15 00:23:33,4.81,,demo
2026-08-15 00:24:09,10.66,,demo
2026-08-15 00:25:06,58.86,,demo
2026-08-15 00:25:32,4.20,,demo
2026-08-15 00:25:41,1.08,,demo
2026-08-15 00:26:00,2.45,,demo
2026-08-15 00:27:00,81.92,,demo
2026-08-15 00:27:22,3.21,,demo
2026-08-15 00:27:46,3.57,,demo
2026-08-15 00:27:54,1.00,,demo
2026-08-15 00:28:03,1.09,,demo
2026-08-15 00:28:15,1.39,,demo
2026-08-15 00:28:48,7.98,,demo
2026-08-15 00:29:04,2.03,,demo
2026-08-15 00:29:14,1.18,,demo
2026-08-15 00:29:25,1.28,,demo
2026-08-15 00:29:39,1.53,,demo
2026-08-15 00:30:09,6.58,,demo
2026-08-15 00:30:39,5.92,,demo
2026-08-15 00:31:12,8.45,,demo
2026-08-15 00:31:38,4.42,,demo
2026-08-15 00:31:48,1.20,,demo
2026-08-15 00:31:59,1.25,,demo
2026-08-15 00:32:51,40.22,,demo
2026-08-15 00:33:01,1.10,,demo
2026-08-15 00:33:53,41.67,,demo
2026-08-15 00:34:02,1.04,,demo
2026-08-15 00:34:12,1.14,,demo
2026-08-15 00:34:42,6.42,,demo
2026-08-15 00:34:53,1.28,,demo
2026-08-15 00:35:03,1.14,,demo
2026-08-15 00:35:11,1.00,,demo
2026-08-15 00:35:43,1.00,,demo
2026-08-15 00:35:43,2.25,,demo
2026-08-15 00:35:51,1.72,,demo
2026-08-15 00:36:00,1.13,,demo
2026-08-15 00:36:27,4.81,,demo
2026-08-15 00:36:36,1.04,,demo
2026-08-15 00:36:51,1.75,,demo
2026-08-15 00:37:07,2.00,,demo
2026-08-15 00:37:19,1.40,,demo
2026-08-15 00:37:30,1.26,,demo
2026-08-15 00:37:41,1.27,,demo
2026-08-15 00:37:57,1.95,,demo
2026-08-15 00:38:34,10.90,,demo
2026-08-15 00:38:52,2.49,,demo
2026-08-15 00:39:08,1.89,,demo
2026-08-15 00:39:17,1.10,,demo
2026-08-15 00:39:37,2.71,,demo
2026-08-15 00:39:52,1.79,,demo
2026-08-15 00:40:41,30.61,,demo
2026-08-15 00:40:49,1.00,,demo
2026-08-15 00:41:00,1.20,,demo
2026-08-15 00:41:25,4.04,,demo
2026-08-15 00:41:39,1.69,,demo
2026-08-15 00:41:54,1.79,,demo
2026-08-15 00:42:09,1.86,,demo
2026-08-15 00:42:26,1.98,,demo
2026-08-15 00:42:45,2.49,,demo
2026-08-15 00:42:54,1.11,,demo
2026-08-15 00:43:08,1.71,,demo
2026-08-15 00:43:17,1.02,,demo
2026-08-15 00:43:38,2.94,,demo
2026-08-15 00:44:06,5.47,,demo
2026-08-15 00:44:29,3.55,,demo
2026-08-15 00:44:41,1.37,,demo
2026-08-15 00:45:01,2.58,,demo
2026-08-15 00:45:09,1.06,,demo
2026-08-15 00:45:21,1.38,,demo
2026-08-15 00:45:37,1.99,,demo
2026-08-15 00:46:10,7.73,,demo
2026-08-15 00:46:18,1.00,,demo
2026-08-15 00:46:46,5.34,,demo
2026-08-15 00:46:55,1.07,,demo
2026-08-15 00:47:08,1.47,,demo
2026-08-15 00:47:18,1.21,,demo
2026-08-15 00:47:40,3.26,,demo
2026-08-15 00:48:03,3.50,,demo
2026-08-15 00:48:12,1.02,,demo
2026-08-15 00:48:29,2.08,,demo
2026-08-15 00:48:55,4.52,,demo
2026-08-15 00:49:12,2.24,,demo
2026-08-15 00:49:23,1.19,,demo
2026-08-15 00:49:41,2.42,,demo
2026-08-15 00:49:51,1.18,,demo
2026-08-15 00:50:09,2.20,,demo
2026-08-15 00:50:27,2.33,,demo
2026-08-15 00:50:35,1.00,,demo
2026-08-15 00:51:16,16.54,,demo
2026-08-15 00:51:57,15.13,,demo
2026-08-15 00:52:13,1.87,,demo
2026-08-15 00:53:11,66.82,,demo
2026-08-15 00:53:34,3.48,,demo
2026-08-15 00:54:29,48.64,,demo
2026-08-15 00:54:46,2.16,,demo
2026-08-15 00:54:56,1.16,,demo
2026-08-15 00:55:17,3.05,,demo
2026-08-15 00:55:35,2.15,,demo
2026-08-15 00:55:54,2.61,,demo
2026-08-15 00:56:02,1.00,,demo
2026-08-15 00:56:11,1.03,,demo
2026-08-15 00:56:20,1.16,,demo
2026-08-15 00:56:36,1.92,,demo
2026-08-15 00:56:49,1.47,,demo
2026-08-15 00:57:17,5.32,,demo
2026-08-15 00:57:35,2.24,,demo
2026-08-15 00:57:44,1.06,,demo
2026-08-15 00:58:20,10.99,,demo
2026-08-15 00:58:56,10.22,,demo
2026-08-15 00:59:13,2.11,,demo
2026-08-15 00:59:24,1.26,,demo
2026-08-15 00:59:45,3.01,,demo
2026-08-15 01:00:18,7.64,,demo
2026-08-15 01:00:33,1.84,,demo
2026-08-15 01:00:49,1.87,,demo
2026-08-15 01:00:58,1.13,,demo
2026-08-15 01:01:17,2.56,,demo
2026-08-15 01:01:27,1.13,,demo
2026-08-15 01:01:43,2.02,,demo
2026-08-15 01:02:43,73.48,,demo
2026-08-15 01:03:03,2.71,,demo
2026-08-15 01:03:12,1.07,,demo
2026-08-15 01:03:37,4.14,,demo
2026-08-15 01:03:53,1.90,,demo
2026-08-15 01:04:13,2.74,,demo
2026-08-15 01:04:32,2.50,,demo
2026-08-15 01:05:48,280.82,,demo
2026-08-15 01:06:18,2.72,,demo
2026-08-15 01:06:18,1.16,,demo
2026-08-15 01:06:37,2.68,,demo
2026-08-15 01:06:56,2.42,,demo
2026-08-15 01:07:06,1.20,,demo
2026-08-15 01:07:34,5.13,,demo
2026-08-15 01:07:49,1.88,,demo
2026-08-15 01:08:01,1.30,,demo
2026-08-15 01:08:19,2.38,,demo
2026-08-15 01:08:31,1.42,,demo
2026-08-15 01:08:45,1.55,,demo
2026-08-15 01:09:02,2.12,,demo
2026-08-15 01:09:15,1.61,,demo
2026-08-15 01:09:26,1.21,,demo
2026-08-15 01:09:40,1.72,,demo
2026-08-15 01:09:50,1.15,,demo
2026-08-15 01:09:59,1.08,,demo
2026-08-15 01:10:16,2.18,,demo
2026-08-15 01:10:31,1.67,,demo
2026-08-15 01:10:43,1.49,,demo
2026-08-15 01:11:03,2.71,,demo
2026-08-15 01:11:12,1.00,,demo
2026-08-15 01:11:59,26.82,,demo
2026-08-15 01:12:19,2.68,,demo
2026-08-15 01:13:36,305.87,,demo
2026-08-15 01:13:52,2.09,,demo
2026-08-15 01:14:24,7.34,,demo
2026-08-15 01:14:33,1.09,,demo
2026-08-15 01:14:52,2.44,,demo
2026-08-15 01:15:05,1.54,,demo
2026-08-15 01:15:17,1.38,,demo
2026-08-15 01:15:32,1.79,,demo
2026-08-15 01:15:44,1.33,,demo
2026-08-15 01:15:58,1.65,,demo
2026-08-15 01:16:32,8.43,,demo
2026-08-15 01:16:43,1.35,,demo
2026-08-15 01:16:57,1.64,,demo
2026-08-15 01:17:36,13.15,,demo
2026-08-15 01:17:45,1.11,,demo
2026-08-15 01:17:59,1.60,,demo
2026-08-15 01:18:07,1.02,,demo
2026-08-15 01:18:37,5.93,,demo
2026-08-15 01:19:11,9.13,,demo
2026-08-15 01:19:27,1.82,,demo
2026-08-15 01:19:35,1.04,,demo
2026-08-15 01:19:57,3.16,,demo
2026-08-15 01:20:15,2.39,,demo
2026-08-15 01:20:23,1.01,,demo
2026-08-15 01:20:32,1.00,,demo
2026-08-15 01:20:48,2.10,,demo
2026-08-15 01:21:09,2.91,,demo
2026-08-15 01:21:19,1.15,,demo
2026-08-15 01:21:28,1.06,,demo
2026-08-15 01:21:40,1.43,,demo
2026-08-15 01:21:53,1.51,,demo
2026-08-15 01:22:11,2.19,,demo
2026-08-15 01:22:31,2.77,,demo
2026-08-15 01:22:39,1.04,,demo
2026-08-15 01:22:51,1.35,,demo
2026-08-15 01:23:18,4.70,,demo
2026-08-15 01:23:35,2.20,,demo
2026-08-15 01:23:44,1.07,,demo
2026-08-15 01:24:12,5.42,,demo
2026-08-15 01:24:23,1.24,,demo
2026-08-15 01:24:31,1.00,,demo
2026-08-15 01:24:41,1.17,,demo
2026-08-15 01:25:30,30.99,,demo
2026-08-15 01:25:46,1.95,,demo
2026-08-15 01:26:32,22.60,,demo
2026-08-15 01:26:56,3.87,,demo
2026-08-15 01:27:25,5.92,,demo
2026-08-15 01:27:35,1.19,,demo
2026-08-15 01:27:46,1.27,,demo
2026-08-15 01:27:56,1.16,,demo
2026-08-15 01:28:17,2.91,,demo
2026-08-15 01:28:39,3.28,,demo
2026-08-15 01:28:51,1.33,,demo
2026-08-15 01:29:20,5.75,,demo
2026-08-15 01:29:45,4.08,,demo
2026-08-15 01:29:53,1.01,,demo
2026-08-15 01:30:02,1.13,,demo
2026-08-15 01:30:14,1.38,,demo
2026-08-15 01:30:47,7.81,,demo
2026-08-15 01:30:58,1.26,,demo
2026-08-15 01:31:08,1.16,,demo
2026-08-15 01:31:22,1.74,,demo
2026-08-15 01:31:51,5.59,,demo
2026-08-15 01:32:35,20.87,,demo
2026-08-15 01:32:56,2.94,,demo
2026-08-15 01:33:28,6.92,,demo
2026-08-15 01:33:42,1.65,,demo
2026-08-15 01:34:18,10.34,,demo
2026-08-15 01:34:56,11.85,,demo
2026-08-15 01:35:28,7.75,,demo
2026-08-15 01:35:38,1.14,,demo
2026-08-15 01:35:49,1.36,,demo
2026-08-15 01:36:04,1.78,,demo
2026-08-15 01:36:41,11.23,,demo
2026-08-15 01:36:57,1.86,,demo
2026-08-15 01:37:50,43.59,,demo
2026-08-15 01:38:03,1.49,,demo
2026-08-15 01:38:20,2.10,,demo
2026-08-15 01:38:31,1.24,,demo
2026-08-15 01:38:42,1.37,,demo
2026-08-15 01:38:58,1.79,,demo
2026-08-15 01:39:08,1.28,,demo
2026-08-15 01:39:47,12.92,,demo
2026-08-15 01:40:06,2.44,,demo
2026-08-15 01:40:17,1.32,,demo
2026-08-15 01:40:30,1.45,,demo
2026-08-15 01:40:46,1.89,,demo
2026-08-15 01:40:54,1.08,,demo
2026-08-15 01:41:39,21.23,,demo
2026-08-15 01:41:50,1.24,,demo
2026-08-15 01:42:01,1.31,,demo
2026-08-15 01:42:32,6.38,,demo
2026-08-15 01:43:04,7.73,,demo
2026-08-15 01:43:16,1.38,,demo
2026-08-15 01:43:47,6.84,,demo
2026-08-15 01:43:58,1.29,,demo
2026-08-15 01:44:24,4.40,,demo
2026-08-15 01:44:40,2.05,,demo
2026-08-15 01:45:37,55.02,,demo
2026-08-15 01:46:02,4.10,,demo
2026-08-15 01:46:21,2.53,,demo
2026-08-15 01:46:30,1.13,,demo
2026-08-15 01:47:10,14.13,,demo
2026-08-15 01:47:27,2.01,,demo
2026-08-15 01:47:48,3.11,,demo
2026-08-15 01:47:59,1.25,,demo
2026-08-15 01:48:30,6.67,,demo
2026-08-15 01:48:52,3.19,,demo
2026-08-15 01:49:00,1.03,,demo
2026-08-15 01:49:21,3.02,,demo
2026-08-15 01:49:48,4.85,,demo
2026-08-15 01:49:56,1.00,,demo
2026-08-15 01:50:24,5.09,,demo
2026-08-15 01:50:47,3.50,,demo
2026-08-15 01:51:08,2.93,,demo
2026-08-15 01:51:27,2.47,,demo
2026-08-15 01:51:38,1.28,,demo
2026-08-15 01:51:47,1.04,,demo
2026-08-15 01:52:03,2.10,,demo
2026-08-15 01:52:11,1.00,,demo
2026-08-15 01:52:20,1.00,,demo
2026-08-15 01:52:46,4.51,,demo
2026-08-15 01:53:09,3.69,,demo
2026-08-15 01:53:18,1.04,,demo
2026-08-15 01:53:30,1.34,,demo
2026-08-15 01:53:45,1.84,,demo
2026-08-15 01:53:59,1.64,,demo
2026-08-15 01:54:32,7.99,,demo
2026-08-15 01:54:46,1.64,,demo
2026-08-15 01:55:01,1.82,,demo
2026-08-15 01:55:15,1.70,,demo
2026-08-15 01:55:24,1.07,,demo
2026-08-15 01:56:01,10.82,,demo
2026-08-15 01:56:27,4.52,,demo
2026-08-15 01:56:54,4.85,,demo
2026-08-15 01:57:17,3.54,,demo
2026-08-15 01:57:31,1.64,,demo
2026-08-15 01:57:59,5.10,,demo
2026-08-15 01:58:07,1.02,,demo
2026-08-15 01:58:31,3.72,,demo
2026-08-15 01:58:40,1.09,,demo
2026-08-15 01:59:21,15.75,,demo
2026-08-15 01:59:43,3.15,,demo
2026-08-15 02:00:02,2.64,,demo
2026-08-15 02:00:31,5.80,,demo
2026-08-15 02:01:37,124.86,,demo
2026-08-15 02:02:01,3.56,,demo
2026-08-15 02:02:19,2.36,,demo
2026-08-15 02:02:37,2.24,,demo
2026-08-15 02:02:59,3.24,,demo
2026-08-15 02:03:26,4.96,,demo
2026-08-15 02:03:43,2.11,,demo
2026-08-15 02:04:06,3.32,,demo
2026-08-15 02:04:14,1.00,,demo
2026-08-15 02:04:23,1.12,,demo
2026-08-15 02:05:02,12.85,,demo
2026-08-15 02:05:28,4.54,,demo
2026-08-15 02:06:35,133.20,,demo
2026-08-15 02:06:55,2.70,,demo
2026-08-15 02:07:05,1.17,,demo
2026-08-15 02:07:25,2.82,,demo
2026-08-15 02:07:39,1.67,,demo
2026-08-15 02:07:52,1.42,,demo
2026-08-15 02:08:00,1.00,,demo
2026-08-15 02:08:09,1.14,,demo
2026-08-15 02:08:25,1.81,,demo
2026-08-15 02:08:47,3.20,,demo
2026-08-15 02:08:55,1.00,,demo
2026-08-15 02:09:13,2.34,,demo
2026-08-15 02:09:41,5.51,,demo
2026-08-15 02:09:53,1.38,,demo
2026-08-15 02:10:41,27.67,,demo
2026-08-15 02:10:49,1.00,,demo
2026-08-15 02:10:57,1.00,,demo
2026-08-15 02:11:11,1.67,,demo
2026-08-15 02:11:21,1.12,,demo
2026-08-15 02:11:34,1.50,,demo
2026-08-15 02:11:50,1.94,,demo
2026-08-15 02:11:58,1.01,,demo
2026-08-15 02:12:13,1.85,,demo
2026-08-15 02:12:30,2.06,,demo
2026-08-15 02:12:51,3.05,,demo
2026-08-15 02:13:10,2.53,,demo
2026-08-15 02:13:25,1.75,,demo
2026-08-15 02:13:37,1.32,,demo
2026-08-15 02:13:46,1.12,,demo
2026-08-15 02:13:56,1.16,,demo
2026-08-15 02:14:14,2.33,,demo
2026-08-15 02:14:27,1.51,,demo
2026-08-15 02:14:54,5.03,,demo
2026-08-15 02:15:10,1.89,,demo
2026-08-15 02:15:25,1.69,,demo
2026-08-15 02:15:36,1.34,,demo
2026-08-15 02:15:54,2.24,,demo
2026-08-15 02:16:14,2.90,,demo
2026-08-15 02:16:38,3.60,,demo
2026-08-15 02:17:05,4.93,,demo
2026-08-15 02:17:22,2.02,,demo
2026-08-15 02:17:52,6.67,,demo
2026-08-15 02:18:07,1.81,,demo
2026-08-15 02:18:27,2.56,,demo
2026-08-15 02:18:39,1.38,,demo
2026-08-15 02:18:54,1.90,,demo
2026-08-15 02:19:15,2.83,,demo
2026-08-15 02:19:32,2.12,,demo
2026-08-15 02:19:56,3.79,,demo
2026-08-15 02:20:06,1.07,,demo
2026-08-15 02:20:21,1.98,,demo
2026-08-15 02:20:45,3.89,,demo
2026-08-15 02:21:06,2.89,,demo
2026-08-15 02:21:17,1.21,,demo
2026-08-15 02:21:29,1.42,,demo
2026-08-15 02:22:02,7.90,,demo
2026-08-15 02:22:17,1.87,,demo
2026-08-15 02:22:30,1.52,,demo
2026-08-15 02:22:40,1.11,,demo
2026-08-15 02:22:48,1.00,,demo
2026-08-15 02:23:16,5.25,,demo
2026-08-15 02:23:26,1.21,,demo
2026-08-15 02:23:41,1.78,,demo
2026-08-15 02:23:54,1.47,,demo
2026-08-15 02:24:02,1.00,,demo
2026-08-15 02:24:55,45.45,,demo
2026-08-15 02:25:05,1.18,,demo
2026-08-15 02:25:18,1.48,,demo
2026-08-15 02:25:25,1.06,,demo
2026-08-15 02:25:40,1.72,,demo
2026-08-15 02:25:50,1.20,,demo
2026-08-15 02:26:12,3.29,,demo
2026-08-15 02:26:33,2.81,,demo
2026-08-15 02:26:57,3.89,,demo
2026-08-15 02:27:15,2.36,,demo
2026-08-15 02:27:30,1.70,,demo
2026-08-15 02:27:40,1.25,,demo
2026-08-15 02:27:57,2.07,,demo
2026-08-15 02:28:10,1.44,,demo
2026-08-15 02:28:34,3.78,,demo
2026-08-15 02:29:24,33.20,,demo
2026-08-15 02:29:52,5.49,,demo
2026-08-15 02:30:04,1.41,,demo
2026-08-15 02:30:13,1.06,,demo
2026-08-15 02:30:26,1.49,,demo
2026-08-15 02:30:40,1.64,,demo
2026-08-15 02:30:52,1.43,,demo
2026-08-15 02:31:09,2.05,,demo
2026-08-15 02:31:20,1.34,,demo
2026-08-15 02:31:34,1.67,,demo
2026-08-15 02:32:35,77.44,,demo
2026-08-15 02:32:48,1.56,,demo
2026-08-15 02:33:49,1.34,,demo
2026-08-15 02:33:49,1.08,,demo
2026-08-15 02:33:49,3.08,,demo
2026-08-15 02:33:49,1.35,,demo
2026-08-15 02:33:54,1.42,,demo
2026-08-15 02:34:09,1.82,,demo
2026-08-15 02:34:47,12.10,,demo
2026-08-15 02:35:00,1.43,,demo
2026-08-15 02:35:18,2.43,,demo
2026-08-15 02:35:39,2.79,,demo
2026-08-15 02:35:58,2.61,,demo
2026-08-15 02:36:50,39.68,,demo
2026-08-15 02:37:01,1.22,,demo
2026-08-15 02:37:14,1.59,,demo
2026-08-15 02:37:24,1.14,,demo
2026-08-15 02:37:34,1.15,,demo
2026-08-15 02:37:53,2.60,,demo
2026-08-15 02:38:03,1.13,,demo
2026-08-15 02:38:30,4.80,,demo
2026-08-15 02:38:39,1.09,,demo
2026-08-15 02:39:06,4.83,,demo
2026-08-15 02:39:14,1.00,,demo
2026-08-15 02:39:32,2.35,,demo
2026-08-15 02:40:10,11.93,,demo
2026-08-15 02:40:29,2.46,,demo
2026-08-15 02:40:52,3.47,,demo
2026-08-15 02:41:15,3.53,,demo
2026-08-15 02:41:28,1.50,,demo
2026-08-15 02:41:44,1.95,,demo
2026-08-15 02:42:00,1.93,,demo
2026-08-15 02:42:45,21.84,,demo
2026-08-15 02:42:58,1.49,,demo
2026-08-15 02:43:47,30.82,,demo
2026-08-15 02:44:04,2.07,,demo
2026-08-15 02:44:23,2.56,,demo
2026-08-15 02:44:40,2.05,,demo
2026-08-15 02:45:39,70.73,,demo
2026-08-15 02:45:50,1.31,,demo
2026-08-15 02:46:35,22.37,,demo
2026-08-15 02:46:49,1.65,,demo
2026-08-15 02:46:59,1.12,,demo
2026-08-15 02:47:33,8.77,,demo
2026-08-15 02:47:55,3.37,,demo
2026-08-15 02:48:14,2.31,,demo
2026-08-15 02:48:29,1.87,,demo
2026-08-15 02:48:47,2.36,,demo
2026-08-15 02:49:34,24.81,,demo
2026-08-15 02:49:57,3.51,,demo
2026-08-15 02:50:15,2.22,,demo
2026-08-15 02:50:27,1.42,,demo
2026-08-15 02:50:50,3.46,,demo
2026-08-15 02:51:05,1.85,,demo
2026-08-15 02:51:16,1.26,,demo
2026-08-15 02:51:26,1.12,,demo
2026-08-15 02:51:44,2.30,,demo
2026-08-15 02:52:00,2.04,,demo
2026-08-15 02:52:20,2.58,,demo
2026-08-15 02:52:29,1.13,,demo
2026-08-15 02:52:48,2.49,,demo
2026-08-15 02:53:05,2.08,,demo
2026-08-15 02:53:30,4.24,,demo
2026-08-15 02:53:45,1.73,,demo
2026-08-15 02:53:58,1.58,,demo
2026-08-15 02:54:39,14.56,,demo
2026-08-15 02:54:50,1.35,,demo
2026-08-15 02:54:59,1.00,,demo
2026-08-15 02:55:44,22.11,,demo
2026-08-15 02:55:56,1.47,,demo
2026-08-15 02:56:04,1.00,,demo
2026-08-15 02:56:16,1.39,,demo
2026-08-15 02:56:31,1.81,,demo
2026-08-15 02:57:03,7.14,,demo
2026-08-15 02:58:19,250.15,,demo
2026-08-15 02:58:45,4.43,,demo
2026-08-15 02:58:57,1.34,,demo
2026-08-15 02:59:14,2.11,,demo
2026-08-15 02:59:26,1.44,,demo
2026-08-15 02:59:38,1.37,,demo
2026-08-15 02:59:46,1.02,,demo
2026-08-15 03:00:01,1.70,,demo
2026-08-15 03:00:12,1.28,,demo
2026-08-15 03:00:47,10.07,,demo
2026-08-15 03:01:17,5.92,,demo
2026-08-15 03:01:26,1.08,,demo
2026-08-15 03:02:10,1.35,,demo
2026-08-15 03:02:21,19.57,,demo
2026-08-15 03:02:38,2.07,,demo
2026-08-15 03:02:54,1.90,,demo
2026-08-15 03:03:04,1.20,,demo
2026-08-15 03:03:13,1.06,,demo
2026-08-15 03:03:21,1.04,,demo
2026-08-15 03:03:35,1.58,,demo
2026-08-15 03:03:45,1.20,,demo
2026-08-15 03:04:06,2.96,,demo
2026-08-15 03:04:28,3.37,,demo
2026-08-15 03:04:44,1.81,,demo
2026-08-15 03:04:58,1.74,,demo
2026-08-15 03:05:07,1.06,,demo
2026-08-15 03:05:27,2.77,,demo
2026-08-15 03:05:47,2.59,,demo
2026-08-15 03:05:57,1.15,,demo
2026-08-15 03:06:12,1.85,,demo
2026-08-15 03:06:37,4.09,,demo
2026-08-15 03:06:47,1.15,,demo
2026-08-15 03:07:15,5.47,,demo
2026-08-15 03:07:25,1.17,,demo
2026-08-15 03:07:33,1.00,,demo
2026-08-15 03:07:54,2.87,,demo
2026-08-15 03:08:05,1.26,,demo
2026-08-15 03:08:45,14.59,,demo
2026-08-15 03:09:03,2.32,,demo
2026-08-15 03:09:48,21.82,,demo
2026-08-15 03:10:09,2.85,,demo
2026-08-15 03:10:39,6.25,,demo
2026-08-15 03:11:13,9.41,,demo
2026-08-15 03:11:38,3.79,,demo
2026-08-15 03:11:51,1.62,,demo
2026-08-15 03:12:06,1.73,,demo
2026-08-15 03:12:46,14.23,,demo
2026-08-15 03:12:59,1.51,,demo
2026-08-15 03:13:26,4.92,,demo
2026-08-15 03:13:51,4.21,,demo
2026-08-15 03:14:07,1.95,,demo
2026-08-15 03:14:17,1.16,,demo
2026-08-15 03:15:39,475.33,,demo
2026-08-15 03:15:59,2.67,,demo
2026-08-15 03:16:18,2.55,,demo
2026-08-15 03:16:33,1.72,,demo
2026-08-15 03:16:51,2.30,,demo
2026-08-15 03:17:03,1.41,,demo
2026-08-15 03:17:36,7.79,,demo
2026-08-15 03:17:44,1.00,,demo
2026-08-15 03:17:54,1.19,,demo
2026-08-15 03:18:14,2.63,,demo
2026-08-15 03:18:36,3.37,,demo
2026-08-15 03:18:47,1.30,,demo
2026-08-15 03:18:56,1.08,,demo
2026-08-15 03:19:05,1.00,,demo
2026-08-15 03:19:39,9.09,,demo
2026-08-15 03:19:53,1.60,,demo
2026-08-15 03:20:22,6.14,,demo
2026-08-15 03:20:39,2.10,,demo
2026-08-15 03:20:54,1.72,,demo
2026-08-15 03:21:14,2.75,,demo
2026-08-15 03:22:01,25.58,,demo
2026-08-15 03:22:25,3.74,,demo
2026-08-15 03:22:57,7.43,,demo
2026-08-15 03:23:19,3.09,,demo
2026-08-15 03:23:33,1.71,,demo
2026-08-15 03:23:53,2.71,,demo
2026-08-15 03:24:27,8.64,,demo
2026-08-15 03:24:52,4.18,,demo
2026-08-15 03:25:01,1.04,,demo
2026-08-15 03:25:21,2.68,,demo
2026-08-15 03:25:40,2.51,,demo
2026-08-15 03:25:50,1.22,,demo
2026-08-15 03:25:58,1.00,,demo
2026-08-15 03:26:08,1.18,,demo
2026-08-15 03:26:19,1.25,,demo
2026-08-15 03:26:30,1.12,,demo
2026-08-15 03:26:43,1.79,,demo
2026-08-15 03:27:13,6.03,,demo
2026-08-15 03:27:49,10.64,,demo
2026-08-15 03:28:00,1.29,,demo
2026-08-15 03:28:10,1.13,,demo
2026-08-15 03:28:20,1.15,,demo
2026-08-15 03:28:42,3.44,,demo
2026-08-15 03:29:19,11.26,,demo
2026-08-15 03:29:29,1.11,,demo
2026-08-15 03:29:46,2.12,,demo
2026-08-15 03:29:55,1.08,,demo
2026-08-15 03:30:10,1.84,,demo
2026-08-15 03:30:23,1.43,,demo
2026-08-15 03:30:32,1.16,,demo
2026-08-15 03:31:13,1.29,,demo
2026-08-15 03:31:13,2.96,,demo
2026-08-15 03:31:22,2.28,,demo
2026-08-15 03:31:38,1.83,,demo
2026-08-15 03:32:10,7.40,,demo
2026-08-15 03:32:25,1.85,,demo
2026-08-15 03:32:50,4.10,,demo
2026-08-15 03:33:02,1.37,,demo
2026-08-15 03:33:30,5.38,,demo
2026-08-15 03:34:12,15.80,,demo
2026-08-15 03:34:38,4.77,,demo
2026-08-15 03:35:26,27.93,,demo
2026-08-15 03:35:36,1.13,,demo
2026-08-15 03:35:45,1.08,,demo
2026-08-15 03:35:54,1.10,,demo
2026-08-15 03:36:06,1.44,,demo
2026-08-15 03:36:35,5.80,,demo
2026-08-15 03:37:19,19.12,,demo
2026-08-15 03:37:32,1.55,,demo
2026-08-15 03:37:50,2.25,,demo
2026-08-15 03:37:59,1.07,,demo
2026-08-15 03:38:55,54.48,,demo
2026-08-15 03:39:07,1.39,,demo
2026-08-15 03:39:22,1.72,,demo
2026-08-15 03:39:40,2.39,,demo
2026-08-15 03:40:00,2.78,,demo
2026-08-15 03:40:14,1.69,,demo
2026-08-15 03:40:24,1.10,,demo
2026-08-15 03:40:50,4.42,,demo
2026-08-15 03:41:07,2.27,,demo
2026-08-15 03:41:20,1.48,,demo
2026-08-15 03:41:28,1.00,,demo
2026-08-15 03:41:55,4.68,,demo
2026-08-15 03:42:04,1.12,,demo
2026-08-15 03:42:54,31.92,,demo
2026-08-15 03:43:19,4.27,,demo
2026-08-15 03:43:39,2.72,,demo
2026-08-15 03:43:52,1.49,,demo
2026-08-15 03:44:17,4.24,,demo
2026-08-15 03:44:28,1.29,,demo
2026-08-15 03:44:40,1.31,,demo
2026-08-15 03:45:20,14.31,,demo
2026-08-15 03:45:31,1.31,,demo
2026-08-15 03:45:43,1.40,,demo
2026-08-15 03:45:56,1.44,,demo
2026-08-15 03:46:11,1.78,,demo
2026-08-15 03:46:22,1.31,,demo
2026-08-15 03:46:48,4.34,,demo
2026-08-15 03:46:56,1.01,,demo
2026-08-15 03:47:17,2.90,,demo
2026-08-15 03:47:31,1.69,,demo
2026-08-15 03:47:56,3.15,,demo
2026-08-15 03:48:03,1.08,,demo
2026-08-15 03:48:10,1.04,,demo
2026-08-15 03:49:36,627.94,,demo
2026-08-15 03:49:59,3.66,,demo
2026-08-15 03:50:14,1.70,,demo
2026-08-15 03:50:23,1.17,,demo
2026-08-15 03:50:36,1.45,,demo
2026-08-15 03:50:54,2.35,,demo
2026-08-15 03:51:17,3.42,,demo
2026-08-15 03:51:36,2.52,,demo
2026-08-15 03:51:52,1.87,,demo
2026-08-15 03:52:05,1.52,,demo
2026-08-15 03:52:26,2.82,,demo
2026-08-15 03:52:34,1.02,,demo
2026-08-15 03:52:44,1.20,,demo
2026-08-15 03:52:59,1.88,,demo
2026-08-15 03:53:28,5.66,,demo
2026-08-15 03:53:43,1.75,,demo
2026-08-15 03:54:01,2.35,,demo
2026-08-15 03:54:10,1.04,,demo
2026-08-15 03:54:25,1.80,,demo
2026-08-15 03:54:40,1.74,,demo
2026-08-15 03:54:58,2.29,,demo
2026-08-15 03:55:34,10.73,,demo
2026-08-15 03:55:53,2.39,,demo
2026-08-15 03:56:01,1.01,,demo
2026-08-15 03:56:10,1.11,,demo
2026-08-15 03:56:28,2.24,,demo
2026-08-15 03:57:25,60.97,,demo
2026-08-15 03:58:13,28.75,,demo
2026-08-15 03:58:49,9.74,,demo
2026-08-15 03:59:02,1.59,,demo
2026-08-15 03:59:12,1.11,,demo
2026-08-15 03:59:21,1.11,,demo
2026-08-15 03:59:37,1.87,,demo
2026-08-15 04:00:25,1.65,,demo
2026-08-15 04:00:25,1.00,,demo
2026-08-15 04:00:25,1.80,,demo
2026-08-15 04:00:25,1.05,,demo
2026-08-15 04:00:44,3.12,,demo
2026-08-15 04:01:07,3.31,,demo
2026-08-15 04:01:22,1.86,,demo
2026-08-15 04:01:59,11.42,,demo
2026-08-15 04:02:09,1.19,,demo
2026-08-15 04:02:26,1.92,,demo
2026-08-15 04:02:44,2.53,,demo
2026-08-15 04:02:53,1.03,,demo
2026-08-15 04:03:01,1.00,,demo
2026-08-15 04:03:13,1.42,,demo
2026-08-15 04:03:28,1.78,,demo
2026-08-15 04:03:40,1.35,,demo
2026-08-15 04:04:03,3.71,,demo
2026-08-15 04:04:30,4.71,,demo
2026-08-15 04:04:46,1.91,,demo
2026-08-15 04:05:01,1.85,,demo
2026-08-15 04:05:26,4.10,,demo
2026-08-15 04:05:40,1.70,,demo
2026-08-15 04:05:56,1.81,,demo
2026-08-15 04:06:34,12.15,,demo
2026-08-15 04:07:22,28.08,,demo
2026-08-15 04:07:36,1.67,,demo
2026-08-15 04:07:45,1.08,,demo
2026-08-15 04:07:53,1.00,,demo
2026-08-15 04:08:10,2.12,,demo
2026-08-15 04:08:21,1.25,,demo
2026-08-15 04:08:34,1.51,,demo
2026-08-15 04:09:09,9.61,,demo
2026-08-15 04:09:34,4.11,,demo
2026-08-15 04:09:54,2.63,,demo
2026-08-15 04:10:19,4.29,,demo
2026-08-15 04:10:35,1.97,,demo
2026-08-15 04:11:01,4.51,,demo
2026-08-15 04:11:13,1.35,,demo
2026-08-15 04:11:28,1.79,,demo
2026-08-15 04:11:41,1.50,,demo
2026-08-15 04:12:15,8.40,,demo
2026-08-15 04:12:33,2.34,,demo
2026-08-15 04:13:12,13.16,,demo
2026-08-15 04:13:22,1.25,,demo
2026-08-15 04:14:02,14.48,,demo
2026-08-15 04:14:21,2.43,,demo
2026-08-15 04:14:44,3.35,,demo
2026-08-15 04:15:16,7.87,,demo
2026-08-15 04:15:32,1.94,,demo
2026-08-15 04:15:43,1.20,,demo
2026-08-15 04:16:10,5.10,,demo
2026-08-15 04:16:43,7.69,,demo
2026-08-15 04:17:12,5.62,,demo
2026-08-15 04:17:38,4.57,,demo
2026-08-15 04:17:48,1.20,,demo
2026-08-15 04:17:57,1.06,,demo
2026-08-15 04:18:08,1.24,,demo
2026-08-15 04:18:23,1.93,,demo
2026-08-15 04:18:34,1.29,,demo
2026-08-15 04:19:23,28.71,,demo
2026-08-15 04:20:06,18.79,,demo
2026-08-15 04:20:24,2.27,,demo
2026-08-15 04:20:59,9.69,,demo
2026-08-15 04:21:15,1.88,,demo
2026-08-15 04:21:46,6.74,,demo
2026-08-15 04:21:56,1.26,,demo
2026-08-15 04:22:07,1.18,,demo
2026-08-15 04:22:15,1.01,,demo
2026-08-15 04:22:47,7.29,,demo
2026-08-15 04:22:58,1.39,,demo
2026-08-15 04:23:25,4.69,,demo
2026-08-15 04:23:55,6.01,,demo
2026-08-15 04:24:34,13.94,,demo
2026-08-15 04:24:43,1.06,,demo
2026-08-15 04:24:53,1.16,,demo
2026-08-15 04:25:33,2.31,,demo
2026-08-15 04:25:33,2.57,,demo
2026-08-15 04:25:45,1.71,,demo
2026-08-15 04:25:53,1.00,,demo
2026-08-15 04:26:20,4.76,,demo
2026-08-15 04:26:40,2.70,,demo
2026-08-15 04:26:50,1.21,,demo
2026-08-15 04:27:09,2.43,,demo
2026-08-15 04:27:20,1.33,,demo
2026-08-15 04:27:46,4.42,,demo
2026-08-15 04:28:01,1.79,,demo
2026-08-15 04:28:13,1.44,,demo
2026-08-15 04:28:37,3.80,,demo
2026-08-15 04:28:47,1.09,,demo
2026-08-15 04:29:02,1.89,,demo
2026-08-15 04:29:19,2.09,,demo
2026-08-15 04:29:27,1.03,,demo
2026-08-15 04:29:51,3.54,,demo
2026-08-15 04:30:02,1.31,,demo
2026-08-15 04:30:16,1.59,,demo
2026-08-15 04:30:47,6.68,,demo
2026-08-15 04:31:08,3.06,,demo
2026-08-15 04:31:18,1.16,,demo
2026-08-15 04:31:29,1.26,,demo
2026-08-15 04:31:40,1.31,,demo
2026-08-15 04:33:06,682.18,,demo
2026-08-15 04:33:24,2.21,,demo
2026-08-15 04:33:32,1.01,,demo
2026-08-15 04:33:43,1.33,,demo
2026-08-15 04:34:06,3.26,,demo
2026-08-15 04:34:27,3.10,,demo
2026-08-15 04:34:48,2.78,,demo
2026-08-15 04:35:07,2.71,,demo
2026-08-15 04:35:17,1.14,,demo
2026-08-15 04:35:27,1.13,,demo
2026-08-15 04:35:53,4.81,,demo
2026-08-15 04:36:15,2.97,,demo
2026-08-15 04:36:43,5.56,,demo
2026-08-15 04:37:18,9.12,,demo
2026-08-15 04:37:34,1.96,,demo
2026-08-15 04:38:05,6.80,,demo
2026-08-15 04:38:19,1.63,,demo
2026-08-15 04:39:03,20.94,,demo
2026-08-15 04:39:23,2.60,,demo
2026-08-15 04:39:31,1.02,,demo
2026-08-15 04:39:47,1.85,,demo
2026-08-15 04:39:58,1.29,,demo
2026-08-15 04:40:08,1.16,,demo
2026-08-15 04:40:19,1.33,,demo
2026-08-15 04:40:28,1.06,,demo
2026-08-15 04:40:45,2.18,,demo
2026-08-15 04:41:25,13.73,,demo
2026-08-15 04:41:33,1.04,,demo
2026-08-15 04:41:44,1.27,,demo
2026-08-15 04:42:00,1.99,,demo
2026-08-15 04:42:31,6.60,,demo
2026-08-15 04:43:03,7.66,,demo
2026-08-15 04:43:25,2.60,,demo
2026-08-15 04:43:44,3.00,,demo
2026-08-15 04:44:15,6.45,,demo
2026-08-15 04:44:43,5.53,,demo
2026-08-15 04:45:11,5.30,,demo
2026-08-15 04:45:54,18.13,,demo
2026-08-15 04:46:07,1.48,,demo
2026-08-15 04:46:20,1.50,,demo
2026-08-15 04:46:39,2.44,,demo
2026-08-15 04:47:00,3.17,,demo
2026-08-15 04:47:09,1.04,,demo
2026-08-15 04:47:18,1.09,,demo
2026-08-15 04:47:30,1.44,,demo
2026-08-15 04:47:40,1.13,,demo
2026-08-15 04:47:48,1.05,,demo
2026-08-15 04:47:57,1.01,,demo
2026-08-15 04:48:19,3.28,,demo
2026-08-15 04:48:45,4.39,,demo
2026-08-15 04:49:17,7.23,,demo
2026-08-15 04:49:25,1.06,,demo
2026-08-15 04:49:50,4.01,,demo
2026-08-15 04:50:05,1.84,,demo
2026-08-15 04:50:17,1.42,,demo
2026-08-15 04:50:31,1.57,,demo
2026-08-15 04:51:25,1.76,,demo
2026-08-15 04:51:25,2.73,,demo
2026-08-15 04:51:25,1.29,,demo
2026-08-15 04:51:25,1.00,,demo
2026-08-15 04:51:34,1.10,,demo
2026-08-15 04:51:56,3.21,,demo
2026-08-15 04:52:13,2.08,,demo
2026-08-15 04:52:33,2.67,,demo
2026-08-15 04:53:02,6.02,,demo
2026-08-15 04:53:13,1.27,,demo
2026-08-15 04:53:21,1.00,,demo
2026-08-15 04:53:48,4.51,,demo
2026-08-15 04:54:07,2.61,,demo
2026-08-15 04:54:18,1.31,,demo
2026-08-15 04:54:44,4.55,,demo
2026-08-15 04:54:57,1.47,,demo
2026-08-15 04:55:42,21.00,,demo
2026-08-15 04:55:50,1.00,,demo
2026-08-15 04:55:58,1.03,,demo
2026-08-15 04:56:07,1.11,,demo
2026-08-15 04:56:35,4.97,,demo
2026-08-15 04:56:56,2.88,,demo
2026-08-15 04:57:15,2.54,,demo
2026-08-15 04:57:26,1.30,,demo
2026-08-15 04:57:55,5.48,,demo
2026-08-15 04:58:09,1.69,,demo
2026-08-15 04:58:24,1.74,,demo
2026-08-15 04:58:32,1.00,,demo
2026-08-15 04:59:39,138.83,,demo
2026-08-15 04:59:57,2.25,,demo
2026-08-15 05:00:08,1.28,,demo
2026-08-15 05:00:47,13.33,,demo
2026-08-15 05:01:09,3.30,,demo
2026-08-15 05:01:33,3.84,,demo
2026-08-15 05:02:14,15.55,,demo
2026-08-15 05:02:40,4.20,,demo
2026-08-15 05:03:51,191.70,,demo
2026-08-15 05:04:03,1.44,,demo
2026-08-15 05:04:17,1.59,,demo
2026-08-15 05:05:07,34.97,,demo
2026-08-15 05:05:17,1.10,,demo
2026-08-15 05:05:59,17.09,,demo
2026-08-15 05:06:11,1.42,,demo
2026-08-15 05:06:31,2.68,,demo
2026-08-15 05:06:53,3.08,,demo
2026-08-15 05:07:06,1.55,,demo
2026-08-15 05:07:14,1.05,,demo
2026-08-15 05:07:51,11.25,,demo
2026-08-15 05:08:02,1.24,,demo
2026-08-15 05:08:14,1.37,,demo
2026-08-15 05:08:23,1.15,,demo
2026-08-15 05:08:33,1.08,,demo
2026-08-15 05:09:02,5.97,,demo
2026-08-15 05:09:19,2.09,,demo
2026-08-15 05:09:39,2.69,,demo
2026-08-15 05:09:59,2.66,,demo
2026-08-15 05:10:07,1.00,,demo
2026-08-15 05:10:26,2.53,,demo
2026-08-15 05:10:45,2.61,,demo
2026-08-15 05:11:00,1.74,,demo
2026-08-15 05:11:11,1.26,,demo
2026-08-15 05:11:31,2.72,,demo
2026-08-15 05:12:02,6.66,,demo
2026-08-15 05:12:10,1.04,,demo
2026-08-15 05:12:45,9.51,,demo
2026-08-15 05:12:54,1.04,,demo
2026-08-15 05:13:02,1.00,,demo
2026-08-15 05:13:17,1.82,,demo
2026-08-15 05:13:26,1.07,,demo
2026-08-15 05:13:49,3.38,,demo
2026-08-15 05:14:02,1.49,,demo
2026-08-15 05:14:18,2.11,,demo
2026-08-15 05:14:29,1.23,,demo
2026-08-15 05:14:38,1.12,,demo
2026-08-15 05:14:55,2.01,,demo
2026-08-15 05:15:05,1.21,,demo
2026-08-15 05:15:27,3.07,,demo
2026-08-15 05:15:37,1.25,,demo
2026-08-15 05:15:50,1.49,,demo
2026-08-15 05:16:08,2.34,,demo
2026-08-15 05:16:20,1.41,,demo
2026-08-15 05:16:29,1.07,,demo
2026-08-15 05:16:50,2.95,,demo
2026-08-15 05:17:00,1.16,,demo
2026-08-15 05:17:58,7.39,,demo
2026-08-15 05:17:58,2.14,,demo
2026-08-15 05:18:10,2.70,,demo
2026-08-15 05:18:29,2.60,,demo
2026-08-15 05:18:42,1.60,,demo
2026-08-15 05:19:14,7.01,,demo
2026-08-15 05:19:23,1.09,,demo
2026-08-15 05:19:38,1.87,,demo
2026-08-15 05:19:55,2.02,,demo
2026-08-15 05:20:15,2.65,,demo
2026-08-15 05:20:31,1.93,,demo
2026-08-15 05:20:42,1.29,,demo
2026-08-15 05:21:06,3.84,,demo
2026-08-15 05:21:20,1.65,,demo
2026-08-15 05:22:00,13.87,,demo
2026-08-15 05:22:21,3.11,,demo
2026-08-15 05:22:29,1.00,,demo
2026-08-15 05:22:55,4.52,,demo
2026-08-15 05:23:46,33.87,,demo
2026-08-15 05:24:04,2.31,,demo
2026-08-15 05:24:15,1.26,,demo
2026-08-15 05:24:33,2.32,,demo
2026-08-15 05:25:02,5.72,,demo
2026-08-15 05:25:13,1.25,,demo
2026-08-15 05:25:35,3.25,,demo
2026-08-15 05:25:52,2.16,,demo
2026-08-15 05:26:33,16.26,,demo
2026-08-15 05:27:18,21.30,,demo
2026-08-15 05:27:31,1.40,,demo
2026-08-15 05:27:46,1.91,,demo
2026-08-15 05:27:55,1.10,,demo
2026-08-15 05:28:05,1.16,,demo
2026-08-15 05:28:27,3.15,,demo
2026-08-15 05:29:28,80.21,,demo
2026-08-15 05:29:55,5.03,,demo
2026-08-15 05:30:05,1.22,,demo
2026-08-15 05:30:23,2.22,,demo
2026-08-15 05:30:42,2.48,,demo
2026-08-15 05:30:50,1.01,,demo
2026-08-15 05:31:52,73.19,,demo
2026-08-15 05:31:58,1.00,,demo
2026-08-15 05:32:37,13.97,,demo
2026-08-15 05:32:56,2.29,,demo
2026-08-15 05:33:07,1.29,,demo
2026-08-15 05:33:24,2.16,,demo
2026-08-15 05:33:43,2.45,,demo
2026-08-15 05:34:01,2.38,,demo
2026-08-15 05:34:26,3.96,,demo
2026-08-15 05:34:43,2.09,,demo
2026-08-15 05:35:02,2.66,,demo
2026-08-15 05:35:14,1.34,,demo
2026-08-15 05:35:22,1.02,,demo
2026-08-15 05:35:34,1.40,,demo
2026-08-15 05:35:47,1.44,,demo
2026-08-15 05:36:19,7.52,,demo
2026-08-15 05:36:30,1.28,,demo
2026-08-15 05:36:48,2.23,,demo
2026-08-15 05:37:11,3.46,,demo
2026-08-15 05:37:22,1.34,,demo
2026-08-15 05:37:35,1.52,,demo
2026-08-15 05:37:51,1.92,,demo
2026-08-15 05:38:08,2.17,,demo
2026-08-15 05:38:20,1.41,,demo
2026-08-15 05:38:41,2.71,,demo
2026-08-15 05:38:58,2.19,,demo
2026-08-15 05:39:07,1.03,,demo
2026-08-15 05:39:26,2.61,,demo
2026-08-15 05:39:51,4.21,,demo
2026-08-15 05:40:08,2.04,,demo
2026-08-15 05:40:37,5.76,,demo
2026-08-15 05:41:06,5.68,,demo
2026-08-15 05:41:21,1.80,,demo
2026-08-15 05:41:36,1.76,,demo
2026-08-15 05:42:00,3.83,,demo
2026-08-15 05:42:08,1.02,,demo
2026-08-15 05:42:23,1.76,,demo
2026-08-15 05:42:38,1.78,,demo
2026-08-15 05:42:59,3.10,,demo
2026-08-15 05:43:15,1.82,,demo
2026-08-15 05:44:55,25.93,,demo
2026-08-15 05:44:55,1.26,,demo
2026-08-15 05:44:55,1.21,,demo
2026-08-15 05:44:55,2.27,,demo
2026-08-15 05:45:08,4.91,,demo
2026-08-15 05:45:20,1.38,,demo
2026-08-15 05:45:51,7.03,,demo
2026-08-15 05:46:04,1.50,,demo
2026-08-15 05:46:18,1.50,,demo
2026-08-15 05:46:27,1.18,,demo
2026-08-15 05:46:40,1.43,,demo
2026-08-15 05:46:59,2.53,,demo
2026-08-15 05:47:14,1.88,,demo
2026-08-15 05:47:24,1.16,,demo
2026-08-15 05:47:37,1.51,,demo
2026-08-15 05:47:47,1.15,,demo
2026-08-15 05:47:59,1.40,,demo
2026-08-15 05:48:30,6.90,,demo
2026-08-15 05:48:48,2.38,,demo
2026-08-15 05:49:08,2.69,,demo
2026-08-15 05:49:20,1.34,,demo
2026-08-15 05:50:00,14.16,,demo
2026-08-15 05:50:12,1.35,,demo
2026-08-15 05:50:28,2.08,,demo
2026-08-15 05:50:46,2.19,,demo
2026-08-15 05:51:10,3.94,,demo
2026-08-15 05:51:41,6.50,,demo
2026-08-15 05:52:33,41.18,,demo
2026-08-15 05:52:57,3.61,,demo
2026-08-15 05:53:07,1.21,,demo
2026-08-15 05:53:16,1.07,,demo
2026-08-15 05:53:30,1.63,,demo
2026-08-15 05:53:40,1.24,,demo
2026-08-15 05:54:03,3.26,,demo
2026-08-15 05:54:26,3.50,,demo
2026-08-15 05:54:45,2.44,,demo
2026-08-15 05:54:54,1.15,,demo
2026-08-15 05:55:37,18.47,,demo
2026-08-15 05:55:58,2.97,,demo
2026-08-15 05:56:35,10.88,,demo
2026-08-15 05:56:49,1.53,,demo
2026-08-15 05:57:23,8.59,,demo
2026-08-15 05:57:49,4.72,,demo
2026-08-15 05:58:00,1.31,,demo
2026-08-15 05:58:16,1.99,,demo
2026-08-15 05:58:27,1.30,,demo
2026-08-15 05:58:37,1.19,,demo
2026-08-15 05:58:57,2.54,,demo
2026-08-15 05:59:24,4.77,,demo
2026-08-15 05:59:32,1.02,,demo
2026-08-15 05:59:57,4.07,,demo
2026-08-15 06:00:09,1.41,,demo
2026-08-15 06:00:25,2.04,,demo
2026-08-15 06:00:36,1.19,,demo
2026-08-15 06:00:56,2.78,,demo
2026-08-15 06:01:06,1.20,,demo
2026-08-15 06:01:16,1.12,,demo
2026-08-15 06:01:37,3.07,,demo
2026-08-15 06:02:11,8.97,,demo
2026-08-15 06:02:45,8.35,,demo
2026-08-15 06:02:58,1.51,,demo
2026-08-15 06:03:07,1.06,,demo
2026-08-15 06:03:25,2.32,,demo
2026-08-15 06:03:41,2.00,,demo
2026-08-15 06:03:50,1.02,,demo
2026-08-15 06:04:14,3.96,,demo
2026-08-15 06:04:40,4.48,,demo
2026-08-15 06:05:07,4.75,,demo
2026-08-15 06:05:21,1.75,,demo
2026-08-15 06:05:30,1.05,,demo
2026-08-15 06:05:55,4.12,,demo
2026-08-15 06:06:04,1.09,,demo
2026-08-15 06:06:18,1.54,,demo
2026-08-15 06:06:30,1.45,,demo
2026-08-15 06:06:47,2.08,,demo
2026-08-15 06:07:01,1.73,,demo
2026-08-15 06:07:37,9.63,,demo
2026-08-15 06:08:05,5.50,,demo
2026-08-15 06:08:16,1.33,,demo
2026-08-15 06:08:30,1.53,,demo
2026-08-15 06:08:52,3.39,,demo
2026-08-15 06:09:01,1.06,,demo
2026-08-15 06:09:10,1.07,,demo
2026-08-15 06:09:31,2.96,,demo
2026-08-15 06:09:41,1.15,,demo
2026-08-15 06:10:02,2.94,,demo
2026-08-15 06:10:33,7.30,,demo
2026-08-15 06:11:44,2.73,,demo
2026-08-15 06:11:44,1.22,,demo
2026-08-15 06:11:44,1.20,,demo
2026-08-15 06:11:48,8.79,,demo
2026-08-15 06:11:59,1.24,,demo
2026-08-15 06:12:15,1.92,,demo
2026-08-15 06:12:39,3.94,,demo
2026-08-15 06:12:50,1.30,,demo
2026-08-15 06:13:21,6.80,,demo
2026-08-15 06:13:29,1.00,,demo
2026-08-15 06:14:04,9.07,,demo
2026-08-15 06:14:12,1.04,,demo
2026-08-15 06:14:30,2.28,,demo
2026-08-15 06:14:39,1.08,,demo
2026-08-15 06:14:53,1.47,,demo
2026-08-15 06:15:09,1.98,,demo
2026-08-15 06:15:18,1.14,,demo
2026-08-15 06:15:54,10.11,,demo
2026-08-15 06:16:23,6.13,,demo
2026-08-15 06:17:09,22.14,,demo
2026-08-15 06:17:34,4.31,,demo
2026-08-15 06:18:11,10.77,,demo
2026-08-15 06:19:00,29.64,,demo
2026-08-15 06:19:13,1.59,,demo
2026-08-15 06:19:23,1.13,,demo
2026-08-15 06:19:33,1.16,,demo
2026-08-15 06:20:04,7.24,,demo
2026-08-15 06:20:13,1.08,,demo
2026-08-15 06:20:26,1.43,,demo
2026-08-15 06:20:42,2.05,,demo
2026-08-15 06:20:53,1.25,,demo
2026-08-15 06:21:04,1.34,,demo
2026-08-15 06:21:21,2.09,,demo
2026-08-15 06:21:31,1.10,,demo
2026-08-15 06:21:45,1.69,,demo
2026-08-15 06:21:56,1.23,,demo
2026-08-15 06:22:04,1.02,,demo
2026-08-15 06:22:12,1.00,,demo
2026-08-15 06:22:27,1.87,,demo
2026-08-15 06:22:50,3.38,,demo
2026-08-15 06:23:20,6.19,,demo
2026-08-15 06:23:30,1.19,,demo
2026-08-15 06:23:51,2.98,,demo
2026-08-15 06:24:15,3.70,,demo
2026-08-15 06:24:27,1.42,,demo
2026-08-15 06:24:36,1.08,,demo
2026-08-15 06:25:00,3.77,,demo
2026-08-15 06:25:26,4.58,,demo
2026-08-15 06:25:49,3.31,,demo
2026-08-15 06:26:25,10.46,,demo
2026-08-15 06:26:37,1.41,,demo
2026-08-15 06:27:16,13.26,,demo
2026-08-15 06:27:50,8.30,,demo
2026-08-15 06:28:07,2.09,,demo
2026-08-15 06:28:15,1.00,,demo
2026-08-15 06:28:37,3.21,,demo
2026-08-15 06:28:55,2.38,,demo
2026-08-15 06:29:08,1.48,,demo
2026-08-15 06:29:16,1.04,,demo
2026-08-15 06:29:33,2.01,,demo
2026-08-15 06:29:56,3.49,,demo
2026-08-15 06:30:55,68.83,,demo
2026-08-15 06:31:31,10.74,,demo
2026-08-15 06:31:44,1.45,,demo
2026-08-15 06:31:57,1.50,,demo
2026-08-15 06:32:32,9.87,,demo
2026-08-15 06:32:56,3.71,,demo
2026-08-15 06:33:29,7.90,,demo
2026-08-15 06:33:47,2.23,,demo
2026-08-15 06:34:06,2.54,,demo
2026-08-15 06:34:29,3.64,,demo
2026-08-15 06:34:41,1.34,,demo
2026-08-15 06:34:49,1.00,,demo
2026-08-15 06:35:14,4.16,,demo
2026-08-15 06:35:47,7.72,,demo
2026-08-15 06:35:56,1.14,,demo
2026-08-15 06:36:08,1.41,,demo
2026-08-15 06:36:17,1.03,,demo
2026-08-15 06:37:05,1.00,,demo
2026-08-15 06:37:05,4.97,,demo
2026-08-15 06:37:05,1.09,,demo
2026-08-15 06:37:15,1.59,,demo
2026-08-15 06:37:44,5.56,,demo
2026-08-15 06:37:53,1.15,,demo
2026-08-15 06:38:47,46.15,,demo
2026-08-15 06:38:58,1.24,,demo
2026-08-15 06:39:12,1.67,,demo
2026-08-15 06:40:07,48.55,,demo
2026-08-15 06:40:19,1.42,,demo
2026-08-15 06:41:04,21.94,,demo
2026-08-15 06:41:12,1.02,,demo
2026-08-15 06:41:59,25.35,,demo
2026-08-15 06:42:21,3.12,,demo
2026-08-15 06:42:59,12.26,,demo
2026-08-15 06:43:18,2.56,,demo
2026-08-15 06:43:28,1.14,,demo
2026-08-15 06:43:42,1.62,,demo
2026-08-15 06:44:08,4.30,,demo
2026-08-15 06:44:31,3.66,,demo
2026-08-15 06:44:45,1.64,,demo
2026-08-15 06:44:54,1.11,,demo
2026-08-15 06:45:17,3.55,,demo
2026-08-15 06:45:40,3.37,,demo
2026-08-15 06:46:10,6.12,,demo
2026-08-15 06:46:19,1.07,,demo
2026-08-15 06:46:40,3.08,,demo
2026-08-15 06:46:48,1.03,,demo
2026-08-15 06:46:58,1.13,,demo
2026-08-15 06:47:18,2.63,,demo
2026-08-15 06:47:27,1.11,,demo
2026-08-15 06:47:40,1.47,,demo
2026-08-15 06:47:55,1.83,,demo
2026-08-15 06:48:03,1.00,,demo
2026-08-15 06:48:17,1.63,,demo
2026-08-15 06:48:31,1.66,,demo
2026-08-15 06:49:06,9.31,,demo
2026-08-15 06:49:17,1.27,,demo
2026-08-15 06:49:42,4.26,,demo
2026-08-15 06:50:11,5.51,,demo
2026-08-15 06:50:19,1.00,,demo
2026-08-15 06:50:27,1.00,,demo
2026-08-15 06:51:07,14.64,,demo
2026-08-15 06:51:22,1.73,,demo
2026-08-15 06:52:14,38.84,,demo
2026-08-15 06:52:31,2.20,,demo
2026-08-15 06:52:39,1.00,,demo
2026-08-15 06:54:05,667.22,,demo
2026-08-15 06:54:19,1.56,,demo
2026-08-15 06:54:28,1.13,,demo
2026-08-15 06:54:44,2.00,,demo
2026-08-15 06:55:01,2.11,,demo
2026-08-15 06:55:15,1.58,,demo
2026-08-15 06:55:24,1.00,,demo
2026-08-15 06:55:33,1.15,,demo
2026-08-15 06:55:42,1.15,,demo
2026-08-15 06:55:51,1.10,,demo
2026-08-15 06:56:00,1.08,,demo
2026-08-15 06:56:25,3.99,,demo
2026-08-15 06:56:37,1.31,,demo
2026-08-15 06:56:59,3.33,,demo
2026-08-15 06:57:07,1.00,,demo
2026-08-15 06:57:26,2.51,,demo
2026-08-15 06:57:54,5.32,,demo
2026-08-15 06:58:09,1.70,,demo
2026-08-15 06:58:17,1.06,,demo
2026-08-15 06:58:27,1.17,,demo
2026-08-15 06:59:05,12.10,,demo
2026-08-15 06:59:42,10.73,,demo
2026-08-15 07:00:02,2.86,,demo
2026-08-15 07:00:19,2.03,,demo
2026-08-15 07:00:37,2.31,,demo
2026-08-15 07:01:05,5.24,,demo
2026-08-15 07:01:25,2.65,,demo
2026-08-15 07:01:36,1.37,,demo
2026-08-15 07:01:47,1.26,,demo
2026-08-15 07:02:50,4.47,,demo
2026-08-15 07:02:50,1.09,,demo
2026-08-15 07:02:50,1.64,,demo
2026-08-15 07:02:50,1.13,,demo
2026-08-15 07:03:15,5.62,,demo
2026-08-15 07:03:36,2.94,,demo
2026-08-15 07:03:57,2.96,,demo
2026-08-15 07:04:13,1.90,,demo
2026-08-15 07:04:29,1.99,,demo
2026-08-15 07:04:58,6.08,,demo
2026-08-15 07:05:18,2.57,,demo
2026-08-15 07:05:31,1.50,,demo
2026-08-15 07:05:48,2.19,,demo
2026-08-15 07:05:56,1.00,,demo
2026-08-15 07:07:15,380.49,,demo
2026-08-15 07:07:29,1.53,,demo
2026-08-15 07:07:50,3.18,,demo
2026-08-15 07:08:02,1.30,,demo
2026-08-15 07:08:38,10.78,,demo
2026-08-15 07:09:58,410.09,,demo
2026-08-15 07:10:11,1.52,,demo
2026-08-15 07:10:31,2.61,,demo
2026-08-15 07:10:48,2.11,,demo
2026-08-15 07:11:03,1.85,,demo
2026-08-15 07:11:24,2.72,,demo
2026-08-15 07:11:43,2.58,,demo
2026-08-15 07:11:54,1.29,,demo
2026-08-15 07:12:06,1.26,,demo
2026-08-15 07:12:31,4.37,,demo
2026-08-15 07:12:41,1.19,,demo
2026-08-15 07:12:53,1.36,,demo
2026-08-15 07:13:02,1.05,,demo
2026-08-15 07:13:19,2.33,,demo
2026-08-15 07:13:30,1.23,,demo
2026-08-15 07:13:59,5.97,,demo
2026-08-15 07:14:12,1.41,,demo
2026-08-15 07:14:27,1.92,,demo
2026-08-15 07:14:41,1.53,,demo
2026-08-15 07:15:03,3.35,,demo
2026-08-15 07:15:13,1.14,,demo
2026-08-15 07:15:21,1.06,,demo
2026-08-15 07:15:34,1.40,,demo
2026-08-15 07:16:13,14.17,,demo
2026-08-15 07:16:25,1.37,,demo
2026-08-15 07:16:48,3.31,,demo
2026-08-15 07:17:01,1.57,,demo
2026-08-15 07:17:09,1.02,,demo
2026-08-15 07:17:51,16.55,,demo
2026-08-15 07:18:02,1.28,,demo
2026-08-15 07:18:15,1.51,,demo
2026-08-15 07:18:31,2.00,,demo
2026-08-15 07:18:51,2.58,,demo
2026-08-15 07:19:05,1.63,,demo
2026-08-15 07:19:13,1.00,,demo
2026-08-15 07:19:40,5.15,,demo
2026-08-15 07:19:58,2.22,,demo
2026-08-15 07:20:11,1.48,,demo
2026-08-15 07:20:41,5.98,,demo
2026-08-15 07:21:27,25.78,,demo
2026-08-15 07:22:24,59.02,,demo
2026-08-15 07:22:39,1.76,,demo
2026-08-15 07:22:58,2.34,,demo
2026-08-15 07:23:28,6.86,,demo
2026-08-15 07:23:46,2.30,,demo
2026-08-15 07:24:01,1.65,,demo
2026-08-15 07:24:17,2.03,,demo
2026-08-15 07:25:22,110.39,,demo
2026-08-15 07:25:36,1.73,,demo
2026-08-15 07:25:56,2.79,,demo
2026-08-15 07:26:09,1.42,,demo
2026-08-15 07:26:29,2.85,,demo
2026-08-15 07:26:38,1.08,,demo
2026-08-15 07:26:52,1.54,,demo
2026-08-15 07:27:08,1.95,,demo
2026-08-15 07:28:02,28.74,,demo
2026-08-15 07:28:10,1.63,,demo
2026-08-15 07:28:23,1.48,,demo
2026-08-15 07:28:32,1.00,,demo
2026-08-15 07:28:44,1.51,,demo
2026-08-15 07:29:02,2.45,,demo
2026-08-15 07:29:34,7.41,,demo
2026-08-15 07:30:02,5.09,,demo
2026-08-15 07:30:12,1.11,,demo
2026-08-15 07:30:34,3.32,,demo
2026-08-15 07:30:49,1.89,,demo
2026-08-15 07:31:06,2.10,,demo
2026-08-15 07:31:25,2.38,,demo
2026-08-15 07:31:48,3.57,,demo
2026-08-15 07:32:06,2.32,,demo
2026-08-15 07:32:15,1.10,,demo
2026-08-15 07:32:26,1.20,,demo
2026-08-15 07:32:35,1.14,,demo
2026-08-15 07:32:50,1.79,,demo
2026-08-15 07:33:13,3.51,,demo
2026-08-15 07:34:05,37.73,,demo
2026-08-15 07:34:20,1.79,,demo
2026-08-15 07:34:28,1.00,,demo
2026-08-15 07:34:47,2.60,,demo
2026-08-15 07:35:04,2.08,,demo
2026-08-15 07:35:13,1.00,,demo
2026-08-15 07:35:49,10.47,,demo
2026-08-15 07:36:00,1.28,,demo
2026-08-15 07:36:17,2.25,,demo
2026-08-15 07:36:28,1.28,,demo
2026-08-15 07:36:44,1.93,,demo
2026-08-15 07:37:16,7.36,,demo
2026-08-15 07:37:27,1.23,,demo
2026-08-15 07:37:38,1.35,,demo
2026-08-15 07:37:47,1.06,,demo
2026-08-15 07:37:56,1.06,,demo
2026-08-15 07:38:11,1.81,,demo
2026-08-15 07:38:21,1.22,,demo
2026-08-15 07:38:34,1.45,,demo
2026-08-15 07:38:42,1.04,,demo
2026-08-15 07:38:59,2.05,,demo
2026-08-15 07:39:12,1.53,,demo
2026-08-15 07:39:49,10.99,,demo
2026-08-15 07:40:12,3.58,,demo
2026-08-15 07:40:28,1.84,,demo
2026-08-15 07:40:39,1.29,,demo
2026-08-15 07:41:09,6.10,,demo
2026-08-15 07:41:37,5.49,,demo
2026-08-15 07:42:32,49.06,,demo
2026-08-15 07:42:41,1.11,,demo
2026-08-15 07:43:08,4.64,,demo
2026-08-15 07:43:59,37.34,,demo
2026-08-15 07:44:10,1.28,,demo
2026-08-15 07:44:28,2.22,,demo
2026-08-15 07:44:48,2.64,,demo
2026-08-15 07:45:39,36.83,,demo
2026-08-15 07:45:52,1.49,,demo
2026-08-15 07:46:07,1.88,,demo
2026-08-15 07:46:16,1.10,,demo
2026-08-15 07:46:25,1.08,,demo
2026-08-15 07:46:37,1.36,,demo
2026-08-15 07:46:52,1.74,,demo
2026-08-15 07:47:27,9.91,,demo
2026-08-15 07:47:37,1.15,,demo
2026-08-15 07:47:46,1.11,,demo
2026-08-15 07:47:55,1.01,,demo
2026-08-15 07:48:03,1.05,,demo
2026-08-15 07:48:21,2.31,,demo
2026-08-15 07:48:38,2.14,,demo
2026-08-15 07:49:04,4.32,,demo
2026-08-15 07:49:33,5.53,,demo
2026-08-15 07:49:41,1.00,,demo
2026-08-15 07:49:51,1.24,,demo
2026-08-15 07:50:11,2.62,,demo
2026-08-15 07:50:49,11.94,,demo
2026-08-15 07:51:05,2.07,,demo
2026-08-15 07:51:19,1.64,,demo
2026-08-15 07:51:35,1.89,,demo
2026-08-15 07:51:50,1.80,,demo
2026-08-15 07:52:24,8.38,,demo
2026-08-15 07:52:33,1.14,,demo
2026-08-15 07:54:13,49.49,,demo
2026-08-15 07:54:13,2.25,,demo
2026-08-15 07:54:13,1.15,,demo
2026-08-15 07:54:29,7.92,,demo
2026-08-15 07:54:36,1.00,,demo
2026-08-15 07:54:54,2.17,,demo
2026-08-15 07:55:18,3.97,,demo
2026-08-15 07:55:37,2.34,,demo
2026-08-15 07:55:48,1.27,,demo
2026-08-15 07:56:02,1.70,,demo
2026-08-15 07:56:18,1.99,,demo
2026-08-15 07:57:28,173.75,,demo
2026-08-15 07:57:51,3.47,,demo
2026-08-15 07:58:00,1.03,,demo
2026-08-15 07:58:34,9.40,,demo
2026-08-15 07:58:50,1.86,,demo
2026-08-15 07:58:58,1.01,,demo
2026-08-15 07:59:08,1.14,,demo
2026-08-15 07:59:22,1.75,,demo
2026-08-15 07:59:43,2.87,,demo
2026-08-15 08:00:11,5.01,,demo
2026-08-15 08:00:20,1.00,,demo
2026-08-15 08:00:27,1.00,,demo
2026-08-15 08:00:37,1.26,,demo
2026-08-15 08:00:46,1.08,,demo
2026-08-15 08:01:01,1.67,,demo
2026-08-15 08:01:58,64.11,,demo
2026-08-15 08:02:11,1.41,,demo
2026-08-15 08:02:19,1.00,,demo
2026-08-15 08:02:42,3.45,,demo
2026-08-15 08:02:54,1.41,,demo
2026-08-15 08:03:16,3.18,,demo
2026-08-15 08:03:32,1.98,,demo
2026-08-15 08:03:43,1.24,,demo
2026-08-15 08:03:54,1.29,,demo
2026-08-15 08:04:20,4.68,,demo
2026-08-15 08:04:43,3.51,,demo
2026-08-15 08:05:10,4.79,,demo
2026-08-15 08:05:22,1.43,,demo
2026-08-15 08:05:50,5.02,,demo
2026-08-15 08:06:17,4.89,,demo
2026-08-15 08:06:31,1.57,,demo
2026-08-15 08:06:42,1.33,,demo
2026-08-15 08:06:55,1.48,,demo
2026-08-15 08:07:14,2.61,,demo
2026-08-15 08:07:49,9.25,,demo
2026-08-15 08:08:01,1.35,,demo
2026-08-15 08:08:21,2.65,,demo
2026-08-15 08:08:41,2.88,,demo
2026-08-15 08:08:53,1.44,,demo
2026-08-15 08:09:04,1.28,,demo
2026-08-15 08:09:21,2.03,,demo
2026-08-15 08:09:32,1.27,,demo
2026-08-15 08:10:11,13.34,,demo
2026-08-15 08:10:29,2.26,,demo
2026-08-15 08:10:40,1.30,,demo
2026-08-15 08:10:57,2.07,,demo
2026-08-15 08:11:06,1.14,,demo
2026-08-15 08:11:17,1.28,,demo
2026-08-15 08:11:29,1.31,,demo
2026-08-15 08:11:44,1.82,,demo
2026-08-15 08:11:52,1.00,,demo
2026-08-15 08:12:13,3.00,,demo
2026-08-15 08:12:21,1.01,,demo
2026-08-15 08:12:44,3.43,,demo
2026-08-15 08:13:24,13.13,,demo
2026-08-15 08:13:31,1.00,,demo
2026-08-15 08:13:49,2.22,,demo
2026-08-15 08:14:09,2.77,,demo
2026-08-15 08:14:18,1.13,,demo
2026-08-15 08:15:11,40.87,,demo
2026-08-15 08:15:37,4.64,,demo
2026-08-15 08:15:57,2.70,,demo
2026-08-15 08:16:24,4.63,,demo
2026-08-15 08:16:40,2.03,,demo
2026-08-15 08:18:02,2.03,,demo
2026-08-15 08:18:03,7.94,,demo
2026-08-15 08:18:03,2.36,,demo
2026-08-15 08:18:03,1.31,,demo
2026-08-15 08:18:09,1.12,,demo
2026-08-15 08:18:19,1.23,,demo
2026-08-15 08:18:56,11.25,,demo
2026-08-15 08:19:30,8.33,,demo
2026-08-15 08:19:41,1.32,,demo
2026-08-15 08:19:52,1.24,,demo
2026-08-15 08:20:09,2.16,,demo
2026-08-15 08:20:39,5.95,,demo
2026-08-15 08:21:01,3.40,,demo
2026-08-15 08:21:13,1.27,,demo
2026-08-15 08:21:21,1.07,,demo
2026-08-15 08:21:30,1.13,,demo
2026-08-15 08:21:42,1.38,,demo
2026-08-15 08:21:52,1.01,,demo
2026-08-15 08:22:07,1.94,,demo
2026-08-15 08:22:33,4.57,,demo
2026-08-15 08:22:43,1.25,,demo
2026-08-15 08:23:06,3.12,,demo
2026-08-15 08:23:29,3.63,,demo
2026-08-15 08:23:46,2.23,,demo
2026-08-15 08:23:55,1.06,,demo
2026-08-15 08:24:13,2.27,,demo
2026-08-15 08:24:24,1.29,,demo
2026-08-15 08:24:39,1.78,,demo
2026-08-15 08:25:16,11.15,,demo
2026-08-15 08:25:32,1.92,,demo
2026-08-15 08:25:54,3.35,,demo
2026-08-15 08:26:04,1.11,,demo
2026-08-15 08:26:23,2.52,,demo
2026-08-15 08:26:41,2.30,,demo
2026-08-15 08:27:13,7.19,,demo
2026-08-15 08:27:23,1.26,,demo
2026-08-15 08:28:47,554.17,,demo
2026-08-15 08:28:59,1.38,,demo
2026-08-15 08:29:14,1.82,,demo
2026-08-15 08:29:25,1.27,,demo
2026-08-15 08:29:36,1.24,,demo
2026-08-15 08:29:45,1.12,,demo
2026-08-15 08:30:04,2.32,,demo
2026-08-15 08:30:19,1.89,,demo
2026-08-15 08:30:28,1.08,,demo
2026-08-15 08:30:42,1.56,,demo
2026-08-15 08:30:51,1.16,,demo
2026-08-15 08:31:34,17.63,,demo
2026-08-15 08:31:50,1.94,,demo
2026-08-15 08:32:20,6.54,,demo
2026-08-15 08:32:35,1.80,,demo
2026-08-15 08:32:57,3.08,,demo
2026-08-15 08:33:51,47.53,,demo
2026-08-15 08:34:35,18.92,,demo
2026-08-15 08:34:49,1.73,,demo
2026-08-15 08:35:00,1.30,,demo
2026-08-15 08:35:19,2.43,,demo
2026-08-15 08:35:29,1.16,,demo
2026-08-15 08:35:45,2.01,,demo
2026-08-15 08:35:56,1.20,,demo
2026-08-15 08:36:15,2.46,,demo
2026-08-15 08:36:31,2.06,,demo
2026-08-15 08:37:01,6.42,,demo
2026-08-15 08:37:42,15.08,,demo
2026-08-15 08:37:53,1.17,,demo
2026-08-15 08:38:37,21.07,,demo
2026-08-15 08:38:47,1.21,,demo
2026-08-15 08:38:56,1.05,,demo
2026-08-15 08:40:20,530.95,,demo
2026-08-15 08:40:27,1.00,,demo
2026-08-15 08:41:34,2.35,,demo
2026-08-15 08:41:34,1.68,,demo
2026-08-15 08:41:34,2.65,,demo
2026-08-15 08:41:34,1.82,,demo
2026-08-15 08:41:43,1.04,,demo
2026-08-15 08:42:02,2.57,,demo
2026-08-15 08:42:10,1.00,,demo
2026-08-15 08:42:24,1.64,,demo
2026-08-15 08:42:32,1.00,,demo
2026-08-15 08:42:47,1.82,,demo
2026-08-15 08:42:59,1.36,,demo
2026-08-15 08:43:12,1.52,,demo
2026-08-15 08:43:21,1.02,,demo
2026-08-15 08:43:30,1.03,,demo
2026-08-15 08:43:40,1.29,,demo
2026-08-15 08:43:51,1.30,,demo
2026-08-15 08:44:01,1.13,,demo
2026-08-15 08:44:13,1.44,,demo
2026-08-15 08:44:22,1.05,,demo
2026-08-15 08:44:37,1.78,,demo
2026-08-15 08:44:48,1.29,,demo
2026-08-15 08:45:01,1.55,,demo
2026-08-15 08:45:33,6.83,,demo
2026-08-15 08:45:54,3.06,,demo
2026-08-15 08:46:09,1.83,,demo
2026-08-15 08:46:22,1.53,,demo
2026-08-15 08:46:50,5.26,,demo
2026-08-15 08:47:12,3.10,,demo
2026-08-15 08:47:23,1.33,,demo
2026-08-15 08:47:32,1.02,,demo
2026-08-15 08:48:29,60.47,,demo
2026-08-15 08:48:39,1.23,,demo
2026-08-15 08:49:08,5.49,,demo
2026-08-15 08:49:39,6.71,,demo
2026-08-15 08:49:51,1.38,,demo
2026-08-15 08:50:11,2.78,,demo
2026-08-15 08:50:26,1.79,,demo
2026-08-15 08:50:40,1.68,,demo
2026-08-15 08:50:49,1.00,,demo
2026-08-15 08:51:08,2.58,,demo
2026-08-15 08:51:27,2.67,,demo
2026-08-15 08:51:50,3.36,,demo
2026-08-15 08:52:00,1.18,,demo
2026-08-15 08:52:30,6.02,,demo
2026-08-15 08:52:38,1.02,,demo
2026-08-15 08:52:47,1.07,,demo
2026-08-15 08:52:57,1.18,,demo
2026-08-15 08:53:12,1.75,,demo
2026-08-15 08:53:45,8.44,,demo
2026-08-15 08:54:07,3.15,,demo
2026-08-15 08:54:44,11.35,,demo
2026-08-15 08:55:10,4.32,,demo
2026-08-15 08:55:19,1.00,,demo
2026-08-15 08:55:33,1.84,,demo
2026-08-15 08:55:55,3.10,,demo
2026-08-15 08:56:03,1.00,,demo
2026-08-15 08:56:28,4.26,,demo
2026-08-15 08:56:41,1.51,,demo
2026-08-15 08:56:55,1.58,,demo
2026-08-15 08:57:07,1.45,,demo
2026-08-15 08:57:25,2.29,,demo
2026-08-15 08:57:45,2.64,,demo
2026-08-15 08:57:59,1.59,,demo
2026-08-15 08:58:08,1.02,,demo
2026-08-15 08:58:24,2.10,,demo
2026-08-15 08:58:47,3.53,,demo
2026-08-15 08:59:13,3.97,,demo
2026-08-15 08:59:26,1.68,,demo
2026-08-15 08:59:44,2.27,,demo
2026-08-15 08:59:55,1.31,,demo
2026-08-15 09:00:23,5.05,,demo
2026-08-15 09:00:53,6.58,,demo
2026-08-15 09:01:23,6.05,,demo
2026-08-15 09:01:34,1.30,,demo
2026-08-15 09:01:42,1.04,,demo
2026-08-15 09:01:59,2.05,,demo
2026-08-15 09:02:14,1.75,,demo
2026-08-15 09:02:24,1.25,,demo
2026-08-15 09:02:42,2.30,,demo
2026-08-15 09:03:11,5.31,,demo
2026-08-15 09:03:28,2.04,,demo
2026-08-15 09:03:55,5.39,,demo
2026-08-15 09:04:12,2.02,,demo
2026-08-15 09:04:26,1.63,,demo
2026-08-15 09:04:46,2.82,,demo
2026-08-15 09:05:15,5.77,,demo
2026-08-15 09:05:39,3.67,,demo
2026-08-15 09:07:41,5.90,,demo
2026-08-15 09:07:41,1.59,,demo
2026-08-15 09:07:41,1.17,,demo
2026-08-15 09:07:41,4.49,,demo
2026-08-15 09:07:41,2.42,,demo
2026-08-15 09:07:41,3.51,,demo
2026-08-15 09:08:00,2.70,,demo
2026-08-15 09:08:10,1.21,,demo
2026-08-15 09:09:13,97.24,,demo
2026-08-15 09:09:34,2.96,,demo
2026-08-15 09:09:45,1.26,,demo
2026-08-15 09:10:01,2.03,,demo
2026-08-15 09:10:18,2.12,,demo
2026-08-15 09:10:30,1.39,,demo
2026-08-15 09:10:58,5.17,,demo
2026-08-15 09:11:15,2.03,,demo
2026-08-15 09:11:28,1.51,,demo
2026-08-15 09:11:39,1.27,,demo
2026-08-15 09:12:09,6.69,,demo
2026-08-15 09:12:26,2.03,,demo
2026-08-15 09:12:55,5.88,,demo
2026-08-15 09:13:25,6.03,,demo
2026-08-15 09:13:43,2.34,,demo
2026-08-15 09:14:16,6.92,,demo
2026-08-15 09:14:24,1.17,,demo
2026-08-15 09:14:37,1.52,,demo
2026-08-15 09:14:46,1.07,,demo
2026-08-15 09:14:57,1.21,,demo
2026-08-15 09:15:23,4.73,,demo
2026-08-15 09:15:31,1.00,,demo
2026-08-15 09:15:58,4.80,,demo
2026-08-15 09:16:10,1.43,,demo
2026-08-15 09:16:19,1.05,,demo
2026-08-15 09:16:35,1.94,,demo
2026-08-15 09:16:45,1.00,,demo
2026-08-15 09:16:53,1.17,,demo
2026-08-15 09:17:22,5.42,,demo
2026-08-15 09:17:53,6.97,,demo
2026-08-15 09:18:18,4.18,,demo
2026-08-15 09:18:31,1.59,,demo
2026-08-15 09:18:41,1.16,,demo
2026-08-15 09:18:59,2.34,,demo
2026-08-15 09:19:12,1.40,,demo
2026-08-15 09:19:31,2.47,,demo
2026-08-15 09:19:41,1.22,,demo
2026-08-15 09:19:49,1.05,,demo
2026-08-15 09:20:06,1.98,,demo
2026-08-15 09:20:14,1.03,,demo
2026-08-15 09:20:41,4.94,,demo
2026-08-15 09:20:51,1.13,,demo
2026-08-15 09:21:10,2.64,,demo
2026-08-15 09:21:45,9.27,,demo
2026-08-15 09:21:57,1.41,,demo
2026-08-15 09:22:07,1.19,,demo
2026-08-15 09:22:30,3.42,,demo
2026-08-15 09:22:45,1.71,,demo
2026-08-15 09:22:54,1.06,,demo
2026-08-15 09:23:19,4.44,,demo
2026-08-15 09:23:32,1.53,,demo
2026-08-15 09:23:42,1.17,,demo
2026-08-15 09:23:53,1.21,,demo
2026-08-15 09:24:03,1.21,,demo
2026-08-15 09:24:42,12.66,,demo
2026-08-15 09:24:53,1.27,,demo
2026-08-15 09:25:04,1.33,,demo
2026-08-15 09:25:19,1.81,,demo
2026-08-15 09:25:30,1.23,,demo
2026-08-15 09:26:19,32.25,,demo
2026-08-15 09:26:31,1.10,,demo
2026-08-15 09:26:41,1.45,,demo
2026-08-15 09:26:54,1.53,,demo
2026-08-15 09:27:16,3.18,,demo
2026-08-15 09:27:28,1.44,,demo
2026-08-15 09:27:41,1.50,,demo
2026-08-15 09:27:54,1.45,,demo
2026-08-15 09:28:04,1.20,,demo
2026-08-15 09:28:41,11.16,,demo
2026-08-15 09:28:56,1.83,,demo
2026-08-15 09:29:13,2.02,,demo
2026-08-15 09:29:31,2.32,,demo
2026-08-15 09:29:40,1.00,,demo
2026-08-15 09:29:51,1.33,,demo
2026-08-15 09:30:02,1.33,,demo
2026-08-15 09:30:24,3.26,,demo
2026-08-15 09:30:33,1.11,,demo
2026-08-15 09:30:52,2.42,,demo
2026-08-15 09:31:12,2.67,,demo
2026-08-15 09:31:41,5.89,,demo
2026-08-15 09:31:56,1.84,,demo
2026-08-15 09:32:11,1.71,,demo
2026-08-15 09:32:19,1.00,,demo
2026-08-15 09:32:32,1.50,,demo
2026-08-15 09:34:00,123.80,,demo
2026-08-15 09:34:00,1.19,,demo
2026-08-15 09:34:03,1.84,,demo
2026-08-15 09:34:15,1.24,,demo
2026-08-15 09:34:29,1.76,,demo
2026-08-15 09:34:38,1.12,,demo
2026-08-15 09:34:49,1.30,,demo
2026-08-15 09:34:59,1.14,,demo
2026-08-15 09:35:08,1.00,,demo
2026-08-15 09:35:21,1.61,,demo
2026-08-15 09:35:41,2.82,,demo
2026-08-15 09:35:58,2.04,,demo
2026-08-15 09:36:15,2.13,,demo
2026-08-15 09:36:54,13.51,,demo
2026-08-15 09:37:06,1.26,,demo
2026-08-15 09:37:19,1.61,,demo
2026-08-15 09:37:29,1.25,,demo
2026-08-15 09:37:49,2.69,,demo
2026-08-15 09:38:14,3.98,,demo
2026-08-15 09:38:51,11.15,,demo
2026-08-15 09:39:09,2.23,,demo
2026-08-15 09:39:23,1.50,,demo
2026-08-15 09:39:31,1.15,,demo
2026-08-15 09:39:55,3.82,,demo
2026-08-15 09:40:22,4.93,,demo
2026-08-15 09:40:35,1.45,,demo
2026-08-15 09:41:00,4.04,,demo
2026-08-15 09:41:17,2.09,,demo
2026-08-15 09:42:17,81.95,,demo
2026-08-15 09:42:33,1.83,,demo
2026-08-15 09:43:15,17.57,,demo
2026-08-15 09:43:44,5.73,,demo
2026-08-15 09:44:37,40.72,,demo
2026-08-15 09:44:47,1.18,,demo
2026-08-15 09:44:56,1.14,,demo
2026-08-15 09:45:15,2.51,,demo
2026-08-15 09:45:30,1.58,,demo
2026-08-15 09:45:41,1.40,,demo
2026-08-15 09:46:00,2.41,,demo
2026-08-15 09:46:34,8.48,,demo
2026-08-15 09:47:29,52.49,,demo
2026-08-15 09:48:06,11.43,,demo
2026-08-15 09:48:19,1.43,,demo
2026-08-15 09:48:33,1.71,,demo
2026-08-15 09:48:44,1.27,,demo
2026-08-15 09:48:56,1.39,,demo
2026-08-15 09:49:07,1.28,,demo
2026-08-15 09:49:16,1.06,,demo
2026-08-15 09:49:31,1.91,,demo
2026-08-15 09:49:42,1.22,,demo
2026-08-15 09:49:59,2.20,,demo
2026-08-15 09:50:27,5.14,,demo
2026-08-15 09:50:39,1.40,,demo
2026-08-15 09:50:48,1.05,,demo
2026-08-15 09:51:10,3.30,,demo
2026-08-15 09:51:41,6.57,,demo
2026-08-15 09:51:49,1.05,,demo
2026-08-15 09:52:17,5.26,,demo
2026-08-15 09:52:46,5.58,,demo
2026-08-15 09:52:56,1.20,,demo
2026-08-15 09:53:16,2.61,,demo
2026-08-15 09:53:32,1.99,,demo
2026-08-15 09:53:48,1.71,,demo
2026-08-15 09:53:59,1.48,,demo
2026-08-15 09:54:20,2.84,,demo
2026-08-15 09:54:36,2.03,,demo
2026-08-15 09:54:50,1.64,,demo
2026-08-15 09:55:03,1.46,,demo
2026-08-15 09:56:16,3.22,,demo
2026-08-15 09:56:16,1.00,,demo
2026-08-15 09:56:16,4.90,,demo
2026-08-15 09:56:41,14.96,,demo
2026-08-15 09:56:56,1.92,,demo
2026-08-15 09:57:19,3.34,,demo
2026-08-15 09:57:31,1.38,,demo
2026-08-15 09:57:39,1.04,,demo
2026-08-15 09:57:49,1.02,,demo
2026-08-15 09:57:57,1.12,,demo
2026-08-15 09:58:25,5.20,,demo
2026-08-15 09:58:53,5.10,,demo
2026-08-15 09:59:03,1.24,,demo
2026-08-15 09:59:16,1.48,,demo
2026-08-15 09:59:30,1.62,,demo
2026-08-15 09:59:44,1.62,,demo
2026-08-15 09:59:56,1.48,,demo
2026-08-15 10:00:12,1.88,,demo
2026-08-15 10:00:23,1.28,,demo
2026-08-15 10:00:33,1.09,,demo
2026-08-15 10:00:53,3.01,,demo
2026-08-15 10:01:14,2.80,,demo
2026-08-15 10:01:26,1.39,,demo
2026-08-15 10:01:58,7.52,,demo
2026-08-15 10:02:06,1.00,,demo
2026-08-15 10:02:20,1.70,,demo
2026-08-15 10:02:34,1.40,,demo
2026-08-15 10:02:45,1.50,,demo
2026-08-15 10:03:16,6.84,,demo
2026-08-15 10:03:31,1.65,,demo
2026-08-15 10:03:53,3.27,,demo
2026-08-15 10:04:04,1.31,,demo
2026-08-15 10:04:46,16.94,,demo
2026-08-15 10:05:00,1.50,,demo
2026-08-15 10:05:15,2.03,,demo
2026-08-15 10:05:30,1.69,,demo
2026-08-15 10:05:53,3.42,,demo
2026-08-15 10:06:15,3.34,,demo
2026-08-15 10:07:01,23.51,,demo
2026-08-15 10:07:53,40.37,,demo
2026-08-15 10:08:15,3.11,,demo
2026-08-15 10:08:44,5.68,,demo
2026-08-15 10:08:56,1.45,,demo
2026-08-15 10:09:41,22.06,,demo
2026-08-15 10:09:50,1.00,,demo
2026-08-15 10:10:20,6.32,,demo
2026-08-15 10:10:28,1.00,,demo
2026-08-15 10:10:38,1.19,,demo
2026-08-15 10:10:59,3.09,,demo
2026-08-15 10:11:16,1.99,,demo
2026-08-15 10:12:15,74.15,,demo
2026-08-15 10:12:50,8.81,,demo
2026-08-15 10:13:26,10.44,,demo
2026-08-15 10:13:40,1.65,,demo
2026-08-15 10:13:57,2.07,,demo
2026-08-15 10:14:14,2.09,,demo
2026-08-15 10:14:22,1.07,,demo
2026-08-15 10:14:32,1.11,,demo
2026-08-15 10:14:48,2.04,,demo
2026-08-15 10:15:05,2.02,,demo
2026-08-15 10:15:14,1.12,,demo
2026-08-15 10:15:26,1.33,,demo
2026-08-15 10:15:55,5.84,,demo
2026-08-15 10:16:03,1.06,,demo
2026-08-15 10:16:22,2.32,,demo
2026-08-15 10:16:36,1.75,,demo
2026-08-15 10:16:54,2.16,,demo
2026-08-15 10:17:25,7.09,,demo
2026-08-15 10:17:34,1.08,,demo
2026-08-15 10:17:46,1.37,,demo
2026-08-15 10:17:57,1.34,,demo
2026-08-15 10:18:53,5.14,,demo
2026-08-15 10:18:53,1.90,,demo
2026-08-15 10:18:53,1.26,,demo
2026-08-15 10:19:03,1.36,,demo
2026-08-15 10:19:16,1.44,,demo
2026-08-15 10:19:30,1.61,,demo
2026-08-15 10:20:13,19.92,,demo
2026-08-15 10:20:26,1.46,,demo
2026-08-15 10:20:35,1.04,,demo
2026-08-15 10:21:34,73.51,,demo
2026-08-15 10:21:48,1.57,,demo
2026-08-15 10:22:04,1.96,,demo
2026-08-15 10:22:38,8.95,,demo
2026-08-15 10:22:50,1.42,,demo
2026-08-15 10:23:13,3.45,,demo
2026-08-15 10:23:24,1.20,,demo
2026-08-15 10:23:42,2.40,,demo
2026-08-15 10:24:01,2.58,,demo
2026-08-15 10:24:18,2.11,,demo
2026-08-15 10:24:26,1.00,,demo
2026-08-15 10:24:45,2.32,,demo
2026-08-15 10:24:53,1.02,,demo
2026-08-15 10:25:05,1.25,,demo
2026-08-15 10:25:33,5.83,,demo
2026-08-15 10:25:56,3.69,,demo
2026-08-15 10:26:32,9.87,,demo
2026-08-15 10:26:54,3.22,,demo
2026-08-15 10:27:52,64.53,,demo
2026-08-15 10:28:02,1.21,,demo
2026-08-15 10:28:27,3.99,,demo
2026-08-15 10:28:36,1.05,,demo
2026-08-15 10:29:03,4.85,,demo
2026-08-15 10:29:13,1.20,,demo
2026-08-15 10:29:34,3.04,,demo
2026-08-15 10:30:08,8.82,,demo
2026-08-15 10:30:36,5.23,,demo
2026-08-15 10:31:10,8.29,,demo
2026-08-15 10:31:18,1.00,,demo
2026-08-15 10:31:39,3.03,,demo
2026-08-15 10:31:51,1.37,,demo
2026-08-15 10:32:04,1.49,,demo
2026-08-15 10:32:37,8.21,,demo
2026-08-15 10:32:47,1.15,,demo
2026-08-15 10:33:20,6.68,,demo
2026-08-15 10:33:36,2.38,,demo
2026-08-15 10:33:54,2.27,,demo
2026-08-15 10:34:06,1.36,,demo
2026-08-15 10:34:16,1.23,,demo
2026-08-15 10:34:39,4.01,,demo
2026-08-15 10:34:48,1.13,,demo
2026-08-15 10:35:10,3.05,,demo
2026-08-15 10:35:24,1.61,,demo
2026-08-15 10:36:00,11.16,,demo
2026-08-15 10:36:12,1.31,,demo
2026-08-15 10:36:25,1.61,,demo
2026-08-15 10:36:37,1.18,,demo
2026-08-15 10:36:53,2.13,,demo
2026-08-15 10:37:19,4.45,,demo
2026-08-15 10:37:40,3.11,,demo
2026-08-15 10:38:16,10.36,,demo
2026-08-15 10:39:01,21.74,,demo
2026-08-15 10:39:20,2.32,,demo
2026-08-15 10:39:29,1.09,,demo
2026-08-15 10:39:54,4.25,,demo
2026-08-15 10:40:14,2.70,,demo
2026-08-15 10:40:36,3.10,,demo
2026-08-15 10:41:41,1.75,,demo
2026-08-15 10:41:41,12.98,,demo
2026-08-15 10:41:55,4.33,,demo
2026-08-15 10:42:23,5.61,,demo
2026-08-15 10:42:36,1.47,,demo
2026-08-15 10:42:48,1.43,,demo
2026-08-15 10:43:30,15.78,,demo
2026-08-15 10:43:40,1.16,,demo
2026-08-15 10:43:48,1.07,,demo
2026-08-15 10:44:04,1.90,,demo
2026-08-15 10:44:23,2.55,,demo
2026-08-15 10:44:49,4.28,,demo
2026-08-15 10:45:17,5.44,,demo
2026-08-15 10:45:27,1.13,,demo
2026-08-15 10:45:38,1.37,,demo
2026-08-15 10:46:04,4.47,,demo
2026-08-15 10:46:39,9.13,,demo
2026-08-15 10:47:35,55.93,,demo
2026-08-15 10:48:15,14.30,,demo
2026-08-15 10:49:53,1698.98,,demo
2026-08-15 10:50:11,2.32,,demo
2026-08-15 10:50:25,1.64,,demo
2026-08-15 10:50:36,1.27,,demo
2026-08-15 10:50:49,1.58,,demo
2026-08-15 10:51:13,3.91,,demo
2026-08-15 10:51:29,1.85,,demo
2026-08-15 10:51:53,3.73,,demo
2026-08-15 10:52:17,4.00,,demo
2026-08-15 10:53:07,30.73,,demo
2026-08-15 10:53:16,1.13,,demo
2026-08-15 10:53:28,1.35,,demo
2026-08-15 10:53:40,1.42,,demo
2026-08-15 10:53:54,1.67,,demo
2026-08-15 10:54:14,2.75,,demo
2026-08-15 10:55:27,207.50,,demo
2026-08-15 10:55:37,1.28,,demo
2026-08-15 10:55:50,1.42,,demo
2026-08-15 10:56:10,2.92,,demo
2026-08-15 10:56:20,1.12,,demo
2026-08-15 10:56:28,1.00,,demo
2026-08-15 10:56:44,1.92,,demo
2026-08-15 10:57:23,13.14,,demo
2026-08-15 10:57:56,8.33,,demo
2026-08-15 10:58:13,2.02,,demo
2026-08-15 10:58:25,1.41,,demo
2026-08-15 10:58:33,1.05,,demo
2026-08-15 10:58:43,1.16,,demo
2026-08-15 10:58:52,1.08,,demo
2026-08-15 10:59:05,1.49,,demo
2026-08-15 10:59:37,7.15,,demo
2026-08-15 10:59:54,2.24,,demo
2026-08-15 11:00:13,2.38,,demo
2026-08-15 11:00:23,1.05,,demo
2026-08-15 11:00:32,1.21,,demo
2026-08-15 11:01:01,5.87,,demo
2026-08-15 11:01:11,1.13,,demo
2026-08-15 11:01:27,2.05,,demo
2026-08-15 11:01:55,5.25,,demo
2026-08-15 11:02:18,3.49,,demo
2026-08-15 11:02:30,1.39,,demo
2026-08-15 11:02:41,1.20,,demo
2026-08-15 11:03:00,2.69,,demo
2026-08-15 11:04:12,3.67,,demo
2026-08-15 11:04:12,2.78,,demo
2026-08-15 11:04:12,2.06,,demo
2026-08-15 11:04:17,1.99,,demo
2026-08-15 11:04:32,1.66,,demo
2026-08-15 11:04:44,1.45,,demo
2026-08-15 11:04:59,1.76,,demo
2026-08-15 11:05:08,1.09,,demo
2026-08-15 11:05:31,3.46,,demo
2026-08-15 11:05:41,1.19,,demo
2026-08-15 11:06:00,2.50,,demo
2026-08-15 11:06:22,3.26,,demo
2026-08-15 11:06:32,1.00,,demo
2026-08-15 11:06:43,1.30,,demo
2026-08-15 11:06:52,1.05,,demo
2026-08-15 11:07:21,5.92,,demo
2026-08-15 11:07:32,1.15,,demo
2026-08-15 11:07:42,1.26,,demo
2026-08-15 11:08:21,12.89,,demo
2026-08-15 11:08:32,1.27,,demo
2026-08-15 11:08:40,1.00,,demo
2026-08-15 11:08:53,1.62,,demo
2026-08-15 11:09:29,9.59,,demo
2026-08-15 11:09:40,1.35,,demo
2026-08-15 11:09:58,2.27,,demo
2026-08-15 11:10:32,8.80,,demo
2026-08-15 11:10:49,2.06,,demo
2026-08-15 11:11:49,75.82,,demo
2026-08-15 11:12:44,49.89,,demo
2026-08-15 11:12:54,1.19,,demo
2026-08-15 11:14:00,128.08,,demo
2026-08-15 11:14:16,1.87,,demo
2026-08-15 11:14:47,6.91,,demo
2026-08-15 11:15:28,15.63,,demo
2026-08-15 11:15:45,2.17,,demo
2026-08-15 11:15:56,1.21,,demo
2026-08-15 11:16:07,1.32,,demo
2026-08-15 11:16:41,8.28,,demo
2026-08-15 11:16:51,1.13,,demo
2026-08-15 11:17:00,1.23,,demo
2026-08-15 11:17:22,3.20,,demo
2026-08-15 11:17:56,8.39,,demo
2026-08-15 11:18:20,3.85,,demo
2026-08-15 11:18:30,1.19,,demo
2026-08-15 11:19:04,8.45,,demo
2026-08-15 11:19:22,2.20,,demo
2026-08-15 11:19:42,2.79,,demo
2026-08-15 11:19:58,1.92,,demo
2026-08-15 11:20:14,2.06,,demo
2026-08-15 11:20:27,1.43,,demo
2026-08-15 11:21:00,7.67,,demo
2026-08-15 11:21:10,1.25,,demo
2026-08-15 11:21:26,1.99,,demo
2026-08-15 11:21:43,2.06,,demo
2026-08-15 11:21:51,1.01,,demo
2026-08-15 11:22:17,4.42,,demo
2026-08-15 11:22:28,1.31,,demo
2026-08-15 11:22:46,2.20,,demo
2026-08-15 11:23:02,2.01,,demo
2026-08-15 11:23:19,2.10,,demo
2026-08-15 11:23:43,3.84,,demo
2026-08-15 11:23:52,1.08,,demo
2026-08-15 11:25:08,3.02,,demo
2026-08-15 11:25:08,2.11,,demo
2026-08-15 11:25:08,8.08,,demo
2026-08-15 11:25:33,6.01,,demo
2026-08-15 11:25:45,1.34,,demo
2026-08-15 11:26:40,50.50,,demo
2026-08-15 11:26:48,1.04,,demo
2026-08-15 11:27:02,1.61,,demo
2026-08-15 11:27:11,1.01,,demo
2026-08-15 11:27:47,11.31,,demo
2026-08-15 11:28:35,26.66,,demo
2026-08-15 11:28:44,1.12,,demo
2026-08-15 11:29:05,2.86,,demo
2026-08-15 11:29:15,1.12,,demo
2026-08-15 11:29:27,1.43,,demo
2026-08-15 11:29:42,1.89,,demo
2026-08-15 11:30:06,3.63,,demo
2026-08-15 11:30:38,7.75,,demo
2026-08-15 11:31:07,5.74,,demo
2026-08-15 11:32:08,76.59,,demo
2026-08-15 11:32:31,3.68,,demo
2026-08-15 11:32:42,1.22,,demo
2026-08-15 11:33:10,5.30,,demo
2026-08-15 11:33:23,1.50,,demo
2026-08-15 11:33:48,4.04,,demo
2026-08-15 11:34:26,12.78,,demo
2026-08-15 11:34:42,2.00,,demo
2026-08-15 11:35:08,4.37,,demo
2026-08-15 11:35:26,2.34,,demo
2026-08-15 11:35:49,3.24,,demo
2026-08-15 11:36:07,2.38,,demo
2026-08-15 11:36:23,1.73,,demo
2026-08-15 11:36:36,1.78,,demo
2026-08-15 11:36:57,2.65,,demo
2026-08-15 11:37:33,10.52,,demo
2026-08-15 11:37:41,1.00,,demo
2026-08-15 11:37:55,1.67,,demo
2026-08-15 11:38:13,2.20,,demo
2026-08-15 11:38:30,2.28,,demo
2026-08-15 11:38:51,3.00,,demo
2026-08-15 11:39:16,4.16,,demo
2026-08-15 11:39:30,1.53,,demo
2026-08-15 11:39:47,2.15,,demo
2026-08-15 11:40:20,8.09,,demo
2026-08-15 11:40:37,2.04,,demo
2026-08-15 11:40:49,1.40,,demo
2026-08-15 11:41:07,2.22,,demo
2026-08-15 11:41:16,1.17,,demo
2026-08-15 11:41:33,2.06,,demo
2026-08-15 11:41:56,3.61,,demo
2026-08-15 11:42:18,3.15,,demo
2026-08-15 11:42:37,2.41,,demo
2026-08-15 11:42:48,1.35,,demo
2026-08-15 11:43:01,1.47,,demo
2026-08-15 11:43:12,1.27,,demo
2026-08-15 11:43:21,1.06,,demo
2026-08-15 11:43:45,4.04,,demo
2026-08-15 11:44:01,1.91,,demo
2026-08-15 11:44:19,2.18,,demo
2026-08-15 11:44:52,8.21,,demo
2026-08-15 11:45:10,2.34,,demo
2026-08-15 11:46:08,62.84,,demo
2026-08-15 11:47:24,2.68,,demo
2026-08-15 11:47:24,5.40,,demo
2026-08-15 11:47:24,1.03,,demo
2026-08-15 11:47:46,16.65,,demo
2026-08-15 11:47:59,1.45,,demo
2026-08-15 11:48:14,1.87,,demo
2026-08-15 11:49:04,31.51,,demo
2026-08-15 11:49:16,1.45,,demo
2026-08-15 11:49:29,1.48,,demo
2026-08-15 11:49:49,2.68,,demo
2026-08-15 11:50:06,2.23,,demo
2026-08-15 11:50:32,4.18,,demo
2026-08-15 11:50:56,3.87,,demo
2026-08-15 11:51:24,5.24,,demo
2026-08-15 11:51:34,1.18,,demo
2026-08-15 11:51:49,1.86,,demo
2026-08-15 11:52:10,2.67,,demo
2026-08-15 11:52:38,5.75,,demo
2026-08-15 11:52:51,1.47,,demo
2026-08-15 11:53:02,1.30,,demo
2026-08-15 11:53:13,1.24,,demo
2026-08-15 11:53:21,1.00,,demo
2026-08-15 11:54:20,70.83,,demo
2026-08-15 11:54:31,1.34,,demo
2026-08-15 11:54:48,2.12,,demo
2026-08-15 11:54:58,1.15,,demo
2026-08-15 11:55:11,1.51,,demo
2026-08-15 11:55:39,5.14,,demo
2026-08-15 11:56:01,3.04,,demo
2026-08-15 11:56:35,9.23,,demo
2026-08-15 11:56:52,2.15,,demo
2026-08-15 11:57:01,1.07,,demo
2026-08-15 11:57:32,1.60,,demo
2026-08-15 11:57:45,6.55,,demo
2026-08-15 11:57:57,1.39,,demo
2026-08-15 11:58:09,1.40,,demo
2026-08-15 11:58:20,1.24,,demo
2026-08-15 11:58:33,1.52,,demo
2026-08-15 11:58:54,2.99,,demo
2026-08-15 11:59:19,3.42,,demo
2026-08-15 11:59:29,1.39,,demo
2026-08-15 11:59:42,1.51,,demo
2026-08-15 11:59:50,1.03,,demo
2026-08-15 12:00:03,1.54,,demo
2026-08-15 12:00:17,1.60,,demo
2026-08-15 12:00:43,4.47,,demo
2026-08-15 12:01:00,2.17,,demo
2026-08-15 12:01:20,2.72,,demo
2026-08-15 12:01:35,1.69,,demo
2026-08-15 12:02:10,9.49,,demo
2026-08-15 12:02:30,2.73,,demo
2026-08-15 12:02:47,2.10,,demo
2026-08-15 12:04:16,864.07,,demo
2026-08-15 12:04:27,1.27,,demo
2026-08-15 12:04:35,1.00,,demo
2026-08-15 12:04:55,2.62,,demo
2026-08-15 12:05:04,1.14,,demo
2026-08-15 12:05:15,1.30,,demo
2026-08-15 12:05:40,3.90,,demo
2026-08-15 12:06:03,3.51,,demo
2026-08-15 12:06:23,2.76,,demo
2026-08-15 12:06:38,1.75,,demo
2026-08-15 12:06:46,1.01,,demo
2026-08-15 12:07:05,2.49,,demo
2026-08-15 12:07:34,5.63,,demo
2026-08-15 12:07:53,2.52,,demo
2026-08-15 12:08:06,1.49,,demo
2026-08-15 12:08:15,1.07,,demo
2026-08-15 12:08:25,1.27,,demo
2026-08-15 12:09:01,9.51,,demo
2026-08-15 12:09:48,26.27,,demo
2026-08-15 12:10:26,12.03,,demo
2026-08-15 12:10:37,1.30,,demo
2026-08-15 12:11:12,9.18,,demo
2026-08-15 12:11:47,10.09,,demo
2026-08-15 12:12:13,4.31,,demo
2026-08-15 12:13:29,1.98,,demo
2026-08-15 12:13:29,8.49,,demo
2026-08-15 12:13:29,1.02,,demo
2026-08-15 12:13:29,1.89,,demo
2026-08-15 12:13:47,2.63,,demo
2026-08-15 12:13:55,1.01,,demo
2026-08-15 12:14:08,1.55,,demo
2026-08-15 12:14:25,2.17,,demo
2026-08-15 12:14:40,1.72,,demo
2026-08-15 12:14:52,1.37,,demo
2026-08-15 12:15:03,1.33,,demo
2026-08-15 12:15:23,2.64,,demo
2026-08-15 12:15:37,1.67,,demo
2026-08-15 12:15:48,1.30,,demo
2026-08-15 12:15:57,1.09,,demo
2026-08-15 12:16:21,3.56,,demo
2026-08-15 12:16:46,4.15,,demo
2026-08-15 12:16:54,1.00,,demo
2026-08-15 12:17:13,2.56,,demo
2026-08-15 12:17:31,2.18,,demo
2026-08-15 12:17:46,1.80,,demo
2026-08-15 12:17:54,1.03,,demo
2026-08-15 12:18:18,3.66,,demo
2026-08-15 12:18:45,5.11,,demo
2026-08-15 12:19:11,4.29,,demo
2026-08-15 12:19:37,4.45,,demo
2026-08-15 12:20:05,5.46,,demo
2026-08-15 12:20:18,1.47,,demo
2026-08-15 12:20:33,1.91,,demo
2026-08-15 12:21:00,4.53,,demo
2026-08-15 12:21:23,3.53,,demo
2026-08-15 12:21:37,1.61,,demo
2026-08-15 12:21:52,1.84,,demo
2026-08-15 12:22:14,3.17,,demo
2026-08-15 12:22:37,3.56,,demo
2026-08-15 12:23:24,24.93,,demo
2026-08-15 12:23:35,1.33,,demo
2026-08-15 12:23:58,3.50,,demo
2026-08-15 12:24:07,1.02,,demo
2026-08-15 12:25:11,107.17,,demo
2026-08-15 12:25:35,3.77,,demo
2026-08-15 12:25:52,2.16,,demo
2026-08-15 12:26:26,8.47,,demo
2026-08-15 12:27:01,10.00,,demo
2026-08-15 12:27:11,1.17,,demo
2026-08-15 12:27:27,1.92,,demo
2026-08-15 12:27:36,1.04,,demo
2026-08-15 12:27:47,1.34,,demo
2026-08-15 12:28:46,66.79,,demo
2026-08-15 12:29:01,1.81,,demo
2026-08-15 12:29:15,1.72,,demo
2026-08-15 12:29:47,7.23,,demo
2026-08-15 12:29:59,1.43,,demo
2026-08-15 12:30:11,1.30,,demo
2026-08-15 12:31:00,31.56,,demo
2026-08-15 12:31:39,13.40,,demo
2026-08-15 12:32:26,24.45,,demo
2026-08-15 12:32:46,2.75,,demo
2026-08-15 12:33:00,1.64,,demo
2026-08-15 12:33:15,1.83,,demo
2026-08-15 12:33:25,1.16,,demo
2026-08-15 12:33:52,5.00,,demo
2026-08-15 12:34:04,1.35,,demo
2026-08-15 12:34:13,1.11,,demo
2026-08-15 12:34:47,8.30,,demo
2026-08-15 12:34:59,1.40,,demo
2026-08-15 12:35:08,1.11,,demo
2026-08-15 12:35:17,1.11,,demo
2026-08-15 12:35:28,1.25,,demo
2026-08-15 12:36:39,187.66,,demo
2026-08-15 12:36:55,2.02,,demo
2026-08-15 12:37:06,1.21,,demo
2026-08-15 12:37:18,1.45,,demo
2026-08-15 12:37:33,1.73,,demo
2026-08-15 12:37:45,1.48,,demo
2026-08-15 12:38:09,3.53,,demo
2026-08-15 12:38:25,2.01,,demo
2026-08-15 12:38:45,2.74,,demo
2026-08-15 12:38:54,1.06,,demo
2026-08-15 12:39:09,1.87,,demo
2026-08-15 12:39:45,10.13,,demo
2026-08-15 12:39:55,1.18,,demo
2026-08-15 12:40:08,1.50,,demo
2026-08-15 12:40:21,1.48,,demo
2026-08-15 12:40:29,1.00,,demo
2026-08-15 12:40:39,1.20,,demo
2026-08-15 12:40:50,1.21,,demo
2026-08-15 12:40:58,1.00,,demo
2026-08-15 12:41:08,1.24,,demo
2026-08-15 12:41:22,1.61,,demo
2026-08-15 12:41:53,6.89,,demo
2026-08-15 12:42:11,2.19,,demo
2026-08-15 12:42:24,1.54,,demo
2026-08-15 12:42:45,2.97,,demo
2026-08-15 12:43:00,1.85,,demo
2026-08-15 12:43:17,2.10,,demo
2026-08-15 12:43:29,1.33,,demo
2026-08-15 12:43:43,1.70,,demo
2026-08-15 12:43:56,1.53,,demo
2026-08-15 12:44:17,2.91,,demo
2026-08-15 12:44:35,2.24,,demo
2026-08-15 12:44:59,3.88,,demo
2026-08-15 12:45:23,3.90,,demo
2026-08-15 12:45:32,1.07,,demo
2026-08-15 12:45:40,1.01,,demo
2026-08-15 12:46:26,1.19,,demo
2026-08-15 12:46:26,2.92,,demo
2026-08-15 12:46:30,2.41,,demo
2026-08-15 12:46:50,2.77,,demo
2026-08-15 12:47:09,2.48,,demo
2026-08-15 12:47:30,2.78,,demo
2026-08-15 12:47:53,3.77,,demo
2026-08-15 12:48:14,2.75,,demo
2026-08-15 12:48:23,1.08,,demo
2026-08-15 12:48:43,2.87,,demo
2026-08-15 12:48:54,1.28,,demo
2026-08-15 12:49:59,114.00,,demo
2026-08-15 12:50:23,3.77,,demo
2026-08-15 12:51:21,62.99,,demo
2026-08-15 12:51:40,2.46,,demo
2026-08-15 12:51:51,1.36,,demo
2026-08-15 12:52:00,1.06,,demo
2026-08-15 12:52:19,2.43,,demo
2026-08-15 12:52:35,2.04,,demo
2026-08-15 12:52:45,1.12,,demo
2026-08-15 12:53:13,5.21,,demo
2026-08-15 12:53:24,1.27,,demo
2026-08-15 12:53:32,1.04,,demo
2026-08-15 12:53:55,3.32,,demo
2026-08-15 12:54:18,3.62,,demo
2026-08-15 12:54:37,2.55,,demo
2026-08-15 12:54:45,1.00,,demo
2026-08-15 12:54:58,1.53,,demo
2026-08-15 12:55:12,1.53,,demo
2026-08-15 12:55:20,1.02,,demo
2026-08-15 12:55:44,3.67,,demo
2026-08-15 12:56:15,6.82,,demo
2026-08-15 12:56:40,4.30,,demo
2026-08-15 12:57:21,14.93,,demo
2026-08-15 12:57:42,3.04,,demo
2026-08-15 12:58:08,4.42,,demo
2026-08-15 12:58:25,2.11,,demo
2026-08-15 12:58:36,1.29,,demo
2026-08-15 12:58:44,1.00,,demo
2026-08-15 12:59:44,74.39,,demo
2026-08-15 13:00:19,9.40,,demo
2026-08-15 13:00:32,1.52,,demo
2026-08-15 13:00:42,1.21,,demo
2026-08-15 13:01:14,7.19,,demo
2026-08-15 13:01:27,1.53,,demo
2026-08-15 13:01:37,1.21,,demo
2026-08-15 13:01:47,1.12,,demo
2026-08-15 13:02:07,2.76,,demo
2026-08-15 13:02:23,1.95,,demo
2026-08-15 13:02:46,3.55,,demo
2026-08-15 13:02:59,1.49,,demo
2026-08-15 13:03:10,1.23,,demo
2026-08-15 13:03:19,1.15,,demo
2026-08-15 13:03:38,2.39,,demo
2026-08-15 13:03:52,1.72,,demo
2026-08-15 13:04:08,1.87,,demo
2026-08-15 13:04:51,18.47,,demo
2026-08-15 13:05:53,87.27,,demo
2026-08-15 13:06:07,1.78,,demo
2026-08-15 13:06:27,2.65,,demo
2026-08-15 13:06:39,1.33,,demo
2026-08-15 13:06:59,2.72,,demo
2026-08-15 13:07:09,1.25,,demo
2026-08-15 13:07:36,4.51,,demo
2026-08-15 13:07:45,1.17,,demo
2026-08-15 13:07:58,1.41,,demo
2026-08-15 13:08:10,1.47,,demo
2026-08-15 13:08:42,7.24,,demo
2026-08-15 13:09:09,4.79,,demo
2026-08-15 13:09:18,1.14,,demo
2026-08-15 13:09:39,2.94,,demo
2026-08-15 13:09:49,1.14,,demo
2026-08-15 13:10:11,3.27,,demo
2026-08-15 13:10:22,1.21,,demo
2026-08-15 13:10:40,2.40,,demo
2026-08-15 13:10:52,1.33,,demo
2026-08-15 13:11:00,1.01,,demo
2026-08-15 13:11:16,1.97,,demo
2026-08-15 13:11:28,1.43,,demo
2026-08-15 13:11:42,1.65,,demo
2026-08-15 13:12:43,82.26,,demo
2026-08-15 13:12:52,1.05,,demo
2026-08-15 13:13:10,2.26,,demo
2026-08-15 13:13:24,1.71,,demo
2026-08-15 13:13:39,1.72,,demo
2026-08-15 13:13:47,1.00,,demo
2026-08-15 13:14:06,2.62,,demo
2026-08-15 13:14:14,1.00,,demo
2026-08-15 13:14:29,1.76,,demo
2026-08-15 13:14:47,2.22,,demo
2026-08-15 13:15:16,5.89,,demo
2026-08-15 13:15:44,5.15,,demo
2026-08-15 13:16:03,2.59,,demo
2026-08-15 13:16:27,3.58,,demo
2026-08-15 13:16:54,4.98,,demo
2026-08-15 13:17:08,1.59,,demo
2026-08-15 13:17:16,1.06,,demo
2026-08-15 13:17:34,2.25,,demo
2026-08-15 13:18:07,1.35,,demo
2026-08-15 13:18:07,1.02,,demo
2026-08-15 13:18:08,1.57,,demo
2026-08-15 13:18:25,2.28,,demo
2026-08-15 13:18:35,1.16,,demo
2026-08-15 13:18:58,3.55,,demo
2026-08-15 13:19:13,1.68,,demo
2026-08-15 13:19:26,1.56,,demo
2026-08-15 13:19:36,1.14,,demo
2026-08-15 13:19:44,1.01,,demo
2026-08-15 13:19:54,1.15,,demo
2026-08-15 13:20:10,2.01,,demo
2026-08-15 13:20:29,2.43,,demo
2026-08-15 13:20:37,1.00,,demo
2026-08-15 13:20:57,2.69,,demo
2026-08-15 13:21:17,2.73,,demo
2026-08-15 13:21:25,1.03,,demo
2026-08-15 13:21:59,8.33,,demo
2026-08-15 13:22:11,1.48,,demo
2026-08-15 13:22:33,3.11,,demo
2026-08-15 13:23:27,46.87,,demo
2026-08-15 13:23:35,1.02,,demo
2026-08-15 13:23:53,2.23,,demo
2026-08-15 13:24:16,3.31,,demo
2026-08-15 13:24:31,1.81,,demo
2026-08-15 13:24:44,1.49,,demo
2026-08-15 13:25:01,2.30,,demo
2026-08-15 13:25:30,5.45,,demo
2026-08-15 13:25:41,1.33,,demo
2026-08-15 13:26:04,3.29,,demo
2026-08-15 13:27:07,97.31,,demo
2026-08-15 13:27:25,2.31,,demo
2026-08-15 13:27:33,1.02,,demo
2026-08-15 13:27:44,1.24,,demo
2026-08-15 13:27:53,1.13,,demo
2026-08-15 13:28:03,1.16,,demo
2026-08-15 13:28:11,1.03,,demo
2026-08-15 13:28:24,1.50,,demo
2026-08-15 13:28:42,2.20,,demo
2026-08-15 13:28:52,1.21,,demo
2026-08-15 13:29:02,1.17,,demo
2026-08-15 13:29:10,1.01,,demo
2026-08-15 13:29:33,3.56,,demo
2026-08-15 13:29:50,1.99,,demo
2026-08-15 13:30:13,3.49,,demo
2026-08-15 13:30:26,1.52,,demo
2026-08-15 13:30:34,1.03,,demo
2026-08-15 13:30:47,1.54,,demo
2026-08-15 13:31:12,4.04,,demo
2026-08-15 13:31:25,1.49,,demo
2026-08-15 13:31:33,1.01,,demo
2026-08-15 13:31:42,1.11,,demo
2026-08-15 13:31:57,1.69,,demo
2026-08-15 13:32:26,6.11,,demo
2026-08-15 13:32:47,2.88,,demo
2026-08-15 13:32:55,1.00,,demo
2026-08-15 13:33:16,2.88,,demo
2026-08-15 13:33:49,8.20,,demo
2026-08-15 13:34:17,5.22,,demo
2026-08-15 13:34:42,4.13,,demo
2026-08-15 13:34:57,1.75,,demo
2026-08-15 13:35:48,35.85,,demo
2026-08-15 13:36:28,13.97,,demo
2026-08-15 13:37:00,7.47,,demo
2026-08-15 13:37:17,2.11,,demo
2026-08-15 13:37:25,1.02,,demo
2026-08-15 13:37:39,1.68,,demo
2026-08-15 13:38:06,4.90,,demo
2026-08-15 13:38:16,1.17,,demo
2026-08-15 13:38:25,1.05,,demo
2026-08-15 13:38:43,2.27,,demo
2026-08-15 13:39:06,3.41,,demo
2026-08-15 13:39:15,1.09,,demo
2026-08-15 13:39:26,1.31,,demo
2026-08-15 13:39:42,1.95,,demo
2026-08-15 13:39:56,1.59,,demo
2026-08-15 13:40:13,2.14,,demo
2026-08-15 13:40:34,2.93,,demo
2026-08-15 13:40:44,1.19,,demo
2026-08-15 13:41:24,14.92,,demo
2026-08-15 13:41:48,3.73,,demo
2026-08-15 13:42:11,3.41,,demo
2026-08-15 13:43:06,51.62,,demo
2026-08-15 13:43:33,4.77,,demo
2026-08-15 13:44:21,27.07,,demo
2026-08-15 13:44:43,3.25,,demo
2026-08-15 13:44:51,1.05,,demo
2026-08-15 13:45:03,1.32,,demo
2026-08-15 13:45:35,7.28,,demo
2026-08-15 13:45:51,1.96,,demo
2026-08-15 13:46:21,6.18,,demo
2026-08-15 13:46:57,11.08,,demo
2026-08-15 13:47:28,6.27,,demo
2026-08-15 13:47:47,2.63,,demo
2026-08-15 13:48:06,2.55,,demo
2026-08-15 13:48:22,1.95,,demo
2026-08-15 13:48:31,1.05,,demo
2026-08-15 13:48:42,1.30,,demo
2026-08-15 13:48:51,1.10,,demo
2026-08-15 13:49:00,1.02,,demo
2026-08-15 13:49:19,2.55,,demo
2026-08-15 13:49:41,3.15,,demo
2026-08-15 13:50:06,4.31,,demo
2026-08-15 13:50:34,1.09,,demo
2026-08-15 13:50:49,8.49,,demo
2026-08-15 13:51:01,1.36,,demo
2026-08-15 13:51:23,3.38,,demo
2026-08-15 13:51:50,4.55,,demo
2026-08-15 13:52:09,2.45,,demo
2026-08-15 13:52:18,1.13,,demo
2026-08-15 13:52:27,1.05,,demo
2026-08-15 13:53:16,31.63,,demo
2026-08-15 13:53:41,3.93,,demo
2026-08-15 13:53:49,1.07,,demo
2026-08-15 13:54:07,2.23,,demo
2026-08-15 13:55:11,102.68,,demo
2026-08-15 13:55:20,1.10,,demo
2026-08-15 13:55:31,1.28,,demo
2026-08-15 13:56:14,18.95,,demo
2026-08-15 13:56:39,3.88,,demo
2026-08-15 13:56:47,1.03,,demo
2026-08-15 13:56:57,1.21,,demo
2026-08-15 13:57:13,1.95,,demo
2026-08-15 13:57:27,1.61,,demo
2026-08-15 13:57:53,4.51,,demo
2026-08-15 13:58:11,2.21,,demo
2026-08-15 13:58:39,5.24,,demo
2026-08-15 13:59:01,3.23,,demo
2026-08-15 13:59:12,1.36,,demo
2026-08-15 14:00:06,45.62,,demo
2026-08-15 14:00:20,1.55,,demo
2026-08-15 14:00:30,1.21,,demo
2026-08-15 14:00:40,1.20,,demo
2026-08-15 14:00:54,1.57,,demo
2026-08-15 14:01:18,3.85,,demo
2026-08-15 14:01:34,2.04,,demo
2026-08-15 14:02:04,6.02,,demo
2026-08-15 14:02:44,13.81,,demo
2026-08-15 14:02:57,1.56,,demo
2026-08-15 14:03:18,2.94,,demo
2026-08-15 14:03:37,2.57,,demo
2026-08-15 14:03:51,1.62,,demo
2026-08-15 14:04:02,1.23,,demo
2026-08-15 14:04:19,2.11,,demo
2026-08-15 14:05:17,64.94,,demo
2026-08-15 14:05:35,2.30,,demo
2026-08-15 14:05:58,3.59,,demo
2026-08-15 14:06:08,1.14,,demo
2026-08-15 14:06:21,1.56,,demo
2026-08-15 14:06:31,1.13,,demo
2026-08-15 14:06:51,2.77,,demo
2026-08-15 14:07:02,1.32,,demo
2026-08-15 14:07:29,4.92,,demo
2026-08-15 14:07:43,1.55,,demo
2026-08-15 14:08:46,101.91,,demo
2026-08-15 14:09:07,2.78,,demo
2026-08-15 14:09:21,1.71,,demo
2026-08-15 14:09:31,1.13,,demo
2026-08-15 14:09:39,1.07,,demo
2026-08-15 14:10:02,3.46,,demo
2026-08-15 14:10:19,2.11,,demo
2026-08-15 14:10:39,2.55,,demo
2026-08-15 14:11:04,4.29,,demo
2026-08-15 14:11:16,1.37,,demo
2026-08-15 14:11:32,2.04,,demo
2026-08-15 14:11:56,3.65,,demo
2026-08-15 14:12:02,1.01,,demo
2026-08-15 14:12:13,1.23,,demo
2026-08-15 14:12:26,1.50,,demo
2026-08-15 14:12:40,1.69,,demo
2026-08-15 14:13:04,3.79,,demo
2026-08-15 14:13:44,13.84,,demo
2026-08-15 14:14:10,4.70,,demo
2026-08-15 14:14:19,1.06,,demo
2026-08-15 14:14:30,1.34,,demo
2026-08-15 14:15:19,28.31,,demo
2026-08-15 14:15:47,5.61,,demo
2026-08-15 14:16:06,2.41,,demo
2026-08-15 14:16:24,2.31,,demo
2026-08-15 14:16:53,5.55,,demo
2026-08-15 14:17:10,2.26,,demo
2026-08-15 14:17:18,1.00,,demo
2026-08-15 14:18:08,30.79,,demo
2026-08-15 14:18:16,1.00,,demo
2026-08-15 14:18:24,1.03,,demo
2026-08-15 14:18:46,3.20,,demo
2026-08-15 14:19:11,4.19,,demo
2026-08-15 14:19:19,1.00,,demo
2026-08-15 14:19:39,2.57,,demo
2026-08-15 14:19:57,2.29,,demo
2026-08-15 14:20:19,3.16,,demo
2026-08-15 14:20:28,1.15,,demo
2026-08-15 14:20:40,1.42,,demo
2026-08-15 14:21:08,4.95,,demo
2026-08-15 14:21:16,1.07,,demo
2026-08-15 14:21:30,1.58,,demo
2026-08-15 14:21:49,2.52,,demo
2026-08-15 14:22:18,5.88,,demo
2026-08-15 14:22:41,3.46,,demo
2026-08-15 14:22:50,1.09,,demo
2026-08-15 14:23:02,1.33,,demo
2026-08-15 14:23:11,1.09,,demo
2026-08-15 14:23:29,2.32,,demo
2026-08-15 14:23:37,1.00,,demo
2026-08-15 14:23:51,1.65,,demo
2026-08-15 14:24:21,5.99,,demo
2026-08-15 14:24:39,2.35,,demo
2026-08-15 14:25:12,2.12,,demo
2026-08-15 14:25:12,1.46,,demo
2026-08-15 14:25:20,1.30,,demo
2026-08-15 14:25:40,2.70,,demo
2026-08-15 14:25:49,1.10,,demo
2026-08-15 14:26:02,1.50,,demo
2026-08-15 14:26:26,3.94,,demo
2026-08-15 14:26:47,2.80,,demo
2026-08-15 14:27:16,5.80,,demo
2026-08-15 14:27:35,2.61,,demo
2026-08-15 14:27:49,1.66,,demo
2026-08-15 14:28:07,2.21,,demo
2026-08-15 14:28:19,1.34,,demo
2026-08-15 14:28:31,1.40,,demo
2026-08-15 14:28:40,1.12,,demo
2026-08-15 14:28:53,1.56,,demo
2026-08-15 14:29:02,1.04,,demo
2026-08-15 14:29:16,1.61,,demo
2026-08-15 14:29:34,2.29,,demo
2026-08-15 14:30:08,9.15,,demo
2026-08-15 14:30:54,22.84,,demo
2026-08-15 14:31:05,1.31,,demo
2026-08-15 14:31:20,1.77,,demo
2026-08-15 14:31:41,3.04,,demo
2026-08-15 14:32:16,9.27,,demo
2026-08-15 14:32:25,1.06,,demo
2026-08-15 14:32:39,1.60,,demo
2026-08-15 14:32:52,1.61,,demo
2026-08-15 14:33:22,6.33,,demo
2026-08-15 14:33:34,1.32,,demo
2026-08-15 14:34:09,9.23,,demo
2026-08-15 14:34:22,1.52,,demo
2026-08-15 14:34:41,2.65,,demo
2026-08-15 14:35:17,9.94,,demo
2026-08-15 14:35:39,3.33,,demo
2026-08-15 14:36:11,6.88,,demo
2026-08-15 14:36:20,1.17,,demo
2026-08-15 14:36:34,1.54,,demo
2026-08-15 14:37:04,6.30,,demo
2026-08-15 14:37:22,2.23,,demo
2026-08-15 14:37:33,1.29,,demo
2026-08-15 14:37:41,1.05,,demo
2026-08-15 14:37:51,1.17,,demo
2026-08-15 14:38:17,4.25,,demo
2026-08-15 14:38:48,7.15,,demo
2026-08-15 14:39:12,3.60,,demo
2026-08-15 14:39:33,3.18,,demo
2026-08-15 14:39:54,2.81,,demo
2026-08-15 14:40:27,8.21,,demo
2026-08-15 14:40:57,5.99,,demo
2026-08-15 14:41:32,9.43,,demo
2026-08-15 14:41:45,1.52,,demo
2026-08-15 14:41:53,1.03,,demo
2026-08-15 14:42:03,1.12,,demo
2026-08-15 14:42:14,1.32,,demo
2026-08-15 14:42:38,3.98,,demo
2026-08-15 14:42:53,1.68,,demo
2026-08-15 14:43:07,1.74,,demo
2026-08-15 14:43:27,2.55,,demo
2026-08-15 14:43:54,4.95,,demo
2026-08-15 14:44:04,1.00,,demo
2026-08-15 14:44:12,1.00,,demo
2026-08-15 14:44:29,2.08,,demo
2026-08-15 14:44:46,2.12,,demo
2026-08-15 14:45:13,5.05,,demo
2026-08-15 14:45:26,1.42,,demo
2026-08-15 14:45:37,1.35,,demo
2026-08-15 14:46:12,9.37,,demo
2026-08-15 14:46:20,1.00,,demo
2026-08-15 14:46:35,1.77,,demo
2026-08-15 14:46:43,1.01,,demo
2026-08-15 14:46:57,1.62,,demo
2026-08-15 14:47:08,1.27,,demo
2026-08-15 14:47:23,1.79,,demo
2026-08-15 14:47:43,2.66,,demo
2026-08-15 14:48:10,4.83,,demo
2026-08-15 14:48:22,1.41,,demo
2026-08-15 14:48:55,8.05,,demo
2026-08-15 14:49:05,1.22,,demo
2026-08-15 14:49:17,1.35,,demo
2026-08-15 14:49:25,1.02,,demo
2026-08-15 14:49:35,1.11,,demo
2026-08-15 14:49:43,1.06,,demo
2026-08-15 14:49:51,1.00,,demo
2026-08-15 14:50:12,2.83,,demo
2026-08-15 14:50:38,4.57,,demo
2026-08-15 14:50:52,1.56,,demo
2026-08-15 14:51:08,2.06,,demo
2026-08-15 14:51:17,1.06,,demo
2026-08-15 14:51:26,1.08,,demo
2026-08-15 14:51:58,7.61,,demo
2026-08-15 14:52:07,1.06,,demo
2026-08-15 14:52:41,8.94,,demo
2026-08-15 14:52:53,1.33,,demo
2026-08-15 14:53:02,1.13,,demo
2026-08-15 14:53:14,1.33,,demo
2026-08-15 14:53:28,1.63,,demo
2026-08-15 14:53:36,1.00,,demo
2026-08-15 14:54:15,13.87,,demo
2026-08-15 14:56:14,10000.00,,demo
2026-08-15 14:56:26,1.43,,demo
2026-08-15 14:57:11,21.34,,demo
2026-08-15 14:57:36,4.20,,demo
2026-08-15 14:57:47,1.21,,demo
2026-08-15 14:57:57,1.22,,demo
2026-08-15 14:58:24,4.93,,demo
2026-08-15 14:58:33,1.05,,demo
2026-08-15 14:59:00,4.75,,demo
2026-08-15 14:59:15,1.86,,demo
2026-08-15 14:59:29,1.66,,demo
2026-08-15 14:59:56,4.72,,demo
2026-08-15 15:01:01,116.72,,demo
2026-08-15 15:01:25,3.87,,demo
2026-08-15 15:01:38,1.51,,demo
2026-08-15 15:01:59,2.87,,demo
2026-08-15 15:02:10,1.33,,demo
2026-08-15 15:02:27,2.00,,demo
2026-08-15 15:02:45,2.33,,demo
2026-08-15 15:03:01,2.00,,demo
2026-08-15 15:03:21,2.62,,demo
2026-08-15 15:03:35,1.59,,demo
2026-08-15 15:03:52,2.21,,demo
2026-08-15 15:04:10,2.21,,demo
2026-08-15 15:04:37,5.02,,demo
2026-08-15 15:05:05,5.43,,demo
2026-08-15 15:05:27,3.05,,demo
2026-08-15 15:05:35,1.03,,demo
2026-08-15 15:05:49,1.60,,demo
2026-08-15 15:05:57,1.00,,demo
2026-08-15 15:06:07,1.19,,demo
2026-08-15 15:06:30,3.60,,demo
2026-08-15 15:06:54,3.51,,demo
2026-08-15 15:07:39,22.72,,demo
2026-08-15 15:07:55,1.89,,demo
2026-08-15 15:08:04,1.08,,demo
2026-08-15 15:08:28,3.89,,demo
2026-08-15 15:08:50,3.17,,demo
2026-08-15 15:09:03,1.51,,demo
2026-08-15 15:09:11,1.00,,demo
2026-08-15 15:09:31,2.77,,demo
2026-08-15 15:10:58,684.00,,demo
2026-08-15 15:11:08,1.25,,demo
2026-08-15 15:11:21,1.45,,demo
2026-08-15 15:11:29,1.00,,demo
2026-08-15 15:11:40,1.28,,demo
2026-08-15 15:12:03,3.53,,demo
2026-08-15 15:12:18,1.84,,demo
2026-08-15 15:12:52,8.49,,demo
2026-08-15 15:13:05,1.51,,demo
2026-08-15 15:13:14,1.11,,demo
2026-08-15 15:13:39,3.86,,demo
2026-08-15 15:13:50,1.30,,demo
2026-08-15 15:14:11,2.96,,demo
2026-08-15 15:14:28,2.14,,demo
2026-08-15 15:14:45,2.05,,demo
2026-08-15 15:14:53,1.01,,demo
2026-08-15 15:15:01,1.00,,demo
2026-08-15 15:15:13,1.37,,demo
2026-08-15 15:15:34,3.07,,demo
2026-08-15 15:16:02,5.42,,demo
2026-08-15 15:16:24,3.10,,demo
2026-08-15 15:16:38,1.61,,demo
2026-08-15 15:16:55,2.13,,demo
2026-08-15 15:17:06,1.32,,demo
2026-08-15 15:17:18,1.32,,demo
2026-08-15 15:17:26,1.01,,demo
2026-08-15 15:17:35,1.11,,demo
2026-08-15 15:17:43,1.02,,demo
2026-08-15 15:18:04,2.96,,demo
2026-08-15 15:19:21,297.94,,demo
2026-08-15 15:19:36,1.85,,demo
2026-08-15 15:19:49,1.45,,demo
2026-08-15 15:19:58,1.06,,demo
2026-08-15 15:20:08,1.21,,demo
2026-08-15 15:20:18,1.20,,demo
2026-08-15 15:20:28,1.15,,demo
2026-08-15 15:20:41,1.55,,demo
2026-08-15 15:20:50,1.07,,demo
2026-08-15 15:21:02,1.44,,demo
2026-08-15 15:21:12,1.18,,demo
2026-08-15 15:21:26,1.56,,demo
2026-08-15 15:21:40,1.67,,demo
2026-08-15 15:22:13,7.94,,demo
2026-08-15 15:22:25,1.41,,demo
2026-08-15 15:22:37,1.36,,demo
2026-08-15 15:22:45,1.00,,demo
2026-08-15 15:23:09,3.96,,demo
2026-08-15 15:23:37,5.18,,demo
2026-08-15 15:24:00,3.44,,demo
2026-08-15 15:24:26,4.49,,demo
2026-08-15 15:24:55,5.84,,demo
2026-08-15 15:25:16,2.92,,demo
2026-08-15 15:25:26,1.18,,demo
2026-08-15 15:25:57,6.55,,demo
2026-08-15 15:26:19,3.29,,demo
2026-08-15 15:26:29,1.21,,demo
2026-08-15 15:26:38,1.00,,demo
2026-08-15 15:27:13,9.79,,demo
2026-08-15 15:27:35,3.40,,demo
2026-08-15 15:27:55,2.71,,demo
2026-08-15 15:28:16,2.95,,demo
2026-08-15 15:28:35,2.42,,demo
2026-08-15 15:28:54,2.43,,demo
2026-08-15 15:29:14,2.64,,demo
2026-08-15 15:29:31,2.16,,demo
2026-08-15 15:30:05,8.88,,demo
2026-08-15 15:30:21,1.90,,demo
2026-08-15 15:30:34,1.54,,demo
2026-08-15 15:30:42,1.00,,demo
2026-08-15 15:31:14,7.11,,demo
2026-08-15 15:31:39,4.40,,demo
2026-08-15 15:32:02,3.49,,demo
2026-08-15 15:32:18,1.93,,demo
2026-08-15 15:32:26,1.00,,demo
2026-08-15 15:32:37,1.25,,demo
2026-08-15 15:32:55,2.34,,demo
2026-08-15 15:33:24,5.69,,demo
2026-08-15 15:33:51,4.59,,demo
2026-08-15 15:34:08,2.15,,demo
2026-08-15 15:34:28,2.74,,demo
2026-08-15 15:34:42,1.63,,demo
2026-08-15 15:34:52,1.20,,demo
2026-08-15 15:35:03,1.28,,demo
2026-08-15 15:35:24,2.88,,demo
2026-08-15 15:35:34,1.17,,demo
2026-08-15 15:36:27,42.70,,demo
2026-08-15 15:36:36,1.14,,demo
2026-08-15 15:36:45,1.00,,demo
2026-08-15 15:36:57,1.46,,demo
2026-08-15 15:37:05,1.01,,demo
2026-08-15 15:37:16,1.25,,demo
2026-08-15 15:37:24,1.03,,demo
2026-08-15 15:38:07,17.83,,demo
2026-08-15 15:38:31,3.80,,demo
2026-08-15 15:38:39,1.03,,demo
2026-08-15 15:38:56,1.98,,demo
2026-08-15 15:39:12,1.99,,demo
2026-08-15 15:39:59,25.73,,demo
2026-08-15 15:40:18,2.59,,demo
2026-08-15 15:40:36,2.13,,demo
2026-08-15 15:40:51,1.87,,demo
2026-08-15 15:41:03,1.41,,demo
2026-08-15 15:41:12,1.06,,demo
2026-08-15 15:41:38,4.61,,demo
2026-08-15 15:41:50,1.33,,demo
2026-08-15 15:41:59,1.14,,demo
2026-08-15 15:42:12,1.49,,demo
2026-08-15 15:42:51,12.93,,demo
2026-08-15 15:43:00,1.06,,demo
2026-08-15 15:43:32,7.51,,demo
2026-08-15 15:43:42,1.17,,demo
2026-08-15 15:43:54,1.47,,demo
2026-08-15 15:44:22,5.09,,demo
2026-08-15 15:44:30,1.00,,demo
2026-08-15 15:45:06,10.30,,demo
2026-08-15 15:45:45,13.22,,demo
2026-08-15 15:45:54,1.06,,demo
2026-08-15 15:46:10,1.90,,demo
2026-08-15 15:46:18,1.01,,demo
2026-08-15 15:46:40,3.23,,demo
2026-08-15 15:46:57,2.20,,demo
2026-08-15 15:47:21,3.75,,demo
2026-08-15 15:47:46,4.10,,demo
2026-08-15 15:48:14,5.09,,demo
2026-08-15 15:48:25,1.31,,demo
2026-08-15 15:48:35,1.16,,demo
2026-08-15 15:48:43,1.04,,demo
2026-08-15 15:49:03,2.54,,demo
2026-08-15 15:49:35,7.34,,demo
2026-08-15 15:49:44,1.09,,demo
2026-08-15 15:49:52,1.02,,demo
2026-08-15 15:50:05,1.46,,demo
2026-08-15 15:50:16,1.34,,demo
2026-08-15 15:50:33,2.03,,demo
2026-08-15 15:50:42,1.12,,demo
2026-08-15 15:50:59,2.13,,demo
2026-08-15 15:51:08,1.04,,demo
2026-08-15 15:51:18,1.21,,demo
2026-08-15 15:51:38,2.64,,demo
2026-08-15 15:51:52,1.67,,demo
2026-08-15 15:52:01,1.07,,demo
2026-08-15 15:52:15,1.75,,demo
2026-08-15 15:52:41,4.26,,demo
2026-08-15 15:52:50,1.09,,demo
2026-08-15 15:52:58,1.01,,demo
2026-08-15 15:53:11,1.47,,demo
2026-08-15 15:53:24,1.53,,demo
2026-08-15 15:53:33,1.08,,demo
2026-08-15 15:53:45,1.39,,demo
2026-08-15 15:54:21,10.56,,demo
2026-08-15 15:54:30,1.08,,demo
2026-08-15 15:54:44,1.67,,demo
2026-08-15 15:54:53,1.03,,demo
2026-08-15 15:55:18,4.32,,demo
2026-08-15 15:55:59,15.24,,demo
2026-08-15 15:56:11,1.35,,demo
2026-08-15 15:56:25,1.65,,demo
2026-08-15 15:57:09,4.16,,demo
2026-08-15 15:57:35,22.58,,demo
2026-08-15 15:57:58,3.26,,demo
2026-08-15 15:58:08,1.19,,demo
2026-08-15 15:58:27,2.45,,demo
2026-08-15 15:58:45,2.33,,demo
2026-08-15 15:59:00,1.85,,demo
2026-08-15 15:59:21,3.04,,demo
2026-08-15 15:59:30,1.05,,demo
2026-08-15 15:59:45,1.84,,demo
2026-08-15 15:59:59,1.59,,demo
2026-08-15 16:00:24,4.15,,demo
2026-08-15 16:00:41,2.06,,demo
2026-08-15 16:01:23,16.76,,demo
2026-08-15 16:01:51,5.24,,demo
2026-08-15 16:02:03,1.49,,demo
2026-08-15 16:02:18,1.78,,demo
2026-08-15 16:02:36,2.30,,demo
2026-08-15 16:02:55,2.42,,demo
2026-08-15 16:03:40,22.17,,demo
2026-08-15 16:04:14,8.23,,demo
2026-08-15 16:04:26,1.40,,demo
2026-08-15 16:04:45,2.53,,demo
2026-08-15 16:04:55,1.16,,demo
2026-08-15 16:05:07,1.43,,demo
2026-08-15 16:05:16,1.04,,demo
2026-08-15 16:05:24,1.00,,demo
2026-08-15 16:05:42,2.45,,demo
2026-08-15 16:05:55,1.49,,demo
2026-08-15 16:06:27,7.33,,demo
2026-08-15 16:06:48,2.96,,demo
2026-08-15 16:07:08,2.59,,demo
2026-08-15 16:07:19,1.34,,demo
2026-08-15 16:07:34,1.80,,demo
2026-08-15 16:08:01,4.90,,demo
2026-08-15 16:08:12,1.20,,demo
2026-08-15 16:08:33,3.09,,demo
2026-08-15 16:08:42,1.03,,demo
2026-08-15 16:08:51,1.15,,demo
2026-08-15 16:09:00,1.03,,demo
2026-08-15 16:09:09,1.10,,demo
2026-08-15 16:09:30,2.88,,demo
2026-08-15 16:09:39,1.08,,demo
2026-08-15 16:09:50,1.35,,demo
2026-08-15 16:10:27,10.56,,demo
2026-08-15 16:10:37,1.23,,demo
2026-08-15 16:10:49,1.44,,demo
2026-08-15 16:11:04,1.70,,demo
2026-08-15 16:11:26,3.17,,demo
2026-08-15 16:11:46,2.71,,demo
2026-08-15 16:12:03,2.20,,demo
2026-08-15 16:12:23,2.66,,demo
2026-08-15 16:12:32,1.10,,demo
2026-08-15 16:12:50,2.22,,demo
2026-08-15 16:13:18,5.55,,demo
2026-08-15 16:13:26,1.00,,demo
2026-08-15 16:13:35,1.00,,demo
2026-08-15 16:13:48,1.64,,demo
2026-08-15 16:14:06,2.24,,demo
2026-08-15 16:14:17,1.29,,demo
2026-08-15 16:14:27,1.20,,demo
2026-08-15 16:15:36,159.67,,demo
2026-08-15 16:15:45,1.02,,demo
2026-08-15 16:15:56,1.32,,demo
2026-08-15 16:16:06,1.17,,demo
2026-08-15 16:16:23,2.14,,demo
2026-08-15 16:16:58,9.30,,demo
2026-08-15 16:17:13,1.85,,demo
2026-08-15 16:17:41,4.99,,demo
2026-08-15 16:17:51,1.27,,demo
2026-08-15 16:18:00,1.07,,demo
2026-08-15 16:18:19,2.40,,demo
2026-08-15 16:18:50,6.69,,demo
2026-08-15 16:19:13,3.43,,demo
2026-08-15 16:19:34,3.15,,demo
2026-08-15 16:19:44,1.16,,demo
2026-08-15 16:20:04,2.76,,demo
2026-08-15 16:20:24,2.68,,demo
2026-08-15 16:20:38,1.64,,demo
2026-08-15 16:20:47,1.10,,demo
2026-08-15 16:21:07,2.61,,demo
2026-08-15 16:21:49,17.21,,demo
2026-08-15 16:21:59,1.20,,demo
2026-08-15 16:22:15,1.93,,demo
2026-08-15 16:22:33,2.17,,demo
2026-08-15 16:22:47,1.69,,demo
2026-08-15 16:23:28,15.35,,demo
2026-08-15 16:23:44,2.01,,demo
2026-08-15 16:24:11,4.97,,demo
2026-08-15 16:24:21,1.14,,demo
2026-08-15 16:24:42,3.01,,demo
2026-08-15 16:24:50,1.00,,demo
2026-08-15 16:25:06,1.87,,demo
2026-08-15 16:26:04,67.08,,demo
2026-08-15 16:26:12,1.00,,demo
2026-08-15 16:26:21,1.02,,demo
2026-08-15 16:26:37,2.00,,demo
2026-08-15 16:27:35,61.56,,demo
2026-08-15 16:27:50,1.90,,demo
2026-08-15 16:28:02,1.34,,demo
2026-08-15 16:29:06,1.25,,demo
2026-08-15 16:29:06,1.85,,demo
2026-08-15 16:29:06,1.47,,demo
2026-08-15 16:29:06,3.74,,demo
2026-08-15 16:29:15,1.25,,demo
2026-08-15 16:29:23,1.00,,demo
2026-08-15 16:29:35,1.40,,demo
2026-08-15 16:30:23,26.66,,demo
2026-08-15 16:30:39,2.06,,demo
2026-08-15 16:30:54,1.74,,demo
2026-08-15 16:31:03,1.09,,demo
2026-08-15 16:31:41,11.85,,demo
2026-08-15 16:31:51,1.18,,demo
2026-08-15 16:31:59,1.00,,demo
2026-08-15 16:32:14,1.72,,demo
2026-08-15 16:32:26,1.47,,demo
2026-08-15 16:32:37,1.21,,demo
2026-08-15 16:32:45,1.00,,demo
2026-08-15 16:33:02,2.19,,demo
2026-08-15 16:33:18,1.87,,demo
2026-08-15 16:33:30,1.41,,demo
2026-08-15 16:34:16,24.44,,demo
2026-08-15 16:34:29,1.56,,demo
2026-08-15 16:34:57,4.98,,demo
2026-08-15 16:35:12,1.77,,demo
2026-08-15 16:35:21,1.13,,demo
2026-08-15 16:35:35,1.62,,demo
2026-08-15 16:36:07,7.31,,demo
2026-08-15 16:36:27,2.66,,demo
2026-08-15 16:36:35,1.03,,demo
2026-08-15 16:36:54,2.41,,demo
2026-08-15 16:37:15,3.08,,demo
2026-08-15 16:37:36,3.02,,demo
2026-08-15 16:37:46,1.09,,demo
2026-08-15 16:38:00,1.72,,demo
2026-08-15 16:38:10,1.18,,demo
2026-08-15 16:38:27,2.05,,demo
2026-08-15 16:38:42,1.75,,demo
2026-08-15 16:39:23,15.92,,demo
2026-08-15 16:39:36,1.51,,demo
2026-08-15 16:39:48,1.44,,demo
2026-08-15 16:40:09,2.79,,demo
2026-08-15 16:40:30,3.17,,demo
2026-08-15 16:40:43,1.45,,demo
2026-08-15 16:40:54,1.32,,demo
2026-08-15 16:41:05,1.24,,demo
2026-08-15 16:41:17,1.40,,demo
2026-08-15 16:41:26,1.07,,demo
2026-08-15 16:41:35,1.07,,demo
2026-08-15 16:42:30,53.26,,demo
2026-08-15 16:42:45,1.68,,demo
2026-08-15 16:43:02,2.07,,demo
2026-08-15 16:43:13,1.29,,demo
2026-08-15 16:43:24,1.28,,demo
2026-08-15 16:43:35,1.31,,demo
2026-08-15 16:43:54,2.62,,demo
2026-08-15 16:44:03,1.04,,demo
2026-08-15 16:44:11,1.03,,demo
2026-08-15 16:44:31,2.67,,demo
2026-08-15 16:44:51,2.68,,demo
2026-08-15 16:45:07,1.98,,demo
2026-08-15 16:45:15,1.02,,demo
2026-08-15 16:45:28,1.48,,demo
2026-08-15 16:45:51,3.36,,demo
2026-08-15 16:46:12,2.98,,demo
2026-08-15 16:46:28,2.03,,demo
2026-08-15 16:46:36,1.00,,demo
2026-08-15 16:46:51,1.72,,demo
2026-08-15 16:47:17,4.42,,demo
2026-08-15 16:47:29,1.45,,demo
2026-08-15 16:47:39,1.15,,demo
2026-08-15 16:48:11,7.43,,demo
2026-08-15 16:48:39,5.15,,demo
2026-08-15 16:48:50,1.33,,demo
2026-08-15 16:49:43,39.92,,demo
2026-08-15 16:49:55,1.41,,demo
2026-08-15 16:50:10,1.78,,demo
2026-08-15 16:50:43,8.14,,demo
2026-08-15 16:51:25,17.70,,demo
2026-08-15 16:52:16,34.56,,demo
2026-08-15 16:52:30,1.71,,demo
2026-08-15 16:52:45,1.69,,demo
2026-08-15 16:53:01,1.90,,demo
2026-08-15 16:53:22,3.04,,demo
2026-08-15 16:53:36,1.59,,demo
2026-08-15 16:54:09,8.22,,demo
2026-08-15 16:54:17,1.05,,demo
2026-08-15 16:54:28,1.21,,demo
2026-08-15 16:54:47,2.58,,demo
2026-08-15 16:55:00,1.55,,demo
2026-08-15 16:55:11,1.24,,demo
2026-08-15 16:55:29,2.23,,demo
2026-08-15 16:55:47,2.45,,demo
2026-08-15 16:56:21,8.34,,demo
2026-08-15 16:57:01,3.13,,demo
2026-08-15 16:57:05,3.28,,demo
2026-08-15 16:57:21,2.01,,demo
2026-08-15 16:58:59,1751.57,,demo
2026-08-15 16:59:14,1.71,,demo
2026-08-15 16:59:27,1.56,,demo
2026-08-15 16:59:40,1.59,,demo
2026-08-15 17:00:09,5.61,,demo
2026-08-15 17:00:42,7.64,,demo
2026-08-15 17:00:58,2.01,,demo
2026-08-15 17:01:14,1.87,,demo
2026-08-15 17:01:38,3.86,,demo
2026-08-15 17:01:49,1.33,,demo
2026-08-15 17:02:04,1.68,,demo
2026-08-15 17:02:17,1.52,,demo
2026-08-15 17:02:26,1.15,,demo
2026-08-15 17:03:10,18.94,,demo
2026-08-15 17:03:23,1.57,,demo
2026-08-15 17:03:44,2.88,,demo
2026-08-15 17:04:25,15.11,,demo
2026-08-15 17:04:38,1.55,,demo
2026-08-15 17:04:52,1.62,,demo
2026-08-15 17:05:11,2.65,,demo
2026-08-15 17:05:27,1.92,,demo
2026-08-15 17:05:35,1.01,,demo
2026-08-15 17:05:49,1.60,,demo
2026-08-15 17:05:59,1.14,,demo
2026-08-15 17:06:13,1.67,,demo
2026-08-15 17:06:24,1.25,,demo
2026-08-15 17:06:35,1.30,,demo
2026-08-15 17:06:50,1.82,,demo
2026-08-15 17:07:17,4.82,,demo
2026-08-15 17:07:34,2.06,,demo
2026-08-15 17:08:23,31.50,,demo
2026-08-15 17:08:35,1.38,,demo
2026-08-15 17:09:04,5.47,,demo
2026-08-15 17:09:12,1.03,,demo
2026-08-15 17:09:45,7.95,,demo
2026-08-15 17:09:59,1.63,,demo
2026-08-15 17:10:08,1.12,,demo
2026-08-15 17:10:39,6.42,,demo
2026-08-15 17:10:47,1.01,,demo
2026-08-15 17:11:29,17.24,,demo
2026-08-15 17:11:38,1.06,,demo
2026-08-15 17:12:06,5.64,,demo
2026-08-15 17:12:43,11.11,,demo
2026-08-15 17:13:43,71.53,,demo
2026-08-15 17:13:53,1.23,,demo
2026-08-15 17:14:14,2.84,,demo
2026-08-15 17:14:27,1.58,,demo
2026-08-15 17:14:49,3.05,,demo
2026-08-15 17:14:59,1.26,,demo
2026-08-15 17:15:21,2.97,,demo
2026-08-15 17:15:30,1.12,,demo
2026-08-15 17:15:41,1.32,,demo
2026-08-15 17:15:50,1.02,,demo
2026-08-15 17:16:59,163.79,,demo
2026-08-15 17:17:12,1.58,,demo
2026-08-15 17:17:57,21.81,,demo
2026-08-15 17:18:54,57.31,,demo
2026-08-15 17:19:05,1.26,,demo
2026-08-15 17:19:13,1.00,,demo
2026-08-15 17:19:21,1.05,,demo
2026-08-15 17:20:05,19.19,,demo
2026-08-15 17:20:15,1.16,,demo
2026-08-15 17:21:02,26.69,,demo
2026-08-15 17:21:13,1.25,,demo
2026-08-15 17:21:28,1.76,,demo
2026-08-15 17:21:38,1.16,,demo
2026-08-15 17:22:39,88.93,,demo
2026-08-15 17:22:55,1.91,,demo
2026-08-15 17:23:16,2.94,,demo
2026-08-15 17:23:28,1.39,,demo
2026-08-15 17:23:41,1.53,,demo
2026-08-15 17:23:59,2.30,,demo
2026-08-15 17:24:10,1.24,,demo
2026-08-15 17:24:41,6.57,,demo
2026-08-15 17:24:55,1.63,,demo
2026-08-15 17:25:13,2.43,,demo
2026-08-15 17:25:54,15.87,,demo
2026-08-15 17:26:14,2.64,,demo
2026-08-15 17:27:10,9.10,,demo
2026-08-15 17:27:56,136.90,,demo
2026-08-15 17:28:14,2.33,,demo
2026-08-15 17:28:28,1.62,,demo
2026-08-15 17:28:37,1.09,,demo
2026-08-15 17:29:00,3.64,,demo
2026-08-15 17:29:12,1.32,,demo
2026-08-15 17:29:20,1.00,,demo
2026-08-15 17:29:41,3.15,,demo
2026-08-15 17:29:52,1.26,,demo
2026-08-15 17:30:05,1.43,,demo
2026-08-15 17:30:21,2.03,,demo
2026-08-15 17:30:30,1.10,,demo
2026-08-15 17:30:55,4.14,,demo
2026-08-15 17:31:04,1.06,,demo
2026-08-15 17:31:14,1.20,,demo
2026-08-15 17:31:29,1.76,,demo
2026-08-15 17:31:45,1.93,,demo
2026-08-15 17:31:58,1.52,,demo
2026-08-15 17:32:42,19.05,,demo
2026-08-15 17:33:02,2.72,,demo
2026-08-15 17:33:10,1.06,,demo
2026-08-15 17:33:23,1.46,,demo
2026-08-15 17:34:28,117.06,,demo
2026-08-15 17:34:40,1.42,,demo
2026-08-15 17:34:51,1.20,,demo
2026-08-15 17:35:08,2.22,,demo
2026-08-15 17:35:27,2.49,,demo
2026-08-15 17:35:37,1.14,,demo
2026-08-15 17:36:33,56.74,,demo
2026-08-15 17:36:57,3.75,,demo
2026-08-15 17:37:05,1.02,,demo
2026-08-15 17:37:29,3.53,,demo
2026-08-15 17:37:37,1.07,,demo
2026-08-15 17:38:01,3.49,,demo
2026-08-15 17:38:17,2.01,,demo
2026-08-15 17:38:28,1.24,,demo
2026-08-15 17:38:36,1.08,,demo
2026-08-15 17:39:01,3.88,,demo
2026-08-15 17:39:37,10.40,,demo
2026-08-15 17:40:01,3.80,,demo
2026-08-15 17:40:14,1.48,,demo
2026-08-15 17:40:27,1.51,,demo
2026-08-15 17:40:45,2.27,,demo
2026-08-15 17:41:03,2.35,,demo
2026-08-15 17:41:35,7.77,,demo
2026-08-15 17:41:52,1.98,,demo
2026-08-15 17:42:04,1.48,,demo
2026-08-15 17:42:16,1.37,,demo
2026-08-15 17:42:33,2.02,,demo
2026-08-15 17:42:48,1.80,,demo
2026-08-15 17:43:01,1.59,,demo
2026-08-15 17:43:17,1.90,,demo
2026-08-15 17:43:48,6.48,,demo
2026-08-15 17:43:57,1.15,,demo
2026-08-15 17:44:06,1.04,,demo
2026-08-15 17:44:53,25.62,,demo
2026-08-15 17:45:13,2.71,,demo
2026-08-15 17:45:39,4.51,,demo
2026-08-15 17:45:48,1.13,,demo
2026-08-15 17:46:00,1.37,,demo
2026-08-15 17:46:15,1.78,,demo
2026-08-15 17:46:26,1.30,,demo
2026-08-15 17:46:47,2.79,,demo
2026-08-15 17:46:56,1.09,,demo
2026-08-15 17:47:25,5.71,,demo
2026-08-15 17:47:38,1.51,,demo
2026-08-15 17:47:51,1.53,,demo
2026-08-15 17:48:10,2.62,,demo
2026-08-15 17:48:31,2.80,,demo
2026-08-15 17:48:44,1.55,,demo
2026-08-15 17:49:10,4.42,,demo
2026-08-15 17:49:31,2.94,,demo
2026-08-15 17:49:51,2.68,,demo
2026-08-15 17:50:07,1.99,,demo
2026-08-15 17:50:15,1.02,,demo
2026-08-15 17:50:54,12.82,,demo
2026-08-15 17:51:41,26.38,,demo
2026-08-15 17:51:50,1.05,,demo
2026-08-15 17:52:04,1.65,,demo
2026-08-15 17:52:17,1.57,,demo
2026-08-15 17:52:38,2.86,,demo
2026-08-15 17:53:06,5.33,,demo
2026-08-15 17:53:17,1.26,,demo
2026-08-15 17:53:31,1.68,,demo
2026-08-15 17:53:39,1.00,,demo
2026-08-15 17:53:54,1.75,,demo
2026-08-15 17:54:07,1.46,,demo
2026-08-15 17:54:16,1.12,,demo
2026-08-15 17:54:27,1.28,,demo
2026-08-15 17:54:45,2.35,,demo
2026-08-15 17:55:13,5.35,,demo
2026-08-15 17:55:28,1.69,,demo
2026-08-15 17:55:36,1.00,,demo
2026-08-15 17:56:23,14.48,,demo
2026-08-15 17:56:32,2.00,,demo
2026-08-15 17:56:49,2.07,,demo
2026-08-15 17:57:04,1.82,,demo
2026-08-15 17:57:14,1.15,,demo
2026-08-15 17:57:27,1.48,,demo
2026-08-15 17:57:45,2.41,,demo
2026-08-15 17:58:03,2.31,,demo
2026-08-15 17:58:12,1.09,,demo
2026-08-15 17:58:27,1.75,,demo
2026-08-15 17:58:40,1.49,,demo
2026-08-15 17:58:56,1.89,,demo
2026-08-15 17:59:20,3.78,,demo
2026-08-15 17:59:35,1.91,,demo
2026-08-15 17:59:53,2.15,,demo
2026-08-15 18:00:39,25.08,,demo
2026-08-15 18:01:13,8.21,,demo
2026-08-15 18:01:26,1.61,,demo
2026-08-15 18:01:39,1.48,,demo
2026-08-15 18:01:48,1.04,,demo
2026-08-15 18:02:04,2.06,,demo
2026-08-15 18:02:32,4.98,,demo
2026-08-15 18:02:54,3.32,,demo
2026-08-15 18:03:28,8.93,,demo
2026-08-15 18:03:48,2.69,,demo
2026-08-15 18:04:15,4.82,,demo
2026-08-15 18:04:23,1.00,,demo
2026-08-15 18:05:03,14.06,,demo
2026-08-15 18:05:30,4.92,,demo
2026-08-15 18:05:45,1.72,,demo
2026-08-15 18:05:56,1.29,,demo
2026-08-15 18:06:32,10.10,,demo
2026-08-15 18:06:44,1.46,,demo
2026-08-15 18:06:56,1.35,,demo
2026-08-15 18:07:10,1.70,,demo
2026-08-15 18:07:19,1.08,,demo
2026-08-15 18:07:38,2.55,,demo
2026-08-15 18:07:57,2.42,,demo
2026-08-15 18:08:05,1.00,,demo
2026-08-15 18:08:14,1.06,,demo
2026-08-15 18:08:33,2.53,,demo
2026-08-15 18:08:53,2.77,,demo
2026-08-15 18:09:02,1.04,,demo
2026-08-15 18:09:22,2.66,,demo
2026-08-15 18:09:36,1.77,,demo
2026-08-15 18:10:23,24.73,,demo
2026-08-15 18:10:35,1.34,,demo
2026-08-15 18:10:53,2.37,,demo
2026-08-15 18:11:11,2.28,,demo
2026-08-15 18:11:21,1.20,,demo
2026-08-15 18:11:40,2.46,,demo
2026-08-15 18:11:51,1.33,,demo
2026-08-15 18:12:14,3.49,,demo
2026-08-15 18:12:25,1.27,,demo
2026-08-15 18:12:42,2.07,,demo
2026-08-15 18:13:10,5.23,,demo
2026-08-15 18:13:20,1.22,,demo
2026-08-15 18:13:29,1.09,,demo
2026-08-15 18:13:41,1.36,,demo
2026-08-15 18:14:08,4.88,,demo
2026-08-15 18:15:23,252.38,,demo
2026-08-15 18:15:31,1.02,,demo
2026-08-15 18:15:47,1.89,,demo
2026-08-15 18:16:02,1.84,,demo
2026-08-15 18:16:19,2.14,,demo
2026-08-15 18:16:31,1.35,,demo
2026-08-15 18:16:40,1.08,,demo
2026-08-15 18:17:10,6.10,,demo
2026-08-15 18:17:22,1.42,,demo
2026-08-15 18:17:54,7.27,,demo
2026-08-15 18:18:26,7.51,,demo
2026-08-15 18:18:44,2.28,,demo
2026-08-15 18:19:20,14.18,,demo
2026-08-15 18:19:30,1.12,,demo
2026-08-15 18:19:40,1.21,,demo
2026-08-15 18:20:02,3.32,,demo
2026-08-15 18:20:10,1.00,,demo
2026-08-15 18:20:27,1.96,,demo
2026-08-15 18:20:36,1.15,,demo
2026-08-15 18:20:57,2.98,,demo
2026-08-15 18:21:09,1.38,,demo
2026-08-15 18:21:22,1.51,,demo
2026-08-15 18:21:32,1.17,,demo
2026-08-15 18:21:57,4.14,,demo
2026-08-15 18:22:08,1.30,,demo
2026-08-15 18:22:45,2.81,,demo
2026-08-15 18:22:45,1.86,,demo
2026-08-15 18:23:04,2.57,,demo
2026-08-15 18:23:20,1.95,,demo
2026-08-15 18:23:37,2.22,,demo
2026-08-15 18:23:57,2.62,,demo
2026-08-15 18:24:12,1.81,,demo
2026-08-15 18:24:20,1.02,,demo
2026-08-15 18:24:45,3.95,,demo
2026-08-15 18:25:20,9.30,,demo
2026-08-15 18:26:23,101.29,,demo
2026-08-15 18:26:41,2.23,,demo
2026-08-15 18:27:00,2.45,,demo
2026-08-15 18:27:19,2.60,,demo
2026-08-15 18:27:28,1.07,,demo
2026-08-15 18:28:03,9.88,,demo
2026-08-15 18:28:20,1.99,,demo
2026-08-15 18:28:37,2.13,,demo
2026-08-15 18:28:56,2.49,,demo
2026-08-15 18:29:06,1.15,,demo
2026-08-15 18:29:37,7.13,,demo
2026-08-15 18:29:53,2.00,,demo
2026-08-15 18:30:03,1.17,,demo
2026-08-15 18:30:31,5.00,,demo
2026-08-15 18:30:44,1.51,,demo
2026-08-15 18:31:05,3.11,,demo
2026-08-15 18:31:13,1.00,,demo
2026-08-15 18:31:36,3.46,,demo
2026-08-15 18:31:51,1.68,,demo
2026-08-15 18:32:08,2.17,,demo
2026-08-15 18:32:26,2.23,,demo
2026-08-15 18:32:36,1.25,,demo
2026-08-15 18:32:50,1.56,,demo
2026-08-15 18:33:01,1.32,,demo
2026-08-15 18:33:26,4.03,,demo
2026-08-15 18:33:37,1.30,,demo
2026-08-15 18:33:46,1.07,,demo
2026-08-15 18:34:05,2.50,,demo
2026-08-15 18:34:13,1.00,,demo
2026-08-15 18:34:57,20.08,,demo
2026-08-15 18:35:11,1.64,,demo
2026-08-15 18:35:34,3.50,,demo
2026-08-15 18:35:42,1.02,,demo
2026-08-15 18:36:04,3.21,,demo
2026-08-15 18:36:36,7.14,,demo
2026-08-15 18:36:52,2.02,,demo
2026-08-15 18:37:05,1.46,,demo
2026-08-15 18:37:28,3.47,,demo
2026-08-15 18:38:00,7.54,,demo
2026-08-15 18:38:12,1.37,,demo
2026-08-15 18:38:22,1.20,,demo
2026-08-15 18:38:35,1.45,,demo
2026-08-15 18:38:52,2.20,,demo
2026-08-15 18:39:15,3.41,,demo
2026-08-15 18:39:23,1.00,,demo
2026-08-15 18:39:37,1.66,,demo
2026-08-15 18:39:53,1.98,,demo
2026-08-15 18:40:04,1.27,,demo
2026-08-15 18:40:18,1.53,,demo
2026-08-15 18:40:31,1.58,,demo
2026-08-15 18:40:47,1.94,,demo
2026-08-15 18:41:07,2.77,,demo
2026-08-15 18:41:26,2.43,,demo
2026-08-15 18:41:47,2.99,,demo
2026-08-15 18:41:57,1.15,,demo
2026-08-15 18:42:19,3.34,,demo
2026-08-15 18:42:28,1.09,,demo
2026-08-15 18:42:50,3.03,,demo
2026-08-15 18:43:03,1.53,,demo
2026-08-15 18:43:11,1.02,,demo
2026-08-15 18:43:47,10.06,,demo
2026-08-15 18:44:11,3.70,,demo
2026-08-15 18:44:39,5.37,,demo
2026-08-15 18:44:57,2.28,,demo
2026-08-15 18:45:17,2.69,,demo
2026-08-15 18:45:32,1.91,,demo
2026-08-15 18:45:56,3.71,,demo
2026-08-15 18:46:05,1.10,,demo
2026-08-15 18:46:14,1.04,,demo
2026-08-15 18:46:27,1.56,,demo
2026-08-15 18:46:37,1.16,,demo
2026-08-15 18:47:01,3.89,,demo
2026-08-15 18:47:17,1.89,,demo
2026-08-15 18:48:23,128.62,,demo
2026-08-15 18:48:40,2.10,,demo
2026-08-15 18:49:40,3.61,,demo
2026-08-15 18:49:40,1.54,,demo
2026-08-15 18:49:40,1.81,,demo
2026-08-15 18:49:46,1.59,,demo
2026-08-15 18:50:09,3.57,,demo
2026-08-15 18:50:29,2.78,,demo
2026-08-15 18:50:47,2.24,,demo
2026-08-15 18:50:57,1.22,,demo
2026-08-15 18:51:12,1.19,,demo
2026-08-15 18:51:23,1.26,,demo
2026-08-15 18:52:19,57.35,,demo
2026-08-15 18:52:41,3.03,,demo
2026-08-15 18:52:49,1.00,,demo
2026-08-15 18:53:00,1.35,,demo
2026-08-15 18:53:11,1.22,,demo
2026-08-15 18:53:21,1.16,,demo
2026-08-15 18:54:17,57.74,,demo
2026-08-15 18:54:30,1.44,,demo
2026-08-15 18:54:48,2.30,,demo
2026-08-15 18:55:01,1.60,,demo
2026-08-15 18:55:15,1.59,,demo
2026-08-15 18:55:35,2.68,,demo
2026-08-15 18:56:12,11.07,,demo
2026-08-15 18:56:31,2.52,,demo
2026-08-15 18:56:39,1.01,,demo
2026-08-15 18:56:56,2.08,,demo
2026-08-15 18:57:06,1.23,,demo
2026-08-15 18:57:36,6.27,,demo
2026-08-15 18:57:57,2.90,,demo
2026-08-15 18:58:06,1.05,,demo
2026-08-15 18:58:16,1.24,,demo
2026-08-15 18:58:27,1.22,,demo
2026-08-15 18:58:53,4.49,,demo
2026-08-15 18:59:05,1.37,,demo
2026-08-15 18:59:22,2.17,,demo
2026-08-15 18:59:34,1.44,,demo
2026-08-15 18:59:46,1.31,,demo
2026-08-15 18:59:56,1.19,,demo
2026-08-15 19:00:24,5.20,,demo
2026-08-15 19:00:35,1.34,,demo
2026-08-15 19:00:49,1.61,,demo
2026-08-15 19:01:03,1.64,,demo
2026-08-15 19:01:14,1.25,,demo
2026-08-15 19:01:42,5.59,,demo
2026-08-15 19:02:18,9.73,,demo
2026-08-15 19:03:11,45.33,,demo
2026-08-15 19:03:29,2.17,,demo
2026-08-15 19:04:02,8.36,,demo
2026-08-15 19:04:27,4.10,,demo
2026-08-15 19:05:10,18.11,,demo
2026-08-15 19:05:39,5.86,,demo
2026-08-15 19:05:49,1.17,,demo
2026-08-15 19:05:58,1.05,,demo
2026-08-15 19:06:21,3.58,,demo
2026-08-15 19:06:30,1.07,,demo
2026-08-15 19:06:45,1.76,,demo
2026-08-15 19:07:04,2.62,,demo
2026-08-15 19:07:29,3.79,,demo
2026-08-15 19:07:46,2.13,,demo
2026-08-15 19:08:05,2.49,,demo
2026-08-15 19:08:29,3.71,,demo
2026-08-15 19:08:47,2.48,,demo
2026-08-15 19:09:00,1.49,,demo
2026-08-15 19:09:13,1.53,,demo
2026-08-15 19:09:32,2.42,,demo
2026-08-15 19:09:49,2.10,,demo
2026-08-15 19:10:05,1.93,,demo
2026-08-15 19:11:05,78.18,,demo
2026-08-15 19:11:24,2.42,,demo
2026-08-15 19:11:39,1.84,,demo
2026-08-15 19:12:04,3.88,,demo
2026-08-15 19:12:12,1.07,,demo
2026-08-15 19:12:35,3.44,,demo
2026-08-15 19:12:50,1.69,,demo
2026-08-15 19:13:08,2.31,,demo
2026-08-15 19:13:23,1.90,,demo
2026-08-15 19:13:37,1.65,,demo
2026-08-15 19:13:46,1.00,,demo
2026-08-15 19:14:13,5.10,,demo
2026-08-15 19:15:00,1.61,,demo
2026-08-15 19:15:00,1.68,,demo
2026-08-15 19:15:00,1.26,,demo
2026-08-15 19:15:06,1.68,,demo
2026-08-15 19:15:25,2.52,,demo
2026-08-15 19:15:52,4.63,,demo
2026-08-15 19:16:06,1.63,,demo
2026-08-15 19:16:46,14.30,,demo
2026-08-15 19:17:10,3.79,,demo
2026-08-15 19:17:19,1.16,,demo
2026-08-15 19:17:28,1.04,,demo
2026-08-15 19:17:36,1.02,,demo
2026-08-15 19:17:49,1.52,,demo
2026-08-15 19:17:57,1.00,,demo
2026-08-15 19:18:31,8.14,,demo
2026-08-15 19:19:13,17.13,,demo
2026-08-15 19:19:32,2.52,,demo
2026-08-15 19:20:04,7.41,,demo
2026-08-15 19:20:14,1.15,,demo
2026-08-15 19:20:26,1.46,,demo
2026-08-15 19:20:45,2.53,,demo
2026-08-15 19:20:54,1.01,,demo
2026-08-15 19:21:05,1.39,,demo
2026-08-15 19:21:30,3.81,,demo
2026-08-15 19:21:39,1.13,,demo
2026-08-15 19:21:58,2.50,,demo
2026-08-15 19:22:34,10.38,,demo
2026-08-15 19:22:44,1.13,,demo
2026-08-15 19:23:00,2.06,,demo
2026-08-15 19:23:28,5.08,,demo
2026-08-15 19:23:45,2.02,,demo
2026-08-15 19:23:55,1.23,,demo
2026-08-15 19:24:09,1.64,,demo
2026-08-15 19:24:19,1.21,,demo
2026-08-15 19:24:40,2.94,,demo
2026-08-15 19:24:49,1.09,,demo
2026-08-15 19:25:08,2.33,,demo
2026-08-15 19:25:20,1.48,,demo
2026-08-15 19:25:54,8.17,,demo
2026-08-15 19:26:06,1.36,,demo
2026-08-15 19:26:18,1.42,,demo
2026-08-15 19:26:31,1.63,,demo
2026-08-15 19:26:44,1.52,,demo
2026-08-15 19:26:54,1.11,,demo
2026-08-15 19:27:07,1.55,,demo
2026-08-15 19:27:44,10.95,,demo
2026-08-15 19:27:57,1.57,,demo
2026-08-15 19:28:35,11.77,,demo
2026-08-15 19:28:49,1.65,,demo
2026-08-15 19:29:02,1.51,,demo
2026-08-15 19:29:11,1.07,,demo
2026-08-15 19:29:25,1.66,,demo
2026-08-15 19:29:33,1.00,,demo
2026-08-15 19:29:44,1.33,,demo
2026-08-15 19:29:53,1.00,,demo
2026-08-15 19:30:01,1.09,,demo
2026-08-15 19:30:14,1.41,,demo
2026-08-15 19:30:27,1.55,,demo
2026-08-15 19:30:35,1.00,,demo
2026-08-15 19:30:51,1.99,,demo
2026-08-15 19:31:02,1.23,,demo
2026-08-15 19:31:11,1.12,,demo
2026-08-15 19:31:24,1.47,,demo
2026-08-15 19:31:39,1.83,,demo
2026-08-15 19:31:58,2.58,,demo
2026-08-15 19:32:15,2.07,,demo
2026-08-15 19:32:30,1.71,,demo
2026-08-15 19:32:58,5.21,,demo
2026-08-15 19:33:45,27.10,,demo
2026-08-15 19:34:06,2.91,,demo
2026-08-15 19:34:18,1.41,,demo
2026-08-15 19:34:59,14.80,,demo
2026-08-15 19:35:13,1.66,,demo
2026-08-15 19:35:50,11.29,,demo
2026-08-15 19:35:59,1.09,,demo
2026-08-15 19:36:24,4.26,,demo
2026-08-15 19:36:42,2.28,,demo
2026-08-15 19:36:59,2.02,,demo
2026-08-15 19:37:20,3.03,,demo
2026-08-15 19:37:35,1.69,,demo
2026-08-15 19:37:46,1.31,,demo
2026-08-15 19:38:05,2.48,,demo
2026-08-15 19:38:24,2.50,,demo
2026-08-15 19:38:33,1.06,,demo
2026-08-15 19:38:56,3.54,,demo
2026-08-15 19:39:07,1.30,,demo
2026-08-15 19:39:56,3.47,,demo
2026-08-15 19:40:11,15.98,,demo
2026-08-15 19:40:27,1.95,,demo
2026-08-15 19:40:36,1.10,,demo
2026-08-15 19:41:02,4.22,,demo
2026-08-15 19:41:18,2.00,,demo
2026-08-15 19:41:26,1.03,,demo
2026-08-15 19:41:40,1.55,,demo
2026-08-15 19:42:04,4.04,,demo
2026-08-15 19:42:24,2.57,,demo
2026-08-15 19:42:34,1.21,,demo
2026-08-15 19:42:50,1.96,,demo
2026-08-15 19:43:04,1.68,,demo
2026-08-15 19:43:19,1.69,,demo
2026-08-15 19:43:58,13.54,,demo
2026-08-15 19:44:19,3.01,,demo
2026-08-15 19:45:16,57.84,,demo
2026-08-15 19:45:51,9.59,,demo
2026-08-15 19:46:14,3.30,,demo
2026-08-15 19:46:41,4.90,,demo
2026-08-15 19:46:55,1.67,,demo
2026-08-15 19:47:05,1.20,,demo
2026-08-15 19:47:21,1.97,,demo
2026-08-15 19:47:42,2.82,,demo
2026-08-15 19:48:00,2.35,,demo
2026-08-15 19:48:17,2.15,,demo
2026-08-15 19:48:25,1.00,,demo
2026-08-15 19:48:43,2.30,,demo
2026-08-15 19:48:51,1.00,,demo
2026-08-15 19:49:22,6.52,,demo
2026-08-15 19:49:37,1.73,,demo
2026-08-15 19:49:47,1.20,,demo
2026-08-15 19:49:57,1.24,,demo
2026-08-15 19:50:12,1.76,,demo
2026-08-15 19:50:23,1.26,,demo
2026-08-15 19:50:32,1.12,,demo
2026-08-15 19:51:17,21.32,,demo
2026-08-15 19:51:27,1.21,,demo
2026-08-15 19:52:11,18.81,,demo
2026-08-15 19:52:49,12.45,,demo
2026-08-15 19:53:02,1.47,,demo
2026-08-15 19:53:30,5.43,,demo
2026-08-15 19:53:47,2.18,,demo
2026-08-15 19:54:00,1.42,,demo
2026-08-15 19:54:27,4.92,,demo
2026-08-15 19:54:58,6.85,,demo
2026-08-15 19:55:07,1.13,,demo
2026-08-15 19:55:25,2.30,,demo
2026-08-15 19:55:48,3.43,,demo
2026-08-15 19:55:57,1.03,,demo
2026-08-15 19:56:07,1.19,,demo
2026-08-15 19:56:20,1.54,,demo
2026-08-15 19:56:29,1.07,,demo
2026-08-15 19:56:52,3.54,,demo
2026-08-15 19:57:11,2.52,,demo
2026-08-15 19:57:39,5.07,,demo
2026-08-15 19:57:47,1.06,,demo
2026-08-15 19:58:31,19.96,,demo
2026-08-15 19:58:39,1.00,,demo
2026-08-15 19:58:59,2.66,,demo
2026-08-15 19:59:21,3.08,,demo
2026-08-15 19:59:31,1.23,,demo
2026-08-15 19:59:40,1.11,,demo
2026-08-15 20:00:28,27.26,,demo
2026-08-15 20:01:06,11.47,,demo
2026-08-15 20:01:24,2.44,,demo
2026-08-15 20:01:54,6.14,,demo
2026-08-15 20:02:02,1.00,,demo
2026-08-15 20:02:22,2.70,,demo
2026-08-15 20:02:31,1.09,,demo
2026-08-15 20:02:47,1.84,,demo
2026-08-15 20:03:33,24.68,,demo
2026-08-15 20:03:46,1.47,,demo
2026-08-15 20:04:26,1.02,,demo
2026-08-15 20:04:26,1.68,,demo
2026-08-15 20:04:26,1.45,,demo
2026-08-15 20:04:43,3.36,,demo
2026-08-15 20:05:23,14.32,,demo
2026-08-15 20:05:31,1.01,,demo
2026-08-15 20:05:54,3.37,,demo
2026-08-15 20:06:07,1.49,,demo
2026-08-15 20:06:24,2.08,,demo
2026-08-15 20:06:56,7.71,,demo
2026-08-15 20:07:22,4.56,,demo
2026-08-15 20:07:41,2.42,,demo
2026-08-15 20:08:02,2.87,,demo
2026-08-15 20:08:14,1.39,,demo
2026-08-15 20:08:44,6.58,,demo
2026-08-15 20:09:09,4.11,,demo
2026-08-15 20:09:22,1.51,,demo
2026-08-15 20:09:33,1.25,,demo
2026-08-15 20:10:58,628.40,,demo
2026-08-15 20:11:23,3.85,,demo
2026-08-15 20:11:57,9.13,,demo
2026-08-15 20:13:03,123.89,,demo
2026-08-15 20:13:11,1.02,,demo
2026-08-15 20:13:30,2.43,,demo
2026-08-15 20:14:12,16.00,,demo
2026-08-15 20:14:21,1.10,,demo
2026-08-15 20:14:37,1.93,,demo
2026-08-15 20:14:45,1.05,,demo
2026-08-15 20:15:03,2.15,,demo
2026-08-15 20:15:43,15.09,,demo
2026-08-15 20:15:55,1.33,,demo
2026-08-15 20:16:10,1.90,,demo
2026-08-15 20:16:21,1.19,,demo
2026-08-15 20:16:35,1.65,,demo
2026-08-15 20:16:53,2.35,,demo
2026-08-15 20:17:18,4.20,,demo
2026-08-15 20:17:36,2.20,,demo
2026-08-15 20:17:44,1.00,,demo
2026-08-15 20:18:06,3.32,,demo
2026-08-15 20:18:18,1.33,,demo
2026-08-15 20:18:54,10.95,,demo
2026-08-15 20:19:19,3.96,,demo
2026-08-15 20:19:34,1.73,,demo
2026-08-15 20:20:00,4.47,,demo
2026-08-15 20:20:11,1.35,,demo
2026-08-15 20:20:38,4.91,,demo
2026-08-15 20:20:47,1.02,,demo
2026-08-15 20:20:55,1.04,,demo
2026-08-15 20:21:21,4.26,,demo
2026-08-15 20:21:38,2.17,,demo
2026-08-15 20:21:50,1.45,,demo
2026-08-15 20:22:10,2.63,,demo
2026-08-15 20:22:30,2.83,,demo
2026-08-15 20:22:52,3.08,,demo
2026-08-15 20:23:03,1.30,,demo
2026-08-15 20:23:16,1.50,,demo
2026-08-15 20:23:51,9.21,,demo
2026-08-15 20:24:12,2.93,,demo
2026-08-15 20:24:26,1.62,,demo
2026-08-15 20:24:38,1.46,,demo
2026-08-15 20:25:30,38.57,,demo
2026-08-15 20:25:50,2.75,,demo
2026-08-15 20:26:04,1.56,,demo
2026-08-15 20:26:17,1.63,,demo
2026-08-15 20:26:36,2.49,,demo
2026-08-15 20:26:52,1.88,,demo
2026-08-15 20:27:05,1.47,,demo
2026-08-15 20:27:23,2.28,,demo
2026-08-15 20:27:34,1.35,,demo
2026-08-15 20:27:46,1.32,,demo
2026-08-15 20:28:00,1.64,,demo
2026-08-15 20:28:15,1.85,,demo
2026-08-15 20:29:07,2.80,,demo
2026-08-15 20:29:07,1.10,,demo
2026-08-15 20:29:12,5.17,,demo
2026-08-15 20:29:28,1.81,,demo
2026-08-15 20:29:37,1.17,,demo
2026-08-15 20:29:57,2.73,,demo
2026-08-15 20:30:42,20.40,,demo
2026-08-15 20:31:16,8.78,,demo
2026-08-15 20:31:27,1.33,,demo
2026-08-15 20:32:07,13.96,,demo
2026-08-15 20:32:23,1.98,,demo
2026-08-15 20:32:37,1.67,,demo
2026-08-15 20:32:46,1.04,,demo
2026-08-15 20:32:58,1.45,,demo
2026-08-15 20:33:22,3.78,,demo
2026-08-15 20:33:41,2.40,,demo
2026-08-15 20:34:11,6.34,,demo
2026-08-15 20:34:20,1.04,,demo
2026-08-15 20:34:45,4.23,,demo
2026-08-15 20:35:03,2.22,,demo
2026-08-15 20:35:11,1.00,,demo
2026-08-15 20:35:21,1.21,,demo
2026-08-15 20:35:56,9.29,,demo
2026-08-15 20:36:40,20.24,,demo
2026-08-15 20:36:55,1.84,,demo
2026-08-15 20:37:06,1.29,,demo
2026-08-15 20:37:33,4.69,,demo
2026-08-15 20:37:41,1.01,,demo
2026-08-15 20:37:50,1.08,,demo
2026-08-15 20:38:06,1.98,,demo
2026-08-15 20:38:22,1.92,,demo
2026-08-15 20:38:45,3.39,,demo
2026-08-15 20:39:01,2.01,,demo
2026-08-15 20:39:09,1.00,,demo
2026-08-15 20:39:22,1.53,,demo
2026-08-15 20:39:38,1.94,,demo
2026-08-15 20:40:21,16.94,,demo
2026-08-15 20:40:30,1.19,,demo
2026-08-15 20:40:59,5.63,,demo
2026-08-15 20:41:22,3.30,,demo
2026-08-15 20:41:42,2.69,,demo
2026-08-15 20:42:12,6.63,,demo
2026-08-15 20:42:33,2.82,,demo
2026-08-15 20:42:48,1.84,,demo
2026-08-15 20:42:56,1.03,,demo
2026-08-15 20:43:05,1.07,,demo
2026-08-15 20:43:14,1.05,,demo
2026-08-15 20:43:25,1.28,,demo
2026-08-15 20:43:37,1.46,,demo
2026-08-15 20:43:49,1.35,,demo
2026-08-15 20:44:22,8.04,,demo
2026-08-15 20:44:44,3.06,,demo
2026-08-15 20:45:03,2.57,,demo
2026-08-15 20:45:18,1.72,,demo
2026-08-15 20:45:26,1.01,,demo
2026-08-15 20:45:39,1.52,,demo
2026-08-15 20:45:48,1.07,,demo
2026-08-15 20:46:20,7.52,,demo
2026-08-15 20:46:40,2.80,,demo
2026-08-15 20:47:04,3.65,,demo
2026-08-15 20:47:50,23.85,,demo
2026-08-15 20:48:18,5.25,,demo
2026-08-15 20:49:08,34.09,,demo
2026-08-15 20:49:22,1.65,,demo
2026-08-15 20:49:37,1.78,,demo
2026-08-15 20:49:47,1.11,,demo
2026-08-15 20:50:11,4.01,,demo
2026-08-15 20:50:27,1.81,,demo
2026-08-15 20:50:35,1.07,,demo
2026-08-15 20:50:55,2.55,,demo
2026-08-15 20:51:27,7.80,,demo
2026-08-15 20:52:03,10.12,,demo
2026-08-15 20:52:49,23.44,,demo
2026-08-15 20:53:44,2.84,,demo
2026-08-15 20:53:48,12.83,,demo
2026-08-15 20:54:03,1.72,,demo
2026-08-15 20:54:19,1.99,,demo
2026-08-15 20:54:42,3.54,,demo
2026-08-15 20:55:19,10.48,,demo
2026-08-15 20:55:30,1.24,,demo
2026-08-15 20:56:06,11.23,,demo
2026-08-15 20:56:14,1.00,,demo
2026-08-15 20:56:23,1.05,,demo
2026-08-15 20:56:32,1.06,,demo
2026-08-15 20:56:46,1.75,,demo
2026-08-15 20:56:55,1.01,,demo
2026-08-15 20:57:16,2.93,,demo
2026-08-15 20:57:26,1.22,,demo
2026-08-15 20:57:39,1.53,,demo
2026-08-15 20:58:35,54.05,,demo
2026-08-15 20:59:29,45.33,,demo
2026-08-15 20:59:39,1.15,,demo
2026-08-15 20:59:47,1.07,,demo
2026-08-15 21:00:03,1.82,,demo
2026-08-15 21:00:11,1.00,,demo
2026-08-15 21:00:50,13.98,,demo
2026-08-15 21:01:01,1.24,,demo
2026-08-15 21:01:12,1.24,,demo
2026-08-15 21:01:21,1.07,,demo
2026-08-15 21:02:21,1.20,,demo
2026-08-15 21:02:44,3.31,,demo
2026-08-15 21:02:57,1.50,,demo
2026-08-15 21:03:10,1.59,,demo
2026-08-15 21:03:29,2.51,,demo
2026-08-15 21:03:42,1.45,,demo
2026-08-15 21:03:52,1.19,,demo
2026-08-15 21:04:03,1.26,,demo
2026-08-15 21:04:19,1.98,,demo
2026-08-15 21:04:50,6.55,,demo
2026-08-15 21:05:01,1.37,,demo
2026-08-15 21:05:22,2.79,,demo
2026-08-15 21:05:31,1.06,,demo
2026-08-15 21:06:05,8.94,,demo
2026-08-15 21:06:14,1.08,,demo
2026-08-15 21:06:51,11.71,,demo
2026-08-15 21:07:08,2.03,,demo
2026-08-15 21:08:00,39.56,,demo
2026-08-15 21:08:18,2.28,,demo
2026-08-15 21:08:30,1.42,,demo
2026-08-15 21:08:40,1.11,,demo
2026-08-15 21:09:44,108.63,,demo
2026-08-15 21:09:54,1.16,,demo
2026-08-15 21:10:51,59.97,,demo
2026-08-15 21:11:18,4.98,,demo
2026-08-15 21:11:45,4.70,,demo
2026-08-15 21:12:13,5.19,,demo
2026-08-15 21:13:32,397.59,,demo
2026-08-15 21:13:46,1.64,,demo
2026-08-15 21:14:28,16.41,,demo
2026-08-15 21:14:55,4.79,,demo
2026-08-15 21:15:17,3.14,,demo
2026-08-15 21:15:34,2.14,,demo
2026-08-15 21:15:45,1.27,,demo
2026-08-15 21:16:08,3.52,,demo
2026-08-15 21:16:31,3.44,,demo
2026-08-15 21:17:36,23.77,,demo
2026-08-15 21:17:46,5.90,,demo
2026-08-15 21:18:05,2.53,,demo
2026-08-15 21:18:57,39.37,,demo
2026-08-15 21:19:18,2.80,,demo
2026-08-15 21:19:27,1.10,,demo
2026-08-15 21:19:46,2.48,,demo
2026-08-15 21:20:22,10.22,,demo
2026-08-15 21:20:56,8.76,,demo
2026-08-15 21:21:04,1.00,,demo
2026-08-15 21:21:33,5.73,,demo
2026-08-15 21:21:47,1.63,,demo
2026-08-15 21:22:21,8.40,,demo
2026-08-15 21:22:29,1.00,,demo
2026-08-15 21:22:58,6.17,,demo
2026-08-15 21:23:09,1.25,,demo
2026-08-15 21:23:23,1.59,,demo
2026-08-15 21:23:33,1.24,,demo
2026-08-15 21:23:48,1.68,,demo
2026-08-15 21:24:04,2.00,,demo
2026-08-15 21:24:15,1.27,,demo
2026-08-15 21:24:30,1.79,,demo
2026-08-15 21:24:44,1.70,,demo
2026-08-15 21:25:07,3.26,,demo
2026-08-15 21:25:19,1.43,,demo
2026-08-15 21:25:30,1.32,,demo
2026-08-15 21:25:46,1.90,,demo
2026-08-15 21:25:55,1.06,,demo
2026-08-15 21:26:30,9.49,,demo
2026-08-15 21:27:05,9.44,,demo
2026-08-15 21:27:13,1.05,,demo
2026-08-15 21:27:38,4.12,,demo
2026-08-15 21:27:51,1.50,,demo
2026-08-15 21:28:02,1.26,,demo
2026-08-15 21:28:17,1.71,,demo
2026-08-15 21:28:32,1.89,,demo
2026-08-15 21:29:16,18.91,,demo
2026-08-15 21:29:24,1.00,,demo
2026-08-15 21:30:00,10.32,,demo
2026-08-15 21:30:31,7.13,,demo
2026-08-15 21:30:54,3.25,,demo
2026-08-15 21:31:04,1.24,,demo
2026-08-15 21:31:26,3.15,,demo
2026-08-15 21:31:39,1.58,,demo
2026-08-15 21:31:50,1.19,,demo
2026-08-15 21:32:30,15.08,,demo
2026-08-15 21:33:02,7.42,,demo
2026-08-15 21:33:18,1.84,,demo
2026-08-15 21:33:33,1.78,,demo
2026-08-15 21:33:45,1.46,,demo
2026-08-15 21:34:51,115.16,,demo
2026-08-15 21:35:01,1.27,,demo
2026-08-15 21:35:14,1.46,,demo
2026-08-15 21:35:22,1.03,,demo
2026-08-15 21:35:40,2.19,,demo
2026-08-15 21:35:55,1.93,,demo
2026-08-15 21:36:06,1.27,,demo
2026-08-15 21:36:27,2.96,,demo
2026-08-15 21:37:01,8.19,,demo
2026-08-15 21:37:50,30.86,,demo
2026-08-15 21:38:01,1.33,,demo
2026-08-15 21:38:09,1.00,,demo
2026-08-15 21:38:29,2.66,,demo
2026-08-15 21:39:06,11.37,,demo
2026-08-15 21:39:37,2.29,,demo
2026-08-15 21:40:25,81.19,,demo
2026-08-15 21:40:52,4.82,,demo
2026-08-15 21:41:13,2.94,,demo
2026-08-15 21:41:47,8.53,,demo
2026-08-15 21:41:58,1.31,,demo
2026-08-15 21:42:35,10.74,,demo
2026-08-15 21:42:44,1.10,,demo
2026-08-15 21:43:01,2.17,,demo
2026-08-15 21:43:15,1.62,,demo
2026-08-15 21:43:31,1.83,,demo
2026-08-15 21:44:07,10.98,,demo
2026-08-15 21:44:53,22.90,,demo
2026-08-15 21:45:01,1.03,,demo
2026-08-15 21:45:13,1.38,,demo
2026-08-15 21:45:24,1.25,,demo
2026-08-15 21:45:55,7.22,,demo
2026-08-15 21:46:18,3.37,,demo
2026-08-15 21:46:46,5.07,,demo
2026-08-15 21:46:54,1.00,,demo
2026-08-15 21:47:09,1.88,,demo
2026-08-15 21:47:18,1.08,,demo
2026-08-15 21:47:39,2.83,,demo
2026-08-15 21:47:53,1.64,,demo
2026-08-15 21:48:07,1.72,,demo
2026-08-15 21:48:39,7.43,,demo
2026-08-15 21:48:51,1.31,,demo
2026-08-15 21:48:59,1.00,,demo
2026-08-15 21:49:10,1.35,,demo
2026-08-15 21:49:41,5.71,,demo
2026-08-15 21:50:44,92.76,,demo
2026-08-15 21:51:17,8.20,,demo
2026-08-15 21:51:48,6.56,,demo
2026-08-15 21:52:52,108.05,,demo
2026-08-15 21:53:10,2.38,,demo
2026-08-15 21:53:21,1.24,,demo
2026-08-15 21:53:39,2.21,,demo
2026-08-15 21:54:24,23.47,,demo
2026-08-15 21:54:39,1.73,,demo
2026-08-15 21:54:56,2.03,,demo
2026-08-15 21:55:11,1.86,,demo
2026-08-15 21:55:48,11.14,,demo
2026-08-15 21:55:58,1.14,,demo
2026-08-15 21:56:21,3.53,,demo
2026-08-15 21:56:34,1.49,,demo
2026-08-15 21:56:55,2.93,,demo
2026-08-15 21:57:12,2.14,,demo
2026-08-15 21:57:24,1.44,,demo
2026-08-15 21:57:37,1.50,,demo
2026-08-15 21:57:57,2.65,,demo
2026-08-15 21:58:10,1.53,,demo
2026-08-15 21:58:22,1.45,,demo
2026-08-15 21:58:33,1.20,,demo
2026-08-15 21:58:44,1.32,,demo
2026-08-15 21:58:57,1.51,,demo
2026-08-15 21:59:26,5.75,,demo
2026-08-15 21:59:39,1.45,,demo
2026-08-15 21:59:47,1.00,,demo
2026-08-15 22:00:13,4.77,,demo
2026-08-15 22:00:26,1.50,,demo
2026-08-15 22:00:36,1.14,,demo
2026-08-15 22:00:46,1.22,,demo
2026-08-15 22:01:44,1.46,,demo
2026-08-15 22:01:44,1.56,,demo
2026-08-15 22:01:44,1.19,,demo
2026-08-15 22:01:44,1.00,,demo
2026-08-15 22:01:44,1.37,,demo
2026-08-15 22:01:50,1.00,,demo
2026-08-15 22:02:02,1.35,,demo
2026-08-15 22:02:13,1.28,,demo
2026-08-15 22:02:32,2.49,,demo
2026-08-15 22:02:43,1.25,,demo
2026-08-15 22:02:57,1.75,,demo
2026-08-15 22:03:06,1.02,,demo
2026-08-15 22:03:20,1.71,,demo
2026-08-15 22:03:31,1.30,,demo
2026-08-15 22:03:41,1.12,,demo
2026-08-15 22:03:50,1.07,,demo
2026-08-15 22:04:06,2.03,,demo
2026-08-15 22:04:37,6.61,,demo
2026-08-15 22:04:52,1.88,,demo
2026-08-15 22:05:13,2.96,,demo
2026-08-15 22:05:42,5.55,,demo
2026-08-15 22:05:51,1.06,,demo
2026-08-15 22:06:03,1.42,,demo
2026-08-15 22:06:51,27.86,,demo
2026-08-15 22:07:16,4.02,,demo
2026-08-15 22:07:50,8.86,,demo
2026-08-15 22:08:07,2.20,,demo
2026-08-15 22:08:20,1.42,,demo
2026-08-15 22:08:34,1.68,,demo
2026-08-15 22:08:46,1.35,,demo
2026-08-15 22:09:08,3.39,,demo
2026-08-15 22:09:25,2.12,,demo
2026-08-15 22:09:55,6.02,,demo
2026-08-15 22:10:24,5.65,,demo
2026-08-15 22:10:36,1.39,,demo
2026-08-15 22:10:49,1.59,,demo
2026-08-15 22:11:07,2.16,,demo
2026-08-15 22:11:16,1.12,,demo
2026-08-15 22:11:26,1.16,,demo
2026-08-15 22:11:43,2.05,,demo
2026-08-15 22:12:03,2.73,,demo
2026-08-15 22:13:08,124.73,,demo
2026-08-15 22:13:42,8.38,,demo
2026-08-15 22:13:50,1.00,,demo
2026-08-15 22:14:12,3.15,,demo
2026-08-15 22:14:57,21.74,,demo
2026-08-15 22:15:08,1.34,,demo
2026-08-15 22:15:27,2.40,,demo
2026-08-15 22:15:38,1.31,,demo
2026-08-15 22:16:43,109.42,,demo
2026-08-15 22:16:52,1.13,,demo
2026-08-15 22:17:09,2.02,,demo
2026-08-15 22:17:21,1.46,,demo
2026-08-15 22:17:32,1.29,,demo
2026-08-15 22:17:56,3.60,,demo
2026-08-15 22:18:35,13.39,,demo
2026-08-15 22:19:22,25.77,,demo
2026-08-15 22:19:32,1.19,,demo
2026-08-15 22:20:05,8.04,,demo
2026-08-15 22:20:15,1.17,,demo
2026-08-15 22:20:38,3.44,,demo
2026-08-15 22:20:47,1.11,,demo
2026-08-15 22:21:01,1.56,,demo
2026-08-15 22:21:15,1.72,,demo
2026-08-15 22:21:39,3.91,,demo
2026-08-15 22:21:53,1.59,,demo
2026-08-15 22:22:03,1.16,,demo
2026-08-15 22:22:15,1.40,,demo
2026-08-15 22:22:25,1.16,,demo
2026-08-15 22:22:34,1.11,,demo
2026-08-15 22:23:09,9.13,,demo
2026-08-15 22:24:04,21.46,,demo
2026-08-15 22:24:46,39.98,,demo
2026-08-15 22:26:07,426.55,,demo
2026-08-15 22:26:16,1.10,,demo
2026-08-15 22:26:47,6.80,,demo
2026-08-15 22:27:07,2.70,,demo
2026-08-15 22:27:19,1.47,,demo
2026-08-15 22:27:40,2.87,,demo
2026-08-15 22:28:01,2.95,,demo
2026-08-15 22:28:13,1.33,,demo
2026-08-15 22:29:05,41.87,,demo
2026-08-15 22:29:19,1.65,,demo
2026-08-15 22:29:28,1.07,,demo
2026-08-15 22:29:41,1.42,,demo
2026-08-15 22:30:11,6.66,,demo
2026-08-15 22:30:40,5.44,,demo
2026-08-15 22:30:48,1.00,,demo
2026-08-15 22:31:01,1.58,,demo
2026-08-15 22:31:11,1.11,,demo
2026-08-15 22:31:26,1.74,,demo
2026-08-15 22:31:48,3.31,,demo
2026-08-15 22:31:57,1.13,,demo
2026-08-15 22:32:45,27.31,,demo
2026-08-15 22:32:58,1.56,,demo
2026-08-15 22:33:35,10.57,,demo
2026-08-15 22:33:45,1.21,,demo
2026-08-15 22:34:04,2.49,,demo
2026-08-15 22:34:12,1.00,,demo
2026-08-15 22:34:30,2.38,,demo
2026-08-15 22:34:48,2.28,,demo
2026-08-15 22:35:10,3.05,,demo
2026-08-15 22:35:32,3.29,,demo
2026-08-15 22:35:43,1.22,,demo
2026-08-15 22:36:06,3.77,,demo
2026-08-15 22:36:21,1.77,,demo
2026-08-15 22:36:41,2.55,,demo
2026-08-15 22:37:01,2.71,,demo
2026-08-15 22:37:17,2.02,,demo
2026-08-15 22:37:35,2.22,,demo
2026-08-15 22:37:43,1.02,,demo
2026-08-15 22:38:08,3.96,,demo
2026-08-15 22:38:16,1.00,,demo
2026-08-15 22:38:30,1.68,,demo
2026-08-15 22:38:42,1.43,,demo
2026-08-15 22:38:52,1.11,,demo
2026-08-15 22:39:04,1.43,,demo
2026-08-15 22:39:21,2.05,,demo
2026-08-15 22:39:47,4.76,,demo
2026-08-15 22:39:56,1.06,,demo
2026-08-15 22:40:10,1.61,,demo
2026-08-15 22:40:22,1.43,,demo
2026-08-15 22:40:33,1.22,,demo
2026-08-15 22:40:47,1.76,,demo
2026-08-15 22:41:00,1.44,,demo
2026-08-15 22:41:30,6.11,,demo
2026-08-15 22:41:41,1.25,,demo
2026-08-15 22:41:57,2.10,,demo
2026-08-15 22:42:17,2.56,,demo
2026-08-15 22:42:32,1.84,,demo
2026-08-15 22:42:41,1.08,,demo
2026-08-15 22:43:28,23.95,,demo
2026-08-15 22:43:58,6.79,,demo
2026-08-15 22:44:16,2.31,,demo
2026-08-15 22:44:27,1.31,,demo
2026-08-15 22:44:36,1.00,,demo
2026-08-15 22:44:47,1.38,,demo
2026-08-15 22:45:01,1.63,,demo
2026-08-15 22:45:11,1.17,,demo
2026-08-15 22:46:23,197.06,,demo
2026-08-15 22:46:35,1.42,,demo
2026-08-15 22:46:47,1.45,,demo
2026-08-15 22:47:43,1.00,,demo
2026-08-15 22:47:43,3.23,,demo
2026-08-15 22:47:43,3.76,,demo
2026-08-15 22:47:52,1.28,,demo
2026-08-15 22:48:10,2.27,,demo
2026-08-15 22:48:32,3.06,,demo
2026-08-15 22:48:46,1.67,,demo
2026-08-15 22:49:19,8.01,,demo
2026-08-15 22:49:42,3.61,,demo
2026-08-15 22:50:07,3.89,,demo
2026-08-15 22:50:29,3.31,,demo
2026-08-15 22:50:46,2.04,,demo
2026-08-15 22:51:01,1.82,,demo
2026-08-15 22:51:11,1.19,,demo
2026-08-15 22:51:34,3.52,,demo
2026-08-15 22:51:51,2.13,,demo
2026-08-15 22:52:00,1.05,,demo
2026-08-15 22:52:46,23.21,,demo
2026-08-15 22:52:55,1.06,,demo
2026-08-15 22:53:20,1.95,,demo
2026-08-15 22:53:35,1.27,,demo
2026-08-15 22:54:09,12.20,,demo
2026-08-15 22:54:19,1.11,,demo
2026-08-15 22:54:36,2.28,,demo
2026-08-15 22:55:07,6.51,,demo
2026-08-15 22:55:36,5.57,,demo
2026-08-15 22:55:50,1.67,,demo
2026-08-15 22:56:09,2.59,,demo
2026-08-15 22:56:19,1.14,,demo
2026-08-15 22:56:51,7.35,,demo
2026-08-15 22:57:18,4.87,,demo
2026-08-15 22:57:49,6.96,,demo
2026-08-15 22:58:03,1.56,,demo
2026-08-15 22:58:11,1.00,,demo
2026-08-15 22:58:22,1.29,,demo
2026-08-15 22:58:55,8.17,,demo
2026-08-15 22:59:19,3.71,,demo
2026-08-15 22:59:37,2.29,,demo
2026-08-15 23:00:01,3.81,,demo
2026-08-15 23:00:10,1.06,,demo
2026-08-15 23:00:19,1.10,,demo
2026-08-15 23:00:56,11.41,,demo
2026-08-15 23:01:14,2.39,,demo
2026-08-15 23:01:26,1.34,,demo
2026-08-15 23:01:36,1.16,,demo
2026-08-15 23:01:58,3.26,,demo
2026-08-15 23:02:11,1.49,,demo
2026-08-15 23:02:19,1.03,,demo
2026-08-15 23:02:33,1.58,,demo
2026-08-15 23:02:54,2.86,,demo
2026-08-15 23:03:13,2.55,,demo
2026-08-15 23:03:36,3.65,,demo
2026-08-15 23:03:49,1.47,,demo
2026-08-15 23:04:04,1.73,,demo
2026-08-15 23:04:23,2.49,,demo
2026-08-15 23:04:33,1.19,,demo
2026-08-15 23:04:58,4.18,,demo
2026-08-15 23:05:17,2.47,,demo
2026-08-15 23:05:32,1.82,,demo
2026-08-15 23:05:53,2.99,,demo
2026-08-15 23:06:12,2.42,,demo
2026-08-15 23:06:20,1.02,,demo
2026-08-15 23:06:31,1.23,,demo
2026-08-15 23:06:40,1.08,,demo
2026-08-15 23:06:51,1.34,,demo
2026-08-15 23:07:23,7.23,,demo
2026-08-15 23:07:33,1.18,,demo
2026-08-15 23:07:59,4.36,,demo
2026-08-15 23:08:17,2.29,,demo
2026-08-15 23:08:36,2.62,,demo
2026-08-15 23:08:45,1.04,,demo
2026-08-15 23:09:13,5.25,,demo
2026-08-15 23:09:36,3.58,,demo
2026-08-15 23:11:04,12.62,,demo
2026-08-15 23:11:04,2.57,,demo
2026-08-15 23:11:04,1.59,,demo
2026-08-15 23:11:04,1.89,,demo
2026-08-15 23:11:12,1.02,,demo
2026-08-15 23:11:27,1.78,,demo
2026-08-15 23:11:44,2.19,,demo
2026-08-15 23:12:08,3.91,,demo
2026-08-15 23:12:21,1.54,,demo
2026-08-15 23:12:39,2.12,,demo
2026-08-15 23:12:55,2.08,,demo
2026-08-15 23:13:04,1.02,,demo
2026-08-15 23:13:21,2.26,,demo
2026-08-15 23:13:30,1.00,,demo
2026-08-15 23:13:56,4.60,,demo
2026-08-15 23:14:06,1.22,,demo
2026-08-15 23:14:27,2.87,,demo
2026-08-15 23:15:04,11.22,,demo
2026-08-15 23:15:19,1.79,,demo
2026-08-15 23:15:28,1.06,,demo
2026-08-15 23:15:39,1.30,,demo
2026-08-15 23:15:47,1.03,,demo
2026-08-15 23:16:16,5.48,,demo
2026-08-15 23:16:36,2.79,,demo
2026-08-15 23:16:45,1.07,,demo
2026-08-15 23:16:56,1.27,,demo
2026-08-15 23:17:16,2.62,,demo
2026-08-15 23:18:00,20.51,,demo
2026-08-15 23:18:11,1.29,,demo
2026-08-15 23:18:29,2.25,,demo
2026-08-15 23:18:38,1.13,,demo
2026-08-15 23:18:58,2.55,,demo
2026-08-15 23:19:15,2.17,,demo
2026-08-15 23:19:36,2.98,,demo
2026-08-15 23:20:12,9.91,,demo
2026-08-15 23:20:22,1.21,,demo
2026-08-15 23:20:32,1.14,,demo
2026-08-15 23:20:46,1.73,,demo
2026-08-15 23:21:18,6.70,,demo
2026-08-15 23:21:28,1.27,,demo
2026-08-15 23:21:39,1.30,,demo
2026-08-15 23:22:17,12.09,,demo
2026-08-15 23:22:46,5.79,,demo
2026-08-15 23:23:01,1.78,,demo
2026-08-15 23:23:09,1.00,,demo
2026-08-15 23:23:19,1.19,,demo
2026-08-15 23:23:35,1.85,,demo
2026-08-15 23:24:06,6.91,,demo
2026-08-15 23:24:22,1.98,,demo
2026-08-15 23:24:38,1.92,,demo
2026-08-15 23:24:46,1.02,,demo
2026-08-15 23:25:03,2.12,,demo
2026-08-15 23:25:14,1.27,,demo
2026-08-15 23:25:36,3.14,,demo
2026-08-15 23:25:46,1.21,,demo
2026-08-15 23:26:00,1.60,,demo
2026-08-15 23:26:13,1.49,,demo
2026-08-15 23:26:21,1.00,,demo
2026-08-15 23:26:34,1.49,,demo
2026-08-15 23:26:42,1.00,,demo
2026-08-15 23:27:09,4.73,,demo
2026-08-15 23:27:30,3.01,,demo
2026-08-15 23:27:53,3.48,,demo
2026-08-15 23:28:02,1.13,,demo
2026-08-15 23:28:22,2.70,,demo
2026-08-15 23:28:32,1.12,,demo
2026-08-15 23:28:55,3.61,,demo
2026-08-15 23:29:16,2.96,,demo
2026-08-15 23:29:27,1.27,,demo
2026-08-15 23:29:40,1.47,,demo
2026-08-15 23:30:21,15.83,,demo
2026-08-15 23:30:35,1.63,,demo
2026-08-15 23:30:47,1.38,,demo
2026-08-15 23:31:05,2.28,,demo
2026-08-15 23:31:14,1.12,,demo
2026-08-15 23:31:29,1.80,,demo
2026-08-15 23:31:40,1.29,,demo
2026-08-15 23:31:57,2.14,,demo
2026-08-15 23:32:29,6.94,,demo
2026-08-15 23:32:43,1.72,,demo
2026-08-15 23:32:57,1.63,,demo
2026-08-15 23:33:25,5.46,,demo
2026-08-15 23:34:24,2.79,,demo
2026-08-15 23:34:24,1.89,,demo
2026-08-15 23:35:05,104.44,,demo
2026-08-15 23:35:16,1.26,,demo
2026-08-15 23:35:28,1.39,,demo
2026-08-15 23:35:46,2.29,,demo
2026-08-15 23:36:21,9.49,,demo
2026-08-15 23:37:11,33.60,,demo
2026-08-15 23:37:24,1.44,,demo
2026-08-15 23:38:02,12.23,,demo
2026-08-15 23:38:13,1.27,,demo
2026-08-15 23:38:39,4.64,,demo
2026-08-15 23:38:48,1.07,,demo
2026-08-15 23:39:04,1.87,,demo
2026-08-15 23:39:15,1.37,,demo
2026-08-15 23:39:25,1.09,,demo
2026-08-15 23:39:37,1.40,,demo
2026-08-15 23:39:45,1.00,,demo
2026-08-15 23:39:56,1.27,,demo
2026-08-15 23:40:04,1.07,,demo
2026-08-15 23:40:34,6.28,,demo
2026-08-15 23:41:17,17.70,,demo
2026-08-15 23:41:28,1.27,,demo
2026-08-15 23:41:43,1.81,,demo
2026-08-15 23:41:53,1.15,,demo
2026-08-15 23:42:13,2.75,,demo
2026-08-15 23:42:24,1.25,,demo
2026-08-15 23:42:56,7.56,,demo
2026-08-15 23:43:05,1.08,,demo
2026-08-15 23:43:16,1.29,,demo
2026-08-15 23:43:33,2.08,,demo
2026-08-15 23:43:44,1.31,,demo
2026-08-15 23:43:57,1.46,,demo
2026-08-15 23:44:06,1.14,,demo
2026-08-15 23:44:37,6.76,,demo
2026-08-15 23:44:49,1.39,,demo
2026-08-15 23:45:06,2.02,,demo
2026-08-15 23:45:46,14.42,,demo
2026-08-15 23:45:57,1.28,,demo
2026-08-15 23:46:13,1.99,,demo
2026-08-15 23:46:26,1.51,,demo
2026-08-15 23:46:39,1.57,,demo
2026-08-15 23:46:58,2.43,,demo
2026-08-15 23:47:09,1.22,,demo
2026-08-15 23:47:22,1.53,,demo
2026-08-15 23:48:22,76.22,,demo
2026-08-15 23:48:34,1.45,,demo
2026-08-15 23:48:48,1.61,,demo
2026-08-15 23:48:59,1.24,,demo
2026-08-15 23:49:24,4.18,,demo
2026-08-15 23:49:39,1.77,,demo
2026-08-15 23:50:05,4.71,,demo
2026-08-15 23:50:15,1.15,,demo
2026-08-15 23:50:26,1.29,,demo
2026-08-15 23:50:48,3.25,,demo
2026-08-15 23:51:19,6.23,,demo
2026-08-15 23:51:52,8.41,,demo
2026-08-15 23:52:02,1.17,,demo
2026-08-15 23:52:12,1.15,,demo
2026-08-15 23:52:20,1.00,,demo
2026-08-15 23:52:29,1.10,,demo
2026-08-15 23:52:47,2.23,,demo
2026-08-15 23:53:03,2.01,,demo
2026-08-15 23:53:27,3.79,,demo
2026-08-15 23:53:43,1.96,,demo
2026-08-15 23:53:52,1.11,,demo
2026-08-15 23:54:06,1.60,,demo
2026-08-15 23:54:15,1.10,,demo
2026-08-15 23:55:47,61.07,,demo
2026-08-15 23:55:47,1.40,,demo
2026-08-15 23:55:47,1.34,,demo
2026-08-15 23:55:52,1.92,,demo
2026-08-15 23:56:07,1.77,,demo
2026-08-15 23:56:27,2.71,,demo
2026-08-15 23:56:48,3.02,,demo
2026-08-15 23:57:24,10.29,,demo
2026-08-15 23:57:48,3.79,,demo
2026-08-15 23:58:01,1.54,,demo
2026-08-15 23:58:55,43.27,,demo
2026-08-15 23:59:27,7.76,,demo
2026-08-15 23:59:36,1.00,,demo
2026-08-15 23:59:49,1.62,,demo
2026-08-16 00:00:07,2.18,,demo
2026-08-16 00:00:24,2.21,,demo
2026-08-16 00:00:48,3.72,,demo
2026-08-16 00:00:58,1.20,,demo
2026-08-16 00:01:11,1.48,,demo
2026-08-16 00:01:26,1.83,,demo
2026-08-16 00:01:38,1.36,,demo
2026-08-16 00:02:02,3.80,,demo
2026-08-16 00:02:24,3.21,,demo
2026-08-16 00:02:54,6.13,,demo
2026-08-16 00:03:03,1.06,,demo
2026-08-16 00:03:13,1.23,,demo
2026-08-16 00:03:37,3.80,,demo
2026-08-16 00:03:45,1.01,,demo
2026-08-16 00:03:58,1.41,,demo
2026-08-16 00:04:06,1.01,,demo
2026-08-16 00:04:14,1.05,,demo
2026-08-16 00:04:24,1.17,,demo
2026-08-16 00:04:55,6.45,,demo
2026-08-16 00:05:14,2.53,,demo
2026-08-16 00:05:38,3.79,,demo
2026-08-16 00:06:00,3.30,,demo
2026-08-16 00:06:15,1.80,,demo
2026-08-16 00:06:52,10.91,,demo
2026-08-16 00:07:02,1.14,,demo
2026-08-16 00:07:16,1.68,,demo
2026-08-16 00:07:25,1.12,,demo
2026-08-16 00:07:54,5.60,,demo
2026-08-16 00:08:09,1.73,,demo
2026-08-16 00:08:24,1.93,,demo
2026-08-16 00:08:39,1.69,,demo
2026-08-16 00:08:52,1.59,,demo
2026-08-16 00:09:29,10.67,,demo
2026-08-16 00:10:19,33.58,,demo
2026-08-16 00:10:33,1.55,,demo
2026-08-16 00:10:42,1.16,,demo
2026-08-16 00:11:24,16.30,,demo
2026-08-16 00:11:46,3.16,,demo
2026-08-16 00:11:57,1.29,,demo
2026-08-16 00:12:20,3.61,,demo
2026-08-16 00:12:35,1.80,,demo
2026-08-16 00:12:48,1.46,,demo
2026-08-16 00:13:02,1.72,,demo
2026-08-16 00:13:25,3.25,,demo
2026-08-16 00:13:47,3.33,,demo
2026-08-16 00:14:01,1.71,,demo
2026-08-16 00:14:14,1.42,,demo
2026-08-16 00:14:55,16.32,,demo
2026-08-16 00:15:09,1.64,,demo
2026-08-16 00:15:18,1.03,,demo
2026-08-16 00:15:52,9.27,,demo
2026-08-16 00:16:06,1.61,,demo
2026-08-16 00:16:24,2.22,,demo
2026-08-16 00:17:09,1.00,,demo
2026-08-16 00:17:09,4.17,,demo
2026-08-16 00:17:09,1.28,,demo
2026-08-16 00:17:27,2.42,,demo
2026-08-16 00:17:44,2.17,,demo
2026-08-16 00:17:57,1.48,,demo
2026-08-16 00:18:23,4.47,,demo
2026-08-16 00:18:43,2.82,,demo
2026-08-16 00:19:06,3.33,,demo
2026-08-16 00:19:31,4.31,,demo
2026-08-16 00:19:41,1.15,,demo
2026-08-16 00:19:59,2.34,,demo
2026-08-16 00:20:13,1.67,,demo
2026-08-16 00:20:25,1.33,,demo
2026-08-16 00:20:33,1.03,,demo
2026-08-16 00:20:51,2.24,,demo
2026-08-16 00:21:42,35.60,,demo
2026-08-16 00:21:50,1.00,,demo
2026-08-16 00:22:14,3.85,,demo
2026-08-16 00:22:52,11.94,,demo
2026-08-16 00:23:11,2.53,,demo
2026-08-16 00:23:19,1.02,,demo
2026-08-16 00:23:35,1.85,,demo
2026-08-16 00:23:44,1.09,,demo
2026-08-16 00:24:34,34.93,,demo
2026-08-16 00:25:11,10.68,,demo
2026-08-16 00:25:22,1.28,,demo
2026-08-16 00:25:42,2.70,,demo
2026-08-16 00:26:05,3.41,,demo
2026-08-16 00:26:15,1.23,,demo
2026-08-16 00:26:39,3.86,,demo
2026-08-16 00:27:01,2.97,,demo
2026-08-16 00:27:22,3.15,,demo
2026-08-16 00:27:37,1.71,,demo
2026-08-16 00:27:49,1.46,,demo
2026-08-16 00:28:14,3.95,,demo
2026-08-16 00:28:50,10.55,,demo
2026-08-16 00:29:17,4.86,,demo
2026-08-16 00:29:55,11.92,,demo
2026-08-16 00:30:05,1.20,,demo
2026-08-16 00:30:28,3.32,,demo
2026-08-16 00:30:49,2.99,,demo
2026-08-16 00:30:59,1.18,,demo
2026-08-16 00:31:15,2.03,,demo
2026-08-16 00:31:29,1.52,,demo
2026-08-16 00:31:51,3.42,,demo
2026-08-16 00:32:02,1.27,,demo
2026-08-16 00:32:15,1.51,,demo
2026-08-16 00:32:25,1.16,,demo
2026-08-16 00:32:45,2.71,,demo
2026-08-16 00:33:08,3.43,,demo
2026-08-16 00:33:29,3.06,,demo
2026-08-16 00:33:38,1.00,,demo
2026-08-16 00:34:05,5.03,,demo
2026-08-16 00:34:15,1.17,,demo
2026-08-16 00:34:23,1.00,,demo
2026-08-16 00:34:39,1.94,,demo
2026-08-16 00:35:13,9.24,,demo
2026-08-16 00:35:27,1.50,,demo
2026-08-16 00:35:44,2.23,,demo
2026-08-16 00:35:54,1.21,,demo
2026-08-16 00:36:19,4.09,,demo
2026-08-16 00:36:35,1.90,,demo
2026-08-16 00:36:45,1.22,,demo
2026-08-16 00:36:55,1.27,,demo
2026-08-16 00:37:09,1.77,,demo
2026-08-16 00:37:18,1.00,,demo
2026-08-16 00:38:09,3.99,,demo
2026-08-16 00:38:09,4.18,,demo
2026-08-16 00:38:46,13.19,,demo
2026-08-16 00:39:01,1.80,,demo
2026-08-16 00:39:11,1.14,,demo
2026-08-16 00:39:53,17.26,,demo
2026-08-16 00:40:21,5.21,,demo
2026-08-16 00:40:32,1.33,,demo
2026-08-16 00:40:42,1.11,,demo
2026-08-16 00:40:51,1.07,,demo
2026-08-16 00:41:02,1.29,,demo
2026-08-16 00:41:13,1.36,,demo
2026-08-16 00:41:28,1.77,,demo
2026-08-16 00:41:49,2.82,,demo
2026-08-16 00:41:57,1.03,,demo
2026-08-16 00:42:08,1.25,,demo
2026-08-16 00:42:23,1.76,,demo
2026-08-16 00:42:43,2.60,,demo
2026-08-16 00:42:50,1.00,,demo
2026-08-16 00:43:12,3.18,,demo
2026-08-16 00:43:53,14.82,,demo
2026-08-16 00:44:08,1.80,,demo
2026-08-16 00:44:26,2.21,,demo
2026-08-16 00:44:37,1.40,,demo
2026-08-16 00:44:50,1.43,,demo
2026-08-16 00:45:08,2.39,,demo
2026-08-16 00:45:49,16.02,,demo
2026-08-16 00:46:10,2.86,,demo
2026-08-16 00:46:25,1.83,,demo
2026-08-16 00:46:43,2.24,,demo
2026-08-16 00:47:03,2.57,,demo
2026-08-16 00:47:11,1.00,,demo
2026-08-16 00:47:30,2.49,,demo
2026-08-16 00:47:47,2.28,,demo
2026-08-16 00:48:05,2.18,,demo
2026-08-16 00:48:26,2.91,,demo
2026-08-16 00:48:34,1.03,,demo
2026-08-16 00:48:42,1.00,,demo
2026-08-16 00:48:55,1.51,,demo
2026-08-16 00:49:17,3.33,,demo
2026-08-16 00:49:43,4.47,,demo
2026-08-16 00:50:10,4.54,,demo
2026-08-16 00:50:34,3.76,,demo
2026-08-16 00:50:51,2.16,,demo
2026-08-16 00:51:12,2.85,,demo
2026-08-16 00:51:20,1.01,,demo
2026-08-16 00:51:42,3.07,,demo
2026-08-16 00:51:50,1.05,,demo
2026-08-16 00:52:35,22.96,,demo
2026-08-16 00:52:59,3.55,,demo
2026-08-16 00:53:07,1.04,,demo
2026-08-16 00:53:34,4.73,,demo
2026-08-16 00:53:46,1.36,,demo
2026-08-16 00:54:09,3.53,,demo
2026-08-16 00:54:19,1.24,,demo
2026-08-16 00:54:34,1.67,,demo
2026-08-16 00:54:50,1.92,,demo
2026-08-16 00:55:15,4.34,,demo
2026-08-16 00:55:51,10.31,,demo
2026-08-16 00:56:20,5.55,,demo
2026-08-16 00:56:41,2.99,,demo
2026-08-16 00:56:56,1.75,,demo
2026-08-16 00:57:23,4.85,,demo
2026-08-16 00:58:02,1.64,,demo
2026-08-16 00:58:02,1.04,,demo
2026-08-16 00:58:02,1.10,,demo
2026-08-16 00:58:13,2.45,,demo
2026-08-16 00:58:49,10.37,,demo
2026-08-16 00:58:59,1.16,,demo
2026-08-16 00:59:09,1.15,,demo
2026-08-16 00:59:38,5.70,,demo
2026-08-16 00:59:54,1.99,,demo
2026-08-16 01:00:03,1.04,,demo
2026-08-16 01:00:41,13.05,,demo
2026-08-16 01:01:14,7.65,,demo
2026-08-16 01:01:25,1.27,,demo
2026-08-16 01:02:03,12.34,,demo
2026-08-16 01:02:44,15.25,,demo
2026-08-16 01:03:11,5.11,,demo
2026-08-16 01:03:24,1.47,,demo
2026-08-16 01:03:40,2.00,,demo
2026-08-16 01:04:01,2.89,,demo
2026-08-16 01:05:12,181.89,,demo
2026-08-16 01:05:32,2.86,,demo
2026-08-16 01:06:29,57.01,,demo
2026-08-16 01:07:10,16.13,,demo
2026-08-16 01:07:19,1.10,,demo
2026-08-16 01:07:28,1.08,,demo
2026-08-16 01:07:46,2.22,,demo
2026-08-16 01:07:56,1.23,,demo
2026-08-16 01:08:05,1.03,,demo
2026-08-16 01:08:15,1.14,,demo
2026-08-16 01:08:28,1.64,,demo
2026-08-16 01:08:49,2.84,,demo
2026-08-16 01:09:08,2.54,,demo
2026-08-16 01:09:58,32.01,,demo
2026-08-16 01:10:14,1.98,,demo
2026-08-16 01:10:46,7.16,,demo
2026-08-16 01:11:00,1.72,,demo
2026-08-16 01:11:11,1.25,,demo
2026-08-16 01:11:27,1.91,,demo
2026-08-16 01:11:46,2.53,,demo
2026-08-16 01:12:09,3.54,,demo
2026-08-16 01:12:18,1.02,,demo
2026-08-16 01:12:54,10.80,,demo
2026-08-16 01:13:03,1.00,,demo
2026-08-16 01:13:53,35.20,,demo
2026-08-16 01:14:01,1.03,,demo
2026-08-16 01:14:35,8.24,,demo
2026-08-16 01:14:48,1.50,,demo
2026-08-16 01:15:07,2.60,,demo
2026-08-16 01:15:25,2.37,,demo
2026-08-16 01:15:47,3.17,,demo
2026-08-16 01:16:03,1.82,,demo
2026-08-16 01:16:34,7.06,,demo
2026-08-16 01:16:43,1.11,,demo
2026-08-16 01:17:04,2.87,,demo
2026-08-16 01:18:07,4.99,,demo
2026-08-16 01:18:07,5.30,,demo
2026-08-16 01:18:09,1.08,,demo
2026-08-16 01:18:21,1.51,,demo
2026-08-16 01:18:34,1.43,,demo
2026-08-16 01:18:57,3.53,,demo
2026-08-16 01:19:07,1.00,,demo
2026-08-16 01:19:17,1.38,,demo
2026-08-16 01:19:25,1.00,,demo
2026-08-16 01:19:34,1.08,,demo
2026-08-16 01:19:49,1.78,,demo
2026-08-16 01:20:02,1.46,,demo
2026-08-16 01:20:29,5.00,,demo
2026-08-16 01:20:38,1.08,,demo
2026-08-16 01:20:54,1.96,,demo
2026-08-16 01:21:08,1.65,,demo
2026-08-16 01:21:32,3.84,,demo
2026-08-16 01:22:28,50.85,,demo
2026-08-16 01:22:36,1.03,,demo
2026-08-16 01:22:45,1.13,,demo
2026-08-16 01:22:54,1.01,,demo
2026-08-16 01:23:02,1.03,,demo
2026-08-16 01:23:45,19.00,,demo
2026-08-16 01:23:54,1.06,,demo
2026-08-16 01:24:08,1.66,,demo
2026-08-16 01:24:17,1.08,,demo
2026-08-16 01:24:31,1.66,,demo
2026-08-16 01:25:18,25.12,,demo
2026-08-16 01:25:50,7.32,,demo
2026-08-16 01:25:58,1.04,,demo
2026-08-16 01:26:11,1.45,,demo
2026-08-16 01:26:34,3.45,,demo
2026-08-16 01:26:45,1.34,,demo
2026-08-16 01:26:54,1.07,,demo
2026-08-16 01:27:11,2.04,,demo
2026-08-16 01:27:40,5.78,,demo
2026-08-16 01:27:57,2.09,,demo
2026-08-16 01:28:07,1.17,,demo
2026-08-16 01:28:50,18.64,,demo
2026-08-16 01:29:02,1.35,,demo
2026-08-16 01:29:11,1.17,,demo
2026-08-16 01:29:56,20.75,,demo
2026-08-16 01:30:07,1.33,,demo
2026-08-16 01:30:17,1.11,,demo
2026-08-16 01:30:31,1.66,,demo
2026-08-16 01:30:47,1.99,,demo
2026-08-16 01:31:03,1.92,,demo
2026-08-16 01:31:22,2.47,,demo
2026-08-16 01:31:34,1.39,,demo
2026-08-16 01:31:44,1.20,,demo
2026-08-16 01:31:57,1.51,,demo
2026-08-16 01:32:13,1.89,,demo
2026-08-16 01:32:53,14.69,,demo
2026-08-16 01:33:21,5.34,,demo
2026-08-16 01:33:30,1.11,,demo
2026-08-16 01:34:04,8.58,,demo
2026-08-16 01:34:13,1.09,,demo
2026-08-16 01:34:51,12.08,,demo
2026-08-16 01:35:02,1.31,,demo
2026-08-16 01:35:15,1.48,,demo
2026-08-16 01:35:24,1.09,,demo
2026-08-16 01:35:34,1.19,,demo
2026-08-16 01:35:54,2.60,,demo
2026-08-16 01:36:04,1.19,,demo
2026-08-16 01:36:19,1.73,,demo
2026-08-16 01:36:33,1.64,,demo
2026-08-16 01:36:54,2.96,,demo
2026-08-16 01:38:02,22.57,,demo
2026-08-16 01:38:21,16.54,,demo
2026-08-16 01:38:36,1.84,,demo
2026-08-16 01:38:50,1.59,,demo
2026-08-16 01:39:08,2.29,,demo
2026-08-16 01:39:21,1.51,,demo
2026-08-16 01:39:32,1.31,,demo
2026-08-16 01:39:54,3.04,,demo
2026-08-16 01:40:02,1.00,,demo
2026-08-16 01:40:18,2.03,,demo
2026-08-16 01:40:33,1.68,,demo
2026-08-16 01:40:41,1.08,,demo
2026-08-16 01:41:05,3.66,,demo
2026-08-16 01:41:21,2.02,,demo
2026-08-16 01:41:42,2.90,,demo
2026-08-16 01:42:05,3.34,,demo
2026-08-16 01:42:52,27.50,,demo
2026-08-16 01:43:08,1.89,,demo
2026-08-16 01:43:22,1.69,,demo
2026-08-16 01:43:34,1.33,,demo
2026-08-16 01:43:44,1.24,,demo
2026-08-16 01:43:59,1.67,,demo
2026-08-16 01:44:07,1.00,,demo
2026-08-16 01:44:23,1.98,,demo
2026-08-16 01:44:34,1.29,,demo
2026-08-16 01:44:55,2.85,,demo
2026-08-16 01:45:04,1.12,,demo
2026-08-16 01:45:21,2.11,,demo
2026-08-16 01:45:43,3.28,,demo
2026-08-16 01:46:00,2.05,,demo
2026-08-16 01:46:18,2.14,,demo
2026-08-16 01:46:30,1.49,,demo
2026-08-16 01:46:45,1.87,,demo
2026-08-16 01:46:57,1.39,,demo
2026-08-16 01:47:26,5.33,,demo
2026-08-16 01:47:56,6.28,,demo
2026-08-16 01:48:09,1.55,,demo
2026-08-16 01:48:21,1.42,,demo
2026-08-16 01:48:33,1.33,,demo
2026-08-16 01:49:09,10.97,,demo
2026-08-16 01:49:24,1.76,,demo
2026-08-16 01:49:45,3.00,,demo
2026-08-16 01:49:59,1.57,,demo
2026-08-16 01:50:07,1.03,,demo
2026-08-16 01:50:23,1.83,,demo
2026-08-16 01:50:37,1.70,,demo
2026-08-16 01:50:48,1.30,,demo
2026-08-16 01:50:59,1.21,,demo
2026-08-16 01:51:18,2.69,,demo
2026-08-16 01:51:36,2.22,,demo
2026-08-16 01:51:46,1.22,,demo
2026-08-16 01:52:05,2.47,,demo
2026-08-16 01:52:24,2.51,,demo
2026-08-16 01:52:35,1.28,,demo
2026-08-16 01:53:10,9.48,,demo
2026-08-16 01:53:23,1.47,,demo
2026-08-16 01:53:35,1.35,,demo
2026-08-16 01:53:44,1.11,,demo
2026-08-16 01:54:00,1.87,,demo
2026-08-16 01:54:14,1.65,,demo
2026-08-16 01:54:23,1.14,,demo
2026-08-16 01:54:52,5.55,,demo
2026-08-16 01:55:03,1.31,,demo
2026-08-16 01:55:33,6.18,,demo
2026-08-16 01:55:55,3.19,,demo
2026-08-16 01:56:25,6.25,,demo
2026-08-16 01:57:28,110.48,,demo
2026-08-16 01:57:45,2.19,,demo
2026-08-16 01:58:06,3.02,,demo
2026-08-16 01:58:34,5.34,,demo
2026-08-16 01:58:46,1.32,,demo
2026-08-16 01:59:55,6.34,,demo
2026-08-16 01:59:55,1.67,,demo
2026-08-16 01:59:55,1.00,,demo
2026-08-16 01:59:58,2.67,,demo
2026-08-16 02:00:11,1.53,,demo
2026-08-16 02:00:32,2.78,,demo
2026-08-16 02:00:51,2.55,,demo
2026-08-16 02:01:10,2.50,,demo
2026-08-16 02:01:44,9.14,,demo
2026-08-16 02:02:07,3.42,,demo
2026-08-16 02:02:53,23.57,,demo
2026-08-16 02:03:06,1.53,,demo
2026-08-16 02:03:29,3.50,,demo
2026-08-16 02:04:19,30.99,,demo
2026-08-16 02:04:29,1.20,,demo
2026-08-16 02:04:38,1.10,,demo
2026-08-16 02:04:46,1.00,,demo
2026-08-16 02:05:23,11.38,,demo
2026-08-16 02:06:01,11.39,,demo
2026-08-16 02:06:20,2.52,,demo
2026-08-16 02:06:28,1.00,,demo
2026-08-16 02:07:03,9.22,,demo
2026-08-16 02:07:37,9.45,,demo
2026-08-16 02:07:47,1.18,,demo
2026-08-16 02:08:14,4.63,,demo
2026-08-16 02:08:29,1.81,,demo
2026-08-16 02:08:38,1.06,,demo
2026-08-16 02:08:53,1.89,,demo
2026-08-16 02:09:09,1.91,,demo
2026-08-16 02:09:26,2.02,,demo
2026-08-16 02:10:04,12.41,,demo
2026-08-16 02:10:17,1.55,,demo
2026-08-16 02:10:26,1.01,,demo
2026-08-16 02:10:35,1.12,,demo
2026-08-16 02:11:01,4.30,,demo
2026-08-16 02:11:13,1.44,,demo
2026-08-16 02:11:34,2.90,,demo
2026-08-16 02:11:56,3.19,,demo
2026-08-16 02:12:04,1.00,,demo
2026-08-16 02:12:15,1.31,,demo
2026-08-16 02:12:32,2.03,,demo
2026-08-16 02:12:51,2.70,,demo
2026-08-16 02:13:18,4.64,,demo
2026-08-16 02:13:32,1.68,,demo
2026-08-16 02:13:42,1.16,,demo
2026-08-16 02:13:51,1.10,,demo
2026-08-16 02:14:23,7.13,,demo
2026-08-16 02:14:34,1.36,,demo
2026-08-16 02:15:09,8.93,,demo
2026-08-16 02:15:20,1.26,,demo
2026-08-16 02:15:29,1.10,,demo
2026-08-16 02:15:55,4.55,,demo
2026-08-16 02:16:04,1.10,,demo
2026-08-16 02:16:30,4.29,,demo
2026-08-16 02:17:09,13.57,,demo
2026-08-16 02:17:30,2.99,,demo
2026-08-16 02:17:55,3.97,,demo
2026-08-16 02:18:11,2.02,,demo
2026-08-16 02:18:26,1.78,,demo
2026-08-16 02:18:40,1.62,,demo
2026-08-16 02:19:03,3.34,,demo
2026-08-16 02:19:11,1.08,,demo
2026-08-16 02:19:23,1.31,,demo
2026-08-16 02:20:24,3.18,,demo
2026-08-16 02:20:24,3.88,,demo
2026-08-16 02:20:54,22.18,,demo
2026-08-16 02:21:16,2.98,,demo
2026-08-16 02:21:24,1.00,,demo
2026-08-16 02:21:43,2.53,,demo
2026-08-16 02:21:51,1.00,,demo
2026-08-16 02:22:12,2.91,,demo
2026-08-16 02:22:43,6.79,,demo
2026-08-16 02:23:03,2.78,,demo
2026-08-16 02:23:35,7.25,,demo
2026-08-16 02:24:22,25.56,,demo
2026-08-16 02:24:45,3.70,,demo
2026-08-16 02:25:08,3.50,,demo
2026-08-16 02:25:17,1.08,,demo
2026-08-16 02:25:31,1.60,,demo
2026-08-16 02:25:50,2.54,,demo
2026-08-16 02:26:02,1.31,,demo
2026-08-16 02:26:13,1.36,,demo
2026-08-16 02:26:24,1.28,,demo
2026-08-16 02:26:45,2.80,,demo
2026-08-16 02:27:06,3.08,,demo
2026-08-16 02:27:17,1.22,,demo
2026-08-16 02:27:32,1.80,,demo
2026-08-16 02:27:52,2.83,,demo
2026-08-16 02:28:02,1.19,,demo
2026-08-16 02:28:33,6.64,,demo
2026-08-16 02:29:46,228.28,,demo
2026-08-16 02:30:17,6.43,,demo
2026-08-16 02:30:33,2.02,,demo
2026-08-16 02:31:03,5.89,,demo
2026-08-16 02:31:21,2.42,,demo
2026-08-16 02:31:44,3.42,,demo
2026-08-16 02:32:10,4.36,,demo
2026-08-16 02:32:27,2.22,,demo
2026-08-16 02:32:55,4.99,,demo
2026-08-16 02:33:39,20.93,,demo
2026-08-16 02:33:48,1.09,,demo
2026-08-16 02:34:02,1.63,,demo
2026-08-16 02:34:17,1.72,,demo
2026-08-16 02:34:38,2.98,,demo
2026-08-16 02:34:55,2.13,,demo
2026-08-16 02:35:04,1.07,,demo
2026-08-16 02:36:00,55.19,,demo
2026-08-16 02:36:09,1.10,,demo
2026-08-16 02:36:29,2.71,,demo
2026-08-16 02:36:47,2.28,,demo
2026-08-16 02:37:02,1.79,,demo
2026-08-16 02:37:33,6.48,,demo
2026-08-16 02:37:58,4.31,,demo
2026-08-16 02:38:10,1.42,,demo
2026-08-16 02:38:42,6.97,,demo
2026-08-16 02:38:59,2.19,,demo
2026-08-16 02:39:10,1.26,,demo
2026-08-16 02:39:20,1.14,,demo
2026-08-16 02:39:33,1.59,,demo
2026-08-16 02:39:47,1.66,,demo
2026-08-16 02:39:57,1.19,,demo
2026-08-16 02:40:06,1.01,,demo
2026-08-16 02:40:19,1.58,,demo
2026-08-16 02:41:11,2.72,,demo
2026-08-16 02:41:11,1.91,,demo
2026-08-16 02:41:12,2.17,,demo
2026-08-16 02:41:25,1.43,,demo
2026-08-16 02:41:36,1.29,,demo
2026-08-16 02:41:44,1.00,,demo
2026-08-16 02:41:59,1.75,,demo
2026-08-16 02:42:12,1.60,,demo
2026-08-16 02:42:35,3.40,,demo
2026-08-16 02:42:48,1.34,,demo
2026-08-16 02:43:10,3.63,,demo
2026-08-16 02:43:29,2.43,,demo
2026-08-16 02:43:40,1.30,,demo
2026-08-16 02:43:50,1.14,,demo
2026-08-16 02:43:59,1.09,,demo
2026-08-16 02:44:17,2.43,,demo
2026-08-16 02:44:26,1.07,,demo
2026-08-16 02:44:43,2.02,,demo
2026-08-16 02:44:56,1.47,,demo
2026-08-16 02:45:06,1.30,,demo
2026-08-16 02:45:33,4.68,,demo
2026-08-16 02:45:51,2.33,,demo
2026-08-16 02:46:14,3.48,,demo
2026-08-16 02:46:27,1.45,,demo
2026-08-16 02:47:04,11.95,,demo
2026-08-16 02:47:19,1.70,,demo
2026-08-16 02:48:33,244.95,,demo
2026-08-16 02:48:55,3.31,,demo
2026-08-16 02:49:07,1.35,,demo
2026-08-16 02:49:20,1.55,,demo
2026-08-16 02:49:33,1.48,,demo
2026-08-16 02:49:48,1.73,,demo
2026-08-16 02:50:17,5.84,,demo
2026-08-16 02:50:28,1.26,,demo
2026-08-16 02:50:38,1.23,,demo
2026-08-16 02:51:13,9.22,,demo
2026-08-16 02:51:57,21.08,,demo
2026-08-16 02:52:16,2.30,,demo
2026-08-16 02:52:24,1.07,,demo
2026-08-16 02:52:38,1.59,,demo
2026-08-16 02:53:10,7.55,,demo
2026-08-16 02:53:27,2.06,,demo
2026-08-16 02:53:37,1.16,,demo
2026-08-16 02:53:55,2.42,,demo
2026-08-16 02:54:17,3.21,,demo
2026-08-16 02:54:29,1.31,,demo
2026-08-16 02:55:51,463.46,,demo
2026-08-16 02:56:05,1.78,,demo
2026-08-16 02:56:16,1.22,,demo
2026-08-16 02:56:33,2.11,,demo
2026-08-16 02:57:03,6.41,,demo
2026-08-16 02:57:20,2.16,,demo
2026-08-16 02:57:36,1.86,,demo
2026-08-16 02:57:48,1.36,,demo
2026-08-16 02:58:09,2.95,,demo
2026-08-16 02:58:28,2.59,,demo
2026-08-16 02:58:58,6.25,,demo
2026-08-16 02:59:34,10.28,,demo
2026-08-16 03:00:23,2.04,,demo
2026-08-16 03:00:23,1.86,,demo
2026-08-16 03:00:23,1.03,,demo
2026-08-16 03:00:30,1.92,,demo
2026-08-16 03:00:51,2.03,,demo
2026-08-16 03:01:08,2.05,,demo
2026-08-16 03:01:52,20.95,,demo
2026-08-16 03:02:01,1.06,,demo
2026-08-16 03:02:21,2.63,,demo
2026-08-16 03:02:47,4.54,,demo
2026-08-16 03:02:57,1.09,,demo
2026-08-16 03:03:22,4.60,,demo
2026-08-16 03:03:37,1.79,,demo
2026-08-16 03:04:14,10.41,,demo
2026-08-16 03:04:27,1.52,,demo
2026-08-16 03:04:45,2.31,,demo
2026-08-16 03:05:03,2.27,,demo
2026-08-16 03:05:50,24.97,,demo
2026-08-16 03:06:08,2.36,,demo
2026-08-16 03:06:26,2.42,,demo
2026-08-16 03:06:37,1.30,,demo
2026-08-16 03:06:47,1.14,,demo
2026-08-16 03:07:04,2.12,,demo
2026-08-16 03:07:26,3.21,,demo
2026-08-16 03:07:46,2.58,,demo
2026-08-16 03:07:59,1.54,,demo
2026-08-16 03:08:10,1.31,,demo
2026-08-16 03:08:18,1.00,,demo
2026-08-16 03:08:44,4.33,,demo
2026-08-16 03:08:56,1.41,,demo
2026-08-16 03:09:10,1.69,,demo
2026-08-16 03:09:24,1.62,,demo
2026-08-16 03:09:49,4.03,,demo
2026-08-16 03:10:05,1.91,,demo
2026-08-16 03:10:28,3.52,,demo
2026-08-16 03:10:49,2.99,,demo
2026-08-16 03:11:05,1.89,,demo
2026-08-16 03:11:23,2.26,,demo
2026-08-16 03:11:40,2.19,,demo
2026-08-16 03:12:01,2.90,,demo
2026-08-16 03:12:15,1.72,,demo
2026-08-16 03:12:30,1.80,,demo
2026-08-16 03:12:39,1.00,,demo
2026-08-16 03:12:59,2.86,,demo
2026-08-16 03:13:30,6.87,,demo
2026-08-16 03:13:56,4.10,,demo
2026-08-16 03:14:03,1.00,,demo
2026-08-16 03:14:12,1.05,,demo
2026-08-16 03:14:21,1.10,,demo
2026-08-16 03:14:42,2.87,,demo
2026-08-16 03:15:06,3.73,,demo
2026-08-16 03:15:25,2.37,,demo
2026-08-16 03:15:46,3.14,,demo
2026-08-16 03:16:09,3.46,,demo
2026-08-16 03:16:20,1.32,,demo
2026-08-16 03:16:28,1.00,,demo
2026-08-16 03:16:37,1.13,,demo
2026-08-16 03:16:53,1.88,,demo
2026-08-16 03:17:01,1.00,,demo
2026-08-16 03:17:11,1.17,,demo
2026-08-16 03:17:25,1.67,,demo
2026-08-16 03:17:33,1.00,,demo
2026-08-16 03:17:42,1.01,,demo
2026-08-16 03:18:10,5.64,,demo
2026-08-16 03:18:38,5.26,,demo
2026-08-16 03:18:49,1.24,,demo
2026-08-16 03:19:05,1.46,,demo
2026-08-16 03:19:24,3.50,,demo
2026-08-16 03:20:08,1.00,,demo
2026-08-16 03:20:08,1.48,,demo
2026-08-16 03:20:08,1.13,,demo
2026-08-16 03:20:08,1.38,,demo
2026-08-16 03:20:23,2.04,,demo
2026-08-16 03:21:04,14.08,,demo
2026-08-16 03:21:11,1.00,,demo
2026-08-16 03:21:28,2.06,,demo
2026-08-16 03:22:24,55.49,,demo
2026-08-16 03:22:33,1.10,,demo
2026-08-16 03:22:45,1.38,,demo
2026-08-16 03:23:25,14.76,,demo
2026-08-16 03:23:45,2.58,,demo
2026-08-16 03:23:56,1.30,,demo
2026-08-16 03:24:07,1.23,,demo
2026-08-16 03:24:16,1.18,,demo
2026-08-16 03:24:47,6.71,,demo
2026-08-16 03:25:07,2.58,,demo
2026-08-16 03:25:23,1.92,,demo
2026-08-16 03:25:31,1.03,,demo
2026-08-16 03:25:41,1.18,,demo
2026-08-16 03:25:59,2.19,,demo
2026-08-16 03:26:20,2.97,,demo
2026-08-16 03:26:31,1.31,,demo
2026-08-16 03:27:07,9.98,,demo
2026-08-16 03:27:17,1.24,,demo
2026-08-16 03:27:31,1.57,,demo
2026-08-16 03:27:40,1.06,,demo
2026-08-16 03:27:49,1.12,,demo
2026-08-16 03:28:01,1.43,,demo
2026-08-16 03:28:36,9.08,,demo
2026-08-16 03:28:45,1.14,,demo
2026-08-16 03:28:54,1.02,,demo
2026-08-16 03:29:28,8.69,,demo
2026-08-16 03:29:53,4.11,,demo
2026-08-16 03:30:01,1.00,,demo
2026-08-16 03:30:36,9.94,,demo
2026-08-16 03:30:51,1.56,,demo
2026-08-16 03:31:05,1.92,,demo
2026-08-16 03:31:52,25.60,,demo
2026-08-16 03:32:24,6.68,,demo
2026-08-16 03:33:02,12.83,,demo
2026-08-16 03:33:20,2.28,,demo
2026-08-16 03:33:30,1.24,,demo
2026-08-16 03:33:40,1.04,,demo
2026-08-16 03:34:07,5.21,,demo
2026-08-16 03:34:15,1.01,,demo
2026-08-16 03:34:36,3.00,,demo
2026-08-16 03:34:51,1.77,,demo
2026-08-16 03:35:01,1.22,,demo
2026-08-16 03:35:12,1.18,,demo
2026-08-16 03:35:34,3.17,,demo
2026-08-16 03:35:58,3.67,,demo
2026-08-16 03:36:36,12.73,,demo
2026-08-16 03:36:46,1.13,,demo
2026-08-16 03:36:57,1.40,,demo
2026-08-16 03:37:16,2.56,,demo
2026-08-16 03:37:41,3.80,,demo
2026-08-16 03:37:49,1.01,,demo
2026-08-16 03:38:19,6.62,,demo
2026-08-16 03:39:02,1.35,,demo
2026-08-16 03:39:02,1.00,,demo
2026-08-16 03:39:27,28.15,,demo
2026-08-16 03:39:43,1.85,,demo
2026-08-16 03:40:10,4.85,,demo
2026-08-16 03:40:20,1.20,,demo
2026-08-16 03:40:48,5.27,,demo
2026-08-16 03:41:00,1.37,,demo
2026-08-16 03:41:14,1.62,,demo
2026-08-16 03:41:22,1.04,,demo
2026-08-16 03:41:30,1.00,,demo
2026-08-16 03:41:43,1.47,,demo
2026-08-16 03:42:06,3.54,,demo
2026-08-16 03:42:17,1.27,,demo
2026-08-16 03:42:27,1.20,,demo
2026-08-16 03:42:49,3.24,,demo
2026-08-16 03:42:57,1.00,,demo
2026-08-16 03:43:12,1.79,,demo
2026-08-16 03:43:21,1.05,,demo
2026-08-16 03:43:31,1.16,,demo
2026-08-16 03:43:53,3.24,,demo
2026-08-16 03:44:07,1.74,,demo
2026-08-16 03:44:29,3.14,,demo
2026-08-16 03:44:48,2.39,,demo
2026-08-16 03:44:59,1.25,,demo
2026-08-16 03:45:10,1.31,,demo
2026-08-16 03:45:20,1.17,,demo
2026-08-16 03:45:38,2.31,,demo
2026-08-16 03:45:53,1.81,,demo
2026-08-16 03:46:15,3.28,,demo
2026-08-16 03:46:41,4.23,,demo
2026-08-16 03:47:09,5.38,,demo
2026-08-16 03:48:25,281.96,,demo
2026-08-16 03:48:44,2.61,,demo
2026-08-16 03:49:01,2.11,,demo
2026-08-16 03:49:12,1.30,,demo
2026-08-16 03:49:27,1.76,,demo
2026-08-16 03:49:55,4.98,,demo
2026-08-16 03:50:05,1.21,,demo
2026-08-16 03:50:26,2.94,,demo
2026-08-16 03:50:47,3.00,,demo
2026-08-16 03:51:05,2.25,,demo
2026-08-16 03:51:13,1.03,,demo
2026-08-16 03:51:22,1.05,,demo
2026-08-16 03:51:34,1.44,,demo
2026-08-16 03:52:03,5.74,,demo
2026-08-16 03:52:12,1.05,,demo
2026-08-16 03:52:23,1.31,,demo
2026-08-16 03:52:33,1.11,,demo
2026-08-16 03:53:05,7.51,,demo
2026-08-16 03:53:15,1.19,,demo
2026-08-16 03:53:27,1.40,,demo
2026-08-16 03:53:43,1.97,,demo
2026-08-16 03:53:56,1.46,,demo
2026-08-16 03:54:09,1.48,,demo
2026-08-16 03:54:23,1.65,,demo
2026-08-16 03:55:01,13.00,,demo
2026-08-16 03:55:28,4.68,,demo
2026-08-16 03:55:42,1.71,,demo
2026-08-16 03:56:13,6.69,,demo
2026-08-16 03:56:34,3.02,,demo
2026-08-16 03:57:06,7.03,,demo
2026-08-16 03:57:29,3.59,,demo
2026-08-16 03:57:41,1.32,,demo
2026-08-16 03:57:56,1.82,,demo
2026-08-16 03:58:46,3.88,,demo
2026-08-16 03:59:02,15.95,,demo
2026-08-16 03:59:10,1.03,,demo
2026-08-16 03:59:38,5.34,,demo
2026-08-16 04:00:08,6.26,,demo
2026-08-16 04:00:23,1.79,,demo
2026-08-16 04:00:35,1.44,,demo
2026-08-16 04:01:20,21.10,,demo
2026-08-16 04:01:29,1.05,,demo
2026-08-16 04:02:14,22.08,,demo
2026-08-16 04:02:28,1.68,,demo
2026-08-16 04:02:49,2.92,,demo
2026-08-16 04:03:01,1.42,,demo
2026-08-16 04:03:21,2.69,,demo
2026-08-16 04:03:31,1.11,,demo
2026-08-16 04:03:39,1.02,,demo
2026-08-16 04:04:02,3.34,,demo
2026-08-16 04:04:29,5.27,,demo
2026-08-16 04:04:41,1.28,,demo
2026-08-16 04:04:54,1.60,,demo
2026-08-16 04:05:23,5.71,,demo
2026-08-16 04:05:45,3.22,,demo
2026-08-16 04:06:09,3.78,,demo
2026-08-16 04:06:20,1.28,,demo
2026-08-16 04:06:48,5.02,,demo
2026-08-16 04:06:56,1.04,,demo
2026-08-16 04:07:16,2.67,,demo
2026-08-16 04:08:00,21.19,,demo
2026-08-16 04:08:28,4.70,,demo
2026-08-16 04:08:47,2.57,,demo
2026-08-16 04:09:15,5.31,,demo
2026-08-16 04:09:52,11.15,,demo
2026-08-16 04:10:00,1.00,,demo
2026-08-16 04:10:24,4.00,,demo
2026-08-16 04:10:38,1.61,,demo
2026-08-16 04:10:47,1.04,,demo
2026-08-16 04:10:55,1.00,,demo
2026-08-16 04:11:09,1.62,,demo
2026-08-16 04:11:20,1.33,,demo
2026-08-16 04:11:52,6.61,,demo
2026-08-16 04:12:18,4.77,,demo
2026-08-16 04:12:32,1.69,,demo
2026-08-16 04:12:45,1.46,,demo
2026-08-16 04:13:28,19.28,,demo
2026-08-16 04:13:50,3.22,,demo
2026-08-16 04:13:58,1.00,,demo
2026-08-16 04:14:10,1.35,,demo
2026-08-16 04:14:54,19.81,,demo
2026-08-16 04:15:03,1.00,,demo
2026-08-16 04:15:17,1.72,,demo
2026-08-16 04:15:29,1.39,,demo
2026-08-16 04:15:40,1.21,,demo
2026-08-16 04:15:53,1.69,,demo
2026-08-16 04:16:15,3.20,,demo
2026-08-16 04:16:37,2.74,,demo
2026-08-16 04:16:45,1.23,,demo
2026-08-16 04:16:56,1.20,,demo
2026-08-16 04:17:09,1.47,,demo
2026-08-16 04:17:22,1.55,,demo
2026-08-16 04:17:35,1.58,,demo
2026-08-16 04:17:52,2.04,,demo
2026-08-16 04:19:13,2.57,,demo
2026-08-16 04:19:13,1.48,,demo
2026-08-16 04:19:13,1.17,,demo
2026-08-16 04:19:13,1.00,,demo
2026-08-16 04:19:13,1.29,,demo
2026-08-16 04:19:13,1.78,,demo
2026-08-16 04:19:24,1.87,,demo
2026-08-16 04:19:43,2.53,,demo
2026-08-16 04:20:05,3.27,,demo
2026-08-16 04:20:21,1.92,,demo
2026-08-16 04:20:52,6.73,,demo
2026-08-16 04:21:04,1.39,,demo
2026-08-16 04:21:12,1.00,,demo
2026-08-16 04:21:32,2.71,,demo
2026-08-16 04:22:09,11.72,,demo
2026-08-16 04:22:31,3.05,,demo
2026-08-16 04:22:51,2.71,,demo
2026-08-16 04:23:08,2.19,,demo
2026-08-16 04:23:39,6.39,,demo
2026-08-16 04:24:10,6.79,,demo
2026-08-16 04:24:49,13.69,,demo
2026-08-16 04:25:04,1.85,,demo
2026-08-16 04:25:25,2.78,,demo
2026-08-16 04:25:39,1.66,,demo
2026-08-16 04:25:57,2.29,,demo
2026-08-16 04:26:06,1.06,,demo
2026-08-16 04:26:14,1.00,,demo
2026-08-16 04:26:37,3.62,,demo
2026-08-16 04:26:53,2.02,,demo
2026-08-16 04:27:03,1.12,,demo
2026-08-16 04:27:15,1.35,,demo
2026-08-16 04:27:57,17.04,,demo
2026-08-16 04:28:08,1.26,,demo
2026-08-16 04:28:55,25.97,,demo
2026-08-16 04:29:06,1.28,,demo
2026-08-16 04:29:23,2.08,,demo
2026-08-16 04:29:31,1.00,,demo
2026-08-16 04:29:46,1.81,,demo
2026-08-16 04:30:18,7.70,,demo
2026-08-16 04:30:54,10.12,,demo
2026-08-16 04:31:06,1.31,,demo
2026-08-16 04:31:21,1.85,,demo
2026-08-16 04:31:34,1.58,,demo
2026-08-16 04:31:51,2.04,,demo
2026-08-16 04:32:12,3.10,,demo
2026-08-16 04:32:21,1.02,,demo
2026-08-16 04:32:29,1.02,,demo
2026-08-16 04:32:41,1.39,,demo
2026-08-16 04:32:50,1.11,,demo
2026-08-16 04:32:59,1.08,,demo
2026-08-16 04:33:15,1.91,,demo
2026-08-16 04:33:32,2.17,,demo
2026-08-16 04:34:14,17.00,,demo
2026-08-16 04:34:27,1.45,,demo
2026-08-16 04:34:51,3.66,,demo
2026-08-16 04:35:12,3.05,,demo
2026-08-16 04:35:35,3.57,,demo
2026-08-16 04:35:48,1.45,,demo
2026-08-16 04:36:06,2.35,,demo
2026-08-16 04:36:16,1.20,,demo
2026-08-16 04:36:29,1.52,,demo
2026-08-16 04:36:41,1.38,,demo
2026-08-16 04:37:03,3.13,,demo
2026-08-16 04:37:34,6.59,,demo
2026-08-16 04:37:42,1.01,,demo
2026-08-16 04:38:05,3.40,,demo
2026-08-16 04:39:08,94.71,,demo
2026-08-16 04:39:23,1.85,,demo
2026-08-16 04:39:43,2.71,,demo
2026-08-16 04:39:57,1.77,,demo
2026-08-16 04:40:09,1.31,,demo
2026-08-16 04:40:27,2.33,,demo
2026-08-16 04:40:50,3.42,,demo
2026-08-16 04:41:17,5.19,,demo
2026-08-16 04:41:46,5.53,,demo
2026-08-16 04:42:26,14.44,,demo
2026-08-16 04:42:37,1.26,,demo
2026-08-16 04:43:10,7.97,,demo
2026-08-16 04:43:37,4.93,,demo
2026-08-16 04:43:51,1.58,,demo
2026-08-16 04:44:16,3.76,,demo
2026-08-16 04:44:23,1.02,,demo
2026-08-16 04:44:51,5.39,,demo
2026-08-16 04:45:02,1.27,,demo
2026-08-16 04:45:14,1.37,,demo
2026-08-16 04:45:25,1.26,,demo
2026-08-16 04:45:33,1.03,,demo
2026-08-16 04:45:44,1.34,,demo
2026-08-16 04:45:55,1.15,,demo
2026-08-16 04:46:06,1.34,,demo
2026-08-16 04:46:25,2.45,,demo
2026-08-16 04:46:38,1.58,,demo
2026-08-16 04:47:08,6.12,,demo
2026-08-16 04:47:36,5.12,,demo
2026-08-16 04:47:50,1.76,,demo
2026-08-16 04:48:05,1.70,,demo
2026-08-16 04:48:19,1.70,,demo
2026-08-16 04:48:28,1.10,,demo
2026-08-16 04:48:50,3.14,,demo
2026-08-16 04:49:57,132.00,,demo
2026-08-16 04:50:07,1.26,,demo
2026-08-16 04:50:17,1.13,,demo
2026-08-16 04:50:30,1.48,,demo
2026-08-16 04:50:48,2.40,,demo
2026-08-16 04:51:08,2.58,,demo
2026-08-16 04:51:29,3.02,,demo
2026-08-16 04:51:43,1.63,,demo
2026-08-16 04:51:52,1.08,,demo
2026-08-16 04:52:01,1.12,,demo
2026-08-16 04:52:27,4.37,,demo
2026-08-16 04:52:57,6.07,,demo
2026-08-16 04:53:27,6.19,,demo
2026-08-16 04:53:52,4.24,,demo
2026-08-16 04:54:01,1.06,,demo
2026-08-16 04:54:12,1.24,,demo
2026-08-16 04:54:24,1.23,,demo
2026-08-16 04:54:47,4.12,,demo
2026-08-16 04:55:02,1.83,,demo
2026-08-16 04:55:17,1.73,,demo
2026-08-16 04:56:16,68.76,,demo
2026-08-16 04:56:34,2.35,,demo
2026-08-16 04:56:42,1.03,,demo
2026-08-16 04:56:55,1.48,,demo
2026-08-16 04:57:16,2.92,,demo
2026-08-16 04:57:30,1.70,,demo
2026-08-16 04:58:31,4.04,,demo
2026-08-16 04:58:31,1.15,,demo
2026-08-16 04:58:31,1.96,,demo
2026-08-16 04:58:40,2.60,,demo
2026-08-16 04:58:58,2.29,,demo
2026-08-16 04:59:20,3.02,,demo
2026-08-16 04:59:41,2.79,,demo
2026-08-16 05:00:00,2.64,,demo
2026-08-16 05:00:10,1.22,,demo
2026-08-16 05:00:18,1.03,,demo
2026-08-16 05:00:34,1.86,,demo
2026-08-16 05:00:53,2.47,,demo
2026-08-16 05:01:11,2.33,,demo
2026-08-16 05:01:24,1.50,,demo
2026-08-16 05:01:45,2.94,,demo
2026-08-16 05:02:00,1.85,,demo
2026-08-16 05:02:09,1.05,,demo
2026-08-16 05:02:17,1.00,,demo
2026-08-16 05:02:36,2.36,,demo
2026-08-16 05:02:49,1.67,,demo
2026-08-16 05:03:10,2.91,,demo
2026-08-16 05:03:30,2.57,,demo
2026-08-16 05:03:44,1.63,,demo
2026-08-16 05:03:52,1.05,,demo
2026-08-16 05:04:10,2.19,,demo
2026-08-16 05:04:25,1.74,,demo
2026-08-16 05:04:40,1.96,,demo
2026-08-16 05:04:51,1.28,,demo
2026-08-16 05:05:01,1.09,,demo
2026-08-16 05:05:11,1.21,,demo
2026-08-16 05:05:25,1.64,,demo
2026-08-16 05:05:46,2.94,,demo
2026-08-16 05:05:57,1.27,,demo
2026-08-16 05:06:16,2.52,,demo
2026-08-16 05:06:27,1.26,,demo
2026-08-16 05:06:43,2.00,,demo
2026-08-16 05:06:51,1.00,,demo
2026-08-16 05:07:17,4.49,,demo
2026-08-16 05:07:46,5.80,,demo
2026-08-16 05:08:08,3.19,,demo
2026-08-16 05:08:20,1.38,,demo
2026-08-16 05:08:29,1.07,,demo
2026-08-16 05:08:54,4.15,,demo
2026-08-16 05:09:22,5.41,,demo
2026-08-16 05:09:36,1.67,,demo
2026-08-16 05:09:50,1.54,,demo
2026-08-16 05:10:11,2.96,,demo
2026-08-16 05:10:30,2.43,,demo
2026-08-16 05:11:06,11.13,,demo
2026-08-16 05:11:18,1.24,,demo
2026-08-16 05:11:25,1.00,,demo
2026-08-16 05:11:49,3.62,,demo
2026-08-16 05:12:15,4.62,,demo
2026-08-16 05:12:25,1.18,,demo
2026-08-16 05:13:15,31.59,,demo
2026-08-16 05:13:25,1.20,,demo
2026-08-16 05:13:36,1.30,,demo
2026-08-16 05:13:44,1.05,,demo
2026-08-16 05:14:18,8.06,,demo
2026-08-16 05:14:27,1.12,,demo
2026-08-16 05:15:09,17.07,,demo
2026-08-16 05:15:27,2.20,,demo
2026-08-16 05:16:00,8.45,,demo
2026-08-16 05:16:18,2.15,,demo
2026-08-16 05:16:55,11.73,,demo
2026-08-16 05:17:11,1.87,,demo
2026-08-16 05:18:03,1.18,,demo
2026-08-16 05:18:03,1.31,,demo
2026-08-16 05:18:03,1.53,,demo
2026-08-16 05:18:03,1.22,,demo
2026-08-16 05:18:18,3.39,,demo
2026-08-16 05:18:49,6.48,,demo
2026-08-16 05:18:57,1.00,,demo
2026-08-16 05:19:15,2.33,,demo
2026-08-16 05:19:28,1.49,,demo
2026-08-16 05:19:37,1.14,,demo
2026-08-16 05:20:25,25.93,,demo
2026-08-16 05:20:36,1.31,,demo
2026-08-16 05:20:48,1.44,,demo
2026-08-16 05:20:57,1.02,,demo
2026-08-16 05:21:15,2.37,,demo
2026-08-16 05:21:27,1.35,,demo
2026-08-16 05:21:40,1.50,,demo
2026-08-16 05:21:51,1.34,,demo
2026-08-16 05:21:59,1.00,,demo
2026-08-16 05:22:11,1.25,,demo
2026-08-16 05:22:19,1.08,,demo
2026-08-16 05:22:34,1.82,,demo
2026-08-16 05:23:12,12.21,,demo
2026-08-16 05:23:22,1.12,,demo
2026-08-16 05:23:58,10.99,,demo
2026-08-16 05:24:17,2.46,,demo
2026-08-16 05:24:41,3.14,,demo
2026-08-16 05:24:50,1.25,,demo
2026-08-16 05:25:02,1.43,,demo
2026-08-16 05:25:11,1.05,,demo
2026-08-16 05:25:26,1.90,,demo
2026-08-16 05:25:59,7.52,,demo
2026-08-16 05:26:49,34.19,,demo
2026-08-16 05:27:11,3.15,,demo
2026-08-16 05:27:21,1.21,,demo
2026-08-16 05:27:57,10.18,,demo
2026-08-16 05:28:13,1.81,,demo
2026-08-16 05:28:35,3.41,,demo
2026-08-16 05:28:43,1.03,,demo
2026-08-16 05:29:07,3.82,,demo
2026-08-16 05:29:17,1.14,,demo
2026-08-16 05:29:34,2.14,,demo
2026-08-16 05:30:10,10.37,,demo
2026-08-16 05:30:59,30.46,,demo
2026-08-16 05:31:44,20.06,,demo
2026-08-16 05:32:07,3.52,,demo
2026-08-16 05:32:21,1.67,,demo
2026-08-16 05:32:55,8.91,,demo
2026-08-16 05:33:37,16.88,,demo
2026-08-16 05:34:05,5.46,,demo
2026-08-16 05:34:13,1.00,,demo
2026-08-16 05:34:50,10.95,,demo
2026-08-16 05:35:23,7.97,,demo
2026-08-16 05:37:17,163.19,,demo
2026-08-16 05:37:17,1.56,,demo
2026-08-16 05:37:17,3.33,,demo
2026-08-16 05:37:17,1.00,,demo
2026-08-16 05:37:39,3.45,,demo
2026-08-16 05:37:47,1.04,,demo
2026-08-16 05:37:58,1.21,,demo
2026-08-16 05:38:07,1.07,,demo
2026-08-16 05:38:28,2.81,,demo
2026-08-16 05:39:06,13.24,,demo
2026-08-16 05:39:21,1.71,,demo
2026-08-16 05:39:33,1.44,,demo
2026-08-16 05:39:46,1.38,,demo
2026-08-16 05:39:53,1.00,,demo
2026-08-16 05:40:24,6.86,,demo
2026-08-16 05:41:50,643.93,,demo
2026-08-16 05:42:14,3.70,,demo
2026-08-16 05:42:37,3.57,,demo
2026-08-16 05:43:20,18.78,,demo
2026-08-16 05:43:34,1.61,,demo
2026-08-16 05:43:45,1.23,,demo
2026-08-16 05:44:00,1.80,,demo
2026-08-16 05:44:20,2.72,,demo
2026-08-16 05:44:49,5.75,,demo
2026-08-16 05:45:03,1.69,,demo
2026-08-16 05:45:11,1.04,,demo
2026-08-16 05:45:32,2.79,,demo
2026-08-16 05:45:45,1.49,,demo
2026-08-16 05:45:54,1.10,,demo
2026-08-16 05:46:04,1.14,,demo
2026-08-16 05:46:21,2.05,,demo
2026-08-16 05:46:34,1.58,,demo
2026-08-16 05:46:47,1.51,,demo
2026-08-16 05:46:59,1.43,,demo
2026-08-16 05:47:12,1.59,,demo
2026-08-16 05:47:31,2.29,,demo
2026-08-16 05:47:39,1.00,,demo
2026-08-16 05:47:51,1.44,,demo
2026-08-16 05:48:02,1.24,,demo
2026-08-16 05:48:18,2.03,,demo
2026-08-16 05:48:29,1.29,,demo
2026-08-16 05:48:38,1.07,,demo
2026-08-16 05:48:55,2.19,,demo
2026-08-16 05:49:07,1.27,,demo
2026-08-16 05:49:15,1.00,,demo
2026-08-16 05:49:37,3.30,,demo
2026-08-16 05:49:50,1.60,,demo
2026-08-16 05:50:00,1.18,,demo
2026-08-16 05:50:43,16.80,,demo
2026-08-16 05:51:20,11.77,,demo
2026-08-16 05:51:46,4.30,,demo
2026-08-16 05:52:03,2.23,,demo
2026-08-16 05:52:16,1.46,,demo
2026-08-16 05:52:35,2.57,,demo
2026-08-16 05:53:01,4.24,,demo
2026-08-16 05:53:09,1.07,,demo
2026-08-16 05:53:20,1.23,,demo
2026-08-16 05:53:33,1.47,,demo
2026-08-16 05:53:41,1.00,,demo
2026-08-16 05:54:10,6.05,,demo
2026-08-16 05:54:43,8.14,,demo
2026-08-16 05:55:02,2.44,,demo
2026-08-16 05:55:10,1.00,,demo
2026-08-16 05:55:34,3.69,,demo
2026-08-16 05:55:44,1.17,,demo
2026-08-16 05:55:53,1.06,,demo
2026-08-16 05:56:05,1.43,,demo
2026-08-16 05:56:15,1.20,,demo
2026-08-16 05:56:27,1.38,,demo
2026-08-16 05:56:37,1.21,,demo
2026-08-16 05:57:02,3.85,,demo
2026-08-16 05:57:34,7.55,,demo
2026-08-16 05:58:44,19.52,,demo
2026-08-16 05:58:44,1.32,,demo
2026-08-16 05:58:44,1.04,,demo
2026-08-16 05:58:51,1.61,,demo
2026-08-16 05:59:00,1.05,,demo
2026-08-16 05:59:10,1.19,,demo
2026-08-16 05:59:24,1.72,,demo
2026-08-16 05:59:40,1.94,,demo
2026-08-16 06:00:08,5.08,,demo
2026-08-16 06:00:20,1.38,,demo
2026-08-16 06:00:49,5.47,,demo
2026-08-16 06:01:05,2.09,,demo
2026-08-16 06:01:53,26.67,,demo
2026-08-16 06:02:05,1.43,,demo
2026-08-16 06:02:26,2.95,,demo
2026-08-16 06:02:39,1.58,,demo
2026-08-16 06:03:20,14.64,,demo
2026-08-16 06:03:30,1.20,,demo
2026-08-16 06:03:49,2.46,,demo
2026-08-16 06:04:05,1.98,,demo
2026-08-16 06:04:28,3.38,,demo
2026-08-16 06:04:38,1.16,,demo
2026-08-16 06:04:46,1.00,,demo
2026-08-16 06:04:54,1.00,,demo
2026-08-16 06:05:19,4.29,,demo
2026-08-16 06:05:43,3.83,,demo
2026-08-16 06:05:58,1.67,,demo
2026-08-16 06:06:07,1.13,,demo
2026-08-16 06:06:15,1.00,,demo
2026-08-16 06:06:27,1.32,,demo
2026-08-16 06:06:43,1.97,,demo
2026-08-16 06:07:01,2.29,,demo
2026-08-16 06:07:25,3.92,,demo
2026-08-16 06:07:40,1.85,,demo
2026-08-16 06:08:18,10.66,,demo
2026-08-16 06:08:34,2.23,,demo
2026-08-16 06:08:51,2.10,,demo
2026-08-16 06:09:08,1.97,,demo
2026-08-16 06:09:29,3.01,,demo
2026-08-16 06:09:46,2.20,,demo
2026-08-16 06:09:55,1.01,,demo
2026-08-16 06:10:10,1.90,,demo
2026-08-16 06:10:32,3.20,,demo
2026-08-16 06:11:03,6.72,,demo
2026-08-16 06:11:18,1.79,,demo
2026-08-16 06:11:30,1.41,,demo
2026-08-16 06:11:57,4.65,,demo
2026-08-16 06:12:33,10.18,,demo
2026-08-16 06:12:49,1.94,,demo
2026-08-16 06:13:29,14.35,,demo
2026-08-16 06:14:13,20.22,,demo
2026-08-16 06:14:46,8.33,,demo
2026-08-16 06:15:05,2.38,,demo
2026-08-16 06:15:14,1.06,,demo
2026-08-16 06:15:26,1.44,,demo
2026-08-16 06:15:44,2.37,,demo
2026-08-16 06:15:52,1.00,,demo
2026-08-16 06:16:05,1.52,,demo
2026-08-16 06:16:22,1.97,,demo
2026-08-16 06:16:36,1.78,,demo
2026-08-16 06:17:13,11.12,,demo
2026-08-16 06:18:13,73.36,,demo
2026-08-16 06:19:11,6.17,,demo
2026-08-16 06:19:11,2.76,,demo
2026-08-16 06:19:30,4.55,,demo
2026-08-16 06:20:02,7.20,,demo
2026-08-16 06:20:23,3.14,,demo
2026-08-16 06:20:54,6.67,,demo
2026-08-16 06:21:09,1.82,,demo
2026-08-16 06:21:22,1.47,,demo
2026-08-16 06:21:52,6.15,,demo
2026-08-16 06:22:01,1.05,,demo
2026-08-16 06:22:45,21.01,,demo
2026-08-16 06:22:55,1.18,,demo
2026-08-16 06:23:06,1.35,,demo
2026-08-16 06:23:28,3.04,,demo
2026-08-16 06:23:47,2.59,,demo
2026-08-16 06:23:58,1.24,,demo
2026-08-16 06:24:22,3.93,,demo
2026-08-16 06:24:39,2.12,,demo
2026-08-16 06:24:59,2.59,,demo
2026-08-16 06:25:11,1.38,,demo
2026-08-16 06:25:20,1.14,,demo
2026-08-16 06:25:31,1.30,,demo
2026-08-16 06:26:05,8.15,,demo
2026-08-16 06:26:16,1.29,,demo
2026-08-16 06:26:40,3.76,,demo
2026-08-16 06:26:51,1.29,,demo
2026-08-16 06:27:12,2.89,,demo
2026-08-16 06:27:50,11.95,,demo
2026-08-16 06:28:00,1.20,,demo
2026-08-16 06:28:25,4.15,,demo
2026-08-16 06:28:58,8.20,,demo
2026-08-16 06:29:07,1.07,,demo
2026-08-16 06:29:23,1.97,,demo
2026-08-16 06:29:38,1.80,,demo
2026-08-16 06:29:46,1.03,,demo
2026-08-16 06:30:08,3.11,,demo
2026-08-16 06:30:18,1.16,,demo
2026-08-16 06:31:00,16.92,,demo
2026-08-16 06:31:41,15.00,,demo
2026-08-16 06:31:55,1.60,,demo
2026-08-16 06:32:03,1.04,,demo
2026-08-16 06:32:38,9.91,,demo
2026-08-16 06:32:47,1.09,,demo
2026-08-16 06:33:11,3.79,,demo
2026-08-16 06:33:24,1.51,,demo
2026-08-16 06:33:34,1.00,,demo
2026-08-16 06:34:04,7.40,,demo
2026-08-16 06:34:33,5.42,,demo
2026-08-16 06:34:48,1.78,,demo
2026-08-16 06:35:07,2.55,,demo
2026-08-16 06:35:24,2.20,,demo
2026-08-16 06:35:33,1.00,,demo
2026-08-16 06:35:51,2.33,,demo
2026-08-16 06:36:04,1.54,,demo
2026-08-16 06:36:13,1.03,,demo
2026-08-16 06:36:21,1.00,,demo
2026-08-16 06:36:31,1.23,,demo
2026-08-16 06:36:45,1.58,,demo
2026-08-16 06:37:03,2.36,,demo
2026-08-16 06:37:20,2.19,,demo
2026-08-16 06:37:44,3.81,,demo
2026-08-16 06:37:53,1.02,,demo
2026-08-16 06:39:07,28.04,,demo
2026-08-16 06:39:07,1.75,,demo
2026-08-16 06:39:07,1.24,,demo
2026-08-16 06:39:40,8.60,,demo
2026-08-16 06:39:56,2.03,,demo
2026-08-16 06:40:15,2.43,,demo
2026-08-16 06:40:40,4.04,,demo
2026-08-16 06:40:55,1.76,,demo
2026-08-16 06:41:09,1.65,,demo
2026-08-16 06:41:46,11.30,,demo
2026-08-16 06:42:43,56.22,,demo
2026-08-16 06:43:06,3.82,,demo
2026-08-16 06:43:18,1.37,,demo
2026-08-16 06:43:29,1.28,,demo
2026-08-16 06:43:53,3.57,,demo
2026-08-16 06:44:03,1.22,,demo
2026-08-16 06:44:19,2.00,,demo
2026-08-16 06:44:29,1.11,,demo
2026-08-16 06:45:16,25.80,,demo
2026-08-16 06:45:24,1.07,,demo
2026-08-16 06:45:34,1.17,,demo
2026-08-16 06:46:04,6.13,,demo
2026-08-16 06:46:16,1.43,,demo
2026-08-16 06:46:48,6.85,,demo
2026-08-16 06:46:58,1.23,,demo
2026-08-16 06:47:06,1.00,,demo
2026-08-16 06:47:34,5.13,,demo
2026-08-16 06:48:04,6.40,,demo
2026-08-16 06:48:32,5.26,,demo
2026-08-16 06:48:40,1.01,,demo
2026-08-16 06:48:53,1.43,,demo
2026-08-16 06:49:13,2.82,,demo
2026-08-16 06:49:22,1.04,,demo
2026-08-16 06:49:30,1.06,,demo
2026-08-16 06:50:03,7.92,,demo
2026-08-16 06:50:21,2.14,,demo
2026-08-16 06:50:30,1.18,,demo
2026-08-16 06:50:39,1.03,,demo
2026-08-16 06:51:10,7.11,,demo
2026-08-16 06:51:31,2.80,,demo
2026-08-16 06:51:48,2.15,,demo
2026-08-16 06:51:57,1.06,,demo
2026-08-16 06:52:05,1.00,,demo
2026-08-16 06:52:25,2.75,,demo
2026-08-16 06:52:35,1.15,,demo
2026-08-16 06:53:08,8.22,,demo
2026-08-16 06:53:20,1.44,,demo
2026-08-16 06:53:40,2.57,,demo
2026-08-16 06:54:09,6.02,,demo
2026-08-16 06:54:22,1.46,,demo
2026-08-16 06:54:35,1.55,,demo
2026-08-16 06:54:59,3.83,,demo
2026-08-16 06:55:10,1.27,,demo
2026-08-16 06:55:30,2.66,,demo
2026-08-16 06:55:51,2.79,,demo
2026-08-16 06:56:08,2.13,,demo
2026-08-16 06:56:38,6.19,,demo
2026-08-16 06:57:15,11.13,,demo
2026-08-16 06:57:26,1.39,,demo
2026-08-16 06:57:40,1.64,,demo
2026-08-16 06:57:54,1.61,,demo
2026-08-16 06:58:04,1.15,,demo
2026-08-16 06:58:18,1.61,,demo
2026-08-16 06:58:26,1.02,,demo
2026-08-16 06:58:37,1.23,,demo
2026-08-16 06:58:45,1.04,,demo
2026-08-16 06:58:55,1.14,,demo
2026-08-16 07:00:29,2.00,,demo
2026-08-16 07:00:29,1.92,,demo
2026-08-16 07:00:29,3.91,,demo
2026-08-16 07:00:29,1.83,,demo
2026-08-16 07:00:29,1.16,,demo
2026-08-16 07:00:33,2.07,,demo
2026-08-16 07:00:42,1.09,,demo
2026-08-16 07:01:15,7.71,,demo
2026-08-16 07:01:27,1.42,,demo
2026-08-16 07:01:35,1.06,,demo
2026-08-16 07:01:52,1.94,,demo
2026-08-16 07:02:10,2.29,,demo
2026-08-16 07:02:49,13.28,,demo
2026-08-16 07:02:58,1.09,,demo
2026-08-16 07:03:09,1.27,,demo
2026-08-16 07:03:24,1.77,,demo
2026-08-16 07:03:34,1.22,,demo
2026-08-16 07:03:43,1.09,,demo
2026-08-16 07:04:06,3.55,,demo
2026-08-16 07:04:20,1.51,,demo
2026-08-16 07:04:51,7.23,,demo
2026-08-16 07:05:24,8.15,,demo
2026-08-16 07:05:49,4.07,,demo
2026-08-16 07:06:08,2.45,,demo
2026-08-16 07:06:17,1.15,,demo
2026-08-16 07:06:29,1.26,,demo
2026-08-16 07:06:37,1.01,,demo
2026-08-16 07:06:45,1.04,,demo
2026-08-16 07:07:02,1.96,,demo
2026-08-16 07:07:17,1.85,,demo
2026-08-16 07:07:27,1.26,,demo
2026-08-16 07:07:44,2.12,,demo
2026-08-16 07:08:08,3.82,,demo
2026-08-16 07:08:17,1.00,,demo
2026-08-16 07:08:29,1.42,,demo
2026-08-16 07:08:40,1.26,,demo
2026-08-16 07:08:52,1.38,,demo
2026-08-16 07:09:03,1.33,,demo
2026-08-16 07:09:23,2.65,,demo
2026-08-16 07:09:39,2.02,,demo
2026-08-16 07:09:55,1.93,,demo
2026-08-16 07:10:09,1.60,,demo
2026-08-16 07:10:29,2.85,,demo
2026-08-16 07:10:55,3.55,,demo
2026-08-16 07:11:21,5.62,,demo
2026-08-16 07:11:47,4.51,,demo
2026-08-16 07:11:56,1.04,,demo
2026-08-16 07:12:07,1.28,,demo
2026-08-16 07:12:19,1.40,,demo
2026-08-16 07:12:32,1.47,,demo
2026-08-16 07:12:56,3.84,,demo
2026-08-16 07:13:10,1.61,,demo
2026-08-16 07:13:21,1.32,,demo
2026-08-16 07:13:32,1.22,,demo
2026-08-16 07:13:54,3.36,,demo
2026-08-16 07:14:09,1.85,,demo
2026-08-16 07:14:20,1.24,,demo
2026-08-16 07:14:43,3.34,,demo
2026-08-16 07:14:52,1.17,,demo
2026-08-16 07:15:00,1.00,,demo
2026-08-16 07:15:15,1.65,,demo
2026-08-16 07:15:27,1.49,,demo
2026-08-16 07:15:56,5.26,,demo
2026-08-16 07:16:08,1.40,,demo
2026-08-16 07:16:20,1.47,,demo
2026-08-16 07:16:54,8.46,,demo
2026-08-16 07:17:13,2.49,,demo
2026-08-16 07:17:25,1.41,,demo
2026-08-16 07:17:39,1.69,,demo
2026-08-16 07:18:17,11.73,,demo
2026-08-16 07:18:25,1.01,,demo
2026-08-16 07:18:57,7.29,,demo
2026-08-16 07:19:29,7.53,,demo
2026-08-16 07:19:43,1.62,,demo
2026-08-16 07:20:14,6.72,,demo
2026-08-16 07:20:22,1.01,,demo
2026-08-16 07:20:34,1.41,,demo
2026-08-16 07:21:13,12.89,,demo
2026-08-16 07:21:22,1.09,,demo
2026-08-16 07:21:31,1.05,,demo
2026-08-16 07:21:47,2.03,,demo
2026-08-16 07:21:56,1.07,,demo
2026-08-16 07:22:06,1.20,,demo
2026-08-16 07:22:16,1.15,,demo
2026-08-16 07:22:25,1.12,,demo
2026-08-16 07:22:40,1.77,,demo
2026-08-16 07:23:02,3.08,,demo
2026-08-16 07:23:16,1.71,,demo
2026-08-16 07:23:25,1.06,,demo
2026-08-16 07:25:13,34.12,,demo
2026-08-16 07:25:13,3.13,,demo
2026-08-16 07:25:13,1.28,,demo
2026-08-16 07:25:13,3.80,,demo
2026-08-16 07:25:25,1.50,,demo
2026-08-16 07:25:44,2.41,,demo
2026-08-16 07:26:07,3.65,,demo
2026-08-16 07:26:27,2.74,,demo
2026-08-16 07:26:35,1.00,,demo
2026-08-16 07:26:43,1.00,,demo
2026-08-16 07:27:04,2.92,,demo
2026-08-16 07:27:33,5.54,,demo
2026-08-16 07:27:57,3.91,,demo
2026-08-16 07:28:17,2.78,,demo
2026-08-16 07:28:38,2.98,,demo
2026-08-16 07:29:13,8.85,,demo
2026-08-16 07:29:23,1.20,,demo
2026-08-16 07:29:33,1.12,,demo
2026-08-16 07:29:42,1.17,,demo
2026-08-16 07:29:50,1.02,,demo
2026-08-16 07:30:01,1.19,,demo
2026-08-16 07:30:15,1.36,,demo
2026-08-16 07:30:21,1.00,,demo
2026-08-16 07:30:45,3.88,,demo
2026-08-16 07:31:25,13.92,,demo
2026-08-16 07:31:38,1.61,,demo
2026-08-16 07:32:08,6.24,,demo
2026-08-16 07:32:22,1.63,,demo
2026-08-16 07:32:53,6.84,,demo
2026-08-16 07:33:02,1.09,,demo
2026-08-16 07:33:27,4.15,,demo
2026-08-16 07:33:39,1.36,,demo
2026-08-16 07:33:51,1.42,,demo
2026-08-16 07:34:05,1.57,,demo
2026-08-16 07:34:43,12.13,,demo
2026-08-16 07:34:56,1.55,,demo
2026-08-16 07:35:23,4.74,,demo
2026-08-16 07:35:40,2.11,,demo
2026-08-16 07:35:48,1.01,,demo
2026-08-16 07:35:59,1.25,,demo
2026-08-16 07:36:17,2.18,,demo
2026-08-16 07:36:26,1.17,,demo
2026-08-16 07:36:48,3.35,,demo
2026-08-16 07:37:01,1.45,,demo
2026-08-16 07:37:25,3.70,,demo
2026-08-16 07:37:39,1.61,,demo
2026-08-16 07:38:03,3.96,,demo
2026-08-16 07:38:21,2.26,,demo
2026-08-16 07:38:48,4.95,,demo
2026-08-16 07:39:09,2.45,,demo
2026-08-16 07:39:34,5.14,,demo
2026-08-16 07:40:13,12.97,,demo
2026-08-16 07:40:23,1.19,,demo
2026-08-16 07:40:51,5.31,,demo
2026-08-16 07:41:14,3.53,,demo
2026-08-16 07:41:35,2.75,,demo
2026-08-16 07:41:51,1.99,,demo
2026-08-16 07:42:02,1.12,,demo
2026-08-16 07:43:02,88.34,,demo
2026-08-16 07:43:21,2.52,,demo
2026-08-16 07:43:40,2.37,,demo
2026-08-16 07:43:59,2.51,,demo
2026-08-16 07:44:21,3.32,,demo
2026-08-16 07:44:52,6.92,,demo
2026-08-16 07:45:03,1.17,,demo
2026-08-16 07:45:11,1.00,,demo
2026-08-16 07:45:31,2.82,,demo
2026-08-16 07:45:41,1.23,,demo
2026-08-16 07:45:52,1.19,,demo
2026-08-16 07:46:16,3.88,,demo
2026-08-16 07:46:39,3.43,,demo
2026-08-16 07:48:48,79.21,,demo
2026-08-16 07:48:48,4.74,,demo
2026-08-16 07:48:48,3.48,,demo
2026-08-16 07:48:50,2.77,,demo
2026-08-16 07:49:05,1.96,,demo
2026-08-16 07:49:42,10.62,,demo
2026-08-16 07:49:57,1.80,,demo
2026-08-16 07:50:13,1.99,,demo
2026-08-16 07:50:29,1.91,,demo
2026-08-16 07:50:47,2.28,,demo
2026-08-16 07:51:04,2.16,,demo
2026-08-16 07:51:14,1.10,,demo
2026-08-16 07:51:33,2.63,,demo
2026-08-16 07:51:42,1.09,,demo
2026-08-16 07:51:51,1.08,,demo
2026-08-16 07:52:46,51.25,,demo
2026-08-16 07:52:58,1.37,,demo
2026-08-16 07:53:24,4.44,,demo
2026-08-16 07:53:37,1.52,,demo
2026-08-16 07:53:51,1.68,,demo
2026-08-16 07:54:22,6.41,,demo
2026-08-16 07:54:38,2.00,,demo
2026-08-16 07:55:22,19.93,,demo
2026-08-16 07:55:34,1.46,,demo
2026-08-16 07:55:47,1.48,,demo
2026-08-16 07:56:06,2.39,,demo
2026-08-16 07:56:17,1.28,,demo
2026-08-16 07:56:43,4.11,,demo
2026-08-16 07:57:03,3.07,,demo
2026-08-16 07:57:13,1.12,,demo
2026-08-16 07:57:26,1.49,,demo
2026-08-16 07:57:46,2.78,,demo
2026-08-16 07:58:10,3.90,,demo
2026-08-16 07:58:21,1.28,,demo
2026-08-16 07:58:33,1.36,,demo
2026-08-16 07:58:41,1.00,,demo
2026-08-16 07:59:17,10.63,,demo
2026-08-16 07:59:26,1.05,,demo
2026-08-16 07:59:52,4.37,,demo
2026-08-16 08:00:11,2.54,,demo
2026-08-16 08:00:34,3.54,,demo
2026-08-16 08:00:47,1.51,,demo
2026-08-16 08:00:56,1.00,,demo
2026-08-16 08:01:13,2.26,,demo
2026-08-16 08:01:36,3.57,,demo
2026-08-16 08:01:45,1.10,,demo
2026-08-16 08:02:02,2.04,,demo
2026-08-16 08:02:25,3.39,,demo
2026-08-16 08:03:02,11.64,,demo
2026-08-16 08:03:21,2.54,,demo
2026-08-16 08:03:33,1.38,,demo
2026-08-16 08:03:54,2.92,,demo
2026-08-16 08:04:40,22.70,,demo
2026-08-16 08:04:53,1.41,,demo
2026-08-16 08:05:08,1.85,,demo
2026-08-16 08:05:19,1.40,,demo
2026-08-16 08:06:02,17.73,,demo
2026-08-16 08:06:16,1.66,,demo
2026-08-16 08:06:39,3.37,,demo
2026-08-16 08:06:50,1.26,,demo
2026-08-16 08:07:04,1.72,,demo
2026-08-16 08:07:13,1.07,,demo
2026-08-16 08:07:37,3.70,,demo
2026-08-16 08:07:49,1.41,,demo
2026-08-16 08:08:09,2.52,,demo
2026-08-16 08:08:21,1.53,,demo
2026-08-16 08:09:40,3.44,,demo
2026-08-16 08:09:40,1.16,,demo
2026-08-16 08:09:40,1.22,,demo
2026-08-16 08:09:40,1.10,,demo
2026-08-16 08:09:40,2.07,,demo
2026-08-16 08:10:02,7.31,,demo
2026-08-16 08:10:20,2.22,,demo
2026-08-16 08:10:36,1.93,,demo
2026-08-16 08:10:56,2.81,,demo
2026-08-16 08:11:06,1.15,,demo
2026-08-16 08:11:16,1.18,,demo
2026-08-16 08:12:56,2186.04,,demo
2026-08-16 08:13:23,5.00,,demo
2026-08-16 08:13:37,1.59,,demo
2026-08-16 08:13:46,1.00,,demo
2026-08-16 08:14:41,55.05,,demo
2026-08-16 08:14:59,2.21,,demo
2026-08-16 08:15:07,1.05,,demo
2026-08-16 08:15:43,9.36,,demo
2026-08-16 08:16:12,6.29,,demo
2026-08-16 08:16:29,2.01,,demo
2026-08-16 08:16:57,5.55,,demo
2026-08-16 08:17:11,1.62,,demo
2026-08-16 08:17:21,1.16,,demo
2026-08-16 08:17:36,1.78,,demo
2026-08-16 08:17:56,2.77,,demo
2026-08-16 08:18:19,3.33,,demo
2026-08-16 08:18:32,1.63,,demo
2026-08-16 08:18:59,4.86,,demo
2026-08-16 08:19:16,2.00,,demo
2026-08-16 08:19:25,1.10,,demo
2026-08-16 08:19:42,1.88,,demo
2026-08-16 08:20:11,6.34,,demo
2026-08-16 08:20:33,3.23,,demo
2026-08-16 08:20:43,1.17,,demo
2026-08-16 08:21:05,3.17,,demo
2026-08-16 08:21:25,2.71,,demo
2026-08-16 08:21:41,1.97,,demo
2026-08-16 08:21:58,2.07,,demo
2026-08-16 08:22:10,1.51,,demo
2026-08-16 08:22:23,1.42,,demo
2026-08-16 08:22:53,5.29,,demo
2026-08-16 08:23:28,9.94,,demo
2026-08-16 08:23:36,1.07,,demo
2026-08-16 08:24:22,25.72,,demo
2026-08-16 08:24:44,3.09,,demo
2026-08-16 08:25:21,11.99,,demo
2026-08-16 08:25:32,1.15,,demo
2026-08-16 08:25:42,1.23,,demo
2026-08-16 08:26:13,6.87,,demo
2026-08-16 08:26:25,1.35,,demo
2026-08-16 08:26:39,1.65,,demo
2026-08-16 08:27:05,4.54,,demo
2026-08-16 08:27:15,1.20,,demo
2026-08-16 08:27:44,5.58,,demo
2026-08-16 08:28:15,6.68,,demo
2026-08-16 08:29:47,63.88,,demo
2026-08-16 08:29:47,1.56,,demo
2026-08-16 08:29:47,1.16,,demo
2026-08-16 08:29:47,1.14,,demo
2026-08-16 08:29:58,1.33,,demo
2026-08-16 08:30:06,1.00,,demo
2026-08-16 08:30:25,2.83,,demo
2026-08-16 08:31:05,13.63,,demo
2026-08-16 08:31:25,2.79,,demo
2026-08-16 08:31:35,1.20,,demo
2026-08-16 08:31:44,1.03,,demo
2026-08-16 08:31:52,1.03,,demo
2026-08-16 08:32:09,1.98,,demo
2026-08-16 08:32:32,3.48,,demo
2026-08-16 08:32:56,3.74,,demo
2026-08-16 08:33:28,8.21,,demo
2026-08-16 08:33:39,1.27,,demo
2026-08-16 08:33:52,1.42,,demo
2026-08-16 08:34:02,1.24,,demo
2026-08-16 08:34:20,2.30,,demo
2026-08-16 08:34:30,1.12,,demo
2026-08-16 08:34:52,2.91,,demo
2026-08-16 08:35:04,1.54,,demo
2026-08-16 08:35:32,5.22,,demo
2026-08-16 08:35:44,1.42,,demo
2026-08-16 08:36:20,10.82,,demo
2026-08-16 08:36:44,3.14,,demo
2026-08-16 08:36:54,1.30,,demo
2026-08-16 08:37:06,1.09,,demo
2026-08-16 08:37:27,4.01,,demo
2026-08-16 08:38:04,10.54,,demo
2026-08-16 08:38:26,3.37,,demo
2026-08-16 08:39:17,33.91,,demo
2026-08-16 08:39:32,1.74,,demo
2026-08-16 08:39:56,3.99,,demo
2026-08-16 08:40:23,4.76,,demo
2026-08-16 08:40:34,1.32,,demo
2026-08-16 08:41:07,8.05,,demo
2026-08-16 08:41:47,13.95,,demo
2026-08-16 08:42:04,2.14,,demo
2026-08-16 08:42:14,1.18,,demo
2026-08-16 08:42:27,1.56,,demo
2026-08-16 08:43:21,43.38,,demo
2026-08-16 08:43:36,1.84,,demo
2026-08-16 08:43:47,1.24,,demo
2026-08-16 08:44:11,3.98,,demo
2026-08-16 08:44:27,1.85,,demo
2026-08-16 08:44:39,1.39,,demo
2026-08-16 08:44:58,2.61,,demo
2026-08-16 08:45:18,2.57,,demo
2026-08-16 08:45:43,4.43,,demo
2026-08-16 08:45:55,1.33,,demo
2026-08-16 08:47:25,906.27,,demo
2026-08-16 08:47:37,1.45,,demo
2026-08-16 08:47:50,1.45,,demo
2026-08-16 08:48:04,1.64,,demo
2026-08-16 08:48:12,1.01,,demo
2026-08-16 08:48:24,1.43,,demo
2026-08-16 08:48:33,1.00,,demo
2026-08-16 08:48:42,1.14,,demo
2026-08-16 08:49:04,3.21,,demo
2026-08-16 08:49:13,1.10,,demo
2026-08-16 08:49:27,1.69,,demo
2026-08-16 08:49:46,2.49,,demo
2026-08-16 08:49:57,1.30,,demo
2026-08-16 08:50:08,1.18,,demo
2026-08-16 08:50:27,2.65,,demo
2026-08-16 08:51:42,1.90,,demo
2026-08-16 08:51:42,1.55,,demo
2026-08-16 08:51:42,1.08,,demo
2026-08-16 08:52:12,137.33,,demo
2026-08-16 08:52:22,1.10,,demo
2026-08-16 08:52:36,1.60,,demo
2026-08-16 08:52:50,1.68,,demo
2026-08-16 08:53:14,3.86,,demo
2026-08-16 08:53:40,4.45,,demo
2026-08-16 08:53:57,2.23,,demo
2026-08-16 08:54:34,11.49,,demo
2026-08-16 08:55:09,8.66,,demo
2026-08-16 08:55:54,23.08,,demo
2026-08-16 08:56:05,1.19,,demo
2026-08-16 08:56:15,1.28,,demo
2026-08-16 08:56:32,1.99,,demo
2026-08-16 08:56:51,2.54,,demo
2026-08-16 08:57:14,3.40,,demo
2026-08-16 08:57:41,4.99,,demo
2026-08-16 08:57:53,1.40,,demo
2026-08-16 08:58:15,3.07,,demo
2026-08-16 08:58:46,6.82,,demo
2026-08-16 08:59:26,14.86,,demo
2026-08-16 08:59:35,1.02,,demo
2026-08-16 08:59:55,2.93,,demo
2026-08-16 09:00:21,4.30,,demo
2026-08-16 09:00:32,1.25,,demo
2026-08-16 09:00:54,3.42,,demo
2026-08-16 09:01:04,1.14,,demo
2026-08-16 09:01:19,1.49,,demo
2026-08-16 09:01:34,2.11,,demo
2026-08-16 09:02:15,15.95,,demo
2026-08-16 09:03:05,32.97,,demo
2026-08-16 09:03:39,9.15,,demo
2026-08-16 09:03:48,1.10,,demo
2026-08-16 09:04:29,14.54,,demo
2026-08-16 09:04:44,1.75,,demo
2026-08-16 09:05:01,2.14,,demo
2026-08-16 09:05:10,1.09,,demo
2026-08-16 09:05:21,1.28,,demo
2026-08-16 09:05:41,2.76,,demo
2026-08-16 09:05:49,1.00,,demo
2026-08-16 09:06:00,1.30,,demo
2026-08-16 09:06:16,1.82,,demo
2026-08-16 09:06:43,4.92,,demo
2026-08-16 09:06:52,1.14,,demo
2026-08-16 09:07:21,5.53,,demo
2026-08-16 09:07:44,3.35,,demo
2026-08-16 09:07:59,1.79,,demo
2026-08-16 09:08:08,1.14,,demo
2026-08-16 09:08:26,2.29,,demo
2026-08-16 09:08:34,1.01,,demo
2026-08-16 09:08:49,1.76,,demo
2026-08-16 09:08:57,1.06,,demo
2026-08-16 09:09:38,14.36,,demo
2026-08-16 09:09:49,1.30,,demo
2026-08-16 09:10:05,1.96,,demo
2026-08-16 09:10:19,1.62,,demo
2026-08-16 09:10:38,2.60,,demo
2026-08-16 09:11:06,5.12,,demo
2026-08-16 09:11:44,11.99,,demo
2026-08-16 09:12:05,3.04,,demo
2026-08-16 09:12:21,1.95,,demo
2026-08-16 09:12:36,1.78,,demo
2026-08-16 09:12:51,1.74,,demo
2026-08-16 09:14:38,7.64,,demo
2026-08-16 09:14:38,1.05,,demo
2026-08-16 09:14:38,1.69,,demo
2026-08-16 09:14:38,4.89,,demo
2026-08-16 09:14:38,2.12,,demo
2026-08-16 09:14:45,1.71,,demo
2026-08-16 09:15:19,8.65,,demo
2026-08-16 09:15:27,1.00,,demo
2026-08-16 09:15:39,1.41,,demo
2026-08-16 09:15:51,1.28,,demo
2026-08-16 09:16:28,12.13,,demo
2026-08-16 09:16:43,1.72,,demo
2026-08-16 09:17:00,2.16,,demo
2026-08-16 09:17:19,2.47,,demo
2026-08-16 09:17:36,2.07,,demo
2026-08-16 09:17:56,2.85,,demo
2026-08-16 09:18:05,1.00,,demo
2026-08-16 09:18:25,2.94,,demo
2026-08-16 09:18:36,1.19,,demo
2026-08-16 09:18:49,1.63,,demo
2026-08-16 09:19:35,23.03,,demo
2026-08-16 09:19:50,1.44,,demo
2026-08-16 09:20:00,1.21,,demo
2026-08-16 09:20:16,2.36,,demo
2026-08-16 09:20:35,2.39,,demo
2026-08-16 09:21:04,4.66,,demo
2026-08-16 09:22:04,95.99,,demo
2026-08-16 09:22:18,1.63,,demo
2026-08-16 09:22:29,1.29,,demo
2026-08-16 09:22:41,1.36,,demo
2026-08-16 09:22:56,1.71,,demo
2026-08-16 09:23:03,1.01,,demo
2026-08-16 09:23:18,1.68,,demo
2026-08-16 09:23:31,1.51,,demo
2026-08-16 09:23:39,1.00,,demo
2026-08-16 09:23:54,1.83,,demo
2026-08-16 09:24:07,1.57,,demo
2026-08-16 09:24:34,4.65,,demo
2026-08-16 09:24:55,3.07,,demo
2026-08-16 09:25:04,1.00,,demo
2026-08-16 09:25:17,1.41,,demo
2026-08-16 09:25:27,1.38,,demo
2026-08-16 09:26:02,9.02,,demo
2026-08-16 09:26:36,8.69,,demo
2026-08-16 09:26:59,3.58,,demo
2026-08-16 09:27:23,4.00,,demo
2026-08-16 09:27:52,5.27,,demo
2026-08-16 09:28:06,1.77,,demo
2026-08-16 09:28:27,3.00,,demo
2026-08-16 09:28:38,1.23,,demo
2026-08-16 09:28:54,1.90,,demo
2026-08-16 09:29:06,1.37,,demo
2026-08-16 09:29:21,1.84,,demo
2026-08-16 09:29:38,2.02,,demo
2026-08-16 09:30:08,6.57,,demo
2026-08-16 09:30:38,5.92,,demo
2026-08-16 09:31:21,18.54,,demo
2026-08-16 09:31:30,1.10,,demo
2026-08-16 09:31:47,2.13,,demo
2026-08-16 09:31:59,1.35,,demo
2026-08-16 09:32:32,8.09,,demo
2026-08-16 09:32:43,1.35,,demo
2026-08-16 09:33:06,3.36,,demo
2026-08-16 09:33:15,1.03,,demo
2026-08-16 09:33:44,5.81,,demo
2026-08-16 09:34:36,39.92,,demo
2026-08-16 09:34:50,1.71,,demo
2026-08-16 09:34:59,1.00,,demo
2026-08-16 09:35:20,2.79,,demo
2026-08-16 09:35:53,9.11,,demo
2026-08-16 09:36:17,3.67,,demo
2026-08-16 09:38:19,11.98,,demo
2026-08-16 09:38:19,1.71,,demo
2026-08-16 09:38:19,1.17,,demo
2026-08-16 09:38:19,1.34,,demo
2026-08-16 09:38:19,4.09,,demo
2026-08-16 09:38:19,1.15,,demo
2026-08-16 09:38:29,3.84,,demo
2026-08-16 09:38:48,2.35,,demo
2026-08-16 09:39:03,1.86,,demo
2026-08-16 09:39:25,3.32,,demo
2026-08-16 09:39:44,2.25,,demo
2026-08-16 09:40:00,1.98,,demo
2026-08-16 09:40:12,1.35,,demo
2026-08-16 09:40:28,2.15,,demo
2026-08-16 09:41:10,17.03,,demo
2026-08-16 09:41:34,3.67,,demo
2026-08-16 09:41:52,2.09,,demo
2026-08-16 09:42:32,14.65,,demo
2026-08-16 09:42:39,1.00,,demo
2026-08-16 09:43:15,9.89,,demo
2026-08-16 09:43:53,12.16,,demo
2026-08-16 09:44:08,1.46,,demo
2026-08-16 09:44:25,2.48,,demo
2026-08-16 09:45:06,16.04,,demo
2026-08-16 09:45:45,12.69,,demo
2026-08-16 09:46:28,19.20,,demo
2026-08-16 09:46:39,1.28,,demo
2026-08-16 09:47:14,9.90,,demo
2026-08-16 09:47:36,3.20,,demo
2026-08-16 09:48:29,39.64,,demo
2026-08-16 09:49:26,58.90,,demo
2026-08-16 09:49:45,2.60,,demo
2026-08-16 09:49:54,1.02,,demo
2026-08-16 09:50:19,4.32,,demo
2026-08-16 09:50:34,1.77,,demo
2026-08-16 09:50:48,1.58,,demo
2026-08-16 09:50:58,1.17,,demo
2026-08-16 09:51:30,7.41,,demo
2026-08-16 09:51:38,1.04,,demo
2026-08-16 09:52:17,13.76,,demo
2026-08-16 09:53:15,55.46,,demo
2026-08-16 09:53:22,1.00,,demo
2026-08-16 09:53:34,1.17,,demo
2026-08-16 09:53:49,2.13,,demo
2026-08-16 09:54:05,1.50,,demo
2026-08-16 09:54:14,1.43,,demo
2026-08-16 09:54:30,1.92,,demo
2026-08-16 09:54:41,1.30,,demo
2026-08-16 09:54:58,2.09,,demo
2026-08-16 09:55:30,7.31,,demo
2026-08-16 09:55:41,1.36,,demo
2026-08-16 09:56:14,7.59,,demo
2026-08-16 09:56:33,2.08,,demo
2026-08-16 09:56:47,2.01,,demo
2026-08-16 09:57:32,22.62,,demo
2026-08-16 09:57:50,1.92,,demo
2026-08-16 09:58:00,1.29,,demo
2026-08-16 09:58:21,2.96,,demo
2026-08-16 09:58:30,1.10,,demo
2026-08-16 09:59:00,5.67,,demo
2026-08-16 09:59:10,1.29,,demo
2026-08-16 09:59:28,2.34,,demo
2026-08-16 09:59:43,1.79,,demo
2026-08-16 10:00:00,2.17,,demo
2026-08-16 10:00:21,2.77,,demo
2026-08-16 10:00:37,1.51,,demo
2026-08-16 10:00:46,1.45,,demo
2026-08-16 10:01:08,3.20,,demo
2026-08-16 10:01:23,1.82,,demo
2026-08-16 10:01:53,5.53,,demo
2026-08-16 10:02:07,1.71,,demo
2026-08-16 10:02:23,2.10,,demo
2026-08-16 10:02:33,1.16,,demo
2026-08-16 10:04:29,2.76,,demo
2026-08-16 10:04:29,36.43,,demo
2026-08-16 10:04:29,1.97,,demo
2026-08-16 10:04:31,6.44,,demo
2026-08-16 10:04:45,1.60,,demo
2026-08-16 10:04:57,1.44,,demo
2026-08-16 10:05:11,1.69,,demo
2026-08-16 10:05:28,1.94,,demo
2026-08-16 10:05:40,1.43,,demo
2026-08-16 10:06:25,21.98,,demo
2026-08-16 10:06:38,1.53,,demo
2026-08-16 10:06:54,1.98,,demo
2026-08-16 10:07:05,1.22,,demo
2026-08-16 10:07:19,1.64,,demo
2026-08-16 10:07:35,2.08,,demo
2026-08-16 10:07:46,1.13,,demo
2026-08-16 10:08:05,2.58,,demo
2026-08-16 10:08:35,6.43,,demo
2026-08-16 10:08:51,2.01,,demo
2026-08-16 10:09:04,1.43,,demo
2026-08-16 10:09:14,1.23,,demo
2026-08-16 10:09:26,1.41,,demo
2026-08-16 10:10:24,61.52,,demo
2026-08-16 10:10:34,1.26,,demo
2026-08-16 10:10:49,1.72,,demo
2026-08-16 10:11:08,2.55,,demo
2026-08-16 10:11:36,5.04,,demo
2026-08-16 10:11:51,1.88,,demo
2026-08-16 10:12:04,1.44,,demo
2026-08-16 10:12:18,1.75,,demo
2026-08-16 10:12:43,3.93,,demo
2026-08-16 10:12:53,1.21,,demo
2026-08-16 10:13:05,1.35,,demo
2026-08-16 10:13:26,2.84,,demo
2026-08-16 10:13:41,1.71,,demo
2026-08-16 10:14:11,6.66,,demo
2026-08-16 10:15:09,66.44,,demo
2026-08-16 10:15:26,2.01,,demo
2026-08-16 10:16:49,576.16,,demo
2026-08-16 10:17:42,39.55,,demo
2026-08-16 10:19:00,354.55,,demo
2026-08-16 10:19:31,6.09,,demo
2026-08-16 10:19:48,2.15,,demo
2026-08-16 10:19:59,1.34,,demo
2026-08-16 10:20:29,6.61,,demo
2026-08-16 10:20:42,1.42,,demo
2026-08-16 10:20:58,2.01,,demo
2026-08-16 10:21:22,3.65,,demo
2026-08-16 10:21:38,1.99,,demo
2026-08-16 10:21:51,1.45,,demo
2026-08-16 10:22:39,29.94,,demo
2026-08-16 10:22:59,2.68,,demo
2026-08-16 10:23:11,1.41,,demo
2026-08-16 10:24:00,28.42,,demo
2026-08-16 10:24:19,2.34,,demo
2026-08-16 10:24:32,1.57,,demo
2026-08-16 10:24:47,1.82,,demo
2026-08-16 10:25:03,2.03,,demo
2026-08-16 10:25:22,2.62,,demo
2026-08-16 10:25:33,1.24,,demo
2026-08-16 10:25:48,1.75,,demo
2026-08-16 10:26:34,19.92,,demo
2026-08-16 10:26:46,1.63,,demo
2026-08-16 10:26:59,1.49,,demo
2026-08-16 10:27:10,1.27,,demo
2026-08-16 10:27:29,2.67,,demo
2026-08-16 10:27:39,1.17,,demo
2026-08-16 10:27:52,1.44,,demo
2026-08-16 10:28:01,1.11,,demo
2026-08-16 10:28:11,1.17,,demo
2026-08-16 10:28:44,8.36,,demo
2026-08-16 10:29:13,5.47,,demo
2026-08-16 10:29:22,1.00,,demo
2026-08-16 10:31:45,49.94,,demo
2026-08-16 10:31:45,1.03,,demo
2026-08-16 10:31:47,450.23,,demo
2026-08-16 10:32:10,3.77,,demo
2026-08-16 10:32:41,6.44,,demo
2026-08-16 10:32:48,1.01,,demo
2026-08-16 10:33:04,2.00,,demo
2026-08-16 10:33:13,1.10,,demo
2026-08-16 10:33:52,12.48,,demo
2026-08-16 10:34:13,2.95,,demo
2026-08-16 10:34:53,14.62,,demo
2026-08-16 10:35:07,1.60,,demo
2026-08-16 10:35:33,4.29,,demo
2026-08-16 10:35:41,1.06,,demo
2026-08-16 10:35:53,1.38,,demo
2026-08-16 10:36:03,1.14,,demo
2026-08-16 10:36:12,1.11,,demo
2026-08-16 10:36:24,1.38,,demo
2026-08-16 10:36:38,1.71,,demo
2026-08-16 10:36:49,1.29,,demo
2026-08-16 10:36:58,1.00,,demo
2026-08-16 10:37:16,2.33,,demo
2026-08-16 10:37:36,2.72,,demo
2026-08-16 10:37:50,1.72,,demo
2026-08-16 10:38:16,5.21,,demo
2026-08-16 10:38:39,3.36,,demo
2026-08-16 10:38:47,1.00,,demo
2026-08-16 10:38:56,1.08,,demo
2026-08-16 10:39:25,5.64,,demo
2026-08-16 10:39:37,1.46,,demo
2026-08-16 10:40:00,3.32,,demo
2026-08-16 10:40:08,1.01,,demo
2026-08-16 10:40:22,1.42,,demo
2026-08-16 10:41:00,14.26,,demo
2026-08-16 10:41:25,3.34,,demo
2026-08-16 10:41:31,1.02,,demo
2026-08-16 10:41:41,1.22,,demo
2026-08-16 10:41:56,1.89,,demo
2026-08-16 10:42:22,4.09,,demo
2026-08-16 10:42:43,3.19,,demo
2026-08-16 10:42:52,1.03,,demo
2026-08-16 10:43:01,1.17,,demo
2026-08-16 10:43:11,1.13,,demo
2026-08-16 10:43:21,1.00,,demo
2026-08-16 10:43:36,2.12,,demo
2026-08-16 10:43:44,1.00,,demo
2026-08-16 10:44:09,3.99,,demo
2026-08-16 10:44:18,1.06,,demo
2026-08-16 10:44:34,1.96,,demo
2026-08-16 10:44:55,3.06,,demo
2026-08-16 10:45:20,4.04,,demo
2026-08-16 10:45:32,1.29,,demo
2026-08-16 10:45:51,2.22,,demo
2026-08-16 10:46:31,16.91,,demo
2026-08-16 10:46:46,1.80,,demo
2026-08-16 10:47:11,4.33,,demo
2026-08-16 10:47:20,1.08,,demo
2026-08-16 10:47:32,1.34,,demo
2026-08-16 10:48:02,6.34,,demo
2026-08-16 10:48:45,18.03,,demo
2026-08-16 10:49:10,4.19,,demo
2026-08-16 10:49:23,1.41,,demo
2026-08-16 10:49:41,2.42,,demo
2026-08-16 10:50:30,30.05,,demo
2026-08-16 10:52:04,1267.67,,demo
2026-08-16 10:52:16,1.43,,demo
2026-08-16 10:52:47,6.71,,demo
2026-08-16 10:53:00,1.45,,demo
2026-08-16 10:53:51,38.83,,demo
2026-08-16 10:54:16,3.49,,demo
2026-08-16 10:54:25,1.04,,demo
2026-08-16 10:54:51,4.87,,demo
2026-08-16 10:55:01,1.12,,demo
2026-08-16 10:55:10,1.06,,demo
2026-08-16 10:55:52,12.88,,demo
2026-08-16 10:56:35,24.21,,demo
2026-08-16 10:57:24,32.42,,demo
2026-08-16 10:57:35,1.19,,demo
2026-08-16 10:57:47,1.40,,demo
2026-08-16 10:57:56,1.08,,demo
2026-08-16 10:58:09,1.26,,demo
2026-08-16 11:00:12,2.61,,demo
2026-08-16 11:00:12,1.01,,demo
2026-08-16 11:00:12,1.78,,demo
2026-08-16 11:00:12,1.64,,demo
2026-08-16 11:00:12,1.00,,demo
2026-08-16 11:00:12,1.46,,demo
2026-08-16 11:00:12,1.15,,demo
2026-08-16 11:00:12,1.31,,demo
2026-08-16 11:00:12,1.00,,demo
2026-08-16 11:00:15,3.18,,demo
2026-08-16 11:00:23,1.04,,demo
2026-08-16 11:00:44,2.82,,demo
2026-08-16 11:01:19,8.84,,demo
2026-08-16 11:01:42,3.90,,demo
2026-08-16 11:01:54,1.38,,demo
2026-08-16 11:02:23,5.52,,demo
2026-08-16 11:02:38,1.87,,demo
2026-08-16 11:02:50,1.36,,demo
2026-08-16 11:03:07,2.13,,demo
2026-08-16 11:03:24,2.12,,demo
2026-08-16 11:03:36,1.33,,demo
2026-08-16 11:03:46,1.25,,demo
2026-08-16 11:03:55,1.04,,demo
2026-08-16 11:04:03,1.00,,demo
2026-08-16 11:05:13,164.43,,demo
2026-08-16 11:05:33,2.92,,demo
2026-08-16 11:05:42,1.04,,demo
2026-08-16 11:05:50,1.00,,demo
2026-08-16 11:07:33,2788.14,,demo
2026-08-16 11:07:42,1.02,,demo
2026-08-16 11:08:10,5.64,,demo
2026-08-16 11:08:26,1.91,,demo
2026-08-16 11:08:42,1.95,,demo
2026-08-16 11:08:52,1.12,,demo
2026-08-16 11:09:07,1.83,,demo
2026-08-16 11:09:20,1.55,,demo
2026-08-16 11:10:05,21.57,,demo
2026-08-16 11:10:13,1.05,,demo
2026-08-16 11:10:40,4.55,,demo
2026-08-16 11:10:54,1.58,,demo
2026-08-16 11:11:07,1.57,,demo
2026-08-16 11:11:27,2.79,,demo
2026-08-16 11:12:07,14.28,,demo
2026-08-16 11:12:51,18.98,,demo
2026-08-16 11:13:24,8.14,,demo
2026-08-16 11:13:35,1.39,,demo
2026-08-16 11:13:58,2.84,,demo
2026-08-16 11:14:20,3.94,,demo
2026-08-16 11:14:32,1.29,,demo
2026-08-16 11:14:42,1.01,,demo
2026-08-16 11:15:02,3.11,,demo
2026-08-16 11:15:24,3.07,,demo
2026-08-16 11:15:37,1.59,,demo
2026-08-16 11:15:45,1.00,,demo
2026-08-16 11:15:59,1.69,,demo
2026-08-16 11:16:10,1.31,,demo
2026-08-16 11:16:27,2.04,,demo
2026-08-16 11:16:39,1.32,,demo
2026-08-16 11:17:06,5.29,,demo
2026-08-16 11:17:25,2.50,,demo
2026-08-16 11:17:46,2.97,,demo
2026-08-16 11:18:07,2.72,,demo
2026-08-16 11:18:18,1.32,,demo
2026-08-16 11:18:48,5.11,,demo
2026-08-16 11:18:57,1.25,,demo
2026-08-16 11:19:12,1.93,,demo
2026-08-16 11:19:53,16.77,,demo
2026-08-16 11:20:12,2.33,,demo
2026-08-16 11:20:22,1.17,,demo
2026-08-16 11:21:03,15.15,,demo
2026-08-16 11:21:29,4.56,,demo
2026-08-16 11:22:01,7.75,,demo
2026-08-16 11:22:10,1.00,,demo
2026-08-16 11:22:30,2.68,,demo
2026-08-16 11:22:42,1.44,,demo
2026-08-16 11:23:09,4.85,,demo
2026-08-16 11:23:17,1.00,,demo
2026-08-16 11:23:36,2.55,,demo
2026-08-16 11:23:51,1.77,,demo
2026-08-16 11:24:07,1.94,,demo
2026-08-16 11:24:48,16.50,,demo
2026-08-16 11:25:04,1.41,,demo
2026-08-16 11:25:29,4.94,,demo
2026-08-16 11:25:36,1.00,,demo
2026-08-16 11:26:04,5.44,,demo
2026-08-16 11:26:17,1.43,,demo
2026-08-16 11:26:56,13.03,,demo
2026-08-16 11:27:22,4.29,,demo
2026-08-16 11:27:45,3.45,,demo
2026-08-16 11:29:54,2.86,,demo
2026-08-16 11:29:56,1.03,,demo
2026-08-16 11:29:56,2.31,,demo
2026-08-16 11:29:56,19.55,,demo
2026-08-16 11:29:56,1.19,,demo
2026-08-16 11:30:11,23.09,,demo
2026-08-16 11:30:27,1.94,,demo
2026-08-16 11:30:46,2.59,,demo
2026-08-16 11:31:09,3.43,,demo
2026-08-16 11:31:32,3.44,,demo
2026-08-16 11:31:42,1.25,,demo
2026-08-16 11:32:02,2.46,,demo
2026-08-16 11:32:25,2.55,,demo
2026-08-16 11:32:44,3.60,,demo
2026-08-16 11:32:53,1.12,,demo
2026-08-16 11:33:13,2.63,,demo
2026-08-16 11:33:35,3.27,,demo
2026-08-16 11:33:46,1.25,,demo
2026-08-16 11:34:10,3.90,,demo
2026-08-16 11:34:20,1.10,,demo
2026-08-16 11:34:33,1.36,,demo
2026-08-16 11:34:47,1.81,,demo
2026-08-16 11:35:03,1.38,,demo
2026-08-16 11:35:09,1.16,,demo
2026-08-16 11:35:17,1.00,,demo
2026-08-16 11:35:45,5.23,,demo
2026-08-16 11:36:02,2.21,,demo
2026-08-16 11:36:13,1.28,,demo
2026-08-16 11:36:33,2.85,,demo
2026-08-16 11:36:48,1.67,,demo
2026-08-16 11:37:13,4.32,,demo
2026-08-16 11:37:30,2.19,,demo
2026-08-16 11:37:40,1.12,,demo
2026-08-16 11:37:51,1.23,,demo
2026-08-16 11:38:00,1.04,,demo
2026-08-16 11:38:08,1.07,,demo
2026-08-16 11:38:53,21.69,,demo
2026-08-16 11:39:08,1.89,,demo
2026-08-16 11:39:32,3.46,,demo
2026-08-16 11:40:24,39.98,,demo
2026-08-16 11:40:34,1.25,,demo
2026-08-16 11:40:49,1.69,,demo
2026-08-16 11:40:58,1.02,,demo
2026-08-16 11:41:24,4.62,,demo
2026-08-16 11:41:52,5.49,,demo
2026-08-16 11:42:13,2.81,,demo
2026-08-16 11:42:35,3.40,,demo
2026-08-16 11:42:52,2.04,,demo
2026-08-16 11:43:05,1.56,,demo
2026-08-16 11:43:13,1.00,,demo
2026-08-16 11:43:48,8.91,,demo
2026-08-16 11:44:25,12.36,,demo
2026-08-16 11:44:41,1.74,,demo
2026-08-16 11:44:50,1.06,,demo
2026-08-16 11:45:14,4.23,,demo
2026-08-16 11:45:27,1.46,,demo
2026-08-16 11:45:37,1.18,,demo
2026-08-16 11:45:46,1.05,,demo
2026-08-16 11:45:54,1.00,,demo
2026-08-16 11:46:18,3.87,,demo
2026-08-16 11:46:40,3.03,,demo
2026-08-16 11:46:49,1.11,,demo
2026-08-16 11:47:01,1.42,,demo
2026-08-16 11:47:09,1.00,,demo
2026-08-16 11:47:25,1.85,,demo
2026-08-16 11:47:33,1.04,,demo
2026-08-16 11:47:47,1.66,,demo
2026-08-16 11:48:07,2.87,,demo
2026-08-16 11:49:00,38.10,,demo
2026-08-16 11:49:19,2.48,,demo
2026-08-16 11:49:53,9.40,,demo
2026-08-16 11:50:06,1.50,,demo
2026-08-16 11:50:18,1.45,,demo
2026-08-16 11:50:27,1.05,,demo
2026-08-16 11:50:46,2.47,,demo
2026-08-16 11:51:14,5.41,,demo
2026-08-16 11:51:36,3.18,,demo
2026-08-16 11:52:31,51.65,,demo
2026-08-16 11:52:43,1.35,,demo
2026-08-16 11:53:04,2.76,,demo
2026-08-16 11:53:20,2.08,,demo
2026-08-16 11:53:40,2.60,,demo
2026-08-16 11:54:54,2.69,,demo
2026-08-16 11:54:54,2.35,,demo
2026-08-16 11:54:54,1.24,,demo
2026-08-16 11:54:54,1.37,,demo
2026-08-16 11:54:54,1.33,,demo
2026-08-16 11:55:10,1.99,,demo
2026-08-16 11:55:22,1.68,,demo
2026-08-16 11:55:35,1.45,,demo
2026-08-16 11:55:55,2.76,,demo
2026-08-16 11:56:08,1.46,,demo
2026-08-16 11:56:40,6.93,,demo
2026-08-16 11:56:57,2.29,,demo
2026-08-16 11:57:12,1.82,,demo
2026-08-16 11:57:34,3.04,,demo
2026-08-16 11:58:01,5.11,,demo
2026-08-16 11:58:27,4.37,,demo
2026-08-16 11:58:43,1.93,,demo
2026-08-16 11:58:55,1.48,,demo
2026-08-16 11:59:14,2.40,,demo
2026-08-16 11:59:39,3.94,,demo
2026-08-16 11:59:52,1.52,,demo
2026-08-16 12:00:28,10.51,,demo
2026-08-16 12:00:59,7.17,,demo
2026-08-16 12:01:35,9.42,,demo
2026-08-16 12:02:20,22.16,,demo
2026-08-16 12:02:33,1.51,,demo
2026-08-16 12:02:48,1.81,,demo
2026-08-16 12:03:32,20.19,,demo
2026-08-16 12:03:46,1.64,,demo
2026-08-16 12:04:11,4.22,,demo
2026-08-16 12:04:25,1.51,,demo
2026-08-16 12:04:46,3.10,,demo
2026-08-16 12:05:12,3.44,,demo
2026-08-16 12:05:27,2.36,,demo
2026-08-16 12:05:55,5.22,,demo
2026-08-16 12:06:22,4.80,,demo
2026-08-16 12:06:34,1.35,,demo
2026-08-16 12:06:45,1.35,,demo
2026-08-16 12:06:59,1.56,,demo
2026-08-16 12:07:15,2.08,,demo
2026-08-16 12:07:35,2.66,,demo
2026-08-16 12:08:02,4.90,,demo
2026-08-16 12:08:29,4.64,,demo
2026-08-16 12:09:06,10.97,,demo
2026-08-16 12:09:41,6.69,,demo
2026-08-16 12:10:02,4.18,,demo
2026-08-16 12:10:24,3.37,,demo
2026-08-16 12:10:43,2.36,,demo
2026-08-16 12:10:58,1.83,,demo
2026-08-16 12:11:14,1.94,,demo
2026-08-16 12:11:31,2.14,,demo
2026-08-16 12:11:54,3.53,,demo
2026-08-16 12:12:05,1.32,,demo
2026-08-16 12:12:47,16.84,,demo
2026-08-16 12:12:58,1.27,,demo
2026-08-16 12:13:21,3.45,,demo
2026-08-16 12:13:34,1.46,,demo
2026-08-16 12:13:43,1.00,,demo
2026-08-16 12:14:20,10.01,,demo
2026-08-16 12:14:27,1.13,,demo
2026-08-16 12:14:45,2.33,,demo
2026-08-16 12:15:01,1.95,,demo
2026-08-16 12:15:13,1.33,,demo
2026-08-16 12:15:22,1.15,,demo
2026-08-16 12:15:38,1.97,,demo
2026-08-16 12:15:49,1.27,,demo
2026-08-16 12:17:49,12.70,,demo
2026-08-16 12:17:49,1.79,,demo
2026-08-16 12:17:49,1.56,,demo
2026-08-16 12:17:49,29.97,,demo
2026-08-16 12:18:29,18.58,,demo
2026-08-16 12:19:21,41.24,,demo
2026-08-16 12:20:02,15.65,,demo
2026-08-16 12:20:13,1.27,,demo
2026-08-16 12:20:31,2.31,,demo
2026-08-16 12:20:46,1.79,,demo
2026-08-16 12:21:05,2.50,,demo
2026-08-16 12:21:29,3.75,,demo
2026-08-16 12:22:04,9.68,,demo
2026-08-16 12:22:20,1.83,,demo
2026-08-16 12:22:29,1.14,,demo
2026-08-16 12:22:45,1.83,,demo
2026-08-16 12:23:13,5.48,,demo
2026-08-16 12:23:21,1.00,,demo
2026-08-16 12:23:30,1.12,,demo
2026-08-16 12:24:05,9.08,,demo
2026-08-16 12:24:14,1.09,,demo
2026-08-16 12:24:27,1.45,,demo
2026-08-16 12:24:36,1.08,,demo
2026-08-16 12:24:49,1.25,,demo
2026-08-16 12:25:07,3.06,,demo
2026-08-16 12:25:51,19.54,,demo
2026-08-16 12:26:02,1.22,,demo
2026-08-16 12:26:10,1.08,,demo
2026-08-16 12:26:28,2.27,,demo
2026-08-16 12:26:45,2.00,,demo
2026-08-16 12:26:58,1.60,,demo
2026-08-16 12:27:11,1.09,,demo
2026-08-16 12:27:16,1.04,,demo
2026-08-16 12:28:13,60.13,,demo
2026-08-16 12:28:32,2.40,,demo
2026-08-16 12:28:42,1.18,,demo
2026-08-16 12:29:06,3.69,,demo
2026-08-16 12:29:19,1.59,,demo
2026-08-16 12:29:27,1.00,,demo
2026-08-16 12:29:40,1.50,,demo
2026-08-16 12:29:52,1.44,,demo
2026-08-16 12:30:44,35.39,,demo
2026-08-16 12:31:10,4.84,,demo
2026-08-16 12:31:19,1.03,,demo
2026-08-16 12:31:33,1.76,,demo
2026-08-16 12:32:05,6.80,,demo
2026-08-16 12:32:22,2.11,,demo
2026-08-16 12:33:31,162.59,,demo
2026-08-16 12:33:41,1.20,,demo
2026-08-16 12:34:24,19.18,,demo
2026-08-16 12:34:45,2.80,,demo
2026-08-16 12:35:23,11.83,,demo
2026-08-16 12:35:59,10.90,,demo
2026-08-16 12:36:10,1.28,,demo
2026-08-16 12:36:19,1.04,,demo
2026-08-16 12:36:37,2.41,,demo
2026-08-16 12:36:54,2.17,,demo
2026-08-16 12:37:07,1.43,,demo
2026-08-16 12:37:19,1.35,,demo
2026-08-16 12:37:30,1.32,,demo
2026-08-16 12:38:01,6.96,,demo
2026-08-16 12:38:13,1.40,,demo
2026-08-16 12:38:29,1.85,,demo
2026-08-16 12:38:53,4.01,,demo
2026-08-16 12:39:05,1.38,,demo
2026-08-16 12:39:18,1.52,,demo
2026-08-16 12:39:28,1.21,,demo
2026-08-16 12:39:39,1.27,,demo
2026-08-16 12:41:20,5.25,,demo
2026-08-16 12:41:20,1.08,,demo
2026-08-16 12:41:20,1.75,,demo
2026-08-16 12:41:20,1.12,,demo
2026-08-16 12:41:20,3.55,,demo
2026-08-16 12:41:20,1.21,,demo
2026-08-16 12:41:31,2.04,,demo
2026-08-16 12:41:49,2.33,,demo
2026-08-16 12:42:06,2.09,,demo
2026-08-16 12:42:30,3.92,,demo
2026-08-16 12:43:24,44.77,,demo
2026-08-16 12:43:44,2.76,,demo
2026-08-16 12:43:53,1.06,,demo
2026-08-16 12:44:45,38.17,,demo
2026-08-16 12:45:07,3.38,,demo
2026-08-16 12:45:18,1.25,,demo
2026-08-16 12:45:44,4.41,,demo
2026-08-16 12:46:00,1.87,,demo
2026-08-16 12:46:13,1.62,,demo
2026-08-16 12:46:28,1.74,,demo
2026-08-16 12:46:47,2.65,,demo
2026-08-16 12:47:13,4.06,,demo
2026-08-16 12:47:46,8.01,,demo
2026-08-16 12:48:07,3.16,,demo
2026-08-16 12:48:25,2.35,,demo
2026-08-16 12:48:45,2.71,,demo
2026-08-16 12:49:05,2.59,,demo
2026-08-16 12:49:23,2.26,,demo
2026-08-16 12:50:03,15.33,,demo
2026-08-16 12:50:26,3.40,,demo
2026-08-16 12:50:37,1.23,,demo
2026-08-16 12:50:48,1.10,,demo
2026-08-16 12:51:04,2.35,,demo
2026-08-16 12:51:16,1.20,,demo
2026-08-16 12:51:36,2.92,,demo
2026-08-16 12:52:04,5.43,,demo
2026-08-16 12:52:21,2.14,,demo
2026-08-16 12:52:37,1.84,,demo
2026-08-16 12:52:45,1.09,,demo
2026-08-16 12:52:57,1.36,,demo
2026-08-16 12:53:22,4.22,,demo
2026-08-16 12:53:41,2.46,,demo
2026-08-16 12:53:50,1.06,,demo
2026-08-16 12:54:16,4.39,,demo
2026-08-16 12:54:42,4.48,,demo
2026-08-16 12:54:53,1.21,,demo
2026-08-16 12:55:05,1.53,,demo
2026-08-16 12:55:14,1.10,,demo
2026-08-16 12:55:33,2.48,,demo
2026-08-16 12:55:42,1.00,,demo
2026-08-16 12:55:57,1.81,,demo
2026-08-16 12:56:07,1.20,,demo
2026-08-16 12:56:30,3.37,,demo
2026-08-16 12:56:38,1.05,,demo
2026-08-16 12:57:32,30.80,,demo
2026-08-16 12:57:44,1.81,,demo
2026-08-16 12:58:01,2.46,,demo
2026-08-16 12:58:19,2.25,,demo
2026-08-16 12:58:49,6.20,,demo
2026-08-16 12:59:18,5.77,,demo
2026-08-16 12:59:34,1.93,,demo
2026-08-16 12:59:46,1.43,,demo
2026-08-16 13:00:06,2.65,,demo
2026-08-16 13:00:17,1.29,,demo
2026-08-16 13:00:47,6.12,,demo
2026-08-16 13:00:57,1.23,,demo
2026-08-16 13:01:12,1.66,,demo
2026-08-16 13:01:20,1.06,,demo
2026-08-16 13:01:33,1.49,,demo
2026-08-16 13:01:52,2.49,,demo
2026-08-16 13:02:06,1.71,,demo
2026-08-16 13:02:22,1.22,,demo
2026-08-16 13:02:37,2.74,,demo
2026-08-16 13:03:00,3.68,,demo
2026-08-16 13:03:11,1.22,,demo
2026-08-16 13:03:19,1.02,,demo
2026-08-16 13:05:54,311.83,,demo
2026-08-16 13:05:54,1.59,,demo
2026-08-16 13:05:54,3.30,,demo
2026-08-16 13:05:54,2.86,,demo
2026-08-16 13:06:14,14.93,,demo
2026-08-16 13:06:26,1.43,,demo
2026-08-16 13:06:37,1.39,,demo
2026-08-16 13:06:57,2.49,,demo
2026-08-16 13:07:08,1.25,,demo
2026-08-16 13:07:20,1.36,,demo
